step,global_seqlen/min,global_seqlen/max,global_seqlen/minmax_diff,global_seqlen/balanced_min,global_seqlen/balanced_max,global_seqlen/mean,actor/entropy,training/rollout_probs_diff_valid,training/rollout_probs_diff_max,training/rollout_probs_diff_mean,training/rollout_probs_diff_std,training/rollout_actor_probs_pearson_corr,rollout_corr/training_ppl,rollout_corr/training_log_ppl,rollout_corr/kl,rollout_corr/k3_kl,rollout_corr/rollout_ppl,rollout_corr/rollout_log_ppl,rollout_corr/log_ppl_diff,rollout_corr/log_ppl_abs_diff,rollout_corr/log_ppl_diff_max,rollout_corr/log_ppl_diff_min,rollout_corr/ppl_ratio,rollout_corr/chi2_token,rollout_corr/chi2_seq,actor/pg_clipfrac,actor/ppo_kl,actor/pg_clipfrac_lower,actor/pg_loss,actor/loss,actor/grad_norm,actor/lr,actor/perf/max_memory_allocated_gb,actor/perf/max_memory_reserved_gb,actor/perf/cpu_memory_used_gb,perf/mfu/actor,training/global_step,training/epoch,critic/score/mean,critic/score/max,critic/score/min,critic/rewards/mean,critic/rewards/max,critic/rewards/min,critic/advantages/mean,critic/advantages/max,critic/advantages/min,critic/returns/mean,critic/returns/max,critic/returns/min,response_length/mean,response_length/max,response_length/min,response_length/clip_ratio,response_length_non_aborted/mean,response_length_non_aborted/max,response_length_non_aborted/min,response_length_non_aborted/clip_ratio,response/aborted_ratio,prompt_length/mean,prompt_length/max,prompt_length/min,prompt_length/clip_ratio,timing_s/gen,timing_s/old_log_prob,timing_s/adv,timing_s/update_actor,timing_s/update_weights,timing_s/step,timing_per_token_ms/gen,timing_per_token_ms/adv,timing_per_token_ms/update_actor,perf/total_num_tokens,perf/time_per_step,perf/throughput,training/num_turns/mean,training/num_turns/max,training/num_turns/min,timing_s/save_checkpoint,tpr_group_mean,tpr_group_min,tpr_group_max,tpr_group_range,group_informative,group_all_zero,group_all_one,group_constant_partial,group_any_positive,group_any_perfect,group_has_partial_reward,advantage_signal,nonzero_grad,nonzero_pg_loss
1.0,8622.0,8622.0,0.0,8622.0,8622.0,8622.0,0.8353644609451294,1.0,0.060567229986190796,0.004800457041710615,0.008195806294679642,0.9996288418769836,2.259936809539795,0.8080399632453918,0.0011084368452429771,0.0005267391097731888,2.258232355117798,0.8073269724845886,0.0007130727171897888,0.0021373331546783447,0.0050705671310424805,-0.005043387413024902,1.0007165670394897,-0.00011008977890014648,-0.020904242992401123,0.0,0.0,0.0,-0.2012348473072052,-0.2012348473072052,0.19012360274791718,1e-06,23.7958083152771,26.51953125,49.57515335083008,0.0,1.0,0.0,0.09166666865348816,0.3333333432674408,0.0,0.09166666865348816,0.3333333432674408,0.0,0.2012348175048828,1.6348191499710083,-0.6201037764549255,0.2012348175048828,1.6348191499710083,-0.6201037764549255,226.875,419.0,101.0,0.0625,226.875,419.0,101.0,0.0625,0.0,312.0,312.0,312.0,1.0,78.00585483713076,3.459566075820476,0.01694106077775359,4.840080645866692,2.1464645261876285,89.00699480483308,21.489216208575964,0.00196486439083201,0.5613640275883428,8622.0,89.00699480483308,96.868791255177,2.0,2.0,2.0,,0.09166666865348816,0.0,0.3333333432674408,0.3333333432674408,True,False,False,False,True,False,True,True,True,True
2.0,14479.0,14479.0,0.0,14479.0,14479.0,14479.0,0.6566460728645325,1.0,0.06193515658378601,0.003946272656321526,0.007484991569072008,0.9996863007545471,2.137632131576538,0.7321312427520752,6.993833812884986e-05,0.00040305920992977917,2.137786626815796,0.7321365475654602,-5.39049506187439e-06,0.001491352915763855,0.004037618637084961,-0.002854287624359131,0.9999963045120239,0.0014766454696655273,0.2331068515777588,0.0,0.0,0.0,0.0,0.0,0.0,1e-06,24.03669261932373,27.32421875,49.69615936279297,0.0,2.0,0.0,0.0,0.0,0.0,0.0,0.0,0.0,0.0,0.0,0.0,0.0,0.0,0.0,253.9375,512.0,107.0,0.0625,253.9375,512.0,107.0,0.0625,0.0,651.0,651.0,651.0,1.0,69.00453402008861,2.8954302109777927,0.011980270966887474,5.65934101305902,2.103797025978565,80.1759217879735,16.983641156802513,0.00082742392201723,0.39086546122377375,14479.0,80.1759217879735,180.59037772325146,2.0,2.0,2.0,,0.0,0.0,0.0,0.0,False,True,False,False,False,False,False,False,False,False
3.0,12505.0,12505.0,0.0,12505.0,12505.0,12505.0,0.7754421234130859,1.0,0.06344455480575562,0.003961893264204264,0.0075945500284433365,0.9997032880783081,2.2155895233154297,0.7641503810882568,-0.0003079050511587411,0.00042797415517270565,2.216963052749634,0.7646844387054443,-0.0005340166389942169,0.0013821609318256378,0.0019028782844543457,-0.004164338111877441,0.9994672536849976,0.0023332834243774414,0.7415045499801636,0.0,0.0,0.0,0.0,0.0,0.0,1e-06,24.03669261932373,27.97265625,49.82072830200195,0.0,3.0,0.0,0.0,0.0,0.0,0.0,0.0,0.0,0.0,0.0,0.0,0.0,0.0,0.0,317.5625,512.0,128.0,0.1875,317.5625,512.0,128.0,0.1875,0.0,464.0,464.0,464.0,1.0,891.0556057579815,2.6939911050722003,0.010560956317931414,5.083017836324871,2.1209134650416672,901.4665369479917,175.37012512457815,0.0008445386899585297,0.40647883537184093,12505.0,901.4665369479917,13.871840481552397,2.0,2.0,2.0,,0.0,0.0,0.0,0.0,False,True,False,False,False,False,False,False,False,False
4.0,28569.0,28569.0,0.0,28569.0,28569.0,28569.0,0.8047966361045837,1.0,0.06230154633522034,0.004104349296540022,0.0076700616627931595,0.9996986985206604,3.6197474002838135,0.9592793583869934,-0.00014635451952926815,0.0004648019094020128,3.6284031867980957,0.9594507217407227,-0.00017128139734268188,0.0016408786177635193,0.0034914612770080566,-0.006159782409667969,0.9998311400413513,0.002161741256713867,1.1833174228668213,0.0,0.0,0.0,0.0,0.0,0.0,1e-06,24.516026973724365,28.203125,49.88793182373047,0.0,4.0,0.0,0.0,0.0,0.0,0.0,0.0,0.0,0.0,0.0,0.0,0.0,0.0,0.0,333.5625,512.0,53.0,0.25,333.5625,512.0,53.0,0.25,0.0,1452.0,1452.0,1452.0,1.0,197.0124348239042,4.284855531062931,0.010236422065645456,10.247744128108025,2.096819179598242,214.1538245351985,36.91445284315237,0.00035830522824199156,0.35870153411418054,28569.0,214.1538245351985,133.40410829461686,2.0,2.0,2.0,,0.0,0.0,0.0,0.0,False,True,False,False,False,False,False,False,False,False
5.0,9394.0,9394.0,0.0,9394.0,9394.0,9394.0,0.7186411619186401,1.0,0.061149030923843384,0.0040015955455601215,0.0076171765103936195,0.9996886253356934,2.192352771759033,0.7381527423858643,0.0002147344348486513,0.000449853774625808,2.191162586212158,0.7381139993667603,3.877095878124237e-05,0.0018719527870416641,0.004172682762145996,-0.004701197147369385,1.0000413656234741,0.0013654232025146484,0.37593138217926025,0.0,0.0,0.0,0.05062131956219673,0.05062131583690643,0.1685800850391388,1e-06,24.516026973724365,28.203125,49.84505081176758,0.0,5.0,0.0,0.7250000238418579,0.800000011920929,0.20000000298023224,0.7250000238418579,0.800000011920929,0.20000000298023224,-0.05062134191393852,0.3659606873989105,-2.561725378036499,-0.05062134191393852,0.3659606873989105,-2.561725378036499,252.125,405.0,82.0,0.0625,252.125,405.0,82.0,0.0625,0.0,335.0,335.0,335.0,1.0,56.00435652770102,2.346120893023908,0.011795324739068747,4.072599907871336,2.07170579303056,65.01083198189735,13.88308292704537,0.001255623242396077,0.4335320319215814,9394.0,65.01083198189735,144.49899676127532,2.0,2.0,2.0,,0.7250000238418579,0.20000000298023224,0.800000011920929,0.6000000089406967,True,False,False,False,True,False,True,True,True,True
6.0,18452.0,18452.0,0.0,18452.0,18452.0,18452.0,0.6211455464363098,1.0,0.05304214358329773,0.0034793515224009752,0.007143826689571142,0.9997097253799438,2.0713915824890137,0.6867210865020752,0.0004132819303777069,0.0003672310267575085,2.070296287536621,0.6862869262695312,0.00043419376015663147,0.000934254378080368,0.0023589730262756348,-0.002045750617980957,1.0004348754882812,0.000641942024230957,-0.08326071500778198,0.0,0.0,0.0,-0.05650666728615761,-0.05650666356086731,0.14215287566184998,1e-06,24.516026973724365,28.203125,50.087745666503906,0.0,6.0,0.0,0.0416666679084301,0.06666667014360428,0.0,0.0416666679084301,0.06666667014360428,0.0,0.056506622582674026,0.7499775886535645,-1.249962568283081,0.056506622582674026,0.7499775886535645,-1.249962568283081,284.25,512.0,104.0,0.0625,284.25,512.0,104.0,0.0625,0.0,869.0,869.0,869.0,1.0,328.0236691990867,3.2574635562486947,0.010615272913128138,6.680936296936125,2.089617389254272,340.57296032784507,72.12481732609646,0.0005752911832391143,0.3620711194957796,18452.0,340.57296032784507,54.179286524207875,2.0,2.0,2.0,,0.0416666679084301,0.0,0.06666667014360428,0.06666667014360428,True,False,False,False,True,False,True,True,True,True
7.0,18994.0,18994.0,0.0,18994.0,18994.0,18994.0,0.788783073425293,1.0,0.061418890953063965,0.0041376096196472645,0.007641611620783806,0.9996939301490784,2.310232400894165,0.8098202347755432,0.00015817355597391725,0.0004882191133219749,2.3099093437194824,0.8096786737442017,0.00014156103134155273,0.0014422759413719177,0.003592073917388916,-0.0029820799827575684,1.000143051147461,0.0016373395919799805,0.4803431034088135,0.0,0.0,0.0,-0.032611969858407974,-0.03261197730898857,0.15180957317352295,1e-06,24.516026973724365,28.203125,49.93471908569336,0.0,7.0,0.0,0.07500000298023224,0.699999988079071,0.0,0.07500000298023224,0.699999988079071,0.0,0.032612018287181854,3.2061660289764404,-0.3847399353981018,0.032612018287181854,3.2061660289764404,-0.3847399353981018,313.125,512.0,122.0,0.0625,313.125,512.0,122.0,0.0625,0.0,874.0,874.0,874.0,1.0,128.00882197218016,3.2794368392787874,0.010772293899208307,6.856330851092935,2.0954284062609076,140.76191062713042,25.550663068299432,0.0005671419342533593,0.36097351011334816,18994.0,140.76191062713042,134.93707150874025,2.0,2.0,2.0,,0.07500000298023224,0.0,0.699999988079071,0.699999988079071,True,False,False,False,True,False,True,True,True,True
8.0,15823.0,15823.0,0.0,15823.0,15823.0,15823.0,0.7631558179855347,1.0,0.056659162044525146,0.004045933950692415,0.007498514372855425,0.9996968507766724,2.255115509033203,0.7827618718147278,0.0006997329764999449,0.00042397200013510883,2.253126382827759,0.7821900844573975,0.00057172030210495,0.0018762126564979553,0.0051250457763671875,-0.003970742225646973,1.0005745887756348,0.00029587745666503906,0.18979358673095703,0.0,0.0,0.0,0.02571258693933487,0.02571258693933487,0.13788145780563354,1e-06,24.516026973724365,28.203125,49.97163391113281,0.0,8.0,0.0,0.10000000149011612,1.0,0.0,0.10000000149011612,1.0,0.0,-0.0257126297801733,3.4179818630218506,-0.3797757923603058,-0.0257126297801733,3.4179818630218506,-0.3797757923603058,264.9375,512.0,117.0,0.125,264.9375,512.0,117.0,0.125,0.0,724.0,724.0,724.0,1.0,64.00465071806684,2.980582905933261,0.010695917066186666,5.97590755391866,2.0841370597481728,75.55969955632463,15.098997574443699,0.0006759727653533885,0.3776722210654528,15823.0,75.55969955632463,209.41057326736757,2.0,2.0,2.0,,0.10000000149011612,0.0,1.0,1.0,True,False,False,False,True,True,True,True,True,True
9.0,17526.0,17526.0,0.0,17526.0,17526.0,17526.0,1.0000896453857422,1.0,0.06002882122993469,0.004564950708299875,0.00781331118196249,0.9996944069862366,3.0671169757843018,1.0683550834655762,0.0005090896738693118,0.0005156631232239306,3.0638267993927,1.067613124847412,0.0007420144975185394,0.0015934742987155914,0.005784153938293457,-0.001253664493560791,1.000744342803955,0.0010465383529663086,0.0010149478912353516,0.0,0.0,0.0,0.053858241997659206,0.05385824292898178,0.19312848150730133,1e-06,24.516026973724365,28.203125,49.949928283691406,0.0,9.0,0.0,0.1015625,0.375,0.0,0.1015625,0.375,0.0,-0.05385822802782059,1.973056674003601,-0.7328495979309082,-0.05385822802782059,1.973056674003601,-0.7328495979309082,235.375,393.0,110.0,0.0625,235.375,393.0,110.0,0.0625,0.0,860.0,860.0,860.0,1.0,94.00608244212344,3.1276694531552494,0.009759441949427128,6.362211124971509,2.082118005026132,106.09118824079633,24.96178503508323,0.0005568550695781769,0.36301558398787565,17526.0,106.09118824079633,165.1975087716149,2.0,2.0,2.0,,0.1015625,0.0,0.375,0.375,True,False,False,False,True,False,True,True,True,True
10.0,18070.0,18070.0,0.0,18070.0,18070.0,18070.0,0.7769055366516113,1.0,0.05859893560409546,0.004454446490854025,0.008096427656710148,0.999642550945282,2.3122172355651855,0.807430624961853,5.028798113926314e-05,0.0004433166468515992,2.3114659786224365,0.8073044419288635,0.0001262407749891281,0.0013076681643724442,0.002785205841064453,-0.003163754940032959,1.0001275539398193,0.0016742944717407227,0.3569765090942383,0.0,0.0,0.0,0.07009214907884598,0.07009215652942657,0.1452801376581192,1e-06,24.516026973724365,28.203125,49.97879409790039,0.0,10.0,0.0,0.05416666716337204,0.8666666746139526,0.0,0.05416666716337204,0.8666666746139526,0.0,-0.0700920820236206,3.7499825954437256,-0.24999885261058807,-0.0700920820236206,3.7499825954437256,-0.24999885261058807,297.375,455.0,125.0,0.0625,297.375,455.0,125.0,0.0625,0.0,832.0,832.0,832.0,1.0,151.0101360133849,3.170360103715211,0.010206460021436214,6.488081504125148,2.0787221123464406,163.2587673761882,31.738153848966984,0.0005648289995260772,0.3590526565647564,18070.0,163.2587673761882,110.68318284164363,2.0,2.0,2.0,,0.05416666716337204,0.0,0.8666666746139526,0.8666666746139526,True,False,False,False,True,False,True,True,True,True
11.0,15946.0,15946.0,0.0,15946.0,15946.0,15946.0,0.6848224401473999,1.0,0.08734434843063354,0.004286071751266718,0.007988029159605503,0.9996299743652344,2.048773765563965,0.696096658706665,0.00015100062591955066,0.00040487354272045195,2.0481905937194824,0.6958894729614258,0.00020715780556201935,0.0015455503016710281,0.004534423351287842,-0.0036115646362304688,1.000209093093872,0.0013221502304077148,0.1802363395690918,0.0,0.0,0.0,0.09743229858577251,0.09743230044841766,0.1421014368534088,1e-06,24.516026973724365,28.203125,49.945762634277344,0.0,11.0,0.0,0.01250000111758709,0.06666667014360428,0.0,0.01250000111758709,0.06666667014360428,0.0,-0.09743232280015945,2.015489339828491,-0.46511295437812805,-0.09743232280015945,2.015489339828491,-0.46511295437812805,249.625,372.0,122.0,0.0625,249.625,372.0,122.0,0.0625,0.0,747.0,747.0,747.0,1.0,61.00396947795525,2.935763027984649,0.009965426754206419,5.806855445727706,2.090800791978836,72.34919829107821,15.2739032243253,0.0006249483728964266,0.36415749691005306,15946.0,72.34919829107821,220.40327158630578,2.0,2.0,2.0,,0.01250000111758709,0.0,0.06666667014360428,0.06666667014360428,True,False,False,False,True,False,True,True,True,True
12.0,7765.0,7765.0,0.0,7765.0,7765.0,7765.0,0.738720715045929,1.0,0.05236354470252991,0.0038246610201895237,0.007586088962852955,0.999706506729126,2.254882335662842,0.7611039876937866,0.0011222416069358587,0.0004258974513504654,2.252622365951538,0.7600813508033752,0.0010225828737020493,0.001649586483836174,0.0036440491676330566,-0.001984119415283203,1.0010244846343994,-0.0005456209182739258,-0.18209517002105713,0.0,0.0,0.0,0.0,0.0,0.0,1e-06,24.516026973724365,28.203125,49.96086502075195,0.0,12.0,0.0,1.0,1.0,1.0,1.0,1.0,1.0,0.0,0.0,0.0,0.0,0.0,0.0,181.3125,248.0,115.0,0.0625,181.3125,248.0,115.0,0.0625,0.0,304.0,304.0,304.0,1.0,48.00344564393163,2.1215737094171345,0.009892448782920837,3.422619395889342,2.0839177551679313,56.14214310515672,16.547206357784084,0.0012739792379807904,0.4407751958646931,7765.0,56.14214310515672,138.30964709444402,2.0,2.0,2.0,,1.0,1.0,1.0,0.0,False,False,True,False,True,True,False,False,False,False
13.0,19112.0,19112.0,0.0,19112.0,19112.0,19112.0,0.9379180073738098,1.0,0.05118808150291443,0.004136376082897186,0.00735065620392561,0.9997302293777466,2.6539816856384277,0.9379153847694397,5.314797454047948e-05,0.00045762964873574674,2.655010223388672,0.9379129409790039,2.4437904357910156e-06,0.0017717331647872925,0.003718554973602295,-0.004044175148010254,1.0000046491622925,0.001730203628540039,0.39017999172210693,0.0,0.0,0.0,0.0,0.0,0.0,1e-06,24.516026973724365,28.203125,49.96253967285156,0.0,13.0,0.0,0.0,0.0,0.0,0.0,0.0,0.0,0.0,0.0,0.0,0.0,0.0,0.0,253.5,508.0,103.0,0.0625,253.5,508.0,103.0,0.0625,0.0,941.0,941.0,941.0,1.0,178.01249531889334,3.305378352291882,0.010595029219985008,6.918680869974196,2.104210138320923,190.85259912116453,43.88868227783367,0.0005543652794048246,0.36200716146788386,19112.0,190.85259912116453,100.14010858645194,2.0,2.0,2.0,,0.0,0.0,0.0,0.0,False,True,False,False,False,False,False,False,False,False
14.0,8864.0,8864.0,0.0,8864.0,8864.0,8864.0,0.7808193564414978,1.0,0.07759898900985718,0.004535168409347534,0.008444653823971748,0.999640703201294,2.3123514652252197,0.8226823806762695,0.0008920367108657956,0.0005088284378871322,2.3111343383789062,0.8219723701477051,0.0007100515067577362,0.002185303717851639,0.0060089826583862305,-0.0037729740142822266,1.0007137060165405,0.00025463104248046875,0.1833200454711914,0.0,0.0,0.0,0.0,0.0,0.0,1e-06,24.516026973724365,28.203125,49.993831634521484,0.0,14.0,0.0,0.0,0.0,0.0,0.0,0.0,0.0,0.0,0.0,0.0,0.0,0.0,0.0,187.0,262.0,88.0,0.0625,187.0,262.0,88.0,0.0625,0.0,367.0,367.0,367.0,1.0,1123.068769454956,2.239946100860834,0.010152015835046768,3.768169983290136,2.5898161651566625,1132.1797201759182,375.35720904243186,0.001145308645650583,0.4251094295228041,8864.0,1132.1797201759182,7.829145710738143,2.0,2.0,2.0,,0.0,0.0,0.0,0.0,False,True,False,False,False,False,False,False,False,False
15.0,14486.0,14486.0,0.0,14486.0,14486.0,14486.0,0.7891566157341003,1.0,0.056127071380615234,0.004437234718352556,0.007959865033626556,0.999660849571228,2.2174224853515625,0.7770248651504517,0.0006023591267876327,0.0004603794659487903,2.217315196990967,0.7768025398254395,0.00022234581410884857,0.0015581455081701279,0.004122495651245117,-0.004342496395111084,1.0002244710922241,0.000637054443359375,0.3199489116668701,0.0,0.0,0.0,0.0,0.0,0.0,1e-06,24.516026973724365,28.203125,49.99135971069336,0.0,15.0,0.0,0.0,0.0,0.0,0.0,0.0,0.0,0.0,0.0,0.0,0.0,0.0,0.0,258.375,464.0,80.0,0.0625,258.375,464.0,80.0,0.0625,0.0,647.0,647.0,647.0,1.0,53.00406347028911,2.8528785197995603,0.00979404291138053,5.544683534186333,2.0928397411480546,64.00661725411192,12.821495759624845,0.0006761040253610747,0.3827615307321782,14486.0,64.00661725411192,226.32034969898976,2.0,2.0,2.0,,0.0,0.0,0.0,0.0,False,True,False,False,False,False,False,False,False,False
16.0,12991.0,12991.0,0.0,12991.0,12991.0,12991.0,0.8405124545097351,1.0,0.05019301176071167,0.004400865640491247,0.007799503859132528,0.9996806979179382,2.4818012714385986,0.8782178163528442,0.0001426953385816887,0.00048144374159164727,2.4814202785491943,0.878237247467041,-1.947954297065735e-05,0.0017532594501972198,0.004270792007446289,-0.0048972368240356445,0.9999830722808838,0.001641988754272461,0.3912285566329956,0.0,0.0,0.0,0.0,0.0,0.0,1e-06,24.516026973724365,28.203125,50.03700637817383,0.0,16.0,0.0,0.0,0.0,0.0,0.0,0.0,0.0,0.0,0.0,0.0,0.0,0.0,0.0,253.9375,463.0,129.0,0.0625,253.9375,463.0,129.0,0.0625,0.0,558.0,558.0,558.0,1.0,53.00390465511009,2.7132028159685433,0.0106813320890069,5.141854875721037,2.0868143499828875,63.45727996900678,13.045509390871299,0.000822210152336764,0.3958013144269908,12991.0,63.45727996900678,204.72040412612935,2.0,2.0,2.0,,0.0,0.0,0.0,0.0,False,True,False,False,False,False,False,False,False,False
17.0,16910.0,16910.0,0.0,16910.0,16910.0,16910.0,0.7181463241577148,1.0,0.05782639980316162,0.004424978978931904,0.008018660359084606,0.9996329545974731,2.2407350540161133,0.7673169374465942,0.0004976034979335964,0.00046497772564180195,2.2390878200531006,0.7666059732437134,0.0007109455764293671,0.0013770721852779388,0.004226744174957275,-0.0013567805290222168,1.0007127523422241,0.0008639097213745117,-0.02340400218963623,0.0,0.0,0.0,0.0,0.0,0.0,1e-06,24.516026973724365,28.203125,49.997886657714844,0.0,17.0,0.0,0.0,0.0,0.0,0.0,0.0,0.0,0.0,0.0,0.0,0.0,0.0,0.0,254.875,497.0,102.0,0.0625,254.875,497.0,102.0,0.0625,0.0,802.0,802.0,802.0,1.0,1158.070360835176,3.0941348881460726,0.010237702168524265,6.294134139083326,2.101830116007477,1170.079760922119,283.97998058734083,0.0006054229549689098,0.3722137279174054,16910.0,1170.079760922119,14.452006234748929,2.0,2.0,2.0,,0.0,0.0,0.0,0.0,False,True,False,False,False,False,False,False,False,False
18.0,15727.0,15727.0,0.0,15727.0,15727.0,15727.0,0.7561433911323547,1.0,0.05985057353973389,0.0044296784326434135,0.008039676584303379,0.9996495246887207,2.28202223777771,0.7967053651809692,-0.0001770986564224586,0.000467103673145175,2.283409833908081,0.7971566319465637,-0.0004512369632720947,0.0015691034495830536,0.0034804940223693848,-0.0031631290912628174,0.9995507001876831,0.0022298097610473633,0.3851478099822998,0.0,0.0,0.0,0.0,0.0,0.0,1e-06,24.516026973724365,28.203125,50.033164978027344,0.0,18.0,0.0,0.0,0.0,0.0,0.0,0.0,0.0,0.0,0.0,0.0,0.0,0.0,0.0,229.9375,512.0,128.0,0.0625,229.9375,512.0,128.0,0.0625,0.0,753.0,753.0,753.0,1.0,73.00509975012392,2.965313207823783,0.010366279166191816,5.9053539340384305,2.0837004012428224,84.4676422518678,19.843734642599596,0.0006591390071972923,0.3754914436344141,15727.0,84.4676422518678,186.18964115400337,2.0,2.0,2.0,,0.0,0.0,0.0,0.0,False,True,False,False,False,False,False,False,False,False
19.0,10730.0,10730.0,0.0,10730.0,10730.0,10730.0,0.7535070776939392,1.0,0.05802875757217407,0.004295021295547485,0.007838848046958447,0.9996700882911682,2.198636054992676,0.770599365234375,0.0008142908336594701,0.0004458932380657643,2.197878360748291,0.7702112793922424,0.0003881491720676422,0.0014060325920581818,0.004247486591339111,-0.003936409950256348,1.0003900527954102,0.0001506805419921875,0.08380043506622314,0.0,0.0,0.0,0.045665863901376724,0.045665860176086426,0.14797188341617584,1e-06,24.516026973724365,28.203125,50.034202575683594,0.0,19.0,0.0,0.07083334028720856,0.6666666865348816,0.0,0.07083334028720856,0.6666666865348816,0.0,-0.04566585645079613,3.411712169647217,-0.40558817982673645,-0.04566585645079613,3.411712169647217,-0.40558817982673645,251.625,512.0,106.0,0.0625,251.625,512.0,106.0,0.0625,0.0,419.0,419.0,419.0,1.0,58.004475459922105,2.5276454580016434,0.010602280963212252,4.588271134067327,2.0958151682280004,67.72781017888337,14.407470307978665,0.0009880970142788679,0.4276114756819503,10730.0,67.72781017888337,158.4282729894827,2.0,2.0,2.0,,0.07083334028720856,0.0,0.6666666865348816,0.6666666865348816,True,False,False,False,True,False,True,True,True,True
20.0,8785.0,8785.0,0.0,8785.0,8785.0,8785.0,0.6706081032752991,1.0,0.050015032291412354,0.0037879515439271927,0.00717971520498395,0.9997032880783081,1.9997721910476685,0.6735144853591919,0.000521073117852211,0.000380120356567204,1.9981178045272827,0.6726849675178528,0.0008295215666294098,0.001566227525472641,0.0035053491592407227,-0.002231776714324951,1.000831127166748,0.0004788637161254883,0.12399816513061523,0.0,0.0,0.0,0.04086238890886307,0.040862396359443665,0.15472358465194702,1e-06,24.516026973724365,28.203125,50.01325225830078,0.0,20.0,0.0,0.7041666507720947,0.8666666746139526,0.0,0.7041666507720947,0.8666666746139526,0.0,-0.04086242616176605,0.7923911213874817,-3.433694362640381,-0.04086242616176605,0.7923911213874817,-3.433694362640381,218.0625,356.0,106.0,0.0625,218.0625,356.0,106.0,0.0625,0.0,331.0,331.0,331.0,1.0,53.00420966697857,2.269550890196115,0.011351172812283039,3.8995078429579735,2.0849010297097266,61.76966834394261,15.191805579529541,0.001292108458996362,0.4438825091585627,8785.0,61.76966834394261,142.22190656883288,2.0,2.0,2.0,,0.7041666507720947,0.0,0.8666666746139526,0.8666666746139526,True,False,False,False,True,False,True,True,True,True
21.0,11002.0,11002.0,0.0,11002.0,11002.0,11002.0,0.7300565242767334,1.0,0.05989861488342285,0.004262065049260855,0.007840034551918507,0.999657392501831,2.1535465717315674,0.7547298073768616,0.0003690207959152758,0.00043119757901877165,2.15229868888855,0.7541629672050476,0.0005667842924594879,0.0015946142375469208,0.003366529941558838,-0.0031453371047973633,1.0005685091018677,0.0009905099868774414,0.13520503044128418,0.0,0.0,0.0,0.12601829320192337,0.12601828575134277,0.1486298143863678,1e-06,24.516026973724365,28.203125,50.055294036865234,0.0,21.0,0.0,0.4125000238418579,1.0,0.0,0.4125000238418579,1.0,0.0,-0.12601830065250397,1.587146520614624,-1.1143795251846313,-0.12601830065250397,1.587146520614624,-1.1143795251846313,281.625,512.0,73.0,0.0625,281.625,512.0,73.0,0.0625,0.0,406.0,406.0,406.0,1.0,45.003671252168715,2.56550448294729,0.010960869025439024,4.697769441176206,2.074926496949047,54.854746748227626,9.987499168257592,0.0009962615002216892,0.426992314231613,11002.0,54.854746748227626,200.5660522050533,2.0,2.0,2.0,,0.4125000238418579,0.0,1.0,1.0,True,False,False,False,True,True,True,True,True,True
22.0,13811.0,13811.0,0.0,13811.0,13811.0,13811.0,0.8807612657546997,1.0,0.06922376155853271,0.004189741797745228,0.007765093352645636,0.9997071623802185,2.7186789512634277,0.9408057332038879,0.00013398021110333502,0.00047022622311487794,2.7184646129608154,0.9407949447631836,1.0829418897628784e-05,0.0011681132018566132,0.002643108367919922,-0.004086971282958984,1.0000121593475342,0.0016140937805175781,0.09617257118225098,0.0,0.0,0.0,0.06535380333662033,0.06535379588603973,0.15903706848621368,1e-06,24.516026973724365,28.203125,51.15188217163086,0.0,22.0,0.0,0.03750000149011612,0.6000000238418579,0.0,0.03750000149011612,0.6000000238418579,0.0,-0.06535378098487854,3.7499749660491943,-0.2499983310699463,-0.06535378098487854,3.7499749660491943,-0.2499983310699463,253.1875,408.0,110.0,0.0625,253.1875,408.0,110.0,0.0625,0.0,610.0,610.0,610.0,1.0,119.08305970719084,2.7807723097503185,0.009508231189101934,5.327759513631463,2.082926316652447,129.78400204190984,29.395966355761747,0.0006884534928029783,0.38576203849333596,13811.0,129.78400204190984,106.41527293587504,2.0,2.0,2.0,,0.03750000149011612,0.0,0.6000000238418579,0.6000000238418579,True,False,False,False,True,False,True,True,True,True
23.0,18381.0,18381.0,0.0,18381.0,18381.0,18381.0,1.0271564722061157,1.0,0.04366415739059448,0.004523397423326969,0.007683574687689543,0.9997062683105469,3.2302746772766113,1.1071751117706299,0.00016345223411917686,0.0004985927953384817,3.228907346725464,1.1069566011428833,0.00021845847368240356,0.0017535984516143799,0.0035475492477416992,-0.0029157400131225586,1.0002204179763794,0.001676797866821289,0.29124748706817627,0.0,0.0,0.0,-0.048131704330444336,-0.048131704330444336,0.21878504753112793,1e-06,24.516026973724365,28.203125,51.16101837158203,0.0,23.0,0.0,0.03750000149011612,0.5333333611488342,0.0,0.03750000149011612,0.5333333611488342,0.0,0.04813166335225105,3.72066068649292,-0.28139451146125793,0.04813166335225105,3.72066068649292,-0.28139451146125793,214.8125,360.0,100.0,0.0625,214.8125,360.0,100.0,0.0625,0.0,934.0,934.0,934.0,1.0,96.00744371395558,3.199860231950879,0.009346276056021452,6.544834876898676,2.0907879807054996,108.35376990027726,27.933501226056322,0.000508474841195879,0.3560652237037526,18381.0,108.35376990027726,169.63876768585757,2.0,2.0,2.0,,0.03750000149011612,0.0,0.5333333611488342,0.5333333611488342,True,False,False,False,True,False,True,True,True,True
24.0,10894.0,10894.0,0.0,10894.0,10894.0,10894.0,0.8078101277351379,1.0,0.09195518493652344,0.004172237124294043,0.007779192645102739,0.9996915459632874,2.6165902614593506,0.9058080911636353,0.0005756416358053684,0.0004824218631256372,2.615142822265625,0.905217707157135,0.0005903095006942749,0.0008886009454727173,0.002197861671447754,-0.0010178089141845703,1.0005909204483032,0.0007832050323486328,-0.18400180339813232,0.0,0.0,0.0,-0.24166060611605644,-0.24166059494018555,0.20042875409126282,1e-06,24.516026973724365,28.203125,51.160064697265625,0.0,24.0,0.0,0.04583333432674408,0.6000000238418579,0.0,0.04583333432674408,0.6000000238418579,0.0,0.24166059494018555,3.7066428661346436,-0.30656445026397705,0.24166059494018555,3.7066428661346436,-0.30656445026397705,250.875,512.0,107.0,0.0625,250.875,512.0,107.0,0.0625,0.0,430.0,430.0,430.0,1.0,53.004275158047676,2.5650676200166345,0.010161157697439194,4.692972380202264,6.3315506973303854,67.10477861575782,13.204851808183278,0.0009327297317274824,0.4307850541768188,10894.0,67.10477861575782,162.34313300367293,2.0,2.0,2.0,,0.04583333432674408,0.0,0.6000000238418579,0.6000000238418579,True,False,False,False,True,False,True,True,True,True
25.0,10651.0,10651.0,0.0,10651.0,10651.0,10651.0,0.6626185178756714,1.0,0.056702613830566406,0.004075093660503626,0.0076117436401546,0.9996657371520996,1.9629652500152588,0.6559188365936279,7.830154936527833e-05,0.00041245180182158947,1.9636082649230957,0.6560884118080139,-0.0001695621758699417,0.001776156947016716,0.0024771690368652344,-0.00652313232421875,0.9998331069946289,0.0015053749084472656,0.48314106464385986,0.0,0.0,0.0,-0.009870901703834534,-0.009870901703834534,0.15569312870502472,1e-06,24.516026973724365,28.203125,50.348079681396484,0.0,25.0,0.0,0.887499988079071,1.0,0.0,0.887499988079071,1.0,0.0,0.009870882146060467,0.4582180380821228,-3.614830732345581,0.009870882146060467,0.4582180380821228,-3.614830732345581,198.6875,310.0,105.0,0.0625,198.6875,310.0,105.0,0.0625,0.0,467.0,467.0,467.0,1.0,49.00408065505326,2.433247290086001,0.010248907376080751,4.282658010255545,2.091920480132103,58.327436617109925,15.414935720369066,0.0009622483687992444,0.40208975779321615,10651.0,58.327436617109925,182.6070305458205,2.0,2.0,2.0,,0.887499988079071,0.0,1.0,1.0,True,False,False,False,True,True,True,True,True,True
26.0,14215.0,14215.0,0.0,14215.0,14215.0,14215.0,0.5819147229194641,1.0,0.05393826961517334,0.003509335918352008,0.0074112373404204845,0.999688446521759,1.8395806550979614,0.5923656225204468,0.0003777167003136128,0.0003509456291794777,1.838726282119751,0.5919772982597351,0.0003882944583892822,0.0012867040932178497,0.0032252073287963867,-0.0023644566535949707,1.000389575958252,0.0006461143493652344,0.12167096138000488,0.0,0.0,0.0,-0.07106706872582436,-0.07106706500053406,0.17238633334636688,1e-06,24.516026973724365,28.322265625,50.344791412353516,0.0,26.0,0.0,0.0625,1.0,0.0,0.0625,1.0,0.0,0.07106699049472809,3.7499847412109375,-0.24999898672103882,0.07106699049472809,3.7499847412109375,-0.24999898672103882,290.4375,512.0,98.0,0.0625,290.4375,512.0,98.0,0.0625,0.0,598.0,598.0,598.0,1.0,45.003301366698,2.831746906042099,0.0095648979768157,5.490921199787408,2.0717169255949557,55.905489651020616,9.684377311533892,0.0006728735826110236,0.3862765529220829,14215.0,55.905489651020616,254.26841064686909,2.0,2.0,2.0,,0.0625,0.0,1.0,1.0,True,False,False,False,True,True,True,True,True,True
27.0,10882.0,10882.0,0.0,10882.0,10882.0,10882.0,0.7182024717330933,1.0,0.06582587957382202,0.004608213435858488,0.008265254087746143,0.9996088743209839,2.0717296600341797,0.7119888663291931,0.001062848954461515,0.00048014760250225663,2.0697693824768066,0.7109799981117249,0.0010088905692100525,0.0016930177807807922,0.0054010748863220215,-0.0024334192276000977,1.0010111331939697,-0.00021123886108398438,-0.1836525797843933,0.0,0.0,0.0,-0.0534360334277153,-0.0534360334277153,0.18694673478603363,1e-06,24.516026973724365,28.322265625,50.35018539428711,0.0,27.0,0.0,0.6916667222976685,1.0,0.0,0.6916667222976685,1.0,0.0,0.053436022251844406,1.0633784532546997,-2.3854172229766846,0.053436022251844406,1.0633784532546997,-2.3854172229766846,182.125,283.0,106.0,0.0625,182.125,283.0,106.0,0.0625,0.0,498.0,498.0,498.0,1.0,53.003686368931085,2.4309529960155487,0.009181760251522064,4.299619059078395,2.0787053257226944,62.327648184262216,18.189322707251574,0.0008437566854918272,0.39511294422701665,10882.0,62.327648184262216,174.5934640086053,2.0,2.0,2.0,,0.6916667222976685,0.0,1.0,1.0,True,False,False,False,True,True,True,True,True,True
28.0,11991.0,11991.0,0.0,11991.0,11991.0,11991.0,0.6895278692245483,1.0,0.054220378398895264,0.00406445050612092,0.007741561625152826,0.9996621608734131,2.003685712814331,0.6789679527282715,0.000745643163099885,0.00042061347630806267,2.0021963119506836,0.6781641840934753,0.0008038505911827087,0.0020635053515434265,0.005281805992126465,-0.0029755234718322754,1.0008068084716797,0.00018262863159179688,0.08082020282745361,0.0,0.0,0.0,0.07042550481855869,0.07042550295591354,0.18253865838050842,1e-06,24.516026973724365,28.322265625,50.35808563232422,0.0,28.0,0.0,0.5625,1.0,0.0,0.5625,1.0,0.0,-0.07042550295591354,1.0499974489212036,-1.34999680519104,-0.07042550295591354,1.0499974489212036,-1.34999680519104,211.4375,418.0,128.0,0.0625,211.4375,418.0,128.0,0.0625,0.0,538.0,538.0,538.0,1.0,82.00661833537742,2.5834008431993425,0.009883902035653591,4.75373173924163,2.0717386449687183,91.9250876759179,24.24079761613285,0.0008242767105040106,0.39644164283559585,11991.0,91.9250876759179,130.44317175170175,2.0,2.0,2.0,,0.5625,0.0,1.0,1.0,True,False,False,False,True,True,True,True,True,True
29.0,12400.0,12400.0,0.0,12400.0,12400.0,12400.0,0.7562424540519714,1.0,0.1524384319782257,0.004358441103249788,0.008286009542644024,0.9996318221092224,2.2263734340667725,0.7864832878112793,2.499796391930431e-05,0.00048208379303105175,2.2266175746917725,0.7865200042724609,-3.6733224987983704e-05,0.0013790521770715714,0.003319680690765381,-0.0027689337730407715,0.9999646544456482,0.0018801689147949219,0.4345589876174927,0.0,0.0,0.0,0.0,0.0,0.0,1e-06,24.516026973724365,28.322265625,49.963905334472656,0.0,29.0,0.0,0.0,0.0,0.0,0.0,0.0,0.0,0.0,0.0,0.0,0.0,0.0,0.0,306.0,487.0,202.0,0.0625,306.0,487.0,202.0,0.0625,0.0,469.0,469.0,469.0,1.0,366.0273819179274,2.6437352341599762,0.010379955172538757,4.904806728940457,2.1017517680302262,376.19568760693073,74.76049467277929,0.0008370931590757062,0.39554892975326267,12400.0,376.19568760693073,32.96156869548218,2.0,2.0,2.0,,0.0,0.0,0.0,0.0,False,True,False,False,False,False,False,False,False,False
30.0,13456.0,13456.0,0.0,13456.0,13456.0,13456.0,0.8839426040649414,1.0,0.05487293004989624,0.004353450611233711,0.007745958864688873,0.9996881484985352,2.468365430831909,0.8768447637557983,0.001755715231411159,0.0004669137124437839,2.464116096496582,0.8751060962677002,0.0017387419939041138,0.0020408108830451965,0.0040808916091918945,-0.0020987987518310547,1.0017415285110474,-0.0016520023345947266,-0.439238965511322,0.0,0.0,0.0,0.019725486636161804,0.019725486636161804,0.16429083049297333,1e-06,24.516026973724365,28.322265625,49.965824127197266,0.0,30.0,0.0,0.1458333283662796,0.3333333432674408,0.0,0.1458333283662796,0.3333333432674408,0.0,-0.019725464284420013,1.0978811979293823,-0.8539075255393982,-0.019725464284420013,1.0978811979293823,-0.8539075255393982,235.0,349.0,132.0,0.0625,235.0,349.0,132.0,0.0625,0.0,606.0,606.0,606.0,1.0,85.00694121001288,2.7285590446554124,0.010321426205337048,5.1566519108600914,2.090687931049615,95.49542120378464,22.60822904521619,0.0007670501044394357,0.3832232395110056,13456.0,95.49542120378464,140.90727943159976,2.0,2.0,2.0,,0.1458333283662796,0.0,0.3333333432674408,0.3333333432674408,True,False,False,False,True,False,True,True,True,True
31.0,18385.0,18385.0,0.0,18385.0,18385.0,18385.0,0.9161185622215271,1.0,0.0603712797164917,0.004387367982417345,0.007776392623782158,0.9996930956840515,2.63515305519104,0.9109045267105103,0.0008278656750917435,0.0004715054528787732,2.632672071456909,0.9100971221923828,0.0008073821663856506,0.0017591863870620728,0.003908634185791016,-0.003406345844268799,1.000809669494629,0.00022995471954345703,0.04848742485046387,0.0,0.0,0.0,0.0,0.0,0.0,1e-06,24.516026973724365,28.322265625,49.97785186767578,0.0,31.0,0.0,0.0,0.0,0.0,0.0,0.0,0.0,0.0,0.0,0.0,0.0,0.0,0.0,258.0625,512.0,125.0,0.0625,258.0625,512.0,125.0,0.0625,0.0,891.0,891.0,891.0,1.0,168.01124991988763,3.2273538848385215,0.010457864962518215,6.681186753790826,2.101643791887909,180.5350863249041,40.69054248483595,0.0005688259430251953,0.3634042291972165,18385.0,180.5350863249041,101.83616035119628,2.0,2.0,2.0,,0.0,0.0,0.0,0.0,False,True,False,False,False,False,False,False,False,False
32.0,13717.0,13717.0,0.0,13717.0,13717.0,13717.0,0.732339084148407,1.0,0.047402530908584595,0.0037470501847565174,0.007267154287546873,0.9997262358665466,2.209786891937256,0.7735690474510193,0.0006268798024393618,0.00040860596345737576,2.2081048488616943,0.7728234529495239,0.000745672732591629,0.0012390278279781342,0.004951357841491699,-0.0013905167579650879,1.0007470846176147,0.00037860870361328125,-0.02775794267654419,0.0,0.0,0.0,0.04122215509414673,0.04122215509414673,0.13019785284996033,1e-06,24.516026973724365,28.322265625,49.96865463256836,0.0,32.0,0.0,0.38749995827674866,0.800000011920929,0.0,0.38749995827674866,0.800000011920929,0.0,-0.04122215509414673,1.5718319416046143,-1.4765690565109253,-0.04122215509414673,1.5718319416046143,-1.4765690565109253,314.3125,512.0,191.0,0.0625,314.3125,512.0,191.0,0.0625,0.0,543.0,543.0,543.0,1.0,176.01266152318567,2.8225120529532433,0.011706741992384195,5.455463652033359,2.0769023206084967,186.88080780114979,34.99953500162769,0.000853447692088955,0.39771551009939193,13717.0,186.88080780114979,73.399725533055,2.0,2.0,2.0,,0.38749995827674866,0.0,0.800000011920929,0.800000011920929,True,False,False,False,True,False,True,True,True,True
33.0,16995.0,16995.0,0.0,16995.0,16995.0,16995.0,0.8751694560050964,1.0,0.07154101133346558,0.004681726917624474,0.008079440332949162,0.9996534585952759,2.446747064590454,0.8758947253227234,0.0008800604846328497,0.0005243840860202909,2.4440793991088867,0.8749842643737793,0.0009104497730731964,0.0019423700869083405,0.004564404487609863,-0.0026037096977233887,1.000913143157959,0.000331878662109375,0.1404329538345337,0.0,0.0,0.0,-0.2715362049639225,-0.2715362012386322,0.16923370957374573,1e-06,24.516026973724365,28.322265625,49.988372802734375,0.0,33.0,0.0,0.20000001788139343,0.5333333611488342,0.0,0.20000001788139343,0.5333333611488342,0.0,0.2715361714363098,1.550426959991455,-0.9302562475204468,0.2715361714363098,1.550426959991455,-0.9302562475204468,309.1875,512.0,131.0,0.125,309.1875,512.0,131.0,0.125,0.0,753.0,753.0,753.0,1.0,237.01495877094567,3.133447171188891,0.00996098481118679,6.3908758871257305,2.1251305928453803,249.1765245278366,47.91084672952207,0.0005861126690901318,0.3760444770300518,16995.0,249.1765245278366,68.20465945659907,2.0,2.0,2.0,,0.20000001788139343,0.0,0.5333333611488342,0.5333333611488342,True,False,False,False,True,False,True,True,True,True
34.0,7886.0,7886.0,0.0,7886.0,7886.0,7886.0,0.6223873496055603,1.0,0.06234970688819885,0.0036543242167681456,0.007470950949937105,0.9996878504753113,1.900085687637329,0.6143273115158081,-5.511849667527713e-05,0.0003835624665953219,1.8999922275543213,0.6142311692237854,9.613297879695892e-05,0.0016496237367391586,0.005300700664520264,-0.005016148090362549,1.0000988245010376,0.0016449689865112305,0.8329274654388428,0.0,0.0,0.0,0.1750957751646638,0.17509578168392181,0.18929028511047363,1e-06,24.516026973724365,28.322265625,50.05029296875,0.0,34.0,0.0,0.16250000894069672,0.20000000298023224,0.0,0.16250000894069672,0.20000000298023224,0.0,-0.17509567737579346,0.4651244282722473,-2.0155396461486816,-0.17509567737579346,0.4651244282722473,-2.0155396461486816,204.875,400.0,53.0,0.0625,204.875,400.0,53.0,0.0625,0.0,288.0,288.0,288.0,1.0,35.00290841702372,2.2141370880417526,0.009272247552871704,3.6814569402486086,2.0883057871833444,43.49721801606938,10.678129474381855,0.0011757858930854304,0.4668345092884363,7886.0,43.49721801606938,181.29895105214862,2.0,2.0,2.0,,0.16250000894069672,0.0,0.20000000298023224,0.20000000298023224,True,False,False,False,True,False,True,True,True,True
35.0,15877.0,15877.0,0.0,15877.0,15877.0,15877.0,0.7868252992630005,1.0,0.07768720388412476,0.004014280159026384,0.007652419153600931,0.9996998906135559,2.433894634246826,0.8619378805160522,-0.0001545824488857761,0.0004116396594326943,2.433562994003296,0.8618279099464417,0.0001099705696105957,0.001339644193649292,0.002970874309539795,-0.00232088565826416,1.0001113414764404,0.0019606351852416992,0.5000920295715332,0.0,0.0,0.0,-0.011538371443748474,-0.011538371443748474,0.1572340726852417,1e-06,24.516026973724365,28.322265625,49.98738098144531,0.0,35.0,0.0,0.08749999850988388,0.13333334028720856,0.0,0.08749999850988388,0.13333334028720856,0.0,0.011538391001522541,0.7263606190681458,-1.386688232421875,0.011538391001522541,0.7263606190681458,-1.386688232421875,254.3125,508.0,104.0,0.0625,254.3125,508.0,104.0,0.0625,0.0,738.0,738.0,738.0,1.0,50.003847477957606,2.9940779339522123,0.00949561083689332,5.986049703788012,2.079796925187111,61.575355282984674,12.288977015964022,0.0005980733663093355,0.37702649768772517,15877.0,61.575355282984674,257.8466649040569,2.0,2.0,2.0,,0.08749999850988388,0.0,0.13333334028720856,0.13333334028720856,True,False,False,False,True,False,True,True,True,True
36.0,9833.0,9833.0,0.0,9833.0,9833.0,9833.0,0.8099493980407715,1.0,0.05018386244773865,0.004309686832129955,0.007722495123744011,0.9996776580810547,2.4457926750183105,0.8607209920883179,0.00041272686212323606,0.0004459717602003366,2.4455251693725586,0.8604629039764404,0.0002581123262643814,0.001195041462779045,0.00276869535446167,-0.0022226572036743164,1.000259280204773,0.0009572505950927734,0.11315226554870605,0.0,0.0,0.0,-0.10037790238857269,-0.1003778949379921,0.16636203229427338,1e-06,24.516026973724365,28.322265625,49.98835372924805,0.0,36.0,0.0,0.0625,1.0,0.0,0.0625,1.0,0.0,0.1003778725862503,3.7499847412109375,-0.24999898672103882,0.1003778725862503,3.7499847412109375,-0.24999898672103882,272.5625,452.0,143.0,0.0625,272.5625,452.0,143.0,0.0625,0.0,342.0,342.0,342.0,1.0,519.0346770579927,2.401164799928665,0.009382403921335936,4.232118180952966,2.0843249848112464,528.2683361722156,119.01735314331407,0.0009541751165804877,0.43039948957113455,9833.0,528.2683361722156,18.613646373827788,2.0,2.0,2.0,,0.0625,0.0,1.0,1.0,True,False,False,False,True,True,True,True,True,True
37.0,20424.0,20424.0,0.0,20424.0,20424.0,20424.0,0.9503769278526306,1.0,0.08944180607795715,0.003939204849302769,0.007301609497517347,0.9997463226318359,2.880746364593506,1.0215312242507935,-0.00010169107554247603,0.00045568044879473746,2.8811564445495605,1.0217361450195312,-0.00020489469170570374,0.0019852854311466217,0.0036925077438354492,-0.004488229751586914,0.9997975826263428,0.0020312070846557617,0.7783565521240234,0.0,0.0,0.0,0.0,0.0,0.0,1e-06,24.516026973724365,28.322265625,50.018497467041016,0.0,37.0,0.0,0.0,0.0,0.0,0.0,0.0,0.0,0.0,0.0,0.0,0.0,0.0,0.0,262.5,511.0,157.0,0.0625,262.5,511.0,157.0,0.0625,0.0,1014.0,1014.0,1014.0,1.0,115.00873230630532,3.4224316528998315,0.009600949939340353,7.222904544323683,2.098803606349975,128.26505395397544,27.383031501501268,0.0004700817635791399,0.35364789190774004,20424.0,128.26505395397544,159.23277128413028,2.0,2.0,2.0,,0.0,0.0,0.0,0.0,False,True,False,False,False,False,False,False,False,False
38.0,12110.0,12110.0,0.0,12110.0,12110.0,12110.0,0.8775702118873596,1.0,0.05326557159423828,0.004593535326421261,0.007960774004459381,0.9996540546417236,2.298328399658203,0.8239395618438721,-0.0003231895971111953,0.0004706204927060753,2.298250675201416,0.824055552482605,-0.0001159869134426117,0.001567009836435318,0.004974842071533203,-0.003704249858856201,0.9998862743377686,0.0025420188903808594,0.9957716464996338,0.0,0.0,0.0,0.12651874125003815,0.12651874125003815,0.1633617877960205,1e-06,24.516026973724365,28.322265625,50.010433197021484,0.0,38.0,0.0,0.24166667461395264,0.6000000238418579,0.0,0.24166667461395264,0.6000000238418579,0.0,-0.12651875615119934,1.3794094324111938,-0.9302994012832642,-0.12651875615119934,1.3794094324111938,-0.9302994012832642,260.875,389.0,135.0,0.0625,260.875,389.0,135.0,0.0625,0.0,496.0,496.0,496.0,1.0,163.01194282993674,2.568509376142174,0.009751297067850828,4.718427553772926,2.0842677326872945,172.89387063495815,39.054131008609666,0.0008052268429274012,0.38963068156671565,12110.0,172.89387063495815,70.04296887752959,2.0,2.0,2.0,,0.24166667461395264,0.0,0.6000000238418579,0.6000000238418579,True,False,False,False,True,False,True,True,True,True
39.0,14265.0,14265.0,0.0,14265.0,14265.0,14265.0,0.8627288937568665,1.0,0.05368387699127197,0.004405446350574493,0.007861093617975712,0.9996779561042786,2.4864249229431152,0.8823718428611755,0.00046090170508250594,0.000502305687405169,2.4847774505615234,0.8817425966262817,0.0006292369216680527,0.001566154882311821,0.0036863088607788086,-0.002820134162902832,1.0006310939788818,0.0010851621627807617,0.5953364372253418,0.0,0.0,0.0,0.013243619352579117,0.013243623077869415,0.13606426119804382,1e-06,24.516026973724365,28.322265625,50.052490234375,0.0,39.0,0.0,0.11666666716337204,0.6000000238418579,0.0,0.11666666716337204,0.6000000238418579,0.0,-0.013243612833321095,3.286391258239746,-0.7932668328285217,-0.013243612833321095,3.286391258239746,-0.7932668328285217,277.5625,492.0,139.0,0.0625,277.5625,492.0,139.0,0.0625,0.0,614.0,614.0,614.0,1.0,70.00526564801112,2.8226543250493705,0.009559012949466705,5.483792118728161,2.080288299359381,80.90320284711197,15.763401406892843,0.0006701025551676625,0.38442286146008836,14265.0,80.90320284711197,176.3218203728905,2.0,2.0,2.0,,0.11666666716337204,0.0,0.6000000238418579,0.6000000238418579,True,False,False,False,True,False,True,True,True,True
40.0,8748.0,8748.0,0.0,8748.0,8748.0,8748.0,0.7174030542373657,1.0,0.09625524282455444,0.004145242273807526,0.007803513202816248,0.9996659159660339,2.0771822929382324,0.7135432958602905,0.0007243153522722423,0.0004396346921566874,2.075230121612549,0.7126150727272034,0.000928213819861412,0.001641852781176567,0.005837202072143555,-0.0017920732498168945,1.0009305477142334,0.00030231475830078125,-0.08111834526062012,0.0,0.0,0.0,-0.002666071057319641,-0.002666071057319641,0.16738615930080414,1e-06,24.516026973724365,28.322265625,50.078609466552734,0.0,40.0,0.0,0.8250001072883606,0.8666666746139526,0.800000011920929,0.8250001072883606,0.8666666746139526,0.800000011920929,0.0026660412549972534,1.2499597072601318,-0.7499804496765137,0.0026660412549972534,1.2499597072601318,-0.7499804496765137,210.75,357.0,141.0,0.0625,210.75,357.0,141.0,0.0625,0.0,336.0,336.0,336.0,1.0,46.00368099473417,2.2292460459284484,0.010009920224547386,3.7740376559086144,2.0888016019016504,54.609056977089494,13.642847270087238,0.0011442524262171223,0.43141719889215985,8748.0,54.609056977089494,160.19320757855436,2.0,2.0,2.0,,0.8250001072883606,0.800000011920929,0.8666666746139526,0.06666666269302368,True,False,False,False,True,False,True,True,True,True
41.0,13541.0,13541.0,0.0,13541.0,13541.0,13541.0,0.8517599105834961,1.0,0.08259281516075134,0.004951536189764738,0.008584531024098396,0.9996017813682556,2.288451671600342,0.8127776384353638,0.0014579485869035125,0.0005268393433652818,2.2861366271972656,0.8118025064468384,0.0009750425815582275,0.0019645169377326965,0.005331635475158691,-0.002241969108581543,1.0009779930114746,-0.0008147358894348145,-0.1391398310661316,0.0,0.0,0.0,-0.13955463282763958,-0.13955463469028473,0.15510393679141998,1e-06,24.516026973724365,28.322265625,50.02252197265625,0.0,41.0,0.0,0.3125,0.5333333611488342,0.0,0.3125,0.5333333611488342,0.0,0.1395546793937683,1.4578843116760254,-2.0630435943603516,0.1395546793937683,1.4578843116760254,-2.0630435943603516,245.3125,335.0,137.0,0.0625,245.3125,335.0,137.0,0.0625,0.0,601.0,601.0,601.0,1.0,135.00966761726886,2.6898051179014146,0.009230691939592361,5.082423181273043,2.095729846972972,145.3876704010181,34.39736754580098,0.0006816846569376237,0.3753358822297499,13541.0,145.3876704010181,93.1371963155493,2.0,2.0,2.0,,0.3125,0.0,0.5333333611488342,0.5333333611488342,True,False,False,False,True,False,True,True,True,True
42.0,11681.0,11681.0,0.0,11681.0,11681.0,11681.0,0.9030296206474304,1.0,0.06065043807029724,0.004438653122633696,0.007907661609351635,0.9996747374534607,2.560742139816284,0.9275173544883728,0.0015299721853807569,0.0004913793527521193,2.55610990524292,0.9258562922477722,0.0016610734164714813,0.002701330929994583,0.006819665431976318,-0.0028274059295654297,1.0016661882400513,-0.0010982155799865723,-0.023124337196350098,0.0,0.0,0.0,-0.13868135958909988,-0.13868136703968048,0.18573735654354095,1e-06,24.516026973724365,28.322265625,50.02842712402344,0.0,42.0,0.0,0.03333333507180214,0.20000000298023224,0.0,0.03333333507180214,0.20000000298023224,0.0,0.1386812925338745,3.0618059635162354,-0.6123611927032471,0.1386812925338745,3.0618059635162354,-0.6123611927032471,237.0625,400.0,115.0,0.0625,237.0625,400.0,115.0,0.0625,0.0,493.0,493.0,493.0,1.0,153.01072687283158,2.561037527397275,0.009589744731783867,4.672598692122847,2.090788803063333,162.8461530636996,40.34029181988705,0.0008209695001955198,0.4000170098555643,11681.0,162.8461530636996,71.73027904092281,2.0,2.0,2.0,,0.03333333507180214,0.0,0.20000000298023224,0.20000000298023224,True,False,False,False,True,False,True,True,True,True
43.0,10143.0,10143.0,0.0,10143.0,10143.0,10143.0,0.8527355790138245,1.0,0.05934351682662964,0.004537999629974365,0.007963676005601883,0.9996641874313354,2.754094362258911,0.9307160973548889,4.3068925151601434e-05,0.0005069014732725918,2.753647565841675,0.9306749701499939,4.1015446186065674e-05,0.0015413463115692139,0.002807021141052246,-0.005152702331542969,1.0000429153442383,0.0019545555114746094,0.32189249992370605,0.0,0.0,0.0,0.11695743119344115,0.11695743352174759,0.13057544827461243,1e-06,24.516026973724365,28.322265625,50.020137786865234,0.0,43.0,0.0,0.008333333767950535,0.06666667014360428,0.0,0.008333333767950535,0.06666667014360428,0.0,-0.11695742607116699,2.5616252422332764,-0.3659464418888092,-0.11695742607116699,2.5616252422332764,-0.3659464418888092,257.9375,443.0,125.0,0.0625,257.9375,443.0,125.0,0.0625,0.0,376.0,376.0,376.0,1.0,97.00720812287182,2.4626800129190087,0.009964167606085539,4.421690706629306,2.091798539273441,106.49439989589155,23.505502331686895,0.0009823688855452567,0.4359351973409549,10143.0,106.49439989589155,95.24444487142753,2.0,2.0,2.0,,0.008333333767950535,0.0,0.06666667014360428,0.06666667014360428,True,False,False,False,True,False,True,True,True,True
44.0,17334.0,17334.0,0.0,17334.0,17334.0,17334.0,0.8819975852966309,1.0,0.05962944030761719,0.004343940876424313,0.007802379317581654,0.9996797442436218,2.548457384109497,0.8959214091300964,-0.0004703553859144449,0.0004612668417394161,2.5498759746551514,0.8964585661888123,-0.0005371067672967911,0.0013951603323221207,0.00302046537399292,-0.004266262054443359,0.9994646906852722,0.00279080867767334,1.0851209163665771,0.0,0.0,0.0,0.0028617968782782555,0.002861812710762024,0.15541675686836243,1e-06,24.516026973724365,28.322265625,50.03197479248047,0.0,44.0,0.0,0.15000000596046448,0.800000011920929,0.0,0.15000000596046448,0.800000011920929,0.0,-0.002861769637092948,3.324705123901367,-0.7672396898269653,-0.002861769637092948,3.324705123901367,-0.7672396898269653,264.375,426.0,79.0,0.0625,264.375,426.0,79.0,0.0625,0.0,819.0,819.0,819.0,1.0,59.00452149519697,3.106784611940384,0.01014042878523469,6.333888556342572,2.0916677941568196,71.04864961700514,13.949059455129307,0.000585002237523635,0.365402593535397,17334.0,71.04864961700514,243.97367287683386,2.0,2.0,2.0,,0.15000000596046448,0.0,0.800000011920929,0.800000011920929,True,False,False,False,True,False,True,True,True,True
45.0,15828.0,15828.0,0.0,15828.0,15828.0,15828.0,0.692976176738739,1.0,0.060057878494262695,0.004203346557915211,0.007863023318350315,0.9996518492698669,2.092660427093506,0.7223625183105469,0.0006951983086764812,0.00041635610978119075,2.092360496520996,0.7220155000686646,0.0003469642251729965,0.0016814377158880234,0.0026043355464935303,-0.0036965608596801758,1.0003488063812256,0.0002816915512084961,0.07565951347351074,0.0,0.0,0.0,-0.11253270879387856,-0.11253270506858826,0.1850774586200714,1e-06,24.516026973724365,28.322265625,50.04187774658203,0.0,45.0,0.0,0.012500000186264515,0.20000000298023224,0.0,0.012500000186264515,0.20000000298023224,0.0,0.11253276467323303,3.749925136566162,-0.24999500811100006,0.11253276467323303,3.749925136566162,-0.24999500811100006,268.25,512.0,141.0,0.125,268.25,512.0,141.0,0.125,0.0,721.0,721.0,721.0,1.0,62.00513744680211,2.9927899758331478,0.010074925143271685,5.994892823044211,2.093059674836695,73.60000888397917,14.44667694473488,0.0006365254702597728,0.37875238962877245,15828.0,73.60000888397917,215.05432186768863,2.0,2.0,2.0,,0.012500000186264515,0.0,0.20000000298023224,0.20000000298023224,True,False,False,False,True,False,True,True,True,True
46.0,12115.0,12115.0,0.0,12115.0,12115.0,12115.0,0.9554061889648438,1.0,0.058500707149505615,0.004305706825107336,0.007789584808051586,0.9997042417526245,2.73441219329834,0.9647043943405151,-0.0006972978007979691,0.00048720650374889374,2.73667049407959,0.9655352830886841,-0.0008308365941047668,0.0015536844730377197,0.0018398165702819824,-0.004442334175109863,0.9991711378097534,0.0033500194549560547,1.0774211883544922,0.0,0.0,0.0,0.0,0.0,0.0,1e-06,24.516026973724365,28.322265625,50.05839157104492,0.0,46.0,0.0,0.0,0.0,0.0,0.0,0.0,0.0,0.0,0.0,0.0,0.0,0.0,0.0,252.1875,476.0,112.0,0.0625,252.1875,476.0,112.0,0.0625,0.0,505.0,505.0,505.0,1.0,155.0104637579061,2.6168092251755297,0.009873195085674524,4.842508565634489,2.1989121842198074,165.17973802424967,38.41647181112915,0.0008149562596512195,0.3997118089669409,12115.0,165.17973802424967,73.34434686063871,2.0,2.0,2.0,,0.0,0.0,0.0,0.0,False,True,False,False,False,False,False,False,False,False
47.0,15004.0,15004.0,0.0,15004.0,15004.0,15004.0,0.6718441843986511,1.0,0.06028854846954346,0.004013952799141407,0.007651702035218477,0.9996764659881592,2.1793758869171143,0.7215462923049927,0.00014857786300126463,0.0004105044936295599,2.1797852516174316,0.7214590311050415,8.713454008102417e-05,0.00119679793715477,0.0026863813400268555,-0.0024976134300231934,1.0000882148742676,0.0013470649719238281,0.32408595085144043,0.0,0.0,0.0,0.02353551797568798,0.023535512387752533,0.14194099605083466,1e-06,24.516026973724365,28.322265625,50.05509948730469,0.0,47.0,0.0,0.1666666716337204,1.0,0.0,0.1666666716337204,1.0,0.0,-0.023535506799817085,2.2821710109710693,-0.4564342200756073,-0.023535506799817085,2.2821710109710693,-0.4564342200756073,295.75,512.0,135.0,0.0625,295.75,512.0,135.0,0.0625,0.0,642.0,642.0,642.0,1.0,67.00515383016318,2.890713195782155,0.009362704120576382,5.684837927110493,2.0944783771410584,78.18703933805227,14.160007149231442,0.0006240138710061571,0.3788881582984866,15004.0,78.18703933805227,191.8988124761723,2.0,2.0,2.0,,0.1666666716337204,0.0,1.0,1.0,True,False,False,False,True,True,True,True,True,True
48.0,11274.0,11274.0,0.0,11274.0,11274.0,11274.0,0.8132063150405884,1.0,0.05986413359642029,0.004354231990873814,0.007865686900913715,0.9996673464775085,2.2404322624206543,0.7858809232711792,0.0014025968266651034,0.000458978523965925,2.2374534606933594,0.7844645977020264,0.0014164038002490997,0.0020173750817775726,0.0046218037605285645,-0.002335965633392334,1.0014194250106812,-0.0009716153144836426,-0.24694687128067017,0.0,0.0,0.0,-0.09337661974132061,-0.09337662160396576,0.17915493249893188,1e-06,24.516026973724365,28.322265625,50.05794906616211,0.0,48.0,0.0,0.675000011920929,1.0,0.0,0.675000011920929,1.0,0.0,0.09337658435106277,0.7361881136894226,-1.5290062427520752,0.09337658435106277,0.7361881136894226,-1.5290062427520752,201.625,427.0,129.0,0.0625,201.625,427.0,129.0,0.0625,0.0,503.0,503.0,503.0,1.0,47.00400911131874,2.5110960849560797,0.00950907962396741,4.562372840940952,2.078620600979775,56.66761473380029,14.570368602392666,0.0008434521575277106,0.4046809332039163,11274.0,56.66761473380029,198.94961263078267,2.0,2.0,2.0,,0.675000011920929,0.0,1.0,1.0,True,False,False,False,True,True,True,True,True,True
49.0,11055.0,11055.0,0.0,11055.0,11055.0,11055.0,0.8644220232963562,1.0,0.05749291181564331,0.004074351396411657,0.007662203628569841,0.9997094869613647,2.58327579498291,0.9154797792434692,0.0004443307116162032,0.0004808820376638323,2.5812647342681885,0.9149466156959534,0.000533178448677063,0.001855403184890747,0.004291176795959473,-0.00357973575592041,1.0005357265472412,0.0010399818420410156,0.21192264556884766,0.0,0.0,0.0,0.0,0.0,0.0,1e-06,24.516026973724365,28.322265625,50.09067153930664,0.0,49.0,0.0,0.0,0.0,0.0,0.0,0.0,0.0,0.0,0.0,0.0,0.0,0.0,0.0,214.9375,472.0,156.0,0.0625,214.9375,472.0,156.0,0.0625,0.0,476.0,476.0,476.0,1.0,155.0114808268845,2.4904872090555727,0.010513064917176962,4.448217469733208,2.214784154202789,164.67896566260606,45.07458006015833,0.0009509782828744425,0.40237154859640056,11055.0,164.67896566260606,67.13061352747054,2.0,2.0,2.0,,0.0,0.0,0.0,0.0,False,True,False,False,False,False,False,False,False,False
50.0,13541.0,13541.0,0.0,13541.0,13541.0,13541.0,0.8207401633262634,1.0,0.060742974281311035,0.004212179221212864,0.007706505246460438,0.9996989965438843,2.394852876663208,0.8592686653137207,0.0005655178101733327,0.00048073052312247455,2.3933286666870117,0.8586843609809875,0.0005843155086040497,0.0016025640070438385,0.0040566325187683105,-0.002161264419555664,1.0005860328674316,0.0007914304733276367,0.06670868396759033,0.0,0.0,0.0,0.03894147276878357,0.03894147276878357,0.14572982490062714,1e-06,24.516026973724365,28.322265625,50.05355453491211,0.0,50.0,0.0,0.12916667759418488,0.7333333492279053,0.0,0.12916667759418488,0.7333333492279053,0.0,-0.038941510021686554,2.3299081325531006,-0.4981183111667633,-0.038941510021686554,2.3299081325531006,-0.4981183111667633,295.3125,496.0,175.0,0.0625,295.3125,496.0,175.0,0.0625,0.0,551.0,551.0,551.0,1.0,68.00535338185728,2.7889318838715553,0.009891088120639324,5.389354483690113,2.0823877677321434,78.77838966296986,14.392667382403657,0.0007304547759131027,0.398002694312836,13541.0,78.77838966296986,171.88724037050238,2.0,2.0,2.0,,0.12916667759418488,0.0,0.7333333492279053,0.7333333492279053,True,False,False,False,True,False,True,True,True,True
51.0,15236.0,15236.0,0.0,15236.0,15236.0,15236.0,0.8110753893852234,1.0,0.056816667318344116,0.004151011351495981,0.007594767026603222,0.9996970295906067,3.0256972312927246,0.9071186780929565,0.0004368650261312723,0.00042609820957295597,3.0247206687927246,0.9067525267601013,0.00036617740988731384,0.0008279196918010712,0.0023175477981567383,-0.0017913579940795898,1.0003668069839478,0.0008348226547241211,-0.08946514129638672,0.0,0.0,0.0,0.025232317857444286,0.025232315063476562,0.14752082526683807,1e-06,24.516026973724365,28.322265625,50.05348587036133,0.0,51.0,0.0,0.09583333879709244,0.46666666865348816,0.0,0.09583333879709244,0.46666666865348816,0.0,-0.025232303887605667,3.178544282913208,-0.8214215636253357,-0.025232303887605667,3.178544282913208,-0.8214215636253357,257.25,512.0,131.0,0.0625,257.25,512.0,131.0,0.0625,0.0,695.0,695.0,695.0,1.0,52.004443692043424,2.950149726588279,0.01026687677949667,5.8633663221262395,2.1024220171384513,63.43416114896536,12.63470449272192,0.0006738564439155073,0.38483632988489364,15236.0,63.43416114896536,240.18604051877662,2.0,2.0,2.0,,0.09583333879709244,0.0,0.46666666865348816,0.46666666865348816,True,False,False,False,True,False,True,True,True,True
52.0,10479.0,10479.0,0.0,10479.0,10479.0,10479.0,0.7843949794769287,1.0,0.1481827199459076,0.004099683370441198,0.007863704115152359,0.9996743202209473,2.496006727218628,0.8469375371932983,0.0002969319757539779,0.000453091983217746,2.4988629817962646,0.8473526239395142,-0.00041506439447402954,0.0023675039410591125,0.003027796745300293,-0.00589597225189209,0.9995884895324707,0.0012384653091430664,0.4869205951690674,0.0,0.0,0.0,0.13486890494823456,0.13486889004707336,0.15718239545822144,1e-06,24.516026973724365,28.322265625,50.08454513549805,0.0,52.0,0.0,0.2291666716337204,1.0,0.0,0.2291666716337204,1.0,0.0,-0.13486889004707336,1.9908924102783203,-0.5918869376182556,-0.13486889004707336,1.9908924102783203,-0.5918869376182556,210.9375,440.0,86.0,0.0625,210.9375,440.0,86.0,0.0625,0.0,444.0,444.0,444.0,1.0,47.00370450504124,2.477567781228572,0.0105055570602417,4.455981611274183,2.0844440148212016,56.533523593097925,13.927023557049257,0.0010025343124574577,0.42522966039452076,10479.0,56.533523593097925,185.359045995841,2.0,2.0,2.0,,0.2291666716337204,0.0,1.0,1.0,True,False,False,False,True,True,True,True,True,True
53.0,12621.0,12621.0,0.0,12621.0,12621.0,12621.0,0.8346356153488159,1.0,0.06193256378173828,0.004388111177831888,0.007792749907821417,0.9996783137321472,2.5783321857452393,0.901388943195343,0.0008941536070778966,0.000480778981000185,2.5753655433654785,0.9003157615661621,0.0010731853544712067,0.0016630254685878754,0.004589498043060303,-0.0024222731590270996,1.0010753870010376,0.00013780593872070312,-0.20092236995697021,0.0,0.0,0.0,0.07017395831644535,0.0701739490032196,0.1857425570487976,1e-06,24.516026973724365,28.33984375,50.075340270996094,0.0,53.0,0.0,0.024038461968302727,0.23076923191547394,0.0,0.024038461968302727,0.23076923191547394,0.0,-0.07017391920089722,3.388117790222168,-0.3939672112464905,-0.07017391920089722,3.388117790222168,-0.3939672112464905,262.8125,512.0,116.0,0.0625,262.8125,512.0,116.0,0.0625,0.0,526.0,526.0,526.0,1.0,66.00530140008777,2.70273504499346,0.009584424085915089,5.124731574673206,2.085230545606464,76.4311338448897,15.696861212862729,0.0007594029067360026,0.4060479815128124,12621.0,76.4311338448897,165.12904316731994,2.0,2.0,2.0,,0.024038461968302727,0.0,0.23076923191547394,0.23076923191547394,True,False,False,False,True,False,True,True,True,True
54.0,9445.0,9445.0,0.0,9445.0,9445.0,9445.0,0.9134396314620972,1.0,0.061139076948165894,0.004332267213612795,0.007736918982118368,0.9996968507766724,2.5538039207458496,0.9228897094726562,-0.0002230788377346471,0.0004977838252671063,2.5545058250427246,0.9231836795806885,-0.00029395148158073425,0.0019270144402980804,0.002588033676147461,-0.005891680717468262,0.9997091293334961,0.0024405717849731445,1.1257297992706299,0.0,0.0,0.0,-0.03332076780498028,-0.03332076966762543,0.18932928144931793,1e-06,24.516026973724365,28.33984375,50.543861389160156,0.0,54.0,0.0,0.32083335518836975,0.7333333492279053,0.0,0.32083335518836975,0.7333333492279053,0.0,0.03332075849175453,1.6678798198699951,-1.2972400188446045,0.03332075849175453,1.6678798198699951,-1.2972400188446045,211.3125,333.0,109.0,0.0625,211.3125,333.0,109.0,0.0625,0.0,379.0,379.0,379.0,1.0,259.0184119842015,2.4125317032448947,0.01017477922141552,4.066576921846718,2.152126345783472,268.1663470300846,76.61000058686824,0.0010772661960207009,0.4305534062304624,9445.0,268.1663470300846,35.22067591479106,2.0,2.0,2.0,,0.32083335518836975,0.0,0.7333333492279053,0.7333333492279053,True,False,False,False,True,False,True,True,True,True
55.0,13542.0,13542.0,0.0,13542.0,13542.0,13542.0,0.7151084542274475,1.0,0.05665147304534912,0.0038298957515507936,0.007490145042538643,0.9997078776359558,2.221916675567627,0.7698072195053101,0.00126350368373096,0.0004552382160909474,2.218329906463623,0.7684372663497925,0.0013699345290660858,0.0017648600041866302,0.00468522310256958,-0.002668023109436035,1.0013726949691772,-0.0007116794586181641,-0.30740296840667725,0.0,0.0,0.0,0.01229117065668106,0.012291178107261658,0.19524069130420685,1e-06,24.516026973724365,28.33984375,50.37437057495117,0.0,55.0,0.0,0.10833333432674408,1.0,0.0,0.10833333432674408,1.0,0.0,-0.012291153892874718,2.972212076187134,-0.3611098825931549,-0.012291153892874718,2.972212076187134,-0.3611098825931549,205.375,512.0,81.0,0.0625,205.375,512.0,81.0,0.0625,0.0,641.0,641.0,641.0,1.0,170.01219012588263,2.746234034653753,0.009383885189890862,5.231335309799761,2.093259918037802,180.59589964104816,51.73834148687846,0.0006929467722560081,0.3863044830748605,13542.0,180.59589964104816,74.98509117270125,2.0,2.0,2.0,,0.10833333432674408,0.0,1.0,1.0,True,False,False,False,True,True,True,True,True,True
56.0,14443.0,14443.0,0.0,14443.0,14443.0,14443.0,0.8162480592727661,1.0,0.05674540996551514,0.004087691195309162,0.007601811550557613,0.9997028708457947,2.4598495960235596,0.8438252210617065,0.0012476448900997639,0.00045027362648397684,2.4567062854766846,0.8426055312156677,0.0012196600437164307,0.0023146793246269226,0.0060585737228393555,-0.006178140640258789,1.0012235641479492,-0.0006982088088989258,0.47402751445770264,0.0,0.0,0.0,-0.004771074280142784,-0.00477108359336853,0.15002143383026123,1e-06,24.516026973724365,28.359375,50.31715393066406,0.0,56.0,0.0,0.0625,0.13333334028720856,0.0,0.0625,0.13333334028720856,0.0,0.0047710975632071495,1.8518667221069336,-1.6339998245239258,0.0047710975632071495,1.8518667221069336,-1.6339998245239258,289.6875,455.0,171.0,0.0625,289.6875,455.0,171.0,0.0625,0.0,613.0,613.0,613.0,1.0,80.00583317922428,2.8713423870503902,0.010317651089280844,5.605874075554311,2.0883830171078444,91.0832539848052,17.261236931871473,0.000714370358601457,0.38813778824027634,14443.0,91.0832539848052,158.56921407758915,2.0,2.0,2.0,,0.0625,0.0,0.13333334028720856,0.13333334028720856,True,False,False,False,True,False,True,True,True,True
57.0,17144.0,17144.0,0.0,17144.0,17144.0,17144.0,0.7502831816673279,1.0,0.06213608384132385,0.004089906346052885,0.0076514361426234245,0.999678373336792,2.2566471099853516,0.7828598022460938,-9.601117199053988e-05,0.00041766648064367473,2.2566356658935547,0.7829014658927917,-4.173070192337036e-05,0.0014240890741348267,0.0036885738372802734,-0.003310978412628174,0.9999598860740662,0.0018652677536010742,0.49227285385131836,0.0,0.0,0.0,0.0,0.0,0.0,1e-06,24.516026973724365,28.359375,50.24644470214844,0.0,57.0,0.0,0.0,0.0,0.0,0.0,0.0,0.0,0.0,0.0,0.0,0.0,0.0,0.0,256.5,512.0,140.0,0.0625,256.5,512.0,140.0,0.0625,0.0,815.0,815.0,815.0,1.0,70.00517117371783,3.1002919361926615,0.010160430334508419,6.318933976814151,2.1449411381036043,82.07924933312461,17.05779024700727,0.0005926522593623669,0.3685799099868263,17144.0,82.07924933312461,208.8713059548075,2.0,2.0,2.0,,0.0,0.0,0.0,0.0,False,True,False,False,False,False,False,False,False,False
58.0,9217.0,9217.0,0.0,9217.0,9217.0,9217.0,0.6616508364677429,1.0,0.055482566356658936,0.003955340478569269,0.007549697533249855,0.9996745586395264,2.016486167907715,0.6802825927734375,0.00036543075111694634,0.00037738322862423956,2.0166215896606445,0.680138111114502,0.00014447234570980072,0.002110222354531288,0.005418360233306885,-0.009798705577850342,1.0001494884490967,0.0007784366607666016,0.2931715250015259,0.0,0.0,0.0,0.1574618574231863,0.15746185183525085,0.18547755479812622,1e-06,24.516026973724365,28.359375,50.247459411621094,0.0,58.0,0.0,0.7583333253860474,1.0,0.0,0.7583333253860474,1.0,0.0,-0.15746185183525085,0.5576910376548767,-1.7499958276748657,-0.15746185183525085,0.5576910376548767,-1.7499958276748657,211.0625,442.0,49.0,0.0625,211.0625,442.0,49.0,0.0625,0.0,365.0,365.0,365.0,1.0,49.003530491609126,2.3771023829467595,0.009873126167804003,4.1760973879136145,2.0966078941710293,58.16374439327046,14.510965499440072,0.0010711865214065317,0.45308640424363833,9217.0,58.16374439327046,158.46641402038767,2.0,2.0,2.0,,0.7583333253860474,0.0,1.0,1.0,True,False,False,False,True,True,True,True,True,True
59.0,19505.0,19505.0,0.0,19505.0,19505.0,19505.0,0.8916966915130615,1.0,0.0673983097076416,0.004210818558931351,0.007630717009305954,0.9997011423110962,2.6366779804229736,0.9274505376815796,-0.00030464521842077374,0.0004884422523900867,2.6375842094421387,0.9278547167778015,-0.00040423497557640076,0.0012958608567714691,0.002634286880493164,-0.0031874775886535645,0.9995971918106079,0.0025763511657714844,0.436063289642334,0.0,0.0,0.0,0.0,0.0,0.0,1e-06,24.516026973724365,28.359375,50.25825881958008,0.0,59.0,0.0,0.0,0.0,0.0,0.0,0.0,0.0,0.0,0.0,0.0,0.0,0.0,0.0,259.0625,512.0,89.0,0.125,259.0625,512.0,89.0,0.125,0.0,960.0,960.0,960.0,1.0,357.02381479134783,3.366509872954339,0.010517380200326443,7.052547635044903,2.1083768848329782,370.06411402020603,86.13361032360623,0.0005392145706396536,0.3615763975926636,19505.0,370.06411402020603,52.707083073002316,2.0,2.0,2.0,,0.0,0.0,0.0,0.0,False,True,False,False,False,False,False,False,False,False
60.0,16961.0,16961.0,0.0,16961.0,16961.0,16961.0,0.810067355632782,1.0,0.060954511165618896,0.004229264333844185,0.007863589562475681,0.999679446220398,2.503188133239746,0.8628198504447937,0.0002023180713877082,0.0004469356790650636,2.503455638885498,0.8624691367149353,0.00035063549876213074,0.0016878210008144379,0.005160093307495117,-0.004756569862365723,1.0003530979156494,0.0013877153396606445,0.2962073087692261,0.0,0.0,0.0,-0.11508654989302158,-0.11508657038211823,0.14976485073566437,1e-06,24.516026973724365,28.359375,50.29313659667969,0.0,60.0,0.0,0.23333333432674408,0.800000011920929,0.0,0.23333333432674408,0.800000011920929,0.0,0.11508657783269882,1.7068357467651367,-0.7028147578239441,0.11508657783269882,1.7068357467651367,-0.7028147578239441,323.0625,512.0,112.0,0.125,323.0625,512.0,112.0,0.125,0.0,737.0,737.0,737.0,1.0,86.00663030380383,3.1173266572877765,0.009783906862139702,6.353593323845416,2.096858647186309,98.08571276022121,16.638930219346843,0.000576847288611503,0.3746001605946239,16961.0,98.08571276022121,172.92018911523428,2.0,2.0,2.0,,0.23333333432674408,0.0,0.800000011920929,0.800000011920929,True,False,False,False,True,False,True,True,True,True
61.0,12296.0,12296.0,0.0,12296.0,12296.0,12296.0,0.6893847584724426,1.0,0.09118074178695679,0.004362558480352163,0.008052135817706585,0.9996280670166016,2.065631151199341,0.7167750597000122,7.164516136981547e-05,0.00044382514897733927,2.065467357635498,0.7167192697525024,5.576014518737793e-05,0.0008296594023704529,0.0017761588096618652,-0.0020212531089782715,1.0000563859939575,0.0016428232192993164,0.4207429885864258,0.0,0.0,0.0,0.0,0.0,0.0,1e-06,24.516026973724365,28.359375,50.263206481933594,0.0,61.0,0.0,0.0,0.0,0.0,0.0,0.0,0.0,0.0,0.0,0.0,0.0,0.0,0.0,319.5,507.0,150.0,0.0625,319.5,507.0,150.0,0.0625,0.0,449.0,449.0,449.0,1.0,83.00686787674204,2.665059952996671,0.009847824927419424,5.0002724579535425,2.1073227021843195,93.29108832217753,16.23765021063029,0.0008008966271486194,0.4066584627483362,12296.0,93.29108832217753,131.80251427163324,2.0,2.0,2.0,,0.0,0.0,0.0,0.0,False,True,False,False,False,False,False,False,False,False
62.0,9786.0,9786.0,0.0,9786.0,9786.0,9786.0,0.7224795818328857,1.0,0.056555986404418945,0.003992533311247826,0.007479684893041849,0.9996979832649231,2.1580913066864014,0.7559755444526672,0.0004922908847220242,0.0004396465083118528,2.1572535037994385,0.7555025815963745,0.0004729628562927246,0.0018742009997367859,0.0036464929580688477,-0.004440128803253174,1.000475525856018,0.0007802248001098633,0.4160187244415283,0.0,0.0,0.0,0.042031869292259216,0.042031869292259216,0.1562960147857666,1e-06,24.516026973724365,28.359375,50.279319763183594,0.0,62.0,0.0,0.008333333767950535,0.13333334028720856,0.0,0.008333333767950535,0.13333334028720856,0.0,-0.0420319028198719,3.749887466430664,-0.2499925196170807,-0.0420319028198719,3.749887466430664,-0.2499925196170807,241.625,446.0,99.0,0.0625,241.625,446.0,99.0,0.0625,0.0,370.0,370.0,370.0,1.0,40.00352882873267,2.3955607409588993,0.010291520040482283,4.230200783349574,2.0913847843185067,49.23352851299569,10.347524270236075,0.0010516574739916496,0.43227067068767355,9786.0,49.23352851299569,198.76698452390804,2.0,2.0,2.0,,0.008333333767950535,0.0,0.13333334028720856,0.13333334028720856,True,False,False,False,True,False,True,True,True,True
63.0,15131.0,15131.0,0.0,15131.0,15131.0,15131.0,0.912345826625824,1.0,0.06026369333267212,0.00427024532109499,0.007654572371393442,0.9997051358222961,2.6070148944854736,0.9316454529762268,0.0007702310685999691,0.0004485101089812815,2.60601544380188,0.9309278726577759,0.0007175803184509277,0.0017528831958770752,0.005034029483795166,-0.0034515857696533203,1.0007201433181763,0.0002522468566894531,0.02935469150543213,0.0,0.0,0.0,0.0,0.0,0.0,1e-06,24.516026973724365,28.359375,50.28815460205078,0.0,63.0,0.0,0.0,0.0,0.0,0.0,0.0,0.0,0.0,0.0,0.0,0.0,0.0,0.0,288.6875,512.0,167.0,0.1875,288.6875,512.0,167.0,0.1875,0.0,657.0,657.0,657.0,1.0,74.00644949590787,2.9573295270092785,0.010241555981338024,5.887953399214894,2.074764298275113,85.44241097429767,16.022180016433833,0.0006768591620737574,0.3891318088173216,15131.0,85.44241097429767,177.09004026760934,2.0,2.0,2.0,,0.0,0.0,0.0,0.0,False,True,False,False,False,False,False,False,False,False
64.0,23155.0,23155.0,0.0,23155.0,23155.0,23155.0,0.8737083077430725,1.0,0.061877816915512085,0.004177133087068796,0.00761308241635561,0.9997047781944275,2.6235361099243164,0.909334659576416,0.0003399281995370984,0.00044787602382712066,2.6215615272521973,0.9086039662361145,0.0007306411862373352,0.001583695411682129,0.0043762922286987305,-0.002363920211791992,1.0007327795028687,0.0011134147644042969,0.21822631359100342,0.0,0.0,0.0,0.0,0.0,0.0,1e-06,24.516026973724365,28.359375,50.275489807128906,0.0,64.0,0.0,0.0,0.0,0.0,0.0,0.0,0.0,0.0,0.0,0.0,0.0,0.0,0.0,289.1875,512.0,168.0,0.0625,289.1875,512.0,168.0,0.0625,0.0,1158.0,1158.0,1158.0,1.0,170.01417633285746,3.6765508758835495,0.010419728700071573,8.12060574721545,2.1164569607935846,184.43913253536448,36.74393264163766,0.0004499990801153778,0.350706359197385,23155.0,184.43913253536448,125.54277219646023,2.0,2.0,2.0,,0.0,0.0,0.0,0.0,False,True,False,False,False,False,False,False,False,False
65.0,9845.0,9845.0,0.0,9845.0,9845.0,9845.0,0.6482563614845276,1.0,0.06177324056625366,0.003738832427188754,0.007660077419131994,0.9996793866157532,2.087430238723755,0.6773414611816406,0.00022982273367233574,0.00039780911174602807,2.0867176055908203,0.6769435405731201,0.00039784982800483704,0.0009368807077407837,0.0017829537391662598,-0.0017114877700805664,1.0003985166549683,0.001132965087890625,0.0615537166595459,0.0,0.0,0.0,-0.05675763450562954,-0.05675763636827469,0.15936726331710815,1e-06,24.516026973724365,28.359375,50.299720764160156,0.0,65.0,0.0,0.2421875,1.0,0.0,0.2421875,1.0,0.0,0.0567576140165329,2.10063099861145,-0.6713356971740723,0.0567576140165329,2.10063099861145,-0.6713356971740723,244.3125,499.0,37.0,0.0625,244.3125,499.0,37.0,0.0625,0.0,371.0,371.0,371.0,1.0,192.01331601524726,2.435744458809495,0.009856354910880327,4.344401129987091,2.082672357093543,201.38738958304748,49.12082783710598,0.0010011533682966305,0.44127995225871924,9845.0,201.38738958304748,48.88588118840555,2.0,2.0,2.0,,0.2421875,0.0,1.0,1.0,True,False,False,False,True,True,True,True,True,True
66.0,16175.0,16175.0,0.0,16175.0,16175.0,16175.0,0.8192040920257568,1.0,0.06351131200790405,0.004040705040097237,0.007582919672131538,0.9997128844261169,2.344426393508911,0.8421620726585388,0.0007431664853356779,0.0005023911944590509,2.3429675102233887,0.8415298461914062,0.0006321482360363007,0.0018383599817752838,0.00380706787109375,-0.003220498561859131,1.0006345510482788,0.0005255937576293945,0.13923752307891846,0.0,0.0,0.0,0.003660760819911957,0.0036607682704925537,0.16028940677642822,1e-06,24.516026973724365,28.359375,50.30691146850586,0.0,66.0,0.0,0.375,1.0,0.0,0.375,1.0,0.0,-0.003660722868517041,1.4009159803390503,-0.8405495882034302,-0.003660722868517041,1.4009159803390503,-0.8405495882034302,273.9375,481.0,160.0,0.0625,273.9375,481.0,160.0,0.0625,0.0,737.0,737.0,737.0,1.0,91.00734239816666,2.9857189198955894,0.009642960038036108,5.989446051884443,2.0873962962068617,102.58446574537084,20.763710334968437,0.0005961644536652927,0.37029032778265486,16175.0,102.58446574537084,157.67494505599552,2.0,2.0,2.0,,0.375,0.0,1.0,1.0,True,False,False,False,True,True,True,True,True,True
67.0,14224.0,14224.0,0.0,14224.0,14224.0,14224.0,0.8693251013755798,1.0,0.05611267685890198,0.004372773226350546,0.007850109599530697,0.999676525592804,2.514399766921997,0.8656710386276245,-0.0003123882634099573,0.0004346013884060085,2.515195846557617,0.8660345077514648,-0.00036339834332466125,0.001523386687040329,0.00244903564453125,-0.005312144756317139,0.9996384978294373,0.0023642778396606445,0.9225159883499146,0.0,0.0,0.0,0.07155339419841766,0.07155340164899826,0.1511722207069397,1e-06,24.516026973724365,28.359375,50.294944763183594,0.0,67.0,0.0,0.104166679084301,0.3333333432674408,0.0,0.104166679084301,0.3333333432674408,0.0,-0.07155340164899826,2.161473274230957,-0.9824879765510559,-0.07155340164899826,2.161473274230957,-0.9824879765510559,251.0,309.0,179.0,0.0625,251.0,309.0,179.0,0.0625,0.0,638.0,638.0,638.0,1.0,146.0096032610163,2.737998879980296,0.010432475712150335,5.189540646970272,2.0957817169837654,156.54399633407593,36.35697292355984,0.0007334417682895342,0.3648439712436918,14224.0,156.54399633407593,90.86263499779947,2.0,2.0,2.0,,0.104166679084301,0.0,0.3333333432674408,0.3333333432674408,True,False,False,False,True,False,True,True,True,True
68.0,13898.0,13898.0,0.0,13898.0,13898.0,13898.0,0.6621513962745667,1.0,0.062140196561813354,0.004194383975118399,0.007928934879601002,0.999637246131897,1.900970220565796,0.6323891878128052,0.0006645426037721336,0.0004253258812241256,1.8989821672439575,0.6313652992248535,0.0010238643735647202,0.0018012579530477524,0.006563007831573486,-0.0024796128273010254,1.0010275840759277,0.0003647804260253906,0.0819854736328125,0.0,0.0,0.0,0.008767132276261691,0.008767135441303253,0.15661311149597168,1e-06,24.516026973724365,28.359375,50.293975830078125,0.0,68.0,0.0,0.23333334922790527,1.0,0.0,0.23333334922790527,1.0,0.0,-0.008767141960561275,1.9761070013046265,-0.6014239192008972,-0.008767141960561275,1.9761070013046265,-0.6014239192008972,226.625,493.0,116.0,0.0625,226.625,493.0,116.0,0.0625,0.0,642.0,642.0,642.0,1.0,53.0041746776551,2.7610007929615676,0.009517562109977007,5.291709275916219,2.089696590323001,63.65770419407636,14.617808791410674,0.0006848152331254142,0.3807532937052971,13898.0,63.65770419407636,218.32392757408414,2.0,2.0,2.0,,0.23333334922790527,0.0,1.0,1.0,True,False,False,False,True,True,True,True,True,True
69.0,8782.0,8782.0,0.0,8782.0,8782.0,8782.0,0.6945772171020508,1.0,0.053633034229278564,0.004069949500262737,0.00759505620226264,0.9996877908706665,2.0266194343566895,0.6914483308792114,0.0009609860135242343,0.0004943189560435712,2.024848461151123,0.690654456615448,0.0007939785718917847,0.0016918033361434937,0.003933548927307129,-0.0027509331703186035,1.000795841217041,5.2094459533691406e-05,-0.11695730686187744,0.0,0.0,0.0,0.0,0.0,0.0,1e-06,24.516026973724365,28.359375,49.10383224487305,0.0,69.0,0.0,0.0,0.0,0.0,0.0,0.0,0.0,0.0,0.0,0.0,0.0,0.0,0.0,222.875,377.0,68.0,0.0625,222.875,377.0,68.0,0.0625,0.0,326.0,326.0,326.0,1.0,834.0554654430598,2.2841871920973063,0.009665165096521378,3.9122659619897604,2.100484868977219,842.86852151528,233.891044712019,0.0011005653719564311,0.44548690070482355,8782.0,842.86852151528,10.419181373877889,2.0,2.0,2.0,,0.0,0.0,0.0,0.0,False,True,False,False,False,False,False,False,False,False
70.0,12592.0,12592.0,0.0,12592.0,12592.0,12592.0,0.8570055365562439,1.0,0.0600162148475647,0.004245695658028126,0.007674271706491709,0.9996982216835022,2.445223331451416,0.8822712302207947,0.0004364675551187247,0.00045925125596113503,2.444065570831299,0.8817077279090881,0.0005634929984807968,0.0020289551466703415,0.005161881446838379,-0.0035551786422729492,1.0005664825439453,0.000965118408203125,0.3305091857910156,0.0,0.0,0.0,0.0,0.0,0.0,1e-06,24.516026973724365,28.359375,49.090179443359375,0.0,70.0,0.0,0.0,0.0,0.0,0.0,0.0,0.0,0.0,0.0,0.0,0.0,0.0,0.0,267.0,512.0,146.0,0.0625,267.0,512.0,146.0,0.0625,0.0,520.0,520.0,520.0,1.0,158.01140687195584,2.6897292188368738,0.012073927093297243,5.094404606148601,2.0726811890490353,168.3825378450565,36.987688874521496,0.0009588569800903147,0.40457469870938695,12592.0,168.3825378450565,74.78210128645881,2.0,2.0,2.0,,0.0,0.0,0.0,0.0,False,True,False,False,False,False,False,False,False,False
71.0,14898.0,14898.0,0.0,14898.0,14898.0,14898.0,0.8295053839683533,1.0,0.1208314299583435,0.004584179259836674,0.00815138965845108,0.999639093875885,2.677922010421753,0.8493430614471436,0.00016561520169489086,0.0004994138143956661,2.6770546436309814,0.849155843257904,0.00018718838691711426,0.0010518878698349,0.0027579665184020996,-0.002749204635620117,1.0001881122589111,0.001675724983215332,0.10507035255432129,0.0,0.0,0.0,0.05648055858910084,0.05648055672645569,0.15294858813285828,1e-06,24.516026973724365,28.359375,49.048912048339844,0.0,71.0,0.0,0.1875,1.0,0.0,0.1875,1.0,0.0,-0.0564805306494236,2.015559434890747,-0.4651290774345398,-0.0564805306494236,2.015559434890747,-0.4651290774345398,226.125,437.0,102.0,0.0625,226.125,437.0,102.0,0.0625,0.0,705.0,705.0,705.0,1.0,52.00437942100689,2.887875280342996,0.009748004842549562,5.688416508957744,2.1218848871067166,63.21722015924752,14.373791990328051,0.0006543163406195169,0.38182417163093996,14898.0,63.21722015924752,235.66363662418485,2.0,2.0,2.0,,0.1875,0.0,1.0,1.0,True,False,False,False,True,True,True,True,True,True
72.0,16821.0,16821.0,0.0,16821.0,16821.0,16821.0,0.8057536482810974,1.0,0.06185257434844971,0.004318981431424618,0.007750947028398514,0.9996771812438965,2.2800307273864746,0.8131460547447205,3.0470908313873224e-05,0.00047776225255802274,2.2795846462249756,0.8129599094390869,0.000186137855052948,0.00137251615524292,0.0036266446113586426,-0.0027877092361450195,1.000187635421753,0.0018540620803833008,0.5631790161132812,0.0,0.0,0.0,0.0,0.0,0.0,1e-06,24.516026973724365,28.359375,49.09409713745117,0.0,72.0,0.0,0.0,0.0,0.0,0.0,0.0,0.0,0.0,0.0,0.0,0.0,0.0,0.0,253.3125,512.0,130.0,0.0625,253.3125,512.0,130.0,0.0625,0.0,798.0,798.0,798.0,1.0,60.00508856307715,3.0693119820207357,0.010158317629247904,6.234924356918782,2.1317184469662607,71.95179178006947,14.805104506063941,0.0006039068800456515,0.37066312091544984,16821.0,71.95179178006947,233.781530436597,2.0,2.0,2.0,,0.0,0.0,0.0,0.0,False,True,False,False,False,False,False,False,False,False
73.0,13912.0,13912.0,0.0,13912.0,13912.0,13912.0,0.711174488067627,1.0,0.07286179065704346,0.003977403976023197,0.007646434474736452,0.9996854662895203,2.148491382598877,0.7445276975631714,2.858417428797111e-05,0.0004097876080777496,2.147897243499756,0.7442843914031982,0.0002432502806186676,0.001588430255651474,0.004653513431549072,-0.0027001500129699707,1.0002450942993164,0.0015889406204223633,0.564669132232666,0.0,0.0,0.0,-0.029247454833239317,-0.029247455298900604,0.17256169021129608,1e-06,24.516026973724365,28.359375,49.111236572265625,0.0,73.0,0.0,0.125,0.6666666865348816,0.0,0.125,0.6666666865348816,0.0,0.029247401282191277,2.015556812286377,-0.46512848138809204,0.029247401282191277,2.015556812286377,-0.46512848138809204,246.5,488.0,98.0,0.0625,246.5,488.0,98.0,0.0625,0.0,623.0,623.0,623.0,1.0,59.00495463097468,2.8117563272826374,0.009380617644637823,5.4427147270180285,2.101927903946489,69.87256133602932,14.960688293857677,0.000674282464393173,0.39122446283913376,13912.0,69.87256133602932,199.1053388338631,2.0,2.0,2.0,,0.125,0.0,0.6666666865348816,0.6666666865348816,True,False,False,False,True,False,True,True,True,True
74.0,11242.0,11242.0,0.0,11242.0,11242.0,11242.0,0.5939856171607971,1.0,0.062364429235458374,0.0037894512061029673,0.007661105133593082,0.9996597170829773,1.9063653945922852,0.6318363547325134,0.000845081580337137,0.0003709529701154679,1.9048420190811157,0.6309924125671387,0.000843878835439682,0.0018138028681278229,0.00408133864402771,-0.0043520331382751465,1.0008463859558105,-0.00020897388458251953,-0.060513079166412354,0.0,0.0,0.0,0.0,0.0,0.0,1e-06,24.516026973724365,28.359375,49.0573844909668,0.0,74.0,0.0,0.0,0.0,0.0,0.0,0.0,0.0,0.0,0.0,0.0,0.0,0.0,0.0,242.625,512.0,117.0,0.0625,242.625,512.0,117.0,0.0625,0.0,460.0,460.0,460.0,1.0,1040.0744220833294,2.5568179306574166,0.009593395981937647,4.682710146065801,2.0982369324192405,1049.9301217207685,267.9223137772616,0.0008533531384039893,0.41653710603680855,11242.0,1049.9301217207685,10.707379250702017,2.0,2.0,2.0,,0.0,0.0,0.0,0.0,False,True,False,False,False,False,False,False,False,False
75.0,11566.0,11566.0,0.0,11566.0,11566.0,11566.0,0.7217440605163574,1.0,0.06007111072540283,0.003891207277774811,0.007719703018665314,0.9996845722198486,2.1275248527526855,0.7302289605140686,0.00013455508451443166,0.00040775860543362796,2.127819061279297,0.7301758527755737,5.30686229467392e-05,0.0017295870929956436,0.004338085651397705,-0.0032463669776916504,1.0000553131103516,0.0013649463653564453,0.33426666259765625,0.0,0.0,0.0,0.18563800305128098,0.18563801050186157,0.13764111697673798,1e-06,24.516026973724365,28.359375,49.08397674560547,0.0,75.0,0.0,0.07916667312383652,0.3333333432674408,0.0,0.07916667312383652,0.3333333432674408,0.0,-0.185637965798378,2.6763715744018555,-0.833624005317688,-0.185637965798378,2.6763715744018555,-0.833624005317688,255.875,504.0,134.0,0.0625,255.875,504.0,134.0,0.0625,0.0,467.0,467.0,467.0,1.0,66.00557433720678,2.5591601887717843,0.009955096058547497,4.700577199924737,2.0816014828160405,75.85977039998397,16.12251449369975,0.0008607207382455038,0.4064133840502107,11566.0,75.85977039998397,152.46552868557646,2.0,2.0,2.0,,0.07916667312383652,0.0,0.3333333432674408,0.3333333432674408,True,False,False,False,True,False,True,True,True,True
76.0,14840.0,14840.0,0.0,14840.0,14840.0,14840.0,0.7607297301292419,1.0,0.060189247131347656,0.003935824614018202,0.007347079459577799,0.9997129440307617,2.2667131423950195,0.7985514402389526,0.0004268467891961336,0.0004067583358846605,2.266435146331787,0.7983336448669434,0.00021783262491226196,0.0011688023805618286,0.0031352639198303223,-0.0024586915969848633,1.0002187490463257,0.0007780790328979492,0.0015965700149536133,0.0,0.0,0.0,-0.028977807611227036,-0.028977811336517334,0.16570697724819183,1e-06,24.516026973724365,28.359375,49.059730529785156,0.0,76.0,0.0,0.012500000186264515,0.20000000298023224,0.0,0.012500000186264515,0.20000000298023224,0.0,0.02897779271006584,3.749925136566162,-0.24999500811100006,0.02897779271006584,3.749925136566162,-0.24999500811100006,254.5,512.0,139.0,0.0625,254.5,512.0,139.0,0.0625,0.0,673.0,673.0,673.0,1.0,152.0118431597948,2.9131237589754164,0.009666293859481812,5.775940058752894,2.096049233805388,163.30619169957936,37.331002740617585,0.0006513675107467528,0.3892142896733756,14840.0,163.30619169957936,90.87224339478749,2.0,2.0,2.0,,0.012500000186264515,0.0,0.20000000298023224,0.20000000298023224,True,False,False,False,True,False,True,True,True,True
77.0,8720.0,8720.0,0.0,8720.0,8720.0,8720.0,0.7290703058242798,1.0,0.05188268423080444,0.003984748851507902,0.007633573841303587,0.999691367149353,2.159393787384033,0.7526112198829651,0.0011918232776224613,0.00041190136107616127,2.1573500633239746,0.7517076134681702,0.0009035542607307434,0.0018262863159179688,0.004633307456970215,-0.003443598747253418,1.0009058713912964,-0.0007365942001342773,-0.18543899059295654,0.0,0.0,0.0,0.03366410918533802,0.03366411477327347,0.15366721153259277,1e-06,24.516026973724365,28.359375,49.053367614746094,0.0,77.0,0.0,0.375,1.0,0.0,0.375,1.0,0.0,-0.033664118498563766,1.4266327619552612,-0.8559796214103699,-0.033664118498563766,1.4266327619552612,-0.8559796214103699,215.0,450.0,123.0,0.0625,215.0,450.0,123.0,0.0625,0.0,330.0,330.0,330.0,1.0,59.00490178074688,2.280560425017029,0.01042592292651534,3.9131771670654416,2.0994200510904193,67.80908524012193,17.1525877269613,0.0011956333631324932,0.44875884943411026,8720.0,67.80908524012193,128.59633733623156,2.0,2.0,2.0,,0.375,0.0,1.0,1.0,True,False,False,False,True,True,True,True,True,True
78.0,18306.0,18306.0,0.0,18306.0,18306.0,18306.0,0.9231476187705994,1.0,0.060725510120391846,0.0043333726935088634,0.007736817933619022,0.9996968507766724,2.5646402835845947,0.9278412461280823,0.0002957692486234009,0.0004948361893184483,2.564147710800171,0.9275384545326233,0.00030277296900749207,0.0014853067696094513,0.004850566387176514,-0.0023491978645324707,1.0003045797348022,0.0013839006423950195,0.22114932537078857,0.0,0.0,0.0,0.0,0.0,0.0,1e-06,24.516026973724365,28.359375,49.32818603515625,0.0,78.0,0.0,0.0,0.0,0.0,0.0,0.0,0.0,0.0,0.0,0.0,0.0,0.0,0.0,298.125,473.0,149.0,0.0625,298.125,473.0,149.0,0.0625,0.0,846.0,846.0,846.0,1.0,467.0363571839407,3.2313441410660744,0.009996287059038877,6.588173801079392,2.1154123940505087,479.4864744832739,97.9111859924404,0.0005460661563989335,0.3598915001135908,18306.0,479.4864744832739,38.1783449047812,2.0,2.0,2.0,,0.0,0.0,0.0,0.0,False,True,False,False,False,False,False,False,False,False
79.0,17138.0,17138.0,0.0,17138.0,17138.0,17138.0,0.8694700598716736,1.0,0.06225574016571045,0.00428601773455739,0.007693150080740452,0.9997004866600037,2.6466073989868164,0.896673858165741,0.0015292188618332148,0.0004944452084600925,2.6417312622070312,0.8951252102851868,0.0015486255288124084,0.001952238380908966,0.003619551658630371,-0.002149641513824463,1.0015509128570557,-0.0010910630226135254,-0.3909490704536438,0.0,0.0,0.0,-0.08639173209667206,-0.08639171719551086,0.15455536544322968,1e-06,24.516026973724365,28.359375,49.1766471862793,0.0,79.0,0.0,0.22083333134651184,1.0,0.0,0.22083333134651184,1.0,0.0,0.08639173954725266,1.9489271640777588,-0.5523697137832642,0.08639173954725266,1.9489271640777588,-0.5523697137832642,333.125,512.0,161.0,0.125,333.125,512.0,161.0,0.125,0.0,738.0,738.0,738.0,1.0,99.00801445217803,3.1052337060682476,0.009440402034670115,6.316117512062192,2.093063946813345,111.03185721300542,18.575612467575617,0.0005508461917767601,0.3685446091762278,17138.0,111.03185721300542,154.35209704834682,2.0,2.0,2.0,,0.22083333134651184,0.0,1.0,1.0,True,False,False,False,True,True,True,True,True,True
80.0,18870.0,18870.0,0.0,18870.0,18870.0,18870.0,0.9320077300071716,1.0,0.058098018169403076,0.004216874949634075,0.007409410085529089,0.999723494052887,2.6190247535705566,0.9366317391395569,0.00012009000056423247,0.000497028639074415,2.619236946105957,0.9364588260650635,0.00017294660210609436,0.0017627663910388947,0.0026547908782958984,-0.0042046308517456055,1.0001749992370605,0.001759171485900879,0.42187821865081787,0.0,0.0,0.0,-0.13226888980716467,-0.13226889073848724,0.2130422294139862,1e-06,24.516026973724365,28.359375,49.180992126464844,0.0,80.0,0.0,0.265625,0.8333333134651184,0.0,0.265625,0.8333333134651184,0.0,0.13226886093616486,2.715049982070923,-1.2703444957733154,0.13226886093616486,2.715049982070923,-1.2703444957733154,235.375,440.0,162.0,0.0625,235.375,440.0,162.0,0.0625,0.0,944.0,944.0,944.0,1.0,77.00649614073336,3.2168536973185837,0.009517606813460588,6.662264153826982,2.200095925014466,89.59621342411265,20.447821598707744,0.0005043776795686586,0.3530611634248533,18870.0,89.59621342411265,210.611579204547,2.0,2.0,2.0,,0.265625,0.0,0.8333333134651184,0.8333333134651184,True,False,False,False,True,False,True,True,True,True
81.0,13627.0,13627.0,0.0,13627.0,13627.0,13627.0,0.8014534115791321,1.0,0.059557050466537476,0.004263176117092371,0.007821659557521343,0.9996774196624756,2.35660457611084,0.8314809203147888,-0.000535383471287787,0.00045160777517594397,2.3571693897247314,0.8318604230880737,-0.0003794915974140167,0.0014288760721683502,0.003853142261505127,-0.004438161849975586,0.9996224641799927,0.0028870105743408203,0.7836999893188477,0.0,0.0,0.0,0.01986648514866829,0.01986648514866829,0.16422586143016815,1e-06,24.516026973724365,28.359375,49.1502685546875,0.0,81.0,0.0,0.1875000149011612,0.6000000238418579,0.0,0.1875000149011612,0.6000000238418579,0.0,-0.019866440445184708,1.8464583158493042,-0.8392992615699768,-0.019866440445184708,1.8464583158493042,-0.8392992615699768,218.6875,367.0,107.0,0.0625,218.6875,367.0,107.0,0.0625,0.0,633.0,633.0,633.0,1.0,245.0170078361407,2.732996383216232,0.009679561946541071,5.21798851294443,2.1489146598614752,255.62531462218612,70.0248664864649,0.0007103222973905534,0.3829154262085881,13627.0,255.62531462218612,53.308491845342814,2.0,2.0,2.0,,0.1875000149011612,0.0,0.6000000238418579,0.6000000238418579,True,False,False,False,True,False,True,True,True,True
82.0,11662.0,11662.0,0.0,11662.0,11662.0,11662.0,0.7864479422569275,1.0,0.05955386161804199,0.0042645991779863834,0.007706512231379747,0.9996790885925293,2.314753532409668,0.8082455396652222,-0.00030216091545298696,0.00043066308717243373,2.3149561882019043,0.8085074424743652,-0.0002619214355945587,0.0017050988972187042,0.0028476715087890625,-0.003071725368499756,0.9997398853302002,0.002330303192138672,0.7143988609313965,0.0,0.0,0.0,-0.011078998446464539,-0.011078998446464539,0.16259194910526276,1e-06,24.516026973724365,28.359375,49.17943572998047,0.0,82.0,0.0,0.5541666746139526,1.0,0.0,0.5541666746139526,1.0,0.0,0.011078978888690472,2.0136802196502686,-2.502985715866089,0.011078978888690472,2.0136802196502686,-2.502985715866089,238.875,338.0,160.0,0.0625,238.875,338.0,160.0,0.0625,0.0,490.0,490.0,490.0,1.0,61.00571340415627,2.524099934846163,0.00937372725456953,4.585603483952582,2.144905462861061,70.77036444609985,15.961725118826863,0.0008037838496458181,0.39320901080025566,11662.0,70.77036444609985,164.78649066279738,2.0,2.0,2.0,,0.5541666746139526,0.0,1.0,1.0,True,False,False,False,True,True,True,True,True,True
83.0,8095.0,8095.0,0.0,8095.0,8095.0,8095.0,0.6332381963729858,1.0,0.06029152870178223,0.004315951839089394,0.007870296947658062,0.9996328949928284,1.9119129180908203,0.6413317918777466,-0.00016675391816534102,0.00042846851283684373,1.9119608402252197,0.641495943069458,-0.00016422942280769348,0.002463150769472122,0.00622326135635376,-0.004764556884765625,0.9998398423194885,0.0020580291748046875,0.6550084352493286,0.0,0.0,0.0,0.02730744332075119,0.02730744332075119,0.1734868586063385,1e-06,24.516026973724365,28.359375,49.25865936279297,0.0,83.0,0.0,0.4833333492279053,1.0,0.0,0.4833333492279053,1.0,0.0,-0.027307406067848206,1.0658836364746094,-0.9971170425415039,-0.027307406067848206,1.0658836364746094,-0.9971170425415039,191.9375,324.0,97.0,0.0625,191.9375,324.0,97.0,0.0625,0.0,314.0,314.0,314.0,1.0,52.004343952052295,2.195573923178017,0.009304687846451998,3.6122080087661743,2.2242089211940765,60.54759953496978,16.93400975319189,0.0011494364232800492,0.4462270548197868,8095.0,60.54759953496978,133.69646463564033,2.0,2.0,2.0,,0.4833333492279053,0.0,1.0,1.0,True,False,False,False,True,True,True,True,True,True
84.0,10409.0,10409.0,0.0,10409.0,10409.0,10409.0,0.7650752067565918,1.0,0.06206876039505005,0.004488763399422169,0.008074573241174221,0.9996404051780701,2.1606252193450928,0.7594056725502014,-8.817770140012726e-05,0.00047961159725673497,2.160503387451172,0.7593408226966858,6.482377648353577e-05,0.0020847655832767487,0.005789399147033691,-0.004510164260864258,1.000067949295044,0.002102494239807129,0.8164225816726685,0.0,0.0,0.0,-0.16955630667507648,-0.16955630481243134,0.18749676644802094,1e-06,24.516026973724365,28.359375,49.1651725769043,0.0,84.0,0.0,0.1041666716337204,0.4000000059604645,0.0,0.1041666716337204,0.4000000059604645,0.0,0.16955631971359253,2.1164824962615967,-0.745240330696106,0.16955631971359253,2.1164824962615967,-0.745240330696106,238.5625,505.0,133.0,0.0625,238.5625,505.0,133.0,0.0625,0.0,412.0,412.0,412.0,1.0,149.0111040608026,2.474825271870941,0.009612778667360544,4.425782865379006,2.093290374148637,158.51610088907182,39.03880116866718,0.0009235064528158848,0.42518809351321024,10409.0,158.51610088907182,65.66525382354773,2.0,2.0,2.0,,0.1041666716337204,0.0,0.4000000059604645,0.4000000059604645,True,False,False,False,True,False,True,True,True,True
85.0,19819.0,19819.0,0.0,19819.0,19819.0,19819.0,0.7331084609031677,1.0,0.05354654788970947,0.003720646956935525,0.007440970279276371,0.9997146725654602,2.381387710571289,0.8141684532165527,-4.73964937555138e-05,0.0003917891008313745,2.382392406463623,0.8143340349197388,-0.00016565527766942978,0.0014284243807196617,0.0027205348014831543,-0.0029724836349487305,0.9998359084129333,0.0016614198684692383,0.3971899747848511,0.0,0.0,0.0,0.0,0.0,0.0,1e-06,24.516026973724365,28.359375,49.234806060791016,0.0,85.0,0.0,0.0,0.0,0.0,0.0,0.0,0.0,0.0,0.0,0.0,0.0,0.0,0.0,278.6875,512.0,117.0,0.125,278.6875,512.0,117.0,0.125,0.0,960.0,960.0,960.0,1.0,891.0602075690404,3.3700460684485734,0.010171590838581324,7.128930140286684,2.22725318884477,904.2981586242095,199.83409005809384,0.0005132242211302953,0.3597018083801748,19819.0,904.2981586242095,21.916444052205566,2.0,2.0,2.0,,0.0,0.0,0.0,0.0,False,True,False,False,False,False,False,False,False,False
86.0,15391.0,15391.0,0.0,15391.0,15391.0,15391.0,0.8793233036994934,1.0,0.06025451421737671,0.0039714933373034,0.007519115693867207,0.9997243285179138,2.693923234939575,0.951981782913208,0.0003394119848962873,0.00042873169877566397,2.6929821968078613,0.9517930746078491,0.00018860027194023132,0.0017775781452655792,0.0033158063888549805,-0.006130576133728027,1.0001912117004395,0.00103759765625,0.12163424491882324,0.0,0.0,0.0,-0.08491156250238419,-0.08491155505180359,0.1946607381105423,1e-06,24.516026973724365,28.359375,49.212223052978516,0.0,86.0,0.0,0.03333333507180214,0.46666666865348816,0.0,0.03333333507180214,0.46666666865348816,0.0,0.08491150289773941,3.7117297649383545,-0.28551769256591797,0.08491150289773941,3.7117297649383545,-0.28551769256591797,275.9375,512.0,100.0,0.125,275.9375,512.0,100.0,0.125,0.0,686.0,686.0,686.0,1.0,65.00556166190654,2.963445288129151,0.009882546961307526,5.909771088976413,2.0946175851859152,76.48601540643722,14.723796525913146,0.0006420990813662222,0.3839757708385688,15391.0,76.48601540643722,201.22632769159344,2.0,2.0,2.0,,0.03333333507180214,0.0,0.46666666865348816,0.46666666865348816,True,False,False,False,True,False,True,True,True,True
87.0,14704.0,14704.0,0.0,14704.0,14704.0,14704.0,0.889767587184906,1.0,0.06143873929977417,0.004457828588783741,0.00779140368103981,0.9996841549873352,2.6810154914855957,0.9575678110122681,0.0006000999128445983,0.0004665845481213182,2.680647611618042,0.9572709798812866,0.0002968721091747284,0.0021170340478420258,0.005242109298706055,-0.006080269813537598,1.000300407409668,0.0006631612777709961,0.07874190807342529,0.0,0.0,0.0,0.11445546895265579,0.11445546895265579,0.14664679765701294,1e-06,24.516026973724365,28.359375,49.21653366088867,0.0,87.0,0.0,0.05833333358168602,0.3333333432674408,0.0,0.05833333358168602,0.3333333432674408,0.0,-0.11445546895265579,3.2781784534454346,-0.695371150970459,-0.11445546895265579,3.2781784534454346,-0.695371150970459,230.0,452.0,79.0,0.0625,230.0,452.0,79.0,0.0625,0.0,689.0,689.0,689.0,1.0,69.00597659498453,2.861280905082822,0.010142856743186712,5.581061479635537,2.1263457499444485,80.08429463533685,18.751624074724056,0.0006898025532635142,0.3795607643930588,14704.0,80.08429463533685,183.60653692405657,2.0,2.0,2.0,,0.05833333358168602,0.0,0.3333333432674408,0.3333333432674408,True,False,False,False,True,False,True,True,True,True
88.0,14037.0,14037.0,0.0,14037.0,14037.0,14037.0,0.6962706446647644,1.0,0.05262807011604309,0.003810238093137741,0.007493658922612667,0.9997064471244812,2.219374418258667,0.7530314326286316,-0.00016152318858075887,0.0004421743215061724,2.219221591949463,0.7529088854789734,0.0001225639134645462,0.0010544713586568832,0.0027960538864135742,-0.0028743743896484375,1.0001237392425537,0.0020945072174072266,0.6819519996643066,0.0,0.0,0.0,0.24661803245544434,0.24661803245544434,0.16358152031898499,1e-06,24.516026973724365,28.359375,49.18727111816406,0.0,88.0,0.0,0.3125,0.5,0.0,0.3125,0.5,0.0,-0.24661800265312195,0.7499969601631165,-1.2499949932098389,-0.24661800265312195,0.7499969601631165,-1.2499949932098389,240.3125,512.0,120.0,0.0625,240.3125,512.0,120.0,0.0625,0.0,637.0,637.0,637.0,1.0,108.0092340069823,2.8196143861860037,0.01006550109013915,5.4606057070195675,2.119265543296933,118.91890433663502,28.09082809024247,0.0007170692519868312,0.3890151533105056,14037.0,118.91890433663502,118.03842356522334,2.0,2.0,2.0,,0.3125,0.0,0.5,0.5,True,False,False,False,True,False,True,True,True,True
89.0,12730.0,12730.0,0.0,12730.0,12730.0,12730.0,0.895541250705719,1.0,0.05439102649688721,0.004259064793586731,0.007637761998921633,0.9997055530548096,2.4688398838043213,0.8883532285690308,0.000815754639916122,0.0005007207510061562,2.4669065475463867,0.887494683265686,0.0008585453033447266,0.0013107061386108398,0.0035505294799804688,-0.0014330148696899414,1.0008597373962402,0.0003681182861328125,-0.18739831447601318,0.0,0.0,0.0,0.0,0.0,0.0,1e-06,24.516026973724365,28.359375,49.177955627441406,0.0,89.0,0.0,0.0,0.0,0.0,0.0,0.0,0.0,0.0,0.0,0.0,0.0,0.0,0.0,244.625,478.0,106.0,0.0625,244.625,478.0,106.0,0.0625,0.0,551.0,551.0,551.0,1.0,64.00556414294988,2.6800245279446244,0.009575780015438795,5.070034253876656,2.1247232859022915,74.39090463891625,16.352980108060777,0.0007522215251719399,0.3982744896996588,12730.0,74.39090463891625,171.12307024346268,2.0,2.0,2.0,,0.0,0.0,0.0,0.0,False,True,False,False,False,False,False,False,False,False
90.0,11958.0,11958.0,0.0,11958.0,11958.0,11958.0,0.7627100348472595,1.0,0.06106343865394592,0.004495013039559126,0.00797469075769186,0.9996358752250671,2.2664287090301514,0.7966982126235962,0.00029303855262696743,0.00041611105552874506,2.265045166015625,0.7961065173149109,0.0005917083472013474,0.0011898744851350784,0.004519402980804443,-0.0019298195838928223,1.0005931854248047,0.0010805130004882812,0.11286556720733643,0.0,0.0,0.0,-0.07212366908788681,-0.07212366163730621,0.17944501340389252,1e-06,24.516026973724365,28.359375,49.20189666748047,0.0,90.0,0.0,0.09583333134651184,0.5333333611488342,0.0,0.09583333134651184,0.5333333611488342,0.0,0.07212375104427338,2.1184873580932617,-0.4640495777130127,0.07212375104427338,2.1184873580932617,-0.4640495777130127,228.375,441.0,119.0,0.0625,228.375,441.0,119.0,0.0625,0.0,519.0,519.0,519.0,1.0,63.00570771796629,2.600596980191767,0.00985512463375926,4.78677921788767,2.1002879119478166,73.00224232533947,17.24294135685996,0.0008241448932730607,0.40029931576247446,11958.0,73.00224232533947,163.80318767070685,2.0,2.0,2.0,,0.09583333134651184,0.0,0.5333333611488342,0.5333333611488342,True,False,False,False,True,False,True,True,True,True
91.0,15535.0,15535.0,0.0,15535.0,15535.0,15535.0,0.6461294293403625,1.0,0.0614379346370697,0.0036766226403415203,0.0072522093541920185,0.9997074007987976,1.9541608095169067,0.6506402492523193,-0.00022875022841617465,0.00038190564373508096,1.9543213844299316,0.6507582664489746,-0.0001179724931716919,0.0014594607055187225,0.0050820112228393555,-0.0028524398803710938,0.999883770942688,0.001986384391784668,0.4527130126953125,0.0,0.0,0.0,0.04304071515798569,0.043040722608566284,0.17039580643177032,1e-06,24.516026973724365,28.359375,49.190921783447266,0.0,91.0,0.0,0.6000000238418579,1.0,0.0,0.6000000238418579,1.0,0.0,-0.043040644377470016,0.8696545362472534,-1.3044819831848145,-0.043040644377470016,0.8696545362472534,-1.3044819831848145,247.9375,512.0,99.0,0.0625,247.9375,512.0,99.0,0.0625,0.0,723.0,723.0,723.0,1.0,56.004667051136494,2.9422383517958224,0.009403706062585115,5.8530525686219335,2.1139172739349306,67.42345132492483,14.117637270263799,0.0006053238534010374,0.37676553386687694,15535.0,67.42345132492483,230.409445003553,2.0,2.0,2.0,,0.6000000238418579,0.0,1.0,1.0,True,False,False,False,True,True,True,True,True,True
92.0,17750.0,17750.0,0.0,17750.0,17750.0,17750.0,0.952131450176239,1.0,0.06171363592147827,0.004626113455742598,0.008023413829505444,0.9996715784072876,2.6819396018981934,0.9643107652664185,0.0012983405031263828,0.0004900774802081287,2.6786961555480957,0.9629811644554138,0.0013295672833919525,0.001820836216211319,0.0054305195808410645,-0.0014886856079101562,1.0013325214385986,-0.0006402134895324707,-0.24323320388793945,0.0,0.0,0.0,0.06771496962755919,0.06771496683359146,0.16508670151233673,1e-06,24.516026973724365,28.359375,49.264854431152344,0.0,92.0,0.0,0.23750001192092896,0.9333333373069763,0.0,0.23750001192092896,0.9333333373069763,0.0,-0.06771495938301086,1.6757254600524902,-0.5719542503356934,-0.06771495938301086,1.6757254600524902,-0.5719542503356934,247.375,443.0,140.0,0.0625,247.375,443.0,140.0,0.0625,0.0,862.0,862.0,862.0,1.0,79.00671203201637,3.1382692670449615,0.0103190871886909,6.432625387329608,2.076044209767133,91.16714858589694,19.96127135725527,0.0005813570247149803,0.3624014302720906,17750.0,91.16714858589694,194.69732546560996,2.0,2.0,2.0,,0.23750001192092896,0.0,0.9333333373069763,0.9333333373069763,True,False,False,False,True,False,True,True,True,True
93.0,20925.0,20925.0,0.0,20925.0,20925.0,20925.0,0.6983652710914612,1.0,0.10733526945114136,0.003517723176628351,0.007380523718893528,0.9997275471687317,2.4177985191345215,0.786403477191925,0.0006070341914892197,0.000426603714004159,2.4150729179382324,0.7857540845870972,0.0006493087857961655,0.0017621573060750961,0.004973292350769043,-0.0028107166290283203,1.0006517171859741,0.00048363208770751953,0.03250288963317871,0.0,0.0,0.0,-0.03595494106411934,-0.03595492243766785,0.1560973823070526,1e-06,24.516026973724365,28.359375,49.46765899658203,0.0,93.0,0.0,0.125,1.0,0.0,0.125,1.0,0.0,0.03595489636063576,2.561730146408081,-0.3659614622592926,0.03595489636063576,2.561730146408081,-0.3659614622592926,281.8125,512.0,110.0,0.125,281.8125,512.0,110.0,0.125,0.0,1026.0,1026.0,1026.0,1.0,193.01588239893317,3.4907396170310676,0.009553306736052036,7.566401286050677,2.1884457622654736,206.77231468399987,42.806804701471094,0.00045654990375398023,0.3615962382819917,20925.0,206.77231468399987,101.19826743719857,2.0,2.0,2.0,,0.125,0.0,1.0,1.0,True,False,False,False,True,True,True,True,True,True
94.0,16271.0,16271.0,0.0,16271.0,16271.0,16271.0,0.8547852039337158,1.0,0.06184256076812744,0.004026079084724188,0.007548510562628508,0.9997110962867737,2.4889674186706543,0.8860098123550415,0.0004275522078387439,0.00043825575266964734,2.486950159072876,0.885499894618988,0.0005099289119243622,0.0022091902792453766,0.0071256160736083984,-0.0041037797927856445,1.0005141496658325,0.0008971691131591797,0.4115952253341675,0.0,0.0,0.0,-0.16273675858974457,-0.16273677349090576,0.19863490760326385,1e-06,24.516026973724365,28.359375,49.51560592651367,0.0,94.0,0.0,0.13333334028720856,1.0,0.0,0.13333334028720856,1.0,0.0,0.16273674368858337,2.9565720558166504,-0.4548572599887848,0.16273674368858337,2.9565720558166504,-0.4548572599887848,239.9375,424.0,103.0,0.0625,239.9375,424.0,103.0,0.0625,0.0,777.0,777.0,777.0,1.0,116.00970823690295,2.9692466440610588,0.010305420961230993,5.939886636100709,2.2008642880246043,127.63241951493546,30.218730981219835,0.0006333612538400217,0.3650597158195999,16271.0,127.63241951493546,127.48328412042662,2.0,2.0,2.0,,0.13333334028720856,0.0,1.0,1.0,True,False,False,False,True,True,True,True,True,True
95.0,11653.0,11653.0,0.0,11653.0,11653.0,11653.0,0.8218230605125427,1.0,0.059975624084472656,0.004265873227268457,0.007620193529874086,0.9996948838233948,2.4159770011901855,0.8124812841415405,0.0003267641004640609,0.00046557444147765636,2.415213108062744,0.8122678995132446,0.00021339952945709229,0.0014275535941123962,0.004305541515350342,-0.003959327936172485,1.0002151727676392,0.0012118816375732422,0.19097089767456055,0.0,0.0,0.0,-0.015659630298614502,-0.015659630298614502,0.1991996318101883,1e-06,24.516026973724365,28.359375,49.4603157043457,0.0,95.0,0.0,0.4166666865348816,0.46666666865348816,0.06666667014360428,0.4166666865348816,0.46666666865348816,0.06666667014360428,0.015659624710679054,0.3659597337245941,-2.5617191791534424,0.015659624710679054,0.3659597337245941,-2.5617191791534424,229.3125,382.0,104.0,0.0625,229.3125,382.0,104.0,0.0625,0.0,499.0,499.0,499.0,1.0,80.00699303392321,2.5334323160350323,0.01010844111442566,4.623474970925599,2.127443825826049,89.80232112715021,21.80621232867899,0.0008674539701729734,0.39676263373599924,11653.0,89.80232112715021,129.76279291824355,2.0,2.0,2.0,,0.4166666865348816,0.06666667014360428,0.46666666865348816,0.3999999985098839,True,False,False,False,True,False,True,True,True,True
96.0,11020.0,11020.0,0.0,11020.0,11020.0,11020.0,0.6022472977638245,1.0,0.06069469451904297,0.003930446691811085,0.007818682119250298,0.9996435046195984,1.8536312580108643,0.6009824275970459,0.0006134510622359812,0.0004043722874484956,1.852286696434021,0.6002418994903564,0.00074048712849617,0.0014845170080661774,0.0029242634773254395,-0.001893460750579834,1.0007418394088745,0.00038945674896240234,-0.03484457731246948,0.0,0.0,0.0,-0.039694905281066895,-0.039694905281066895,0.1790587306022644,1e-06,24.516026973724365,28.359375,49.44758605957031,0.0,96.0,0.0,0.9375,1.0,0.0,0.9375,1.0,0.0,0.03969495743513107,0.24999898672103882,-3.7499847412109375,0.03969495743513107,0.24999898672103882,-3.7499847412109375,237.75,379.0,95.0,0.0625,237.75,379.0,95.0,0.0625,0.0,451.0,451.0,451.0,1.0,41.003822018858045,2.465395634062588,0.010299639776349068,4.40026824735105,2.098036795388907,50.47859555389732,10.779133022833346,0.0009346315586523655,0.39929838905181947,11020.0,50.47859555389732,218.31035271640346,2.0,2.0,2.0,,0.9375,0.0,1.0,1.0,True,False,False,False,True,True,True,True,True,True
97.0,19227.0,19227.0,0.0,19227.0,19227.0,19227.0,0.7287397980690002,1.0,0.05857360363006592,0.004012769088149071,0.007552020251750946,0.9996869564056396,2.371042013168335,0.790055513381958,0.0005497052916325629,0.0003944625786971301,2.3696255683898926,0.7894642353057861,0.0005911868065595627,0.001408671960234642,0.003518342971801758,-0.0017500519752502441,1.0005927085876465,0.0004748106002807617,0.19305527210235596,0.0,0.0,0.0,0.0,0.0,0.0,1e-06,24.516026973724365,28.359375,49.46255874633789,0.0,97.0,0.0,0.0,0.0,0.0,0.0,0.0,0.0,0.0,0.0,0.0,0.0,0.0,0.0,333.6875,512.0,135.0,0.1875,333.6875,512.0,135.0,0.1875,0.0,868.0,868.0,868.0,1.0,364.0282408380881,3.3700807271525264,0.009571210015565157,7.163043063133955,2.0928775556385517,377.1704513817094,68.18285087808356,0.0004978004897053704,0.3725512593297943,19227.0,377.1704513817094,50.976952010860515,2.0,2.0,2.0,,0.0,0.0,0.0,0.0,False,True,False,False,False,False,False,False,False,False
98.0,8332.0,8332.0,0.0,8332.0,8332.0,8332.0,0.7693178653717041,1.0,0.05075526237487793,0.004106583073735237,0.007520381361246109,0.9997008442878723,2.229569435119629,0.7914248704910278,0.0008438544464297593,0.0004317857965361327,2.2274129390716553,0.7905608415603638,0.0008640550076961517,0.0012937672436237335,0.00493466854095459,-0.0012538433074951172,1.0008656978607178,3.743171691894531e-05,-0.1677228808403015,0.0,0.0,0.0,0.106595978140831,0.106595978140831,0.15683627128601074,1e-06,24.516026973724365,28.359375,49.54815673828125,0.0,98.0,0.0,0.06666667014360428,0.3333333432674408,0.0,0.06666667014360428,0.3333333432674408,0.0,-0.1065959706902504,2.656818151473999,-0.6642045378684998,-0.1065959706902504,2.656818151473999,-0.6642045378684998,215.75,352.0,106.0,0.0625,215.75,352.0,106.0,0.0625,0.0,305.0,305.0,305.0,1.0,40.003659250214696,2.20174376713112,0.00943788094446063,3.722467537969351,2.080694721080363,48.519082829821855,11.588545553364629,0.0011327269496472193,0.44676758737030137,8332.0,48.519082829821855,171.72624695367912,2.0,2.0,2.0,,0.06666667014360428,0.0,0.3333333432674408,0.3333333432674408,True,False,False,False,True,False,True,True,True,True
99.0,16569.0,16569.0,0.0,16569.0,16569.0,16569.0,0.7094695568084717,1.0,0.05855584144592285,0.004088460002094507,0.0077105117961764336,0.9996726512908936,2.240588665008545,0.7728058695793152,0.0007324562757275999,0.0004112398310098797,2.238379716873169,0.7720215320587158,0.0007844008505344391,0.0016941912472248077,0.004594326019287109,-0.002447843551635742,1.000786542892456,0.00018024444580078125,-0.10564780235290527,0.0,0.0,0.0,0.0,0.0,0.0,1e-06,24.516026973724365,28.359375,49.527713775634766,0.0,99.0,0.0,0.0,0.0,0.0,0.0,0.0,0.0,0.0,0.0,0.0,0.0,0.0,0.0,282.5625,512.0,102.0,0.0625,282.5625,512.0,102.0,0.0625,0.0,753.0,753.0,753.0,1.0,239.01888457173482,3.103040545247495,0.009819836355745792,6.283149772789329,2.1193739068694413,251.0375854531303,52.8685876071079,0.0005926631876242255,0.37921116378715247,16569.0,251.0375854531303,66.00206885392267,2.0,2.0,2.0,,0.0,0.0,0.0,0.0,False,True,False,False,False,False,False,False,False,False
100.0,11273.0,11273.0,0.0,11273.0,11273.0,11273.0,0.8673190474510193,1.0,0.06199461221694946,0.004169230815023184,0.007586394902318716,0.9997074604034424,2.583000421524048,0.9131224155426025,0.0001282135781366378,0.0004725665203295648,2.582165241241455,0.9127699136734009,0.00035260990262031555,0.0016092993319034576,0.0043718814849853516,-0.002347886562347412,1.000354528427124,0.0016455650329589844,0.614495038986206,0.0,0.0,0.0,0.11703565716743469,0.11703565716743469,0.14997172355651855,1e-06,24.516026973724365,28.359375,49.46792221069336,0.0,100.0,0.0,0.09166666865348816,0.7333333492279053,0.0,0.09166666865348816,0.7333333492279053,0.0,-0.1170356348156929,2.561727285385132,-0.36596107482910156,-0.1170356348156929,2.561727285385132,-0.36596107482910156,292.5625,512.0,101.0,0.0625,292.5625,512.0,101.0,0.0625,0.0,412.0,412.0,412.0,1.0,79.00688799284399,2.544595493003726,0.009390468709170818,4.651984377298504,2.1576048200950027,137.6072247698903,16.878207219150607,0.0008330052966531374,0.41266604961398956,11273.0,137.6072247698903,81.92157075219667,2.0,2.0,2.0,48.73493744106963,0.09166666865348816,0.0,0.7333333492279053,0.7333333492279053,True,False,False,False,True,False,True,True,True,True
101.0,6839.0,6839.0,0.0,6839.0,6839.0,6839.0,0.5962706208229065,1.0,0.06019139289855957,0.003949485253542662,0.007723684422671795,0.9996410608291626,1.8077881336212158,0.5856876373291016,-5.698398126696702e-06,0.0003668016579467803,1.8070999383926392,0.5854374170303345,0.00025020353496074677,0.0016145166009664536,0.004849076271057129,-0.003107428550720215,1.0002528429031372,0.0014774799346923828,0.24946236610412598,0.0,0.0,0.0,-0.026559144258499146,-0.026559144258499146,0.175031840801239,1e-06,24.61508274078369,28.359375,48.50926971435547,0.0,101.0,0.0,0.9416666626930237,1.0,0.6000000238418579,0.9416666626930237,1.0,0.6000000238418579,0.026559168472886086,0.4312528967857361,-2.525909423828125,0.026559168472886086,0.4312528967857361,-2.525909423828125,176.4375,263.0,98.0,0.0625,176.4375,263.0,98.0,0.0625,0.0,251.0,251.0,251.0,1.0,41.003414487000555,2.073619470000267,0.010154054034501314,3.286377251613885,2.133762934245169,49.010852738749236,14.524766024442279,0.0014847278892383849,0.4805347640903473,6839.0,49.010852738749236,139.5405225135557,2.0,2.0,2.0,,0.9416666626930237,0.6000000238418579,1.0,0.3999999761581421,True,False,False,False,True,True,True,True,True,True
102.0,11070.0,11070.0,0.0,11070.0,11070.0,11070.0,0.7438947558403015,1.0,0.062063395977020264,0.0038693747483193874,0.007365615107119083,0.9997170567512512,2.307612657546997,0.8090176582336426,0.0003622939402703196,0.00041693676030263305,2.3074448108673096,0.8089028596878052,0.00011486932635307312,0.0017139501869678497,0.005028367042541504,-0.00246429443359375,1.0001170635223389,0.0009405612945556641,0.33258652687072754,0.0,0.0,0.0,0.0,0.0,0.0,1e-06,24.61508274078369,28.359375,48.54148483276367,0.0,102.0,0.0,0.0,0.0,0.0,0.0,0.0,0.0,0.0,0.0,0.0,0.0,0.0,0.0,284.875,512.0,142.0,0.0625,284.875,512.0,142.0,0.0625,0.0,407.0,407.0,407.0,1.0,786.0545938857831,2.540867648087442,0.009547086898237467,4.645086410921067,2.109515003859997,795.8610761878081,172.45603200653426,0.0008624288074288588,0.41961033522322194,11070.0,795.8610761878081,13.90946275828131,2.0,2.0,2.0,,0.0,0.0,0.0,0.0,False,True,False,False,False,False,False,False,False,False
103.0,8718.0,8718.0,0.0,8718.0,8718.0,8718.0,0.7943699359893799,1.0,0.05686235427856445,0.004320395644754171,0.007654542103409767,0.999683678150177,2.2024528980255127,0.7756131887435913,0.001476821955293417,0.0005103155854158103,2.199331045150757,0.7741315960884094,0.0014815740287303925,0.0025622881948947906,0.007863342761993408,-0.004814445972442627,1.0014866590499878,-0.0009072422981262207,0.045609235763549805,0.0,0.0,0.0,0.012270133011043072,0.012270133011043072,0.20171356201171875,1e-06,24.61508274078369,28.359375,48.620609283447266,0.0,103.0,0.0,0.3125,1.0,0.0,0.3125,1.0,0.0,-0.012270177714526653,1.4361376762390137,-0.652789831161499,-0.012270177714526653,1.4361376762390137,-0.652789831161499,184.875,308.0,102.0,0.0625,184.875,308.0,102.0,0.0625,0.0,360.0,360.0,360.0,1.0,140.01043781684712,2.2303858920931816,0.009958210401237011,3.7724280287511647,2.1466966117732227,148.67017565015703,47.33280521191586,0.0011422585915619422,0.4327171402559262,8718.0,148.67017565015703,58.639871526853824,2.0,2.0,2.0,,0.3125,0.0,1.0,1.0,True,False,False,False,True,True,True,True,True,True
104.0,17205.0,17205.0,0.0,17205.0,17205.0,17205.0,0.8671784996986389,1.0,0.060724496841430664,0.004368061199784279,0.0076494719833135605,0.9996985793113708,2.3990328311920166,0.8601584434509277,0.00033909533522091806,0.0005207281792536378,2.3983259201049805,0.8597928285598755,0.0003656744956970215,0.0014376267790794373,0.003726959228515625,-0.0026969313621520996,1.0003671646118164,0.00141143798828125,0.3825564384460449,0.0,0.0,0.0,0.0,0.0,0.0,1e-06,24.61508274078369,28.359375,48.48994827270508,0.0,104.0,0.0,0.0,0.0,0.0,0.0,0.0,0.0,0.0,0.0,0.0,0.0,0.0,0.0,264.3125,512.0,122.0,0.125,264.3125,512.0,122.0,0.125,0.0,811.0,811.0,811.0,1.0,278.0214206567034,3.1362300240434706,0.009542493615299463,6.452768075745553,2.428922916762531,290.54990510083735,65.74164593442976,0.0005546349093460891,0.37505190791895104,17205.0,290.54990510083735,59.21530070377716,2.0,2.0,2.0,,0.0,0.0,0.0,0.0,False,True,False,False,False,False,False,False,False,False
105.0,12440.0,12440.0,0.0,12440.0,12440.0,12440.0,0.8467006087303162,1.0,0.05864906311035156,0.004505574237555265,0.007970670238137245,0.9996706247329712,2.4543890953063965,0.887306272983551,0.0007291104993782938,0.0004967294516973197,2.453078508377075,0.8867524862289429,0.0005536936223506927,0.002056371420621872,0.00438922643661499,-0.0037221908569335938,1.0005568265914917,0.0005248785018920898,0.16853046417236328,0.0,0.0,0.0,0.10795910004526377,0.10795909911394119,0.18603713810443878,1e-06,24.61508274078369,28.359375,48.5508918762207,0.0,105.0,0.0,0.5541666746139526,1.0,0.0,0.5541666746139526,1.0,0.0,-0.1079590767621994,0.9995525479316711,-1.2424345016479492,-0.1079590767621994,0.9995525479316711,-1.2424345016479492,224.5,437.0,113.0,0.0625,224.5,437.0,113.0,0.0625,0.0,553.0,553.0,553.0,1.0,63.005622332915664,2.6439113318920135,0.009503541048616171,4.964219179004431,2.2296636370010674,73.35428934264928,17.540540738562267,0.0007639502450656085,0.399052988665951,12440.0,73.35428934264928,169.58790155938703,2.0,2.0,2.0,,0.5541666746139526,0.0,1.0,1.0,True,False,False,False,True,True,True,True,True,True
106.0,19174.0,19174.0,0.0,19174.0,19174.0,19174.0,0.7255198359489441,1.0,0.05796635150909424,0.003908482380211353,0.007592732086777687,0.9996947646141052,2.148636817932129,0.7313603758811951,0.0001587646984262392,0.0004224132571835071,2.1485559940338135,0.7313629984855652,-2.5853514671325684e-06,0.0014383643865585327,0.0047876834869384766,-0.002217411994934082,0.9999990463256836,0.0013724565505981445,0.29099130630493164,0.0,0.0,0.0,0.12091599032282829,0.12091599404811859,0.1281435191631317,1e-06,24.61508274078369,28.359375,48.516788482666016,0.0,106.0,0.0,0.13750000298023224,1.0,0.0,0.13750000298023224,1.0,0.0,-0.12091601639986038,2.5472660064697266,-0.40608587861061096,-0.12091601639986038,2.5472660064697266,-0.40608587861061096,295.375,512.0,141.0,0.0625,295.375,512.0,141.0,0.0625,0.0,903.0,903.0,903.0,1.0,77.00601009698585,3.3642450948245823,0.00959592405706644,7.073582815937698,2.0973967891186476,90.05324982805178,16.29411978353488,0.0005004654249017649,0.36891534452580044,19174.0,90.05324982805178,212.91846809094565,2.0,2.0,2.0,,0.13750000298023224,0.0,1.0,1.0,True,False,False,False,True,True,True,True,True,True
107.0,9799.0,9799.0,0.0,9799.0,9799.0,9799.0,0.8229902982711792,1.0,0.06085073947906494,0.0041929688304662704,0.007653008680790663,0.9996936917304993,2.2943480014801025,0.8137794733047485,0.000550191558431834,0.0004456616588868201,2.2928380966186523,0.8132299780845642,0.0005494877696037292,0.0019454509019851685,0.006801605224609375,-0.0032804012298583984,1.0005528926849365,0.0006809234619140625,0.2469635009765625,0.0,0.0,0.0,0.0,0.0,0.0,1e-06,24.61508274078369,28.359375,48.49979782104492,0.0,107.0,0.0,0.0,0.0,0.0,0.0,0.0,0.0,0.0,0.0,0.0,0.0,0.0,0.0,241.4375,423.0,138.0,0.0625,241.4375,423.0,138.0,0.0625,0.0,371.0,371.0,371.0,1.0,828.0680173160508,2.402518907096237,0.009760492015630007,4.2505571926012635,2.1193662439472973,837.3554076170549,214.3587929888819,0.0009960702128411069,0.4337745884887502,9799.0,837.3554076170549,11.70231888498336,2.0,2.0,2.0,,0.0,0.0,0.0,0.0,False,True,False,False,False,False,False,False,False,False
108.0,15874.0,15874.0,0.0,15874.0,15874.0,15874.0,0.7242381572723389,1.0,0.06216418743133545,0.00428132014349103,0.007869073189795017,0.9996468424797058,2.019479274749756,0.6937508583068848,0.0005061906413175166,0.0004240295384079218,2.0183775424957275,0.6932908892631531,0.0004598945379257202,0.0013574138283729553,0.005856931209564209,-0.00387495756149292,1.0004619359970093,0.0006775856018066406,-0.0429498553276062,0.0,0.0,0.0,0.033571042120456696,0.033571042120456696,0.16235309839248657,1e-06,24.61508274078369,28.359375,48.53736877441406,0.0,108.0,0.0,0.8916666507720947,1.0,0.0,0.8916666507720947,1.0,0.0,-0.033571112900972366,0.3611099421977997,-2.972212076187134,-0.033571112900972366,0.3611099421977997,-2.972212076187134,248.125,472.0,116.0,0.0625,248.125,472.0,116.0,0.0625,0.0,744.0,744.0,744.0,1.0,69.00653656385839,3.0183879220858216,0.009317772928625345,6.086911326274276,2.092725168913603,80.71648441581056,17.381999134473148,0.0005869833015387014,0.38345163955362704,15874.0,80.71648441581056,196.6636693221817,2.0,2.0,2.0,,0.8916666507720947,0.0,1.0,1.0,True,False,False,False,True,True,True,True,True,True
109.0,9497.0,9497.0,0.0,9497.0,9497.0,9497.0,0.7893707156181335,1.0,0.0926404595375061,0.004188967403024435,0.007793520577251911,0.9996853470802307,2.468763828277588,0.8382965922355652,1.0889773420785787e-06,0.0004619632672984153,2.4685025215148926,0.8382257223129272,7.087551057338715e-05,0.001633552834391594,0.0038417577743530273,-0.004670619964599609,1.0000731945037842,0.0018516778945922852,0.42504990100860596,0.0,0.0,0.0,0.0,0.0,0.0,1e-06,24.61508274078369,28.359375,48.504390716552734,0.0,109.0,0.0,0.0,0.0,0.0,0.0,0.0,0.0,0.0,0.0,0.0,0.0,0.0,0.0,247.5625,477.0,89.0,0.0625,247.5625,477.0,89.0,0.0625,0.0,346.0,346.0,346.0,1.0,273.0217134752311,2.377648338675499,0.009447063785046339,4.183414580766112,2.4288096828386188,282.5226868307218,68.92747121313585,0.0009947418958667303,0.4404985343546501,9497.0,282.5226868307218,33.61499958299026,2.0,2.0,2.0,,0.0,0.0,0.0,0.0,False,True,False,False,False,False,False,False,False,False
110.0,12925.0,12925.0,0.0,12925.0,12925.0,12925.0,0.48763757944107056,1.0,0.054423749446868896,0.00302993506193161,0.0068824137561023235,0.9997111558914185,1.9114536046981812,0.6100782752037048,-0.00021634763106703758,0.0003156308375764638,1.9112119674682617,0.6101492047309875,-7.092091254889965e-05,0.0015929688233882189,0.004097938537597656,-0.004156529903411865,0.9999312162399292,0.0016998052597045898,0.5792049169540405,0.0,0.0,0.0,0.04608319699764252,0.04608319699764252,0.15691010653972626,1e-06,24.61508274078369,28.359375,48.54487609863281,0.0,110.0,0.0,0.800000011920929,1.0,0.0,0.800000011920929,1.0,0.0,-0.04608321189880371,0.7378012537956238,-2.951205253601074,-0.04608321189880371,0.7378012537956238,-2.951205253601074,228.8125,512.0,86.0,0.125,228.8125,512.0,86.0,0.125,0.0,579.0,579.0,579.0,1.0,48.0039675841108,2.7256909501738846,0.01053479965776205,5.231700130738318,2.113761791959405,58.585763591807336,13.112255554250423,0.000815071540252383,0.40477370450586597,12925.0,58.585763591807336,220.61673702939393,2.0,2.0,2.0,,0.800000011920929,0.0,1.0,1.0,True,False,False,False,True,True,True,True,True,True
111.0,10352.0,10352.0,0.0,10352.0,10352.0,10352.0,0.7175424098968506,1.0,0.09831100702285767,0.004079698584973812,0.008013063110411167,0.9996562600135803,2.187725067138672,0.7348597645759583,0.0018159071914851665,0.00044195103691890836,2.1823511123657227,0.7328191995620728,0.0020405445247888565,0.00226401723921299,0.005361676216125488,-0.0015459060668945312,1.0020447969436646,-0.0018725991249084473,-0.41924774646759033,0.0,0.0,0.0,0.052450873889029026,0.05245087295770645,0.17634296417236328,1e-06,24.61508274078369,28.359375,48.50664138793945,0.0,111.0,0.0,0.625,1.0,0.0,0.625,1.0,0.0,-0.05245086923241615,0.7499985098838806,-1.2499974966049194,-0.05245086923241615,0.7499985098838806,-1.2499974966049194,255.0,353.0,147.0,0.0625,255.0,353.0,147.0,0.0625,0.0,392.0,392.0,392.0,1.0,123.00999929616228,2.3979288581758738,0.0094526968896389,4.220428135246038,2.128593947738409,132.26700961729512,30.14950963141232,0.0009131275975308057,0.4076920532501969,10352.0,132.26700961729512,78.26592609867534,2.0,2.0,2.0,,0.625,0.0,1.0,1.0,True,False,False,False,True,True,True,True,True,True
112.0,13677.0,13677.0,0.0,13677.0,13677.0,13677.0,0.8387694358825684,1.0,0.06217280030250549,0.004537894856184721,0.007975144311785698,0.9996642470359802,2.4826714992523193,0.861003577709198,0.0014053761260583997,0.0005168025963939726,2.4792895317077637,0.859593391418457,0.001410171389579773,0.0016413256525993347,0.006409168243408203,-0.0009289979934692383,1.0014128684997559,-0.0007508993148803711,-0.30348002910614014,0.0,0.0,0.0,0.0,0.0,0.0,1e-06,24.61508274078369,28.359375,48.534881591796875,0.0,112.0,0.0,0.0,0.0,0.0,0.0,0.0,0.0,0.0,0.0,0.0,0.0,0.0,0.0,204.8125,315.0,102.0,0.0625,204.8125,315.0,102.0,0.0625,0.0,650.0,650.0,650.0,1.0,141.01211761916056,2.7159071187488735,0.009453320875763893,5.140335019212216,2.084810382220894,151.46515766298398,43.030856765077985,0.0006911838031559474,0.375837904453624,13677.0,151.46515766298398,90.29799467433871,2.0,2.0,2.0,,0.0,0.0,0.0,0.0,False,True,False,False,False,False,False,False,False,False
113.0,18311.0,18311.0,0.0,18311.0,18311.0,18311.0,0.7129727602005005,1.0,0.06714928150177002,0.004223623313009739,0.00782677810639143,0.999670684337616,2.1179988384246826,0.7325343489646912,0.0009714062325656414,0.00047065605758689344,2.115377187728882,0.7314258813858032,0.0011084694415330887,0.0017853360623121262,0.005758523941040039,-0.002614319324493408,1.0011109113693237,-6.633996963500977e-05,0.01826012134552002,0.0,0.0,0.0,0.0,0.0,0.0,1e-06,24.61508274078369,28.359375,48.51760482788086,0.0,113.0,0.0,0.0,0.0,0.0,0.0,0.0,0.0,0.0,0.0,0.0,0.0,0.0,0.0,277.4375,512.0,138.0,0.0625,277.4375,512.0,138.0,0.0625,0.0,867.0,867.0,867.0,1.0,63.00492638209835,3.2405430087819695,0.010122169740498066,6.760996771976352,2.0882774111814797,75.60516273695976,14.19349546792033,0.0005527917503412192,0.3692314331263367,18311.0,75.60516273695976,242.1924553447013,2.0,2.0,2.0,,0.0,0.0,0.0,0.0,False,True,False,False,False,False,False,False,False,False
114.0,11838.0,11838.0,0.0,11838.0,11838.0,11838.0,0.8142795562744141,1.0,0.05380123853683472,0.004413138143718243,0.007504395209252834,0.9997004270553589,2.3476779460906982,0.8199588060379028,0.00137075106613338,0.000518693879712373,2.34293532371521,0.818270206451416,0.001688612625002861,0.0022691097110509872,0.006511330604553223,-0.0015683770179748535,1.0016931295394897,-0.0006723999977111816,-0.18461209535598755,0.0,0.0,0.0,0.0,0.0,0.0,1e-06,24.61508274078369,28.359375,48.610755920410156,0.0,114.0,0.0,0.0,0.0,0.0,0.0,0.0,0.0,0.0,0.0,0.0,0.0,0.0,0.0,221.875,334.0,125.0,0.0625,221.875,334.0,125.0,0.0625,0.0,518.0,518.0,518.0,1.0,62.00565261906013,2.5370678841136396,0.010201858822256327,4.626368680968881,2.0932627487927675,71.77390020387247,17.466381019453557,0.0008617890540848392,0.3908066126853253,11838.0,71.77390020387247,164.93460667978712,2.0,2.0,2.0,,0.0,0.0,0.0,0.0,False,True,False,False,False,False,False,False,False,False
115.0,11516.0,11516.0,0.0,11516.0,11516.0,11516.0,0.7835231423377991,1.0,0.06134629249572754,0.004164882469922304,0.007883239537477493,0.9996753334999084,2.315932035446167,0.7951966524124146,6.788074097130448e-05,0.0004554433689918369,2.315269708633423,0.795009195804596,0.00018749013543128967,0.001615222543478012,0.003594338893890381,-0.003503561019897461,1.0001893043518066,0.0016956329345703125,0.21206462383270264,0.0,0.0,0.0,0.018154069781303406,0.018154069781303406,0.17873845994472504,1e-06,24.61508274078369,28.359375,48.542240142822266,0.0,115.0,0.0,0.3375000059604645,0.800000011920929,0.0,0.3375000059604645,0.800000011920929,0.0,-0.01815398409962654,1.26249098777771,-0.9212771654129028,-0.01815398409962654,1.26249098777771,-0.9212771654129028,219.75,393.0,133.0,0.0625,219.75,393.0,133.0,0.0625,0.0,500.0,500.0,500.0,1.0,104.00803432567045,2.5325305508449674,0.010150813963264227,4.612884790636599,2.0984222260303795,113.76676982874051,29.58135219728966,0.0008814531055283282,0.4005631113786557,11516.0,113.76676982874051,101.22463718830798,2.0,2.0,2.0,,0.3375000059604645,0.0,0.800000011920929,0.800000011920929,True,False,False,False,True,False,True,True,True,True
116.0,35589.0,35589.0,0.0,35589.0,35589.0,35589.0,0.7691360116004944,1.0,0.05352744460105896,0.004317434970289469,0.007837994024157524,0.999671459197998,2.17264723777771,0.7557426691055298,0.0004037006292492151,0.00045014393981546164,2.171638011932373,0.755282998085022,0.0004596710205078125,0.0012973546981811523,0.003171205520629883,-0.0026341676712036133,1.0004608631134033,0.0009926557540893555,0.04135465621948242,0.0,0.0,0.0,0.0,0.0,0.0,1e-06,24.61508274078369,28.37890625,48.54215621948242,0.0,116.0,0.0,0.0,0.0,0.0,0.0,0.0,0.0,0.0,0.0,0.0,0.0,0.0,0.0,291.3125,512.0,140.0,0.0625,291.3125,512.0,140.0,0.0625,0.0,1933.0,1933.0,1933.0,1.0,124.01119485823438,6.0516084912233055,0.009770305827260017,12.133093911223114,2.970107971690595,145.6775606730953,26.606134919166355,0.0002745316200865441,0.34092258594574487,35589.0,145.6775606730953,244.29980729745165,2.0,2.0,2.0,,0.0,0.0,0.0,0.0,False,True,False,False,False,False,False,False,False,False
117.0,13051.0,13051.0,0.0,13051.0,13051.0,13051.0,0.8007193207740784,1.0,0.06121635437011719,0.004134690389037132,0.007579662371426821,0.9996970295906067,2.28102970123291,0.8114277124404907,0.0006598655018024147,0.000510881538502872,2.2791876792907715,0.8107269406318665,0.000700727105140686,0.002460762858390808,0.0058547258377075195,-0.004804730415344238,1.0007052421569824,0.0007216930389404297,0.08811414241790771,0.0,0.0,0.0,-0.06480957567691803,-0.06480957567691803,0.1783309429883957,1e-06,24.61508274078369,28.37890625,48.58478927612305,0.0,117.0,0.0,0.03750000149011612,0.2666666805744171,0.0,0.03750000149011612,0.2666666805744171,0.0,0.06480956077575684,2.98158597946167,-0.4878958761692047,0.06480956077575684,2.98158597946167,-0.4878958761692047,225.6875,512.0,91.0,0.0625,225.6875,512.0,91.0,0.0625,0.0,590.0,590.0,590.0,1.0,152.0113616520539,2.7405600319616497,0.00960763730108738,5.249737639911473,2.0997265693731606,162.6125401929021,42.09674928054663,0.0007361610069027186,0.40224792275775595,13051.0,162.6125401929021,80.25826288992235,2.0,2.0,2.0,,0.03750000149011612,0.0,0.2666666805744171,0.2666666805744171,True,False,False,False,True,False,True,True,True,True
118.0,11342.0,11342.0,0.0,11342.0,11342.0,11342.0,0.7402774691581726,1.0,0.0620439350605011,0.00431078439578414,0.007875543087720871,0.9996610283851624,2.1503219604492188,0.7526980638504028,0.0003305537102278322,0.00046737943193875253,2.1486313343048096,0.7519592046737671,0.0007387921214103699,0.0016144737601280212,0.005833268165588379,-0.002828836441040039,1.0007411241531372,0.0012166500091552734,0.20017218589782715,0.0,0.0,0.0,0.06378624029457569,0.06378623843193054,0.14142780005931854,1e-06,24.61508274078369,28.37890625,48.56621551513672,0.0,118.0,0.0,0.06666667014360428,0.2666666805744171,0.0,0.06666667014360428,0.2666666805744171,0.0,-0.06378626078367233,1.677037000656128,-0.5590122938156128,-0.06378626078367233,1.677037000656128,-0.5590122938156128,296.875,512.0,101.0,0.0625,296.875,512.0,101.0,0.0625,0.0,412.0,412.0,412.0,1.0,550.3623039131053,2.5548242488875985,0.00974386790767312,4.676009287126362,2.5062961340881884,560.6155017409474,115.86574819223269,0.0008590960948398096,0.41227378655672386,11342.0,560.6155017409474,20.231334960910484,2.0,2.0,2.0,,0.06666667014360428,0.0,0.2666666805744171,0.2666666805744171,True,False,False,False,True,False,True,True,True,True
119.0,10273.0,10273.0,0.0,10273.0,10273.0,10273.0,0.5914314985275269,1.0,0.06106758117675781,0.003854620736092329,0.00776017177850008,0.9996508955955505,1.9033081531524658,0.6285683512687683,0.0010487205581739545,0.00037841248558834195,1.9009791612625122,0.627432107925415,0.0011362656950950623,0.0016408264636993408,0.004077315330505371,-0.0015141963958740234,1.00113844871521,-0.0005875825881958008,-0.20732390880584717,0.0,0.0,0.0,-0.12779074534773827,-0.12779074907302856,0.20111311972141266,1e-06,24.61508274078369,28.37890625,48.60118103027344,0.0,119.0,0.0,0.07500000298023224,1.0,0.0,0.07500000298023224,1.0,0.0,0.12779076397418976,3.6755623817443848,-0.29801857471466064,0.12779076397418976,3.6755623817443848,-0.29801857471466064,233.0625,426.0,93.0,0.0625,233.0625,426.0,93.0,0.0625,0.0,409.0,409.0,409.0,1.0,144.01160287996754,2.4581974241882563,0.009571267291903496,4.403190420009196,2.098641871009022,153.48372852709144,38.61936253150108,0.0009316915498786621,0.42861777669708906,10273.0,153.48372852709144,66.93217645013563,2.0,2.0,2.0,,0.07500000298023224,0.0,1.0,1.0,True,False,False,False,True,True,True,True,True,True
120.0,13491.0,13491.0,0.0,13491.0,13491.0,13491.0,0.8879223465919495,1.0,0.05900508165359497,0.004533362574875355,0.007827961817383766,0.9996744394302368,2.5171053409576416,0.8994462490081787,-0.0001512549933977425,0.00048621243331581354,2.517711639404297,0.8997264504432678,-0.00028017163276672363,0.001183532178401947,0.0021251440048217773,-0.00306546688079834,0.9997208714485168,0.002255678176879883,0.3438335657119751,0.0,0.0,0.0,0.007914199493825436,0.00791420042514801,0.16111278533935547,1e-06,24.61508274078369,28.37890625,48.56694030761719,0.0,120.0,0.0,0.1041666716337204,0.7333333492279053,0.0,0.1041666716337204,0.7333333492279053,0.0,-0.007914222776889801,2.7875030040740967,-0.4615071415901184,-0.007914222776889801,2.7875030040740967,-0.4615071415901184,251.1875,430.0,121.0,0.0625,251.1875,430.0,121.0,0.0625,0.0,592.0,592.0,592.0,1.0,64.00629755435511,2.7209459971636534,0.009874226991087198,5.183969919104129,2.233897808007896,74.65461827395484,15.925926238953748,0.0007319121630040173,0.3842539410795441,13491.0,74.65461827395484,180.7121958683523,2.0,2.0,2.0,,0.1041666716337204,0.0,0.7333333492279053,0.7333333492279053,True,False,False,False,True,False,True,True,True,True
121.0,8956.0,8956.0,0.0,8956.0,8956.0,8956.0,0.6651191711425781,1.0,0.054684460163116455,0.0038731778040528297,0.007524185813963413,0.9996963739395142,2.0539064407348633,0.7011711001396179,0.00020407659758348018,0.0004823581257369369,2.0541014671325684,0.7012643218040466,-9.324029088020325e-05,0.0022352300584316254,0.004087090492248535,-0.004469871520996094,0.9999104738235474,0.001528620719909668,0.4265064001083374,0.0,0.0,0.0,0.0729275718331337,0.0729275792837143,0.1911918967962265,1e-06,24.61508274078369,28.37890625,48.59202575683594,0.0,121.0,0.0,0.8416666984558105,1.0,0.0,0.8416666984558105,1.0,0.0,-0.07292763888835907,0.464732825756073,-2.4704225063323975,-0.07292763888835907,0.464732825756073,-2.4704225063323975,216.75,396.0,90.0,0.0625,216.75,396.0,90.0,0.0625,0.0,343.0,343.0,343.0,1.0,46.00421540485695,2.2986628441140056,0.009947055950760841,3.948009845800698,2.101153216790408,54.865424666088074,13.265344695748832,0.0011106583241135375,0.4408228947968622,8956.0,54.865424666088074,163.23577288440526,2.0,2.0,2.0,,0.8416666984558105,0.0,1.0,1.0,True,False,False,False,True,True,True,True,True,True
122.0,9181.0,9181.0,0.0,9181.0,9181.0,9181.0,0.6650441884994507,1.0,0.06544530391693115,0.003941655624657869,0.007667913101613522,0.9996647238731384,1.9121593236923218,0.6404443979263306,0.0007524735410697758,0.0004107113054487854,1.9107519388198853,0.6396132111549377,0.0008311960846185684,0.0019791964441537857,0.003306865692138672,-0.0027123689651489258,1.000833511352539,0.00012755393981933594,0.06156289577484131,0.0,0.0,0.0,-0.04611133225262165,-0.0461113303899765,0.19046613574028015,1e-06,24.61508274078369,28.37890625,48.58440017700195,0.0,122.0,0.0,0.8374999761581421,1.0,0.3333333432674408,0.8374999761581421,1.0,0.3333333432674408,0.04611128941178322,1.0304087400436401,-3.196908473968506,0.04611128941178322,1.0304087400436401,-3.196908473968506,207.8125,402.0,64.0,0.0625,207.8125,402.0,64.0,0.0625,0.0,366.0,366.0,366.0,1.0,43.00427725864574,2.3321400550194085,0.00948540773242712,4.015796133782715,2.09757630713284,51.95937511883676,12.933617220645337,0.001033156271912332,0.43740291185957025,9181.0,51.95937511883676,176.69573544720373,2.0,2.0,2.0,,0.8374999761581421,0.3333333432674408,1.0,0.6666666567325592,True,False,False,False,True,True,True,True,True,True
123.0,13674.0,13674.0,0.0,13674.0,13674.0,13674.0,0.7036013603210449,1.0,0.05865335464477539,0.003985211253166199,0.007562695536762476,0.9996973872184753,2.0282273292541504,0.7025619745254517,0.00019651014008559287,0.0004485671524889767,2.0279946327209473,0.7024970054626465,6.494298577308655e-05,0.0011993013322353363,0.0020178556442260742,-0.004476428031921387,1.0000662803649902,0.0014034509658813477,0.7375423908233643,0.0,0.0,0.0,-0.07071055099368095,-0.07071053981781006,0.14548124372959137,1e-06,24.61508274078369,28.37890625,48.61532974243164,0.0,123.0,0.0,0.4416666626930237,0.6666666865348816,0.0,0.4416666626930237,0.6666666865348816,0.0,0.07071055471897125,1.4115610122680664,-2.770841598510742,0.07071055471897125,1.4115610122680664,-2.770841598510742,288.625,454.0,161.0,0.0625,288.625,454.0,161.0,0.0625,0.0,566.0,566.0,566.0,1.0,48.00436409795657,2.7942059990018606,0.01044926093891263,5.4071971969679,2.0851144269108772,58.80185883957893,10.395055023377342,0.0007641700262478155,0.3954363900078909,13674.0,58.80185883957893,232.5436690242209,2.0,2.0,2.0,,0.4416666626930237,0.0,0.6666666865348816,0.6666666865348816,True,False,False,False,True,False,True,True,True,True
124.0,11934.0,11934.0,0.0,11934.0,11934.0,11934.0,0.6865134239196777,1.0,0.08372032642364502,0.003972336184233427,0.007716793101280928,0.9996740221977234,2.066293716430664,0.7051570415496826,0.0018191623967140913,0.0003957299923058599,2.0631632804870605,0.7036892175674438,0.0014677904546260834,0.001939099282026291,0.004401743412017822,-0.002159297466278076,1.0014705657958984,-0.0020681023597717285,-0.37899601459503174,0.0,0.0,0.0,0.03699333220720291,0.03699333220720291,0.17275448143482208,1e-06,24.61508274078369,28.37890625,48.61832046508789,0.0,124.0,0.0,0.44999998807907104,0.6000000238418579,0.0,0.44999998807907104,0.6000000238418579,0.0,-0.03699331358075142,0.6338631510734558,-1.9015889167785645,-0.03699331358075142,0.6338631510734558,-1.9015889167785645,254.875,432.0,137.0,0.0625,254.875,432.0,137.0,0.0625,0.0,491.0,491.0,491.0,1.0,295.02210702886805,2.5838198959827423,0.010028473101556301,4.751182822044939,2.403870028909296,305.2716029989533,72.34480309682885,0.0008403278952200688,0.39812157047468905,11934.0,305.2716029989533,39.09305642176262,2.0,2.0,2.0,,0.44999998807907104,0.0,0.6000000238418579,0.6000000238418579,True,False,False,False,True,False,True,True,True,True
125.0,12892.0,12892.0,0.0,12892.0,12892.0,12892.0,0.6560791730880737,1.0,0.056709468364715576,0.0038160481490194798,0.007477767299860716,0.9997017979621887,2.193610906600952,0.7488330602645874,0.00028320547426119447,0.00045446850708685815,2.193507194519043,0.7485266923904419,0.0003063380718231201,0.0014218538999557495,0.0053070783615112305,-0.0033135414123535156,1.0003082752227783,0.0012440681457519531,0.026690244674682617,0.0,0.0,0.0,-0.048408474773168564,-0.04840847849845886,0.16215552389621735,1e-06,24.61508274078369,28.37890625,48.64452362060547,0.0,125.0,0.0,0.5875000357627869,1.0,0.0,0.5875000357627869,1.0,0.0,0.04840844124555588,1.4792660474777222,-2.1068336963653564,0.04840844124555588,1.4792660474777222,-2.1068336963653564,237.75,424.0,74.0,0.0625,237.75,424.0,74.0,0.0625,0.0,568.0,568.0,568.0,1.0,56.00539551815018,2.7210321249440312,0.009504879359155893,5.168273897841573,2.0959836137481034,66.5011813309975,14.722764331795526,0.000737269574864714,0.4008900013839259,12892.0,66.5011813309975,193.86121783058894,2.0,2.0,2.0,,0.5875000357627869,0.0,1.0,1.0,True,False,False,False,True,True,True,True,True,True
126.0,12335.0,12335.0,0.0,12335.0,12335.0,12335.0,0.6872638463973999,1.0,0.060472965240478516,0.004266683012247086,0.007860939018428326,0.9996448755264282,2.051523447036743,0.7047989368438721,0.00045828643487766385,0.00043823564192280173,2.050703763961792,0.7043393850326538,0.00045953504741191864,0.0014258120208978653,0.0037525296211242676,-0.004474759101867676,1.0004613399505615,0.0008375644683837891,0.007249116897583008,0.0,0.0,0.0,-0.03844599425792694,-0.038446009159088135,0.15836112201213837,1e-06,24.61508274078369,28.37890625,48.57069778442383,0.0,126.0,0.0,0.16250000894069672,0.7333333492279053,0.0,0.16250000894069672,0.7333333492279053,0.0,0.038445957005023956,3.2219507694244385,-0.9171977043151855,0.038445957005023956,3.2219507694244385,-0.9171977043151855,285.9375,504.0,122.0,0.0625,285.9375,504.0,122.0,0.0625,0.0,485.0,485.0,485.0,1.0,157.01081122970209,2.657727114856243,0.009637539274990559,4.998142742086202,2.1203509466722608,167.29709148127586,34.31930300102778,0.0007813165200640906,0.4052000601610216,12335.0,167.29709148127586,73.73110847764231,2.0,2.0,2.0,,0.16250000894069672,0.0,0.7333333492279053,0.7333333492279053,True,False,False,False,True,False,True,True,True,True
127.0,10462.0,10462.0,0.0,10462.0,10462.0,10462.0,0.8434582948684692,1.0,0.14367753267288208,0.004331213887780905,0.008304503746330738,0.9996553063392639,2.5831334590911865,0.8990861177444458,0.0009120609029196203,0.000481530703837052,2.580179452896118,0.898140013217926,0.0009461045265197754,0.001599043607711792,0.0031432509422302246,-0.0029793381690979004,1.0009478330612183,0.00011205673217773438,-0.1096721887588501,0.0,0.0,0.0,-0.28668002039194107,-0.2866800129413605,0.2252851128578186,1e-06,24.61508274078369,28.37890625,48.57677459716797,0.0,127.0,0.0,0.19583332538604736,1.0,0.0,0.19583332538604736,1.0,0.0,0.2866799235343933,2.012392282485962,-0.49006444215774536,0.2866799235343933,2.012392282485962,-0.49006444215774536,206.875,387.0,112.0,0.0625,206.875,387.0,112.0,0.0625,0.0,447.0,447.0,447.0,1.0,50.00444947741926,2.4466731450520456,0.009386907797306776,4.370804346632212,2.0937909008935094,59.42431005183607,15.107084434265637,0.0008972383671675373,0.41777904288206963,10462.0,59.42431005183607,176.05589346975933,2.0,2.0,2.0,,0.19583332538604736,0.0,1.0,1.0,True,False,False,False,True,True,True,True,True,True
128.0,25587.0,25587.0,0.0,25587.0,25587.0,25587.0,0.8212332129478455,1.0,0.05599409341812134,0.0038379719480872154,0.007501392159610987,0.9997272491455078,2.699984312057495,0.9140362739562988,0.0006915763369761407,0.00045813649194315076,2.6971075534820557,0.9133639931678772,0.0006722286343574524,0.0018183812499046326,0.004725813865661621,-0.005218386650085449,1.0006749629974365,0.00045680999755859375,0.44046103954315186,0.0,0.0,0.0,0.011003320571035147,0.011003345251083374,0.1570873260498047,1e-06,24.61508274078369,28.37890625,48.60618591308594,0.0,128.0,0.0,0.37916669249534607,0.46666666865348816,0.0,0.37916669249534607,0.46666666865348816,0.0,-0.011003375984728336,0.4904158115386963,-2.125135898590088,-0.011003375984728336,0.4904158115386963,-2.125135898590088,261.1875,462.0,121.0,0.0625,261.1875,462.0,121.0,0.0625,0.0,1338.0,1338.0,1338.0,1.0,64.00575477816164,3.9041447648778558,0.01000012131407857,8.822553116828203,2.4108729199506342,79.65396295906976,15.31604565162997,0.00039082820627969555,0.34480607796256707,25587.0,79.65396295906976,321.2269553135466,2.0,2.0,2.0,,0.37916669249534607,0.0,0.46666666865348816,0.46666666865348816,True,False,False,False,True,False,True,True,True,True
129.0,10030.0,10030.0,0.0,10030.0,10030.0,10030.0,0.8545061349868774,1.0,0.06205609440803528,0.004457291215658188,0.007888301275670528,0.9996674656867981,2.5133819580078125,0.8703391551971436,0.0006581402267329395,0.0004486055695451796,2.5111000537872314,0.8695580959320068,0.0007810406386852264,0.0018928684294223785,0.004309117794036865,-0.0026671886444091797,1.0007834434509277,0.0004824399948120117,0.09112155437469482,0.0,0.0,0.0,0.08623083494603634,0.08623082935810089,0.17429819703102112,1e-06,24.61508274078369,28.37890625,48.58954620361328,0.0,129.0,0.0,0.10000000149011612,0.6666666865348816,0.0,0.10000000149011612,0.6666666865348816,0.0,-0.0862308070063591,2.782264232635498,-0.4909878373146057,-0.0862308070063591,2.782264232635498,-0.4909878373146057,220.875,370.0,124.0,0.0625,220.875,370.0,124.0,0.0625,0.0,406.0,406.0,406.0,1.0,495.0354598783888,2.374868343118578,0.009783255867660046,4.175882652401924,2.4198277788236737,504.52066209865734,140.0779456362164,0.0009753993886002039,0.4163392474976993,10030.0,504.52066209865734,19.88025615894135,2.0,2.0,2.0,,0.10000000149011612,0.0,0.6666666865348816,0.6666666865348816,True,False,False,False,True,False,True,True,True,True
130.0,13199.0,13199.0,0.0,13199.0,13199.0,13199.0,0.7964733242988586,1.0,0.045864999294281006,0.0042719729244709015,0.007721527013927698,0.9996872544288635,2.3950562477111816,0.8497728109359741,0.0003911372332368046,0.0004592959303408861,2.393127679824829,0.8491458892822266,0.0006270930171012878,0.0015597939491271973,0.005042552947998047,-0.003490447998046875,1.0006293058395386,0.001051187515258789,0.33529961109161377,0.0,0.0,0.0,0.018069865182042122,0.018069863319396973,0.15433324873447418,1e-06,24.61508274078369,28.37890625,48.614723205566406,0.0,130.0,0.0,0.4541666507720947,1.0,0.0,0.4541666507720947,1.0,0.0,-0.018069908022880554,1.298414707183838,-1.0803602933883667,-0.018069908022880554,1.298414707183838,-1.0803602933883667,263.9375,512.0,128.0,0.0625,263.9375,512.0,128.0,0.0625,0.0,561.0,561.0,561.0,1.0,43.004149806220084,2.760863808915019,0.009691082872450352,5.299718820024282,2.138432677835226,53.71323075192049,10.18331750088091,0.0007342285682589856,0.40152426850702944,13199.0,53.71323075192049,245.7308900475713,2.0,2.0,2.0,,0.4541666507720947,0.0,1.0,1.0,True,False,False,False,True,True,True,True,True,True
131.0,12238.0,12238.0,0.0,12238.0,12238.0,12238.0,0.8511618375778198,1.0,0.06002604961395264,0.003968387376517057,0.007569049950689077,0.9997180104255676,2.6950504779815674,0.8847295045852661,-2.066071829176508e-05,0.0004573179467115551,2.6947360038757324,0.8847150206565857,1.4495104551315308e-05,0.0011079125106334686,0.002698838710784912,-0.0029897093772888184,1.0000156164169312,0.0018793344497680664,0.3434140682220459,0.0,0.0,0.0,0.0739674661308527,0.07396746426820755,0.17591708898544312,1e-06,24.61508274078369,28.37890625,48.593109130859375,0.0,131.0,0.0,0.6833333373069763,1.0,0.0,0.6833333373069763,1.0,0.0,-0.07396741956472397,0.6651316285133362,-1.4352840185165405,-0.07396741956472397,0.6651316285133362,-1.4352840185165405,288.875,451.0,110.0,0.0625,288.875,451.0,110.0,0.0625,0.0,476.0,476.0,476.0,1.0,181.01646255562082,2.5972347729839385,0.01032273005694151,4.77953146584332,2.0938197379000485,190.99761458300054,39.16409834608845,0.0008434981252607868,0.39054841198262136,12238.0,190.99761458300054,64.07409865677572,2.0,2.0,2.0,,0.6833333373069763,0.0,1.0,1.0,True,False,False,False,True,True,True,True,True,True
132.0,11044.0,11044.0,0.0,11044.0,11044.0,11044.0,0.9094827175140381,1.0,0.09536027908325195,0.004381461068987846,0.007913228124380112,0.9996888041496277,2.6934733390808105,0.9541395902633667,0.0007663124706596136,0.0005197140271775424,2.691493511199951,0.953555166721344,0.0005845129489898682,0.001583695411682129,0.00401914119720459,-0.0026426315307617188,1.0005863904953003,0.0005500316619873047,-0.10698461532592773,0.0,0.0,0.0,0.013468846678733826,0.013468846678733826,0.19428296387195587,1e-06,24.61508274078369,28.37890625,48.64967346191406,0.0,132.0,0.0,0.012500000186264515,0.20000000298023224,0.0,0.012500000186264515,0.20000000298023224,0.0,-0.01346880104392767,3.749925136566162,-0.24999500811100006,-0.01346880104392767,3.749925136566162,-0.24999500811100006,190.25,442.0,61.0,0.0625,190.25,442.0,61.0,0.0625,0.0,500.0,500.0,500.0,1.0,175.01396504463628,2.5219755582511425,0.010013038292527199,4.58413570234552,2.1032834481447935,184.7341501871124,57.494732274847664,0.0009066496099716768,0.4150792921355958,11044.0,184.7341501871124,59.783207321514844,2.0,2.0,2.0,,0.012500000186264515,0.0,0.20000000298023224,0.20000000298023224,True,False,False,False,True,False,True,True,True,True
133.0,15504.0,15504.0,0.0,15504.0,15504.0,15504.0,0.721004068851471,1.0,0.060318976640701294,0.003968814853578806,0.0073873260989785194,0.9997088313102722,2.1555368900299072,0.7511768341064453,0.00030085683101788163,0.0004475053574424237,2.154999017715454,0.7509181499481201,0.00025872886180877686,0.0015147551894187927,0.0048694610595703125,-0.0024828314781188965,1.000260591506958,0.0011966228485107422,0.5692777633666992,0.0,0.0,0.0,0.10962684080004692,0.10962684452533722,0.115132175385952,1e-06,24.61508274078369,28.37890625,48.64162826538086,0.0,133.0,0.0,0.0416666679084301,0.6000000238418579,0.0,0.0416666679084301,0.6000000238418579,0.0,-0.10962686687707901,3.7268009185791016,-0.2781194746494293,-0.10962686687707901,3.7268009185791016,-0.2781194746494293,326.0,512.0,139.0,0.0625,326.0,512.0,139.0,0.0625,0.0,643.0,643.0,643.0,1.0,55.00499825179577,2.94917099410668,0.009735004976391792,5.862358476035297,2.110575790051371,66.43925625411794,10.545436781402563,0.0006279027977548886,0.3781190967515026,15504.0,66.43925625411794,233.35601381057083,2.0,2.0,2.0,,0.0416666679084301,0.0,0.6000000238418579,0.6000000238418579,True,False,False,False,True,False,True,True,True,True
134.0,13170.0,13170.0,0.0,13170.0,13170.0,13170.0,0.7926431894302368,1.0,0.057266831398010254,0.0045537096448242664,0.008120113052427769,0.9996405839920044,2.166754961013794,0.7656905651092529,0.00012620649067685008,0.0004891316057182848,2.166360378265381,0.7654613256454468,0.00022930651903152466,0.001645609736442566,0.004796147346496582,-0.0026894807815551758,1.000231385231018,0.001704096794128418,0.2834014892578125,0.0,0.0,0.0,0.037151481956243515,0.037151481956243515,0.14608366787433624,1e-06,24.61508274078369,28.37890625,48.60662841796875,0.0,134.0,0.0,0.01666666753590107,0.20000000298023224,0.0,0.01666666753590107,0.20000000298023224,0.0,-0.03715149685740471,3.550165891647339,-0.32274237275123596,-0.03715149685740471,3.550165891647339,-0.32274237275123596,229.125,325.0,147.0,0.0625,229.125,325.0,147.0,0.0625,0.0,594.0,594.0,594.0,1.0,139.0110565200448,2.6510382210835814,0.009561378043144941,4.989536785054952,2.1355802481994033,149.2975949938409,37.91900068740993,0.0007259968142099424,0.3788562479160935,13170.0,149.2975949938409,88.21307537166498,2.0,2.0,2.0,,0.01666666753590107,0.0,0.20000000298023224,0.20000000298023224,True,False,False,False,True,False,True,True,True,True
135.0,8373.0,8373.0,0.0,8373.0,8373.0,8373.0,0.7706333994865417,1.0,0.059078216552734375,0.0043732961639761925,0.008054684847593307,0.999651312828064,2.122753381729126,0.7439024448394775,0.0013706485042348504,0.000477947382023558,2.1203086376190186,0.7427995204925537,0.0011028870940208435,0.0017432048916816711,0.005437612533569336,-0.00183790922164917,1.0011059045791626,-0.0008308887481689453,-0.20786052942276,0.0,0.0,0.0,-0.09436602890491486,-0.09436602890491486,0.1480882316827774,1e-06,24.61508274078369,28.37890625,48.70347595214844,0.0,135.0,0.0,0.9375,1.0,0.0,0.9375,1.0,0.0,0.09436605125665665,0.24999898672103882,-3.7499847412109375,0.09436605125665665,0.24999898672103882,-3.7499847412109375,231.3125,369.0,106.0,0.0625,231.3125,369.0,106.0,0.0625,0.0,292.0,292.0,292.0,1.0,49.004748221021146,2.2154675740748644,0.0095448880456388,3.748281680047512,2.103951150085777,57.581169579178095,13.240947911651215,0.0011399603541907082,0.4476629260775722,8373.0,57.581169579178095,145.41212103179922,2.0,2.0,2.0,,0.9375,0.0,1.0,1.0,True,False,False,False,True,True,True,True,True,True
136.0,18246.0,18246.0,0.0,18246.0,18246.0,18246.0,0.7034497857093811,1.0,0.054727911949157715,0.00428203446790576,0.007871406152844429,0.9996556043624878,2.0768251419067383,0.7015111446380615,0.0003018431307282299,0.0004642521380446851,2.0756232738494873,0.7010363340377808,0.0004747305065393448,0.001428285613656044,0.0044550299644470215,-0.0029019713401794434,1.0004764795303345,0.0012511014938354492,0.5932601690292358,0.0,0.0,0.0,0.0,0.0,0.0,1e-06,24.61508274078369,28.37890625,48.61467742919922,0.0,136.0,0.0,0.0,0.0,0.0,0.0,0.0,0.0,0.0,0.0,0.0,0.0,0.0,0.0,290.375,512.0,120.0,0.0625,290.375,512.0,120.0,0.0625,0.0,850.0,850.0,850.0,1.0,73.00592144206166,3.2346408762969077,0.010150396265089512,6.694022898096591,2.097361844033003,85.54496799595654,15.71371533406407,0.0005563080272437528,0.3668761864571189,18246.0,85.54496799595654,213.29133001560578,2.0,2.0,2.0,,0.0,0.0,0.0,0.0,False,True,False,False,False,False,False,False,False,False
137.0,10690.0,10690.0,0.0,10690.0,10690.0,10690.0,0.8779649138450623,1.0,0.05854743719100952,0.00405822042375803,0.007653039414435625,0.9997170567512512,2.594240427017212,0.9040307998657227,1.7276845028391108e-05,0.0004279466229490936,2.595264196395874,0.9043694138526917,-0.00033865123987197876,0.0017289221286773682,0.0028914213180541992,-0.006082296371459961,0.9996638298034668,0.001683950424194336,0.7215718030929565,0.0,0.0,0.0,0.04882697016000748,0.04882697016000748,0.13708962500095367,1e-06,24.61508274078369,28.37890625,48.61923599243164,0.0,137.0,0.0,0.0416666679084301,0.6666666865348816,0.0,0.0416666679084301,0.6666666865348816,0.0,-0.04882700368762016,3.7499773502349854,-0.24999850988388062,-0.04882700368762016,3.7499773502349854,-0.24999850988388062,277.125,476.0,127.0,0.0625,277.125,476.0,127.0,0.0625,0.0,391.0,391.0,391.0,1.0,51.004939758218825,2.490423688199371,0.010111853014677763,4.479301345068961,2.097276067826897,60.582895658910275,11.503143833608215,0.0009459170266302865,0.4190178994451788,10690.0,60.582895658910275,176.45244394038403,2.0,2.0,2.0,,0.0416666679084301,0.0,0.6666666865348816,0.6666666865348816,True,False,False,False,True,False,True,True,True,True
138.0,17078.0,17078.0,0.0,17078.0,17078.0,17078.0,0.7781664133071899,1.0,0.06142139434814453,0.004020411521196365,0.007726423442363739,0.9996954798698425,2.403205394744873,0.836371660232544,0.00032906114938668907,0.00043287736480124295,2.403247833251953,0.8363856077194214,-1.4005228877067566e-05,0.0017498042434453964,0.0026778578758239746,-0.006192564964294434,0.9999886155128479,0.0010707378387451172,0.35574913024902344,0.0,0.0,0.0,0.0644726725295186,0.06447267532348633,0.15785276889801025,1e-06,24.61508274078369,28.37890625,48.64101028442383,0.0,138.0,0.0,0.2708333432674408,0.7333333492279053,0.0,0.2708333432674408,0.7333333492279053,0.0,-0.06447266787290573,1.2795547246932983,-0.7492888569831848,-0.06447266787290573,1.2795547246932983,-0.7492888569831848,272.375,392.0,80.0,0.0625,272.375,392.0,80.0,0.0625,0.0,795.0,795.0,795.0,1.0,67.00563099095598,3.0835781400091946,0.010244252160191536,6.254568409174681,2.1052522901445627,78.96059454558417,15.375316886405686,0.0005998508115816569,0.3662354145201242,17078.0,78.96059454558417,216.2850988937377,2.0,2.0,2.0,,0.2708333432674408,0.0,0.7333333492279053,0.7333333492279053,True,False,False,False,True,False,True,True,True,True
139.0,20178.0,20178.0,0.0,20178.0,20178.0,20178.0,0.8607378005981445,1.0,0.06124261021614075,0.004463993478566408,0.007818407379090786,0.9996720552444458,2.411506175994873,0.8530785441398621,0.00022359607100952417,0.0005146015319041908,2.4106011390686035,0.8528729677200317,0.00020553916692733765,0.0018661096692085266,0.0045185089111328125,-0.007071852684020996,1.000208854675293,0.0016127824783325195,1.5594639778137207,0.0,0.0,0.0,0.0,0.0,0.0,1e-06,24.61508274078369,28.37890625,48.618934631347656,0.0,139.0,0.0,0.0,0.0,0.0,0.0,0.0,0.0,0.0,0.0,0.0,0.0,0.0,0.0,276.125,512.0,137.0,0.0625,276.125,512.0,137.0,0.0625,0.0,985.0,985.0,985.0,1.0,1831.1327347178012,3.377540349960327,0.009515709709376097,7.166924807243049,2.101171120069921,1844.2938443440944,414.4709675685381,0.00047158834916126956,0.3551850930341485,20178.0,1844.2938443440944,10.9407728393607,2.0,2.0,2.0,,0.0,0.0,0.0,0.0,False,True,False,False,False,False,False,False,False,False
140.0,8988.0,8988.0,0.0,8988.0,8988.0,8988.0,0.734320342540741,1.0,0.07404699921607971,0.004265300463885069,0.007840399630367756,0.999660074710846,3.512301445007324,0.9619448184967041,0.00017822290828917176,0.00044478915515355766,3.517756223678589,0.9621784687042236,-0.00023366324603557587,0.0021680165082216263,0.004236698150634766,-0.006031036376953125,0.9997700452804565,0.0014295578002929688,0.39817285537719727,0.0,0.0,0.0,0.0,0.0,0.0,1e-06,24.61508274078369,28.37890625,48.96152114868164,0.0,140.0,0.0,0.0,0.0,0.0,0.0,0.0,0.0,0.0,0.0,0.0,0.0,0.0,0.0,251.75,512.0,22.0,0.125,251.75,512.0,22.0,0.125,0.0,310.0,310.0,310.0,1.0,501.03849979909137,2.4666922949254513,0.009756200015544891,4.6293560029007494,2.121658513788134,510.7686716322787,124.38890263135337,0.0010854695166382835,0.5150596353917166,8988.0,510.7686716322787,17.597007215177822,2.0,2.0,2.0,,0.0,0.0,0.0,0.0,False,True,False,False,False,False,False,False,False,False
141.0,17645.0,17645.0,0.0,17645.0,17645.0,17645.0,0.6537330150604248,1.0,0.061188310384750366,0.004152628593146801,0.0077237957157194614,0.9996527433395386,1.9006744623184204,0.6368060111999512,0.0004847347445320338,0.0004119147197343409,1.8996789455413818,0.6362359523773193,0.0005700811743736267,0.0013426616787910461,0.0036821365356445312,-0.0016261935234069824,1.0005714893341064,0.0006809234619140625,0.1998577117919922,0.0,0.0,0.0,-0.03567318245768547,-0.035673171281814575,0.1374582052230835,1e-06,24.61508274078369,28.37890625,48.707366943359375,0.0,141.0,0.0,0.7430555820465088,1.0,0.0,0.7430555820465088,1.0,0.0,0.03567315265536308,0.5788022875785828,-1.673833966255188,0.03567315265536308,0.5788022875785828,-1.673833966255188,311.8125,512.0,130.0,0.125,311.8125,512.0,130.0,0.125,0.0,791.0,791.0,791.0,1.0,47.004803237039596,3.152080676984042,0.009380552917718887,6.473110001999885,2.0964943869039416,59.236252376344055,9.421688361803888,0.0005316266884510562,0.36685236622271944,17645.0,59.236252376344055,297.87502234098986,2.0,2.0,2.0,,0.7430555820465088,0.0,1.0,1.0,True,False,False,False,True,True,True,True,True,True
142.0,12649.0,12649.0,0.0,12649.0,12649.0,12649.0,0.7499531507492065,1.0,0.0623345673084259,0.0041268388740718365,0.007547513581812382,0.9996903538703918,2.246542453765869,0.7703642845153809,0.0005807112902402878,0.00043567109969444573,2.2446906566619873,0.7696319818496704,0.0007322169840335846,0.0013712532818317413,0.005851447582244873,-0.001831650733947754,1.0007342100143433,0.0005812644958496094,0.06219065189361572,0.0,0.0,0.0,0.0,0.0,0.0,1e-06,24.61508274078369,28.37890625,48.681373596191406,0.0,142.0,0.0,0.0,0.0,0.0,0.0,0.0,0.0,0.0,0.0,0.0,0.0,0.0,0.0,269.5625,512.0,112.0,0.0625,269.5625,512.0,112.0,0.0625,0.0,521.0,521.0,521.0,1.0,1855.1361481798813,2.6986240069381893,0.009717556182295084,5.11111637018621,2.1020770450122654,1865.5640746462159,430.12662837465365,0.000768246990457355,0.4040727622884188,12649.0,1865.5640746462159,6.780254922307478,2.0,2.0,2.0,,0.0,0.0,0.0,0.0,False,True,False,False,False,False,False,False,False,False
143.0,17387.0,17387.0,0.0,17387.0,17387.0,17387.0,0.7379944324493408,1.0,0.05282995104789734,0.003865111619234085,0.007401374634355307,0.9997141361236572,2.33091402053833,0.8122090697288513,-7.452816498698667e-05,0.0004445843806024641,2.3306262493133545,0.8120896816253662,0.00011940859258174896,0.0018567238003015518,0.00367891788482666,-0.003778696060180664,1.0001219511032104,0.0019336938858032227,1.787113904953003,0.0,0.0,0.0,-0.13673336058855057,-0.13673335313796997,0.14512908458709717,1e-06,24.61508274078369,28.37890625,48.75994873046875,0.0,143.0,0.0,0.11250001192092896,0.3333333432674408,0.0,0.11250001192092896,0.3333333432674408,0.0,0.13673332333564758,1.4216296672821045,-0.7242265343666077,0.13673332333564758,1.4216296672821045,-0.7242265343666077,317.6875,512.0,112.0,0.125,317.6875,512.0,112.0,0.125,0.0,769.0,769.0,769.0,1.0,56.00538253923878,3.166223598178476,0.010059881024062634,6.508300087880343,2.092266658321023,68.28360713506117,11.018174806067043,0.0005785863590074558,0.3743198992281787,17387.0,68.28360713506117,254.62919622288672,2.0,2.0,2.0,,0.11250001192092896,0.0,0.3333333432674408,0.3333333432674408,True,False,False,False,True,False,True,True,True,True
144.0,9665.0,9665.0,0.0,9665.0,9665.0,9665.0,0.7900632619857788,1.0,0.060215651988983154,0.004495773930102587,0.00811441894620657,0.9996465444564819,2.286679267883301,0.8051609396934509,0.0010565242264419794,0.00047497538616880774,2.284080982208252,0.8040501475334167,0.0011108852922916412,0.0015090219676494598,0.004512965679168701,-0.0016151070594787598,1.001112937927246,-0.00021409988403320312,-0.1907517910003662,0.0,0.0,0.0,-0.0868212953209877,-0.0868212953209877,0.1624404788017273,1e-06,24.61508274078369,28.37890625,48.69157409667969,0.0,144.0,0.0,0.21666668355464935,0.6000000238418579,0.0,0.21666668355464935,0.6000000238418579,0.0,0.0868213027715683,1.4112766981124878,-0.7976781725883484,0.0868213027715683,1.4112766981124878,-0.7976781725883484,234.0625,497.0,92.0,0.0625,234.0625,497.0,92.0,0.0625,0.0,370.0,370.0,370.0,1.0,79.00744480779395,2.397351150866598,0.010755457915365696,4.236705278046429,2.0904617672786117,88.24382132198662,21.096780990065138,0.0011128254439074698,0.43835543487288453,9665.0,88.24382132198662,109.52608188548486,2.0,2.0,2.0,,0.21666668355464935,0.0,0.6000000238418579,0.6000000238418579,True,False,False,False,True,False,True,True,True,True
145.0,10876.0,10876.0,0.0,10876.0,10876.0,10876.0,0.7032197117805481,1.0,0.05485212802886963,0.004226714838296175,0.007790456060320139,0.9996587634086609,2.0668487548828125,0.7094368934631348,0.00010425986693007872,0.0004405719810165465,2.066592216491699,0.7092990875244141,0.00013772770762443542,0.0012628398835659027,0.0033320188522338867,-0.0018764734268188477,1.000138759613037,0.001562952995300293,0.39293479919433594,0.0,0.0,0.0,0.06851588189601898,0.06851588189601898,0.15017786622047424,1e-06,24.61508274078369,28.37890625,48.586917877197266,0.0,145.0,0.0,0.0416666679084301,0.3333333432674408,0.0,0.0416666679084301,0.3333333432674408,0.0,-0.0685158520936966,2.5617153644561768,-0.3659593164920807,-0.0685158520936966,2.5617153644561768,-0.3659593164920807,281.75,512.0,145.0,0.0625,281.75,512.0,145.0,0.0625,0.0,398.0,398.0,398.0,1.0,141.01311646820977,2.537150193937123,0.014424730092287064,4.632554319221526,2.090624854899943,150.79070686316118,31.280638080791874,0.0013262900048075638,0.42594283920756953,10876.0,150.79070686316118,72.1264607497974,2.0,2.0,2.0,,0.0416666679084301,0.0,0.3333333432674408,0.3333333432674408,True,False,False,False,True,False,True,True,True,True
146.0,12905.0,12905.0,0.0,12905.0,12905.0,12905.0,0.7846593260765076,1.0,0.061145633459091187,0.004669209476560354,0.008112694136798382,0.9996331334114075,2.4212565422058105,0.8573404550552368,0.0005276226438581944,0.0004849208053201437,2.4167776107788086,0.8559970259666443,0.0013433657586574554,0.0024286024272441864,0.007583975791931152,-0.0025398731231689453,1.0013482570648193,0.0008885860443115234,0.3074251413345337,0.0,0.0,0.0,0.0,0.0,0.0,1e-06,24.61508274078369,28.37890625,48.571231842041016,0.0,146.0,0.0,0.0,0.0,0.0,0.0,0.0,0.0,0.0,0.0,0.0,0.0,0.0,0.0,226.5625,512.0,84.0,0.0625,226.5625,512.0,84.0,0.0625,0.0,580.0,580.0,580.0,1.0,1493.1123253777623,2.742301531136036,0.009600828867405653,5.260878399014473,2.1408696337603033,1503.7667277981527,411.89305527662407,0.0007439619424568503,0.4076620223955423,12905.0,1503.7667277981527,8.581783172510923,2.0,2.0,2.0,,0.0,0.0,0.0,0.0,False,True,False,False,False,False,False,False,False,False
147.0,8622.0,8622.0,0.0,8622.0,8622.0,8622.0,0.7139952182769775,1.0,0.06155332922935486,0.004477061331272125,0.00791844166815281,0.9996359944343567,2.0144951343536377,0.6897842288017273,0.0011588068446144462,0.0004591812612488866,2.012474775314331,0.6887195706367493,0.0010646563023328781,0.0015968773514032364,0.0036215782165527344,-0.002332150936126709,1.0010666847229004,-0.00048488378524780273,-0.20957738161087036,0.0,0.0,0.0,-0.047080617398023605,-0.047080617398023605,0.15658333897590637,1e-06,24.61508274078369,28.37890625,48.6461181640625,0.0,147.0,0.0,0.875,1.0,0.0,0.875,1.0,0.0,0.047080621123313904,0.4833161532878876,-3.3832130432128906,0.047080621123313904,0.4833161532878876,-3.3832130432128906,210.875,332.0,79.0,0.0625,210.875,332.0,79.0,0.0625,0.0,328.0,328.0,328.0,1.0,49.004753483925015,2.21735948510468,0.00978783005848527,3.754135822877288,2.0902642887085676,57.57755743293092,14.524230433884119,0.0011352157339927244,0.4354135725907316,8622.0,57.57755743293092,149.74584515925875,2.0,2.0,2.0,,0.875,0.0,1.0,1.0,True,False,False,False,True,True,True,True,True,True
148.0,11087.0,11087.0,0.0,11087.0,11087.0,11087.0,0.7786237001419067,1.0,0.060045063495635986,0.004376730415970087,0.008009001612663269,0.9996481537818909,2.2545053958892822,0.7996711730957031,0.0003493174153845757,0.0004446134262252599,2.2531371116638184,0.7990846633911133,0.0005865953862667084,0.002163488417863846,0.007565975189208984,-0.00417327880859375,1.0005908012390137,0.0010802745819091797,0.49180924892425537,0.0,0.0,0.0,0.121113121509552,0.121113121509552,0.15624186396598816,1e-06,24.61508274078369,28.37890625,48.64909744262695,0.0,148.0,0.0,0.09166667610406876,0.2666666805744171,0.0,0.09166667610406876,0.2666666805744171,0.0,-0.1211131289601326,1.4712437391281128,-0.7706514596939087,-0.1211131289601326,1.4712437391281128,-0.7706514596939087,226.9375,363.0,87.0,0.0625,226.9375,363.0,87.0,0.0625,0.0,466.0,466.0,466.0,1.0,55.00550693226978,2.488061210140586,0.010268724989145994,4.483287456911057,2.08607191266492,64.57505228696391,15.148858973359896,0.0009261950923735902,0.404373361316051,11087.0,64.57505228696391,171.69169218370402,2.0,2.0,2.0,,0.09166667610406876,0.0,0.2666666805744171,0.2666666805744171,True,False,False,False,True,False,True,True,True,True
149.0,15132.0,15132.0,0.0,15132.0,15132.0,15132.0,0.6530281901359558,1.0,0.060435473918914795,0.0042816163040697575,0.00813932903110981,0.9996175169944763,2.0298402309417725,0.6842044591903687,-0.00012025189062114805,0.00042958141420967877,2.030033588409424,0.6843794584274292,-0.0001749712973833084,0.0013978946954011917,0.0035094022750854492,-0.002668440341949463,0.9998265504837036,0.0019627809524536133,0.5515016317367554,0.0,0.0,0.0,-0.05672440677881241,-0.05672439932823181,0.15118242800235748,1e-06,24.61508274078369,28.37890625,48.58614730834961,0.0,149.0,0.0,0.10833333432674408,0.800000011920929,0.0,0.10833333432674408,0.800000011920929,0.0,0.05672435462474823,3.1594362258911133,-0.4948514699935913,0.05672435462474823,3.1594362258911133,-0.4948514699935913,292.75,501.0,139.0,0.0625,292.75,501.0,139.0,0.0625,0.0,653.0,653.0,653.0,1.0,512.0461460477673,2.9129266222007573,0.010212253779172897,5.769122896715999,2.097114478237927,523.3378764791414,109.31813536459592,0.0006748779922794672,0.38125316526011094,15132.0,523.3378764791414,28.9143986707087,2.0,2.0,2.0,,0.10833333432674408,0.0,0.800000011920929,0.800000011920929,True,False,False,False,True,False,True,True,True,True
150.0,13354.0,13354.0,0.0,13354.0,13354.0,13354.0,0.8414860367774963,1.0,0.05074572563171387,0.00433415686711669,0.007660862524062395,0.9996930360794067,2.4299004077911377,0.8567079305648804,0.0010836319997906685,0.0004584082344081253,2.4268851280212402,0.855294942855835,0.0014129914343357086,0.0019670091569423676,0.007700145244598389,-0.0013914108276367188,1.0014169216156006,-0.00033468008041381836,-0.15136069059371948,0.0,0.0,0.0,-0.2881268421187997,-0.2881268262863159,0.1893579661846161,1e-06,24.61508274078369,28.37890625,48.6138916015625,0.0,150.0,0.0,0.40000003576278687,0.6666666865348816,0.2666666805744171,0.40000003576278687,0.6666666865348816,0.2666666805744171,0.2881268560886383,1.8786596059799194,-0.939329981803894,0.2881268560886383,1.8786596059799194,-0.939329981803894,261.625,512.0,132.0,0.0625,261.625,512.0,132.0,0.0625,0.0,573.0,573.0,573.0,1.0,58.00580440927297,2.759708719793707,0.010323313996195793,5.308754350990057,2.090005477424711,68.67605886701494,13.857096132172233,0.0007730503217160246,0.3975403887217356,13354.0,68.67605886701494,194.44913147766428,2.0,2.0,2.0,,0.40000003576278687,0.2666666805744171,0.6666666865348816,0.4000000059604645,True,False,False,False,True,False,True,True,True,True
151.0,21305.0,21305.0,0.0,21305.0,21305.0,21305.0,0.7813754081726074,1.0,0.05645853281021118,0.004009560216218233,0.00744048785418272,0.9997063875198364,2.266111135482788,0.8068577647209167,-0.0007765478803776205,0.0004411249828990549,2.2671658992767334,0.8074910044670105,-0.0006332248449325562,0.00179387629032135,0.004361867904663086,-0.003455519676208496,0.9993689656257629,0.003340482711791992,1.3111889362335205,0.0,0.0,0.0,0.03689230978488922,0.03689231723546982,0.1550055295228958,1e-06,24.61508274078369,28.37890625,48.650997161865234,0.0,151.0,0.0,0.008333333767950535,0.06666667014360428,0.0,0.008333333767950535,0.06666667014360428,0.0,-0.036892250180244446,2.5616252422332764,-0.3659464418888092,-0.036892250180244446,2.5616252422332764,-0.3659464418888092,253.5625,471.0,146.0,0.0625,253.5625,471.0,146.0,0.0625,0.0,1078.0,1078.0,1078.0,1.0,143.0130393942818,3.508386591915041,0.010280582588165998,7.627878827042878,2.094106150791049,156.75333820004016,35.25093403852152,0.000482543186489838,0.3580323317081848,21305.0,156.75333820004016,135.91417091744296,2.0,2.0,2.0,,0.008333333767950535,0.0,0.06666667014360428,0.06666667014360428,True,False,False,False,True,False,True,True,True,True
152.0,17260.0,17260.0,0.0,17260.0,17260.0,17260.0,0.9150381684303284,1.0,0.09299606084823608,0.0043071601539850235,0.007850907742977142,0.9996911883354187,2.91198468208313,0.969640851020813,0.000754042062908411,0.0004828187811654061,2.9106359481811523,0.9688619375228882,0.0007789619266986847,0.0016885213553905487,0.0038379430770874023,-0.0019513368606567383,1.0007809400558472,0.0004189014434814453,-0.0081978440284729,0.0,0.0,0.0,0.07888589054346085,0.07888589799404144,0.145112544298172,1e-06,24.61508274078369,28.37890625,48.6087532043457,0.0,152.0,0.0,0.02083333395421505,0.3333333432674408,0.0,0.02083333395421505,0.3333333432674408,0.0,-0.07888586074113846,3.74995493888855,-0.24999700486660004,-0.07888586074113846,3.74995493888855,-0.24999700486660004,271.75,419.0,150.0,0.0625,271.75,419.0,150.0,0.0625,0.0,807.0,807.0,807.0,1.0,356.03340783528984,3.0781336072832346,0.009458900894969702,6.245286195073277,2.1281437571160495,367.99792694393545,81.88440842577963,0.0005480243855718252,0.3618358166322872,17260.0,367.99792694393545,46.90243812876034,2.0,2.0,2.0,,0.02083333395421505,0.0,0.3333333432674408,0.3333333432674408,True,False,False,False,True,False,True,True,True,True
153.0,10131.0,10131.0,0.0,10131.0,10131.0,10131.0,0.7313636541366577,1.0,0.058574825525283813,0.004393758252263069,0.008141170255839825,0.999629557132721,2.1015329360961914,0.7258158922195435,-0.00048277524183504283,0.0004435875453054905,2.1031529903411865,0.7264076471328735,-0.0005916990339756012,0.0017229504883289337,0.0027608871459960938,-0.00544130802154541,0.9994108080863953,0.002748250961303711,0.7962219715118408,0.0,0.0,0.0,0.02005961909890175,0.02005961537361145,0.15610060095787048,1e-06,24.61508274078369,28.37890625,48.641971588134766,0.0,153.0,0.0,0.3291666507720947,1.0,0.0,0.3291666507720947,1.0,0.0,-0.02005961537361145,1.4534664154052734,-0.713191568851471,-0.02005961537361145,1.4534664154052734,-0.713191568851471,218.1875,436.0,94.0,0.0625,218.1875,436.0,94.0,0.0625,0.0,415.0,415.0,415.0,1.0,66.00656334590167,2.43318583490327,0.010146679356694221,4.330297836102545,2.1028608633205295,75.38908435683697,18.907637738728635,0.0010015476613063094,0.4274304447835895,10131.0,75.38908435683697,134.38284980418692,2.0,2.0,2.0,,0.3291666507720947,0.0,1.0,1.0,True,False,False,False,True,True,True,True,True,True
154.0,12974.0,12974.0,0.0,12974.0,12974.0,12974.0,0.650183379650116,1.0,0.08645355701446533,0.0039038711693137884,0.007930231280624866,0.9996535181999207,1.984114170074463,0.6715009808540344,-0.00027320816298015416,0.00041131366742774844,1.984364628791809,0.6716144680976868,-0.00011347979307174683,0.0008588247001171112,0.0014816820621490479,-0.002574622631072998,0.9998871088027954,0.0021963119506835938,0.2849935293197632,0.0,0.0,0.0,-0.08388431370258331,-0.08388431370258331,0.1869402378797531,1e-06,24.61508274078369,28.37890625,48.639774322509766,0.0,154.0,0.0,0.10833333432674408,0.7333333492279053,0.0,0.10833333432674408,0.7333333492279053,0.0,0.08388431370258331,2.5190954208374023,-0.43664321303367615,0.08388431370258331,2.5190954208374023,-0.43664321303367615,220.875,355.0,109.0,0.0625,220.875,355.0,109.0,0.0625,0.0,590.0,590.0,590.0,1.0,55.005455763079226,2.6503281900659204,0.00985309574753046,4.981750231236219,2.0752008599229157,65.22747307829559,15.564645094249922,0.0007594493407993264,0.383979515279499,12974.0,65.22747307829559,198.90391866670507,2.0,2.0,2.0,,0.10833333432674408,0.0,0.7333333492279053,0.7333333492279053,True,False,False,False,True,False,True,True,True,True
155.0,12159.0,12159.0,0.0,12159.0,12159.0,12159.0,0.8630763292312622,1.0,0.05471506714820862,0.0042118593119084835,0.007652474567294121,0.9997004270553589,2.4346237182617188,0.8460397720336914,0.0007989833247847855,0.0005034331697970629,2.432560920715332,0.8454441428184509,0.0005957093089818954,0.0015104953199625015,0.0038118362426757812,-0.004946887493133545,1.0005977153778076,0.0004144906997680664,0.08415782451629639,0.0,0.0,0.0,0.0,0.0,0.0,1e-06,24.61508274078369,28.37890625,48.62153625488281,0.0,155.0,0.0,0.0,0.0,0.0,0.0,0.0,0.0,0.0,0.0,0.0,0.0,0.0,0.0,286.9375,499.0,158.0,0.0625,286.9375,499.0,158.0,0.0625,0.0,473.0,473.0,473.0,1.0,597.0486842752434,2.6252129967324436,0.010015797801315784,4.864842967130244,2.1018053963780403,607.1605786988512,130.04763325533509,0.0008237353237368027,0.4001022260983834,12159.0,607.1605786988512,20.026003707382998,2.0,2.0,2.0,,0.0,0.0,0.0,0.0,False,True,False,False,False,False,False,False,False,False
156.0,15097.0,15097.0,0.0,15097.0,15097.0,15097.0,0.6832637190818787,1.0,0.06102856993675232,0.00415871711447835,0.007845714688301086,0.9996586441993713,2.030766725540161,0.6976779699325562,0.0001387046795571223,0.00047029543202370405,2.030644655227661,0.6975763440132141,0.00010160915553569794,0.0008177440613508224,0.0017378926277160645,-0.0011467337608337402,1.0001020431518555,0.001608133316040039,0.05877995491027832,0.0,0.0,0.0,0.0,0.0,0.0,1e-06,24.61508274078369,28.37890625,48.689971923828125,0.0,156.0,0.0,0.0,0.0,0.0,0.0,0.0,0.0,0.0,0.0,0.0,0.0,0.0,0.0,283.5625,467.0,131.0,0.0625,283.5625,467.0,131.0,0.0625,0.0,660.0,660.0,660.0,1.0,161.01363089680672,2.906347678974271,0.009453585837036371,5.738920310977846,2.1222468451596797,172.29251303430647,35.48900835283375,0.0006261896957697802,0.3801364715491718,15097.0,172.29251303430647,87.62423702644539,2.0,2.0,2.0,,0.0,0.0,0.0,0.0,False,True,False,False,False,False,False,False,False,False
157.0,16550.0,16550.0,0.0,16550.0,16550.0,16550.0,0.7069382071495056,1.0,0.06228137016296387,0.004197275266051292,0.007881233468651772,0.9996656179428101,2.0491578578948975,0.7050142884254456,0.0005314158624969423,0.00048410549061372876,2.0480380058288574,0.7046192288398743,0.00039499998092651367,0.001714371144771576,0.0038623809814453125,-0.003653287887573242,1.0003970861434937,0.0008711814880371094,0.3934739828109741,0.0,0.0,0.0,0.1993476701900363,0.19934767484664917,0.16840378940105438,1e-06,24.61508274078369,28.37890625,48.649417877197266,0.0,157.0,0.0,0.125,0.20000000298023224,0.0,0.125,0.20000000298023224,0.0,-0.19934768974781036,0.934249997138977,-1.557083249092102,-0.19934768974781036,0.934249997138977,-1.557083249092102,265.375,512.0,110.0,0.125,265.375,512.0,110.0,0.125,0.0,769.0,769.0,769.0,1.0,76.00646118400618,3.0516386670060456,0.0096946912817657,6.1999278189614415,2.0889711789786816,87.86094185616821,17.900720957137583,0.000585781950559861,0.3746179951034104,16550.0,87.86094185616821,188.36583868054814,2.0,2.0,2.0,,0.125,0.0,0.20000000298023224,0.20000000298023224,True,False,False,False,True,False,True,True,True,True
158.0,11223.0,11223.0,0.0,11223.0,11223.0,11223.0,0.7069459557533264,1.0,0.06026273965835571,0.004027854185551405,0.007574890740215778,0.9996804594993591,2.0547304153442383,0.7115886211395264,0.00034845530171878636,0.0004257560067344457,2.053213357925415,0.7110578417778015,0.0005308985710144043,0.0019889548420906067,0.007733047008514404,-0.004721999168395996,1.0005347728729248,0.0010089874267578125,0.6871610879898071,0.0,0.0,0.0,0.10432334989309311,0.10432334989309311,0.14979472756385803,1e-06,24.61508274078369,28.37890625,48.751197814941406,0.0,158.0,0.0,0.14999999105930328,0.7333333492279053,0.0,0.14999999105930328,0.7333333492279053,0.0,-0.1043233796954155,2.1562724113464355,-0.5544699430465698,-0.1043233796954155,2.1562724113464355,-0.5544699430465698,226.4375,469.0,121.0,0.0625,226.4375,469.0,121.0,0.0625,0.0,475.0,475.0,475.0,1.0,72.00676047895104,2.5380625929683447,0.010180165059864521,4.634210941847414,2.0899710953235626,81.78220909414813,19.874899386958607,0.000907080554206943,0.41292087158936236,11223.0,81.78220909414813,137.23033559878556,2.0,2.0,2.0,,0.14999999105930328,0.0,0.7333333492279053,0.7333333492279053,True,False,False,False,True,False,True,True,True,True
159.0,13947.0,13947.0,0.0,13947.0,13947.0,13947.0,0.8038133978843689,1.0,0.05917385220527649,0.004156305454671383,0.007731169927865267,0.9996911287307739,2.3790433406829834,0.8578091859817505,0.0007506867405027151,0.00043347832979634404,2.3768177032470703,0.8569270372390747,0.0008821338415145874,0.0018187984824180603,0.004314780235290527,-0.0024910569190979004,1.0008845329284668,0.00023233890533447266,0.5101172924041748,0.0,0.0,0.0,0.03003876656293869,0.030038774013519287,0.12820567190647125,1e-06,24.61508274078369,28.37890625,48.71331024169922,0.0,159.0,0.0,0.03750000149011612,0.6000000238418579,0.0,0.03750000149011612,0.6000000238418579,0.0,-0.0300387442111969,3.7499749660491943,-0.2499983310699463,-0.0300387442111969,3.7499749660491943,-0.2499983310699463,288.6875,487.0,144.0,0.0625,288.6875,487.0,144.0,0.0625,0.0,583.0,583.0,583.0,1.0,221.02073007822037,2.8107452471740544,0.010233138222247362,5.450178818777204,2.0887859240174294,231.88031334616244,47.8503420823166,0.0007337160839067442,0.39077786038411155,13947.0,231.88031334616244,60.147408802140205,2.0,2.0,2.0,,0.03750000149011612,0.0,0.6000000238418579,0.6000000238418579,True,False,False,False,True,False,True,True,True,True
160.0,13823.0,13823.0,0.0,13823.0,13823.0,13823.0,0.8167030811309814,1.0,0.059951722621917725,0.004116487223654985,0.007640345953404903,0.9996886253356934,2.5223331451416016,0.8277010917663574,0.0008455903735011816,0.00040712376357987523,2.519392728805542,0.8268066644668579,0.0008944682776927948,0.0015646778047084808,0.005331516265869141,-0.002298414707183838,1.0008968114852905,-6.318092346191406e-05,0.004772543907165527,0.0,0.0,0.0,0.07081780582666397,0.07081780582666397,0.17752164602279663,1e-06,24.61508274078369,28.37890625,48.71090316772461,0.0,160.0,0.0,0.7458333373069763,1.0,0.0,0.7458333373069763,1.0,0.0,-0.07081782817840576,0.6722545623779297,-1.9726815223693848,-0.07081782817840576,0.6722545623779297,-1.9726815223693848,246.9375,412.0,62.0,0.0625,246.9375,412.0,62.0,0.0625,0.0,617.0,617.0,617.0,1.0,57.00464678090066,2.8254131679423153,0.009794363286346197,5.503165268804878,2.094756603706628,67.94272514991462,14.427903513262631,0.0007085555441182231,0.3981165643351572,13823.0,67.94272514991462,203.45077371417992,2.0,2.0,2.0,,0.7458333373069763,0.0,1.0,1.0,True,False,False,False,True,True,True,True,True,True
161.0,13293.0,13293.0,0.0,13293.0,13293.0,13293.0,0.983360767364502,1.0,0.0905035138130188,0.004500372800976038,0.007914993911981583,0.9996922612190247,2.919407844543457,1.0278397798538208,6.266387936193496e-05,0.0005303178331814706,2.918611764907837,1.0274776220321655,0.00036206841468811035,0.002011418342590332,0.006825923919677734,-0.0034949779510498047,1.0003656148910522,0.0020058155059814453,0.301993727684021,0.0,0.0,0.0,-0.28052784875035286,-0.28052783012390137,0.21785476803779602,1e-06,24.61508274078369,28.37890625,48.69377136230469,0.0,161.0,0.0,0.30416667461395264,0.9333333373069763,0.0,0.30416667461395264,0.9333333373069763,0.0,0.28052785992622375,1.4972736835479736,-0.7238475680351257,0.28052785992622375,1.4972736835479736,-0.7238475680351257,205.8125,390.0,67.0,0.0625,205.8125,390.0,67.0,0.0625,0.0,625.0,625.0,625.0,1.0,458.03645613975823,2.749851400963962,0.009614701382815838,5.262858742848039,2.111524845007807,468.6742536248639,139.09397392643737,0.0007232905576480732,0.3959120396334942,13293.0,468.6742536248639,28.362983238759213,2.0,2.0,2.0,,0.30416667461395264,0.0,0.9333333373069763,0.9333333373069763,True,False,False,False,True,False,True,True,True,True
162.0,6791.0,6791.0,0.0,6791.0,6791.0,6791.0,0.5867332220077515,1.0,0.06222790479660034,0.0037777649704366922,0.0076164077036082745,0.9996594786643982,1.8260622024536133,0.5884374380111694,0.00013603924890048802,0.00039796819328330457,1.8263790607452393,0.5884994268417358,-6.20521605014801e-05,0.0019895359873771667,0.006391435861587524,-0.007394343614578247,0.9999425411224365,0.0013211965560913086,0.15754640102386475,0.0,0.0,0.0,-0.05118013918399811,-0.05118013918399811,0.15297919511795044,1e-06,24.61508274078369,28.37890625,48.64748764038086,0.0,162.0,0.0,0.9958333373069763,1.0,0.9333333373069763,0.9958333373069763,1.0,0.9333333373069763,0.05118012800812721,0.2499847710132599,-3.7497751712799072,0.05118012800812721,0.2499847710132599,-3.7497751712799072,158.4375,267.0,47.0,0.0625,158.4375,267.0,47.0,0.0625,0.0,266.0,266.0,266.0,1.0,32.00328507786617,2.0636873822659254,0.009634497109800577,3.2466946691274643,2.095142011065036,39.92073148675263,12.624570050440303,0.001418715521985065,0.47808786174752826,6791.0,39.92073148675263,170.112113357781,2.0,2.0,2.0,,0.9958333373069763,0.9333333373069763,1.0,0.06666666269302368,True,False,False,False,True,True,True,True,True,True
163.0,17825.0,17825.0,0.0,17825.0,17825.0,17825.0,0.8437244892120361,1.0,0.06124761700630188,0.00483751529827714,0.008252942934632301,0.9996339082717896,2.4215378761291504,0.8660212755203247,0.0005421311361715198,0.0005355536704882979,2.4204518795013428,0.8655836582183838,0.00043759122490882874,0.0017576776444911957,0.0035098791122436523,-0.003168463706970215,1.0004396438598633,0.0010573863983154297,0.2581191062927246,0.0,0.0,0.0,0.0,0.0,0.0,1e-06,24.61508274078369,28.37890625,48.65916061401367,0.0,163.0,0.0,0.0,0.0,0.0,0.0,0.0,0.0,0.0,0.0,0.0,0.0,0.0,0.0,292.0625,483.0,173.0,0.0625,292.0625,483.0,173.0,0.0625,0.0,822.0,822.0,822.0,1.0,246.020783578977,3.1622864129021764,0.01009062910452485,6.476549198850989,2.3813781598582864,258.5559716899879,52.647289445533275,0.0005660941994123338,0.3633407685189896,17825.0,258.5559716899879,68.9405852183233,2.0,2.0,2.0,,0.0,0.0,0.0,0.0,False,True,False,False,False,False,False,False,False,False
164.0,13205.0,13205.0,0.0,13205.0,13205.0,13205.0,0.7542040944099426,1.0,0.06621319055557251,0.004231899511069059,0.00775611586868763,0.9996700286865234,2.2527048587799072,0.7819296717643738,7.336609996855259e-05,0.0004264280723873526,2.252220392227173,0.7818835377693176,4.61135059595108e-05,0.0014789309352636337,0.0036094188690185547,-0.003601551055908203,1.0000478029251099,0.0015621185302734375,0.42372238636016846,0.0,0.0,0.0,-0.0008274093270301819,-0.000827401876449585,0.1348176747560501,1e-06,24.61508274078369,28.37890625,48.63920974731445,0.0,164.0,0.0,0.0833333358168602,0.3333333432674408,0.0,0.0833333358168602,0.3333333432674408,0.0,0.0008273955318145454,1.9236946105957031,-0.6412315368652344,0.0008273955318145454,1.9236946105957031,-0.6412315368652344,300.3125,512.0,76.0,0.0625,300.3125,512.0,76.0,0.0625,0.0,525.0,525.0,525.0,1.0,64.00540224462748,2.7443001088686287,0.009461624082177877,5.25185687141493,2.0893229888752103,74.60244917497039,13.320583193470858,0.0007165182947503126,0.3977172943138909,13205.0,74.60244917497039,177.0049126541326,2.0,2.0,2.0,,0.0833333358168602,0.0,0.3333333432674408,0.3333333432674408,True,False,False,False,True,False,True,True,True,True
165.0,12506.0,12506.0,0.0,12506.0,12506.0,12506.0,0.8457876443862915,1.0,0.05286145210266113,0.004399613011628389,0.007825050503015518,0.9996793866157532,2.4221320152282715,0.8694052696228027,0.0007235034136101604,0.00042161703458987176,2.419435739517212,0.868412971496582,0.0009923465549945831,0.0013776235282421112,0.006114542484283447,-0.001484215259552002,1.0009949207305908,0.00024199485778808594,0.010798215866088867,0.0,0.0,0.0,0.0,0.0,0.0,1e-06,24.61508274078369,28.37890625,50.098445892333984,0.0,165.0,0.0,0.0,0.0,0.0,0.0,0.0,0.0,0.0,0.0,0.0,0.0,0.0,0.0,236.625,512.0,129.0,0.0625,236.625,512.0,129.0,0.0625,0.0,545.0,545.0,545.0,1.0,682.060121813789,2.8336137640289962,0.010045667178928852,5.140132968313992,2.104399642907083,692.667257654015,180.15322816000767,0.0008032678057675398,0.4110133510566122,12506.0,692.667257654015,18.054845038231484,2.0,2.0,2.0,,0.0,0.0,0.0,0.0,False,True,False,False,False,False,False,False,False,False
166.0,13517.0,13517.0,0.0,13517.0,13517.0,13517.0,0.7299418449401855,1.0,0.06963932514190674,0.004057068377733231,0.007683303207159042,0.9996944665908813,2.3333821296691895,0.8051108121871948,0.0007582856342196465,0.00043891355744563043,2.3301479816436768,0.8040570616722107,0.0010538231581449509,0.001984747126698494,0.005986809730529785,-0.004194438457489014,1.0010567903518677,0.00023746490478515625,-0.004449129104614258,0.0,0.0,0.0,0.0,0.0,0.0,1e-06,24.61508274078369,28.37890625,49.15900802612305,0.0,166.0,0.0,0.0,0.0,0.0,0.0,0.0,0.0,0.0,0.0,0.0,0.0,0.0,0.0,243.8125,437.0,86.0,0.0625,243.8125,437.0,86.0,0.0625,0.0,601.0,601.0,601.0,1.0,1837.1382817719132,2.7872425969690084,0.009589780122041702,5.390309554059058,2.440340669825673,1848.2697599660605,470.9403439558865,0.0007094606881735372,0.3987800217547576,13517.0,1848.2697599660605,7.3133263838327425,2.0,2.0,2.0,,0.0,0.0,0.0,0.0,False,True,False,False,False,False,False,False,False,False
167.0,7629.0,7629.0,0.0,7629.0,7629.0,7629.0,0.7057837247848511,1.0,0.06750288605690002,0.004237920045852661,0.007884591817855835,0.9996529817581177,2.097158908843994,0.7199979424476624,0.0001942320668604225,0.00041059826617129147,2.09635066986084,0.7197445034980774,0.00025342032313346863,0.0015760846436023712,0.0031423568725585938,-0.002643406391143799,1.0002551078796387,0.001255631446838379,0.1732175350189209,0.0,0.0,0.0,0.020753316581249237,0.020753316581249237,0.16343896090984344,1e-06,24.61508274078369,28.37890625,49.15676498413086,0.0,167.0,0.0,0.4416666626930237,1.0,0.0,0.4416666626930237,1.0,0.0,-0.02075337804853916,1.2314817905426025,-0.9741572141647339,-0.02075337804853916,1.2314817905426025,-0.9741572141647339,218.8125,355.0,127.0,0.0625,218.8125,355.0,127.0,0.0625,0.0,258.0,258.0,258.0,1.0,549.0432081548497,2.1646221289411187,0.009586582891643047,3.5313406018540263,2.3881559632718563,557.6385381701402,156.82468099253063,0.0012565975739471814,0.4628838120138978,7629.0,557.6385381701402,13.680905242012393,2.0,2.0,2.0,,0.4416666626930237,0.0,1.0,1.0,True,False,False,False,True,True,True,True,True,True
168.0,15354.0,15354.0,0.0,15354.0,15354.0,15354.0,0.7459068894386292,1.0,0.061382949352264404,0.0042691221460700035,0.007703832350671291,0.9996730089187622,2.186546802520752,0.7665059566497803,0.0003810278431046754,0.0004503980162553489,2.1853339672088623,0.7660483121871948,0.00045766681432724,0.0018813461065292358,0.003618299961090088,-0.0036039352416992188,1.000459909439087,0.0010410547256469727,0.3622065782546997,0.0,0.0,0.0,0.0,0.0,0.0,1e-06,24.61508274078369,28.37890625,49.17092514038086,0.0,168.0,0.0,0.0,0.0,0.0,0.0,0.0,0.0,0.0,0.0,0.0,0.0,0.0,0.0,296.625,512.0,131.0,0.1875,296.625,512.0,131.0,0.1875,0.0,663.0,663.0,663.0,1.0,157.01232586521655,2.97229080600664,0.00977712171152234,5.948699245229363,2.0839112480171025,168.52905149199069,33.08308593873084,0.0006367801036552261,0.3874364494743626,15354.0,168.52905149199069,91.10595392349725,2.0,2.0,2.0,,0.0,0.0,0.0,0.0,False,True,False,False,False,False,False,False,False,False
169.0,14916.0,14916.0,0.0,14916.0,14916.0,14916.0,0.8557047843933105,1.0,0.060320913791656494,0.004403858445584774,0.00770700816065073,0.999688446521759,2.497663974761963,0.8910230398178101,0.000509093573782593,0.0004778620204888284,2.496063232421875,0.8904425501823425,0.0005804430693387985,0.001832401379942894,0.0037856698036193848,-0.0031936168670654297,1.0005829334259033,0.0008984804153442383,0.22035086154937744,0.0,0.0,0.0,0.0,0.0,0.0,1e-06,24.61508274078369,28.37890625,49.110382080078125,0.0,169.0,0.0,0.0,0.0,0.0,0.0,0.0,0.0,0.0,0.0,0.0,0.0,0.0,0.0,232.25,512.0,116.0,0.0625,232.25,512.0,116.0,0.0625,0.0,700.0,700.0,700.0,1.0,358.03368291724473,2.9039122089743614,0.00983955105766654,5.706496730912477,2.521695487201214,369.685386209283,96.3492149938764,0.0006596641899749624,0.38257553840925695,14916.0,369.685386209283,40.347821570517496,2.0,2.0,2.0,,0.0,0.0,0.0,0.0,False,True,False,False,False,False,False,False,False,False
170.0,13029.0,13029.0,0.0,13029.0,13029.0,13029.0,0.7174131870269775,1.0,0.056585103273391724,0.004213349893689156,0.007842954248189926,0.9996621608734131,2.1456124782562256,0.7455645799636841,0.0006721673416905105,0.00043272634502500296,2.1438913345336914,0.744866132736206,0.000698452815413475,0.0015548858791589737,0.004383742809295654,-0.0015556514263153076,1.0007003545761108,0.0003910064697265625,-0.002783477306365967,0.0,0.0,0.0,0.0,0.0,0.0,1e-06,24.61508274078369,28.37890625,49.17167282104492,0.0,170.0,0.0,0.0,0.0,0.0,0.0,0.0,0.0,0.0,0.0,0.0,0.0,0.0,0.0,264.3125,473.0,157.0,0.0625,264.3125,473.0,157.0,0.0625,0.0,550.0,550.0,550.0,1.0,73.00685337977484,2.7191061563789845,0.00982936006039381,5.16843775101006,2.103964385110885,83.5101470220834,17.26338457786116,0.0007544216793609495,0.39668721705503573,13029.0,83.5101470220834,156.0169687709281,2.0,2.0,2.0,,0.0,0.0,0.0,0.0,False,True,False,False,False,False,False,False,False,False
171.0,17699.0,17699.0,0.0,17699.0,17699.0,17699.0,0.943065881729126,1.0,0.059395015239715576,0.0041869343258440495,0.007648634724318981,0.9997099041938782,2.8348143100738525,0.9697769284248352,0.0011214313562959433,0.0004255419480614364,2.831235647201538,0.9687929749488831,0.000983957201242447,0.0014865212142467499,0.004031062126159668,-0.0017618536949157715,1.0009857416152954,-0.0005341172218322754,-0.15993773937225342,0.0,0.0,0.0,-0.1278117038309574,-0.12781170010566711,0.18508578836917877,1e-06,24.61508274078369,28.37890625,48.93791198730469,0.0,171.0,0.0,0.02500000037252903,0.4000000059604645,0.0,0.02500000037252903,0.4000000059604645,0.0,0.12781165540218353,3.749962568283081,-0.24999751150608063,0.12781165540218353,3.749962568283081,-0.24999751150608063,197.1875,298.0,128.0,0.0625,197.1875,298.0,128.0,0.0625,0.0,909.0,909.0,909.0,1.0,57.00585735682398,3.116554615087807,0.009549264330416918,6.331259423866868,2.0872729788534343,69.05596858775243,18.068417545744527,0.0005395369416586767,0.35771848261861505,17699.0,69.05596858775243,256.2993519888018,2.0,2.0,2.0,,0.02500000037252903,0.0,0.4000000059604645,0.4000000059604645,True,False,False,False,True,False,True,True,True,True
172.0,16016.0,16016.0,0.0,16016.0,16016.0,16016.0,0.7747527956962585,1.0,0.06136929988861084,0.004214114043861628,0.007918311282992363,0.9996722340583801,2.397602081298828,0.7962571382522583,0.0014737857272848487,0.0004737616691272706,2.394636869430542,0.7947271466255188,0.0015299785882234573,0.0019151251763105392,0.004357635974884033,-0.0017063319683074951,1.0015326738357544,-0.0010570287704467773,-0.3386802077293396,0.0,0.0,0.0,0.0,0.0,0.0,1e-06,24.61508274078369,28.37890625,48.985130310058594,0.0,172.0,0.0,0.0,0.0,0.0,0.0,0.0,0.0,0.0,0.0,0.0,0.0,0.0,0.0,333.0,512.0,140.0,0.125,333.0,512.0,140.0,0.125,0.0,668.0,668.0,668.0,1.0,64.00654318695888,2.999739082995802,0.009705611038953066,6.007147782947868,2.090718640945852,75.61661729915068,12.013240087642432,0.0006059946952393273,0.3750716647694723,16016.0,75.61661729915068,211.80529587350227,2.0,2.0,2.0,,0.0,0.0,0.0,0.0,False,True,False,False,False,False,False,False,False,False
173.0,13286.0,13286.0,0.0,13286.0,13286.0,13286.0,0.8998861312866211,1.0,0.05438131093978882,0.004264931660145521,0.00774765107780695,0.9996970891952515,2.633415460586548,0.9328433275222778,0.0007444112561643124,0.0004873075522482395,2.6311888694763184,0.9322292804718018,0.0006140172481536865,0.0024103522300720215,0.005951046943664551,-0.005754649639129639,1.0006183385849,0.00045931339263916016,0.12157285213470459,0.0,0.0,0.0,0.07963921874761581,0.07963922619819641,0.16321036219596863,1e-06,24.61508274078369,28.37890625,48.98250198364258,0.0,173.0,0.0,0.0625,0.800000011920929,0.0,0.0625,0.800000011920929,0.0,-0.0796392560005188,3.634854555130005,-0.30803853273391724,-0.0796392560005188,3.634854555130005,-0.30803853273391724,220.375,512.0,122.0,0.0625,220.375,512.0,122.0,0.0625,0.0,610.0,610.0,610.0,1.0,580.0520437778905,2.7885007644072175,0.009429939091205597,5.3873633267357945,2.434109498281032,591.1740003791638,164.50710260291845,0.0007097650979381,0.4054917452006469,13286.0,591.1740003791638,22.47392475223657,2.0,2.0,2.0,,0.0625,0.0,0.800000011920929,0.800000011920929,True,False,False,False,True,False,True,True,True,True
174.0,16557.0,16557.0,0.0,16557.0,16557.0,16557.0,0.9425062537193298,1.0,0.05816370248794556,0.004662028048187494,0.008042754605412483,0.9996687173843384,2.761507272720337,0.9757111072540283,0.00040619869832880795,0.0004947900306433439,2.759277582168579,0.9751666188240051,0.0005443915724754333,0.0018045827746391296,0.004954099655151367,-0.003937959671020508,1.0005470514297485,0.001172184944152832,0.3350701332092285,0.0,0.0,0.0,0.0,0.0,0.0,1e-06,24.61508274078369,28.37890625,48.956138610839844,0.0,174.0,0.0,0.0,0.0,0.0,0.0,0.0,0.0,0.0,0.0,0.0,0.0,0.0,0.0,245.8125,392.0,152.0,0.0625,245.8125,392.0,152.0,0.0625,0.0,789.0,789.0,789.0,1.0,97.00875447504222,3.019716929178685,0.009591761976480484,6.065502556972206,2.0882808044552803,108.69215202517807,24.665332945599346,0.0005793176285849178,0.36634067506022866,16557.0,108.69215202517807,152.3293052120694,2.0,2.0,2.0,,0.0,0.0,0.0,0.0,False,True,False,False,False,False,False,False,False,False
175.0,11980.0,11980.0,0.0,11980.0,11980.0,11980.0,0.7206319570541382,1.0,0.058923572301864624,0.004113044589757919,0.0076457420364022255,0.9996819496154785,2.258458375930786,0.7757951021194458,0.000703590689226985,0.0004584347771015018,2.2564127445220947,0.7749776244163513,0.0008175373077392578,0.001581348478794098,0.0037246346473693848,-0.0014759302139282227,1.000819206237793,0.0004273653030395508,0.08062565326690674,0.0,0.0,0.0,0.0,0.0,0.0,1e-06,24.61508274078369,28.37890625,48.939430236816406,0.0,175.0,0.0,0.0,0.0,0.0,0.0,0.0,0.0,0.0,0.0,0.0,0.0,0.0,0.0,273.75,512.0,108.0,0.0625,273.75,512.0,108.0,0.0625,0.0,475.0,475.0,475.0,1.0,55.00537963304669,2.581183532718569,0.009497513063251972,4.747244616039097,2.0906809200532734,64.94194802129641,12.558305852293763,0.0007927807231429025,0.3962641582670365,11980.0,64.94194802129641,184.47244600780067,2.0,2.0,2.0,,0.0,0.0,0.0,0.0,False,True,False,False,False,False,False,False,False,False
176.0,20227.0,20227.0,0.0,20227.0,20227.0,20227.0,0.9532511830329895,1.0,0.06604045629501343,0.004682652186602354,0.008061150088906288,0.9996645450592041,2.76589298248291,0.9748167991638184,0.0004647386958822608,0.0005630420637317002,2.7660653591156006,0.9747243523597717,9.247660636901855e-05,0.0016089528799057007,0.004948019981384277,-0.003171086311340332,1.0000945329666138,0.0013124942779541016,0.1430344581604004,0.0,0.0,0.0,-0.06579742766916752,-0.06579741835594177,0.23580732941627502,1e-06,24.61508274078369,28.37890625,48.94948196411133,0.0,176.0,0.0,0.20416666567325592,0.7333333492279053,0.0,0.20416666567325592,0.7333333492279053,0.0,0.06579737365245819,1.8886700868606567,-0.7286994457244873,0.06579737365245819,1.8886700868606567,-0.7286994457244873,245.1875,512.0,116.0,0.0625,245.1875,512.0,116.0,0.0625,0.0,1019.0,1019.0,1019.0,1.0,74.0066349087283,3.423216375987977,0.009633135981857777,7.243273627012968,2.122529499232769,87.30694407084957,18.8648062474454,0.00047625134631224485,0.35809925480857113,20227.0,87.30694407084957,231.6768753649858,2.0,2.0,2.0,,0.20416666567325592,0.0,0.7333333492279053,0.7333333492279053,True,False,False,False,True,False,True,True,True,True
177.0,11684.0,11684.0,0.0,11684.0,11684.0,11684.0,0.5988956689834595,1.0,0.07447308301925659,0.0037193731404840946,0.007719383109360933,0.9996598362922668,1.831557035446167,0.5988908410072327,0.0007395915454253554,0.00038742783362977207,1.8299790620803833,0.5981173515319824,0.0007735081017017365,0.0013916604220867157,0.004052400588989258,-0.0019391179084777832,1.0007750988006592,7.069110870361328e-05,-0.10578513145446777,0.0,0.0,0.0,0.0,0.0,0.0,1e-06,24.61508274078369,28.37890625,48.9522705078125,0.0,177.0,0.0,0.0,0.0,0.0,0.0,0.0,0.0,0.0,0.0,0.0,0.0,0.0,0.0,256.25,394.0,172.0,0.0625,256.25,394.0,172.0,0.0625,0.0,474.0,474.0,474.0,1.0,1487.127002405934,2.5292639387771487,0.010008782148361206,4.595917336177081,2.1065715570002794,1496.8774544717744,362.71390302583757,0.000856622915813181,0.3933513639316228,11684.0,1496.8774544717744,7.8055821905094485,2.0,2.0,2.0,,0.0,0.0,0.0,0.0,False,True,False,False,False,False,False,False,False,False
178.0,8703.0,8703.0,0.0,8703.0,8703.0,8703.0,0.80800861120224,1.0,0.0855792760848999,0.00442867074161768,0.007838192395865917,0.9996665716171265,2.2639455795288086,0.8019981384277344,0.0010295521933585405,0.00046310530160553753,2.261568307876587,0.8008390665054321,0.00115903839468956,0.002010192722082138,0.0048065185546875,-0.003499269485473633,1.0011619329452515,-0.00021213293075561523,-0.13301312923431396,0.0,0.0,0.0,-0.03821166604757309,-0.03821166604757309,0.1863524615764618,1e-06,24.61508274078369,28.37890625,48.94865036010742,0.0,178.0,0.0,0.4166666567325592,0.5333333611488342,0.06666667014360428,0.4166666567325592,0.5333333611488342,0.06666667014360428,0.038211703300476074,0.7932670712471008,-2.379800319671631,0.038211703300476074,0.7932670712471008,-2.379800319671631,172.9375,222.0,117.0,0.0625,172.9375,222.0,117.0,0.0625,0.0,371.0,371.0,371.0,1.0,50.00495711900294,2.207744204904884,0.009765251073986292,3.7255343552678823,2.093037982005626,58.551273646298796,18.07190354860966,0.001122055736411156,0.4280747277108908,8703.0,58.551273646298796,148.63895280184298,2.0,2.0,2.0,,0.4166666567325592,0.06666667014360428,0.5333333611488342,0.46666669100522995,True,False,False,False,True,False,True,True,True,True
179.0,18623.0,18623.0,0.0,18623.0,18623.0,18623.0,0.9351344704627991,1.0,0.06060910224914551,0.004711513873189688,0.007805204018950462,0.9996718168258667,2.569876194000244,0.9201048016548157,0.00031166031840257347,0.0005536633543670177,2.569218158721924,0.9197707772254944,0.00033396482467651367,0.002603664994239807,0.0072252750396728516,-0.004639983177185059,1.0003392696380615,0.0015991926193237305,0.8474171161651611,0.0,0.0,0.0,-0.03769620880484581,-0.03769620135426521,0.20325395464897156,1e-06,24.61508274078369,28.37890625,48.95280075073242,0.0,179.0,0.0,0.22083333134651184,1.0,0.0,0.22083333134651184,1.0,0.0,0.037696223706007004,1.9069676399230957,-0.540477454662323,0.037696223706007004,1.9069676399230957,-0.540477454662323,218.9375,314.0,116.0,0.0625,218.9375,314.0,116.0,0.0625,0.0,945.0,945.0,945.0,1.0,345.0284449602477,3.181492876727134,0.009703697171062231,6.533638589084148,2.423015340231359,357.68385233543813,98.49513130466678,0.0005210598276895361,0.3508370611117515,18623.0,357.68385233543813,52.06553183322136,2.0,2.0,2.0,,0.22083333134651184,0.0,1.0,1.0,True,False,False,False,True,True,True,True,True,True
180.0,15764.0,15764.0,0.0,15764.0,15764.0,15764.0,1.0146018266677856,1.0,0.05844771862030029,0.004435588140040636,0.007608834654092789,0.9997069835662842,2.779111862182617,1.009595513343811,0.0006259201909415424,0.000522030342835933,2.7776060104370117,1.008912444114685,0.000683024525642395,0.0020433813333511353,0.005502581596374512,-0.004047095775604248,1.0006860494613647,0.0008383989334106445,0.35310792922973633,0.0,0.0,0.0,-0.2533724047243595,-0.2533724009990692,0.20960645377635956,1e-06,24.61508274078369,28.37890625,48.9768180847168,0.0,180.0,0.0,0.02916666865348816,0.20000000298023224,0.0,0.02916666865348816,0.20000000298023224,0.0,0.25337234139442444,2.4859540462493896,-0.4244312047958374,0.25337234139442444,2.4859540462493896,-0.4244312047958374,292.25,512.0,184.0,0.0625,292.25,512.0,184.0,0.0625,0.0,693.0,693.0,693.0,1.0,370.0326105360873,2.965147852897644,0.00962296687066555,5.924235209356993,2.2352638291195035,381.67009189678356,79.13443339095109,0.0006104394107247875,0.375807866617419,15764.0,381.67009189678356,41.30268610164801,2.0,2.0,2.0,,0.02916666865348816,0.0,0.20000000298023224,0.20000000298023224,True,False,False,False,True,False,True,True,True,True
181.0,10943.0,10943.0,0.0,10943.0,10943.0,10943.0,0.6615947484970093,1.0,0.06043162941932678,0.004121934063732624,0.007939079776406288,0.9996423721313477,2.006601095199585,0.6817771196365356,0.0009364620200358331,0.0004173217748757452,2.004516839981079,0.6807756423950195,0.001001482829451561,0.0017934199422597885,0.005343317985534668,-0.0026336312294006348,1.0010039806365967,-0.00020736455917358398,-0.07626259326934814,0.0,0.0,0.0,0.10329044330865145,0.10329044610261917,0.157223179936409,1e-06,24.61508274078369,28.37890625,48.968116760253906,0.0,181.0,0.0,0.6791666746139526,1.0,0.20000000298023224,0.6791666746139526,1.0,0.20000000298023224,-0.10329043865203857,1.2070560455322266,-1.802746057510376,-0.10329043865203857,1.2070560455322266,-1.802746057510376,271.9375,512.0,162.0,0.0625,271.9375,512.0,162.0,0.0625,0.0,412.0,412.0,412.0,1.0,48.00502458913252,2.547996292822063,0.009303808212280273,4.659391302149743,2.092793451156467,57.81729955691844,11.033101491411749,0.0008502063613524877,0.42578738025676166,10943.0,57.81729955691844,189.26861136478928,2.0,2.0,2.0,,0.6791666746139526,0.20000000298023224,1.0,0.7999999970197678,True,False,False,False,True,True,True,True,True,True
182.0,12433.0,12433.0,0.0,12433.0,12433.0,12433.0,0.887628972530365,1.0,0.13030004501342773,0.004311343654990196,0.007884780876338482,0.9996857643127441,2.57794451713562,0.9116500616073608,0.0005129083874635398,0.000497074332088232,2.575911283493042,0.9109635353088379,0.0006864964962005615,0.0016062036156654358,0.003832399845123291,-0.002697885036468506,1.0006883144378662,0.0009542703628540039,0.48688840866088867,0.0,0.0,0.0,-0.053403519093990326,-0.05340352654457092,0.17659911513328552,1e-06,24.61508274078369,28.37890625,48.96022033691406,0.0,182.0,0.0,0.004166666883975267,0.06666667014360428,0.0,0.004166666883975267,0.06666667014360428,0.0,0.053403522819280624,3.749774694442749,-0.2499849945306778,0.053403522819280624,3.749774694442749,-0.2499849945306778,332.0625,512.0,153.0,0.0625,332.0625,512.0,153.0,0.0625,0.0,445.0,445.0,445.0,1.0,147.01308216387406,2.6472079497762024,0.01204795902594924,4.976093764882535,2.0847747130319476,157.2345088738948,27.670446482942605,0.0009690307267714341,0.40023274872376213,12433.0,157.2345088738948,79.07297252393565,2.0,2.0,2.0,,0.004166666883975267,0.0,0.06666667014360428,0.06666667014360428,True,False,False,False,True,False,True,True,True,True
183.0,15543.0,15543.0,0.0,15543.0,15543.0,15543.0,0.6258513927459717,1.0,0.06232208013534546,0.0037506010849028826,0.0073974598199129105,0.9996907114982605,1.9747776985168457,0.6662663817405701,-0.000697367126122117,0.0004147269355598837,1.975401759147644,0.6666861176490784,-0.00041971541941165924,0.0010238531976938248,0.002372920513153076,-0.002694845199584961,0.9995811581611633,0.0030672550201416016,1.6425042152404785,0.0,0.0,0.0,0.0,0.0,0.0,1e-06,24.61508274078369,28.37890625,48.98287582397461,0.0,183.0,0.0,0.0,0.0,0.0,0.0,0.0,0.0,0.0,0.0,0.0,0.0,0.0,0.0,315.4375,512.0,174.0,0.1875,315.4375,512.0,174.0,0.1875,0.0,656.0,656.0,656.0,1.0,507.048221132718,2.9980807127431035,0.010389662813395262,6.032822060864419,2.097737221978605,518.6896949764341,100.46527068213157,0.0006684464269056978,0.3881375577986501,15543.0,518.6896949764341,29.96589319305095,2.0,2.0,2.0,,0.0,0.0,0.0,0.0,False,True,False,False,False,False,False,False,False,False
184.0,16695.0,16695.0,0.0,16695.0,16695.0,16695.0,0.7460095882415771,1.0,0.060152649879455566,0.003910924308001995,0.007492898963391781,0.9997068643569946,2.3936350345611572,0.8116012811660767,0.0009377498063258827,0.00043955829460173845,2.391678810119629,0.8106400370597839,0.0009612776339054108,0.0017380975186824799,0.0056195855140686035,-0.002900242805480957,1.000963807106018,-0.00012052059173583984,0.4917694330215454,0.0,0.0,0.0,0.0,0.0,0.0,1e-06,24.61508274078369,28.37890625,48.97173309326172,0.0,184.0,0.0,0.0,0.0,0.0,0.0,0.0,0.0,0.0,0.0,0.0,0.0,0.0,0.0,347.4375,512.0,173.0,0.1875,347.4375,512.0,173.0,0.1875,0.0,696.0,696.0,696.0,1.0,194.0198714262806,3.0902331629768014,0.009998661931604147,6.26934963138774,2.080041547305882,205.97268090583384,34.90193765538417,0.0005989015832048006,0.3755225894811465,16695.0,205.97268090583384,81.05443851377836,2.0,2.0,2.0,,0.0,0.0,0.0,0.0,False,True,False,False,False,False,False,False,False,False
185.0,12462.0,12462.0,0.0,12462.0,12462.0,12462.0,0.7478440999984741,1.0,0.0618894100189209,0.004395649768412113,0.008143080398440361,0.9996337890625,2.185647964477539,0.7603269815444946,-0.00011674900451907888,0.0004815016873180866,2.1855249404907227,0.7603632807731628,-3.637373447418213e-05,0.0017492696642875671,0.004775583744049072,-0.00390702486038208,0.9999662637710571,0.0021706819534301758,0.9104151725769043,0.0,0.0,0.0,-0.10458527505397797,-0.10458527505397797,0.16260334849357605,1e-06,24.61508274078369,28.37890625,48.96893310546875,0.0,185.0,0.0,0.125,1.0,0.0,0.125,1.0,0.0,0.1045852079987526,2.561730146408081,-0.3659614622592926,0.1045852079987526,2.561730146408081,-0.3659614622592926,262.875,459.0,141.0,0.0625,262.875,459.0,141.0,0.0625,0.0,516.0,516.0,516.0,1.0,155.0130263241008,2.6317589632235467,0.009967355988919735,4.935660167597234,2.093529166188091,165.18871640134603,36.855213106062955,0.0007998199317059649,0.39605682615930304,12462.0,165.18871640134603,75.44098817089939,2.0,2.0,2.0,,0.125,0.0,1.0,1.0,True,False,False,False,True,True,True,True,True,True
186.0,11562.0,11562.0,0.0,11562.0,11562.0,11562.0,0.6337873935699463,1.0,0.06463474035263062,0.0038618275430053473,0.0075987293384969234,0.9996762871742249,1.8936494588851929,0.6280267238616943,0.00027499039424583316,0.00041020801290869713,1.8933874368667603,0.6279076933860779,0.00011904165148735046,0.0018499866127967834,0.0029044747352600098,-0.0032013654708862305,1.0001211166381836,0.001094818115234375,0.3229635953903198,0.0,0.0,0.0,0.03655729442834854,0.03655730187892914,0.13817258179187775,1e-06,24.61508274078369,28.37890625,48.97629165649414,0.0,186.0,0.0,0.25416669249534607,0.46666666865348816,0.0,0.25416669249534607,0.46666666865348816,0.0,-0.03655727580189705,1.064715027809143,-1.2734829187393188,-0.03655727580189705,1.064715027809143,-1.2734829187393188,257.625,400.0,95.0,0.0625,257.625,400.0,95.0,0.0625,0.0,465.0,465.0,465.0,1.0,787.0601028790697,2.5309988539665937,0.009592024609446526,4.612872533965856,2.4030041811056435,797.1208376768045,190.94131559414598,0.000829616382065951,0.39896839075989066,11562.0,797.1208376768045,14.504701738443142,2.0,2.0,2.0,,0.25416669249534607,0.0,0.46666666865348816,0.46666666865348816,True,False,False,False,True,False,True,True,True,True
187.0,17247.0,17247.0,0.0,17247.0,17247.0,17247.0,0.8250426054000854,1.0,0.06047961115837097,0.004571408499032259,0.007935266010463238,0.9996557831764221,2.263275623321533,0.800764799118042,-0.0005259543540887535,0.0004619272076524794,2.2642157077789307,0.8010294437408447,-0.0002646595239639282,0.0014194101095199585,0.001975417137145996,-0.0025982260704040527,0.9997366070747375,0.002907276153564453,1.0801377296447754,0.0,0.0,0.0,-0.2443130947649479,-0.2443130910396576,0.20780760049819946,1e-06,24.61508274078369,28.37890625,48.98907470703125,0.0,187.0,0.0,0.004166666883975267,0.06666667014360428,0.0,0.004166666883975267,0.06666667014360428,0.0,0.2443130910396576,3.749774694442749,-0.2499849945306778,0.2443130910396576,3.749774694442749,-0.2499849945306778,258.9375,512.0,136.0,0.0625,258.9375,512.0,136.0,0.0625,0.0,819.0,819.0,819.0,1.0,90.00926385680214,3.129875721875578,0.010781741701066494,6.422635570168495,2.090233834926039,102.16381118819118,21.72562487492207,0.0006251372239268564,0.37239146345268714,17247.0,102.16381118819118,168.81711634886162,2.0,2.0,2.0,,0.004166666883975267,0.0,0.06666667014360428,0.06666667014360428,True,False,False,False,True,False,True,True,True,True
188.0,14821.0,14821.0,0.0,14821.0,14821.0,14821.0,0.8800991773605347,1.0,0.07166093587875366,0.0046624112874269485,0.008174479939043522,0.9996480941772461,2.505157232284546,0.9092151522636414,0.0005884565762244165,0.0004936152254231274,2.503624439239502,0.9086475372314453,0.0005676038563251495,0.0016918517649173737,0.0041713714599609375,-0.004042148590087891,1.0005698204040527,0.0007952451705932617,0.09058308601379395,0.0,0.0,0.0,0.0,0.0,0.0,1e-06,24.61508274078369,28.37890625,48.99298095703125,0.0,188.0,0.0,0.0,0.0,0.0,0.0,0.0,0.0,0.0,0.0,0.0,0.0,0.0,0.0,256.3125,512.0,75.0,0.0625,256.3125,512.0,75.0,0.0625,0.0,670.0,670.0,670.0,1.0,82.00845334213227,2.9123417688533664,0.019325226079672575,5.7543895919807255,2.0940754231996834,93.29060833714902,19.997184428708184,0.001303908378629821,0.388259199243015,14821.0,93.29060833714902,158.86915375701506,2.0,2.0,2.0,,0.0,0.0,0.0,0.0,False,True,False,False,False,False,False,False,False,False
189.0,16928.0,16928.0,0.0,16928.0,16928.0,16928.0,0.9355328679084778,1.0,0.057580411434173584,0.004316551610827446,0.00779816834256053,0.9997013807296753,2.9004855155944824,1.0343596935272217,0.0002755679015535861,0.0004884109366685152,2.8996431827545166,1.0340168476104736,0.00034266337752342224,0.0017061568796634674,0.005998969078063965,-0.0026648640632629395,1.0003454685211182,0.0014067888259887695,0.5756638050079346,0.0,0.0,0.0,-0.170228011906147,-0.1702280193567276,0.1862747222185135,1e-06,24.61508274078369,28.37890625,49.12089920043945,0.0,189.0,0.0,0.03333333507180214,0.2666666805744171,0.0,0.03333333507180214,0.2666666805744171,0.0,0.1702280044555664,3.0310497283935547,-0.4330070912837982,0.1702280044555664,3.0310497283935547,-0.4330070912837982,262.0,454.0,82.0,0.0625,262.0,454.0,82.0,0.0625,0.0,796.0,796.0,796.0,1.0,634.0573155828752,3.1116117369383574,0.009526845067739487,6.339994237758219,2.11582912504673,646.134709272068,151.25413062568586,0.0005627862161944404,0.37452706981085887,16928.0,646.134709272068,26.19887115965492,2.0,2.0,2.0,,0.03333333507180214,0.0,0.2666666805744171,0.2666666805744171,True,False,False,False,True,False,True,True,True,True
190.0,9933.0,9933.0,0.0,9933.0,9933.0,9933.0,0.7681264877319336,1.0,0.061415284872055054,0.00430616270750761,0.007848708890378475,0.999668300151825,2.2217259407043457,0.7821851968765259,0.0003120392793789506,0.0004973049508407712,2.2208640575408936,0.7817031145095825,0.00048202089965343475,0.0016780514270067215,0.004984140396118164,-0.005690097808837891,1.0004849433898926,0.0013647079467773438,0.13730168342590332,0.0,0.0,0.0,0.0,0.0,0.0,1e-06,24.61508274078369,28.37890625,49.00458908081055,0.0,190.0,0.0,0.0,0.0,0.0,0.0,0.0,0.0,0.0,0.0,0.0,0.0,0.0,0.0,216.8125,462.0,131.0,0.0625,216.8125,462.0,131.0,0.0625,0.0,404.0,404.0,404.0,1.0,545.0459125898778,2.429426816292107,0.009994411375373602,4.30366672296077,2.4249054957181215,554.7165723368526,157.11902928506134,0.00100618256069401,0.43326957847183833,9933.0,554.7165723368526,17.90644176746926,2.0,2.0,2.0,,0.0,0.0,0.0,0.0,False,True,False,False,False,False,False,False,False,False
191.0,13343.0,13343.0,0.0,13343.0,13343.0,13343.0,0.667759895324707,1.0,0.05732309818267822,0.004319287836551666,0.007926836609840393,0.999637246131897,1.9259250164031982,0.6486713886260986,0.0008817102061584592,0.00044637746759690344,1.9242311716079712,0.6478480100631714,0.0008233431726694107,0.0013975407928228378,0.0041127800941467285,-0.002894163131713867,1.0008249282836914,1.7404556274414062e-05,-0.1568152904510498,0.0,0.0,0.0,-5.8960169553756714e-05,-5.895644426345825e-05,0.15917570888996124,1e-06,24.61508274078369,28.37890625,49.04747009277344,0.0,191.0,0.0,0.0625,1.0,0.0,0.0625,1.0,0.0,5.895142749068327e-05,3.7499847412109375,-0.24999898672103882,5.895142749068327e-05,3.7499847412109375,-0.24999898672103882,264.9375,512.0,144.0,0.0625,264.9375,512.0,144.0,0.0625,0.0,569.0,569.0,569.0,1.0,66.00695151183754,2.7238005148246884,0.010449696332216263,5.181684696115553,2.095434966031462,76.51909959409386,15.571349731502133,0.0007831594343263331,0.38834480222705187,13343.0,76.51909959409386,174.37476487281984,2.0,2.0,2.0,,0.0625,0.0,1.0,1.0,True,False,False,False,True,True,True,True,True,True
192.0,13591.0,13591.0,0.0,13591.0,13591.0,13591.0,1.0418291091918945,1.0,0.0717434287071228,0.004518762230873108,0.008086408488452435,0.9996849298477173,3.1531591415405273,1.1029706001281738,0.0004632725613191724,0.0005165598122403026,3.151763677597046,1.1024800539016724,0.0004905201494693756,0.001088995486497879,0.004418849945068359,-0.0013409852981567383,1.0004918575286865,0.0011359453201293945,-0.06304806470870972,0.0,0.0,0.0,-0.10392529144883156,-0.10392528772354126,0.19530850648880005,1e-06,24.61508274078369,28.37890625,49.07286834716797,0.0,192.0,0.0,0.14166666567325592,0.7333333492279053,0.0,0.14166666567325592,0.7333333492279053,0.0,0.10392525047063828,2.456752061843872,-0.5882363319396973,0.10392525047063828,2.456752061843872,-0.5882363319396973,218.4375,346.0,104.0,0.0625,218.4375,346.0,104.0,0.0625,0.0,631.0,631.0,631.0,1.0,169.01346830185503,2.7192744091153145,0.010289411060512066,5.156410469673574,2.1042881910689175,179.5056666978635,48.35864615217597,0.0007570753484299953,0.37939890145490207,13591.0,179.5056666978635,75.71348721194306,2.0,2.0,2.0,,0.14166666567325592,0.0,0.7333333492279053,0.7333333492279053,True,False,False,False,True,False,True,True,True,True
193.0,19882.0,19882.0,0.0,19882.0,19882.0,19882.0,0.9767472743988037,1.0,0.061492919921875,0.004236108157783747,0.007664506323635578,0.9997125864028931,3.3795886039733887,1.0315245389938354,0.0006292261532507837,0.00047917882329784334,3.3777916431427,1.0307060480117798,0.0008185207843780518,0.0013925433158874512,0.004264891147613525,-0.001497507095336914,1.000820279121399,0.0006561279296875,0.022633075714111328,0.0,0.0,0.0,0.031235896050930023,0.03123590350151062,0.15592153370380402,1e-06,24.61508274078369,28.37890625,49.02458190917969,0.0,193.0,0.0,0.01666666753590107,0.06666667014360428,0.0,0.01666666753590107,0.06666667014360428,0.0,-0.03123588301241398,1.676994800567627,-0.5589982271194458,-0.03123588301241398,1.676994800567627,-0.5589982271194458,279.625,512.0,138.0,0.0625,279.625,512.0,138.0,0.0625,0.0,963.0,963.0,963.0,1.0,191.01646417286247,3.3540862910449505,0.009737430140376091,7.105458020232618,2.160239157266915,204.1470706788823,42.69478412446635,0.0004897610974940193,0.3573814515759289,19882.0,204.1470706788823,97.39057207082749,2.0,2.0,2.0,,0.01666666753590107,0.0,0.06666667014360428,0.06666667014360428,True,False,False,False,True,False,True,True,True,True
194.0,21581.0,21581.0,0.0,21581.0,21581.0,21581.0,0.6703137755393982,1.0,0.06126907467842102,0.004014244303107262,0.007743841968476772,0.9996621608734131,2.025628089904785,0.6865412592887878,0.0007494582096114755,0.00040759475086815655,2.0237250328063965,0.685623824596405,0.0009174197912216187,0.0011029914021492004,0.004658997058868408,-0.0005577802658081055,1.0009186267852783,0.00013339519500732422,-0.2837951183319092,0.0,0.0,0.0,0.0,0.0,0.0,1e-06,24.61508274078369,28.37890625,49.00908660888672,0.0,194.0,0.0,0.0,0.0,0.0,0.0,0.0,0.0,0.0,0.0,0.0,0.0,0.0,0.0,352.8125,512.0,149.0,0.1875,352.8125,512.0,149.0,0.1875,0.0,996.0,996.0,996.0,1.0,930.0756733999588,3.54815516108647,0.009649991989135742,7.7292800061404705,2.399747966323048,944.2681223130785,164.76096960140987,0.0004471522167246996,0.3581520785014814,21581.0,944.2681223130785,22.8547374310754,2.0,2.0,2.0,,0.0,0.0,0.0,0.0,False,True,False,False,False,False,False,False,False,False
195.0,9074.0,9074.0,0.0,9074.0,9074.0,9074.0,0.6956075429916382,1.0,0.06097817420959473,0.004427292384207249,0.00814601220190525,0.9996177554130554,2.0392062664031982,0.7036309242248535,-0.0004104597610421479,0.00044710576185025275,2.0398037433624268,0.7038590908050537,-0.0002281591296195984,0.0020250827074050903,0.003959774971008301,-0.003653883934020996,0.9997745752334595,0.0026154518127441406,1.1941752433776855,0.0,0.0,0.0,0.1638437584042549,0.16384375095367432,0.1976294070482254,1e-06,24.61508274078369,28.37890625,49.09135818481445,0.0,195.0,0.0,0.762499988079071,1.0,0.0,0.762499988079071,1.0,0.0,-0.16384384036064148,0.7439767718315125,-2.388556957244873,-0.16384384036064148,0.7439767718315125,-2.388556957244873,223.125,358.0,126.0,0.0625,223.125,358.0,126.0,0.0625,0.0,344.0,344.0,344.0,1.0,62.00638669682667,2.3001653063111007,0.009365543257445097,3.9578056116588414,2.2059824890457094,70.98060735920444,17.368735769419235,0.0010321295192247187,0.43616989328398076,9074.0,70.98060735920444,127.83773396133564,2.0,2.0,2.0,,0.762499988079071,0.0,1.0,1.0,True,False,False,False,True,True,True,True,True,True
196.0,7033.0,7033.0,0.0,7033.0,7033.0,7033.0,0.6659511923789978,1.0,0.05671238899230957,0.003711751429364085,0.007274975534528494,0.9997106790542603,1.9735832214355469,0.6696813702583313,0.0008316031307913363,0.0003866662736982107,1.971869945526123,0.6688495874404907,0.0008318815380334854,0.001637747511267662,0.0035328269004821777,-0.004285633563995361,1.0008339881896973,-0.00010943412780761719,0.010323405265808105,0.0,0.0,0.0,0.0,0.0,0.0,1e-06,24.61508274078369,28.37890625,49.048194885253906,0.0,196.0,0.0,1.0,1.0,1.0,1.0,1.0,1.0,0.0,0.0,0.0,0.0,0.0,0.0,170.5625,223.0,101.0,0.0625,170.5625,223.0,101.0,0.0625,0.0,269.0,269.0,269.0,1.0,35.00381212774664,2.052351505961269,0.010184233076870441,3.2079479661770165,2.0748191690072417,42.85352123528719,12.826607595363372,0.001448063852818206,0.4561279633409664,7033.0,42.85352123528719,164.11720197706333,2.0,2.0,2.0,,1.0,1.0,1.0,0.0,False,False,True,False,True,True,False,False,False,False
197.0,12686.0,12686.0,0.0,12686.0,12686.0,12686.0,0.9789535999298096,1.0,0.0655442625284195,0.00420500710606575,0.007660320494323969,0.99972003698349,2.937567949295044,1.0236989259719849,0.00010597364598652348,0.0004994761548005044,2.9380147457122803,1.0237210988998413,-2.204999327659607e-05,0.0015178732573986053,0.0023559927940368652,-0.0040209293365478516,0.999979555606842,0.0017954111099243164,0.40156662464141846,0.0,0.0,0.0,-0.0916493684053421,-0.09164935350418091,0.23828448355197906,1e-06,24.61508274078369,28.37890625,49.02608871459961,0.0,197.0,0.0,0.21666666865348816,0.8666666746139526,0.0,0.21666666865348816,0.8666666746139526,0.0,0.0916493609547615,2.0155580043792725,-0.671852707862854,0.0916493609547615,2.0155580043792725,-0.671852707862854,292.875,512.0,146.0,0.0625,292.875,512.0,146.0,0.0625,0.0,500.0,500.0,500.0,1.0,75.006332507357,2.734829207882285,0.010262691881507635,5.195518583059311,2.1005812268704176,85.55176531197503,16.00647300626483,0.0008089777614305246,0.4095474210199678,12686.0,85.55176531197503,148.2844913104825,2.0,2.0,2.0,,0.21666666865348816,0.0,0.8666666746139526,0.8666666746139526,True,False,False,False,True,False,True,True,True,True
198.0,13667.0,13667.0,0.0,13667.0,13667.0,13667.0,0.8288452625274658,1.0,0.08893567323684692,0.004840685520321131,0.008307884447276592,0.9996069669723511,2.3049120903015137,0.8171868920326233,0.0003174005541950464,0.000503372575622052,2.3051092624664307,0.8169455528259277,0.00024133548140525818,0.00225893035531044,0.00515061616897583,-0.0048133134841918945,1.0002450942993164,0.0013812780380249023,0.42269885540008545,0.0,0.0,0.0,0.0,0.0,0.0,1e-06,24.61508274078369,28.37890625,49.02338790893555,0.0,198.0,0.0,0.0,0.0,0.0,0.0,0.0,0.0,0.0,0.0,0.0,0.0,0.0,0.0,219.1875,416.0,137.0,0.0625,219.1875,416.0,137.0,0.0625,0.0,635.0,635.0,635.0,1.0,977.0794432968833,2.715321311727166,0.009366484358906746,5.156096283346415,2.089109930675477,987.555409762077,278.6083385505798,0.0006853357985590654,0.37726613619275734,13667.0,987.555409762077,13.839223465235909,2.0,2.0,2.0,,0.0,0.0,0.0,0.0,False,True,False,False,False,False,False,False,False,False
199.0,9779.0,9779.0,0.0,9779.0,9779.0,9779.0,0.8656372427940369,1.0,0.0563717782497406,0.00395219074562192,0.007308625616133213,0.9997327923774719,2.487706184387207,0.8808048963546753,0.00015650581917725503,0.00043479425949044526,2.4871714115142822,0.8805587291717529,0.0002461634576320648,0.0014926604926586151,0.0034726858139038086,-0.002899765968322754,1.000247597694397,0.001426100730895996,0.3195587396621704,0.0,0.0,0.0,0.0,0.0,0.0,1e-06,24.61508274078369,28.37890625,49.013092041015625,0.0,199.0,0.0,0.0,0.0,0.0,0.0,0.0,0.0,0.0,0.0,0.0,0.0,0.0,0.0,250.1875,512.0,96.0,0.0625,250.1875,512.0,96.0,0.0625,0.0,361.0,361.0,361.0,1.0,61.006849815603346,2.4496429809369147,0.00956534780561924,4.366946022957563,2.094726976007223,70.4294408177957,15.240282242219171,0.0009781519384005767,0.44656365916326446,9779.0,70.4294408177957,138.8481846007941,2.0,2.0,2.0,,0.0,0.0,0.0,0.0,False,True,False,False,False,False,False,False,False,False
200.0,14248.0,14248.0,0.0,14248.0,14248.0,14248.0,0.8033395409584045,1.0,0.04842011630535126,0.003946742508560419,0.007312379777431488,0.9997286200523376,2.3503241539001465,0.8229681849479675,0.0010988335125148296,0.000440108182374388,2.3472704887390137,0.8217886686325073,0.0011795293539762497,0.0017487537115812302,0.004951894283294678,-0.0019898414611816406,1.001181960105896,-0.0004394054412841797,-0.13600295782089233,0.0,0.0,0.0,-0.04637489095330238,-0.046374887228012085,0.18117354810237885,1e-06,24.61508274078369,28.37890625,49.027000427246094,0.0,200.0,0.0,0.03333333507180214,0.5333333611488342,0.0,0.03333333507180214,0.5333333611488342,0.0,0.04637491703033447,3.749971628189087,-0.24999812245368958,0.04637491703033447,3.749971628189087,-0.24999812245368958,234.5,456.0,138.0,0.0625,234.5,456.0,138.0,0.0625,0.0,656.0,656.0,656.0,1.0,61.00662002898753,2.792238328140229,0.009537655860185623,5.372136651072651,2.136582334060222,118.70017750095576,16.259760135657658,0.0006694031344880421,0.3770449642807869,14248.0,118.70017750095576,120.03351890426008,2.0,2.0,2.0,46.88181875087321,0.03333333507180214,0.0,0.5333333611488342,0.5333333611488342,True,False,False,False,True,False,True,True,True,True
201.0,11065.0,11065.0,0.0,11065.0,11065.0,11065.0,0.8454359769821167,1.0,0.07705730199813843,0.004378512501716614,0.00781667698174715,0.9996786117553711,2.4802911281585693,0.8712335228919983,0.0010220964904874563,0.00046543069765903056,2.4775311946868896,0.8704217672348022,0.0008117184042930603,0.0015959367156028748,0.005130290985107422,-0.0035583972930908203,1.0008140802383423,-0.00018858909606933594,-0.07407510280609131,0.0,0.0,0.0,0.049410611391067505,0.049410611391067505,0.163831427693367,1e-06,24.61508274078369,28.37890625,49.650779724121094,0.0,201.0,0.0,0.21666668355464935,0.46666666865348816,0.0,0.21666668355464935,0.46666666865348816,0.0,-0.0494106262922287,1.490090012550354,-1.2914115190505981,-0.0494106262922287,1.490090012550354,-1.2914115190505981,275.5625,512.0,104.0,0.0625,275.5625,512.0,104.0,0.0625,0.0,416.0,416.0,416.0,1.0,669.0592809398659,2.671521747019142,0.009624292142689228,4.799327463377267,2.113335069268942,679.1603811271489,151.74853276023268,0.0008697959460180053,0.43373949058990213,11065.0,679.1603811271489,16.292175320410024,2.0,2.0,2.0,,0.21666668355464935,0.0,0.46666666865348816,0.46666666865348816,True,False,False,False,True,False,True,True,True,True
202.0,18050.0,18050.0,0.0,18050.0,18050.0,18050.0,0.8178589344024658,1.0,0.06318974494934082,0.004360639024525881,0.007876742631196976,0.9996792078018188,2.3223719596862793,0.834713876247406,0.0005932315834797919,0.0004950845614075661,2.3215959072113037,0.8342676162719727,0.0004463121294975281,0.0015188157558441162,0.003253459930419922,-0.002038717269897461,1.0004477500915527,0.0007957220077514648,0.11789417266845703,0.0,0.0,0.0,-0.0019875625148415565,-0.001987554132938385,0.14938008785247803,1e-06,24.61508274078369,28.37890625,49.084075927734375,0.0,202.0,0.0,0.0833333358168602,0.2222222238779068,0.0,0.0833333358168602,0.2222222238779068,0.0,0.001987539464607835,1.4596701860427856,-0.8758020997047424,0.001987539464607835,1.4596701860427856,-0.8758020997047424,312.125,512.0,185.0,0.1875,312.125,512.0,185.0,0.1875,0.0,816.0,816.0,816.0,1.0,123.0114919883199,3.2272331337444484,0.00991095695644617,6.7294357577338815,2.1061027478426695,135.58618119498715,24.63185662561472,0.0005490834878917546,0.3728219256362261,18050.0,135.58618119498715,133.12566104389506,2.0,2.0,2.0,,0.0833333358168602,0.0,0.2222222238779068,0.2222222238779068,True,False,False,False,True,False,True,True,True,True
203.0,16487.0,16487.0,0.0,16487.0,16487.0,16487.0,0.7629026174545288,1.0,0.05625772476196289,0.004412118811160326,0.007854890078306198,0.9996593594551086,2.2492005825042725,0.7911178469657898,6.294048216659576e-05,0.00046890214434824884,2.2497172355651855,0.7914436459541321,-0.0003257840871810913,0.002128005027770996,0.002971351146697998,-0.005576372146606445,0.9996777176856995,0.0017563104629516602,0.8031959533691406,0.0,0.0,0.0,-0.04815337620675564,-0.04815337061882019,0.17233942449092865,1e-06,24.61508274078369,28.37890625,49.11824035644531,0.0,203.0,0.0,0.28333333134651184,0.9333333373069763,0.0,0.28333333134651184,0.9333333373069763,0.0,0.0481533408164978,2.169339179992676,-0.9456093907356262,0.0481533408164978,2.169339179992676,-0.9456093907356262,222.4375,376.0,104.0,0.0625,222.4375,376.0,104.0,0.0625,0.0,808.0,808.0,808.0,1.0,48.00480922823772,3.0385720641352236,0.009722106158733368,6.131128326058388,2.100663274060935,59.78533570980653,13.488285818555132,0.0005896831539232953,0.37187652854117714,16487.0,59.78533570980653,275.76996606704097,2.0,2.0,2.0,,0.28333333134651184,0.0,0.9333333373069763,0.9333333373069763,True,False,False,False,True,False,True,True,True,True
204.0,15734.0,15734.0,0.0,15734.0,15734.0,15734.0,0.6431092023849487,1.0,0.061940670013427734,0.003945648670196533,0.007697604596614838,0.9996713995933533,2.0489935874938965,0.6976875066757202,0.001330997096374631,0.0004225914890412241,2.0468623638153076,0.6965448260307312,0.0011427104473114014,0.0017106011509895325,0.004414021968841553,-0.0013686418533325195,1.0011451244354248,-0.0009770989418029785,-0.2196102738380432,0.0,0.0,0.0,-0.14339080452919006,-0.14339078962802887,0.15082307159900665,1e-06,24.61508274078369,28.37890625,49.09284973144531,0.0,204.0,0.0,0.02500000037252903,0.4000000059604645,0.0,0.02500000037252903,0.4000000059604645,0.0,0.1433907002210617,3.749962568283081,-0.24999751150608063,0.1433907002210617,3.749962568283081,-0.24999751150608063,325.375,512.0,153.0,0.125,325.375,512.0,153.0,0.125,0.0,658.0,658.0,658.0,1.0,87.00943208299577,3.0012493110261858,0.010769071988761425,5.990596828050911,2.0956871188245714,98.61120405886322,16.713298517671106,0.0006844459125944722,0.38074213982781946,15734.0,98.61120405886322,159.55590594561673,2.0,2.0,2.0,,0.02500000037252903,0.0,0.4000000059604645,0.4000000059604645,True,False,False,False,True,False,True,True,True,True
205.0,10482.0,10482.0,0.0,10482.0,10482.0,10482.0,0.8170455098152161,1.0,0.05208641290664673,0.004604412708431482,0.007858817465603352,0.9996495246887207,2.259798526763916,0.8032596707344055,0.0005060079274699092,0.0004784419434145093,2.2580747604370117,0.8026266098022461,0.0006330721080303192,0.0016327239573001862,0.005976200103759766,-0.001895129680633545,1.0006358623504639,0.0008984804153442383,0.03919863700866699,0.0,0.0,0.0,0.0,0.0,0.0,1e-06,24.61508274078369,28.37890625,49.085205078125,0.0,205.0,0.0,0.0,0.0,0.0,0.0,0.0,0.0,0.0,0.0,0.0,0.0,0.0,0.0,211.125,311.0,100.0,0.0625,211.125,311.0,100.0,0.0625,0.0,444.0,444.0,444.0,1.0,146.0149439163506,2.41151175275445,0.0105537548661232,4.2337696948088706,2.1382532943971455,155.30847919592634,43.225264628878215,0.001006845531971303,0.4039085761122754,10482.0,155.30847919592634,67.49148568235377,2.0,2.0,2.0,,0.0,0.0,0.0,0.0,False,True,False,False,False,False,False,False,False,False
206.0,7490.0,7490.0,0.0,7490.0,7490.0,7490.0,0.7817590832710266,1.0,0.05424049496650696,0.004520340356975794,0.008072267286479473,0.9996452927589417,2.132559299468994,0.7342848777770996,0.0007732022786512971,0.0004436215094756335,2.1308741569519043,0.7333841323852539,0.0009006652981042862,0.0016766134649515152,0.006451308727264404,-0.001974165439605713,1.0009033679962158,0.00023162364959716797,-0.10427576303482056,0.0,0.0,0.0,0.051814178590575466,0.05181417986750603,0.2141145020723343,1e-06,24.61508274078369,28.37890625,49.13714599609375,0.0,206.0,0.0,0.8500000238418579,1.0,0.0,0.8500000238418579,1.0,0.0,-0.051814161241054535,0.5161834955215454,-2.9250404834747314,-0.051814161241054535,0.5161834955215454,-2.9250404834747314,194.125,358.0,58.0,0.0625,194.125,358.0,58.0,0.0625,0.0,274.0,274.0,274.0,1.0,40.00452215410769,2.1486888392828405,0.010243208147585392,3.4832351291552186,2.092255935072899,48.23914496926591,12.879756005829906,0.0013675845323879029,0.46505141911284625,7490.0,48.23914496926591,155.26809201887852,2.0,2.0,2.0,,0.8500000238418579,0.0,1.0,1.0,True,False,False,False,True,True,True,True,True,True
207.0,16114.0,16114.0,0.0,16114.0,16114.0,16114.0,0.6992833614349365,1.0,0.05806851387023926,0.003910981118679047,0.007463278714567423,0.9997068643569946,2.1911308765411377,0.7499498128890991,0.0005491449264809489,0.00040583463851362467,2.1900763511657715,0.7493680715560913,0.0005817953497171402,0.0015773270279169083,0.0046120285987854,-0.0029619336128234863,1.0005840063095093,0.0005223751068115234,0.10817492008209229,0.0,0.0,0.0,0.0281735360622406,0.0281735360622406,0.14922331273555756,1e-06,24.61508274078369,28.37890625,49.08195114135742,0.0,207.0,0.0,0.02500000223517418,0.13333334028720856,0.0,0.02500000223517418,0.13333334028720856,0.0,-0.02817350998520851,2.2606799602508545,-0.5216954350471497,-0.02817350998520851,2.2606799602508545,-0.5216954350471497,246.125,484.0,117.0,0.0625,246.125,484.0,117.0,0.0625,0.0,761.0,761.0,761.0,1.0,169.0155234830454,2.9793998836539686,0.010205098893493414,5.951053197029978,2.100966891273856,180.55892207706347,42.91912734460269,0.0006333063729361682,0.36930949466488633,16114.0,180.55892207706347,89.24510522455635,2.0,2.0,2.0,,0.02500000223517418,0.0,0.13333334028720856,0.13333334028720856,True,False,False,False,True,False,True,True,True,True
208.0,11839.0,11839.0,0.0,11839.0,11839.0,11839.0,0.714320957660675,1.0,0.0611882209777832,0.0037571818102151155,0.007291862275451422,0.9997105002403259,2.139594316482544,0.7376803159713745,0.0003395238018129021,0.00039280581404455006,2.139301300048828,0.7374047636985779,0.0002754628658294678,0.0015217214822769165,0.004965364933013916,-0.004146456718444824,1.0002776384353638,0.0008957386016845703,0.1454716920852661,0.0,0.0,0.0,0.0,0.0,0.0,1e-06,24.61508274078369,28.37890625,49.275596618652344,0.0,208.0,0.0,0.0,0.0,0.0,0.0,0.0,0.0,0.0,0.0,0.0,0.0,0.0,0.0,269.9375,512.0,94.0,0.125,269.9375,512.0,94.0,0.125,0.0,470.0,470.0,470.0,1.0,676.0687799463049,2.63673095125705,0.009654609952121973,4.933966232929379,2.392732171807438,686.5468297661282,156.53363740363622,0.000815492013862824,0.4167553199534909,11839.0,686.5468297661282,17.244271602030334,2.0,2.0,2.0,,0.0,0.0,0.0,0.0,False,True,False,False,False,False,False,False,False,False
209.0,12672.0,12672.0,0.0,12672.0,12672.0,12672.0,0.643412172794342,1.0,0.06020152568817139,0.004231009632349014,0.007971365004777908,0.9996300935745239,1.969193458557129,0.6595326066017151,0.0007397841545753181,0.00041867041727527976,1.9673182964324951,0.6587278842926025,0.0008047856390476227,0.001482546329498291,0.004402279853820801,-0.0029677748680114746,1.0008065700531006,0.00019443035125732422,0.003274202346801758,0.0,0.0,0.0,0.055563085712492466,0.05556308478116989,0.10953988879919052,1e-06,24.61508274078369,28.37890625,49.40275192260742,0.0,209.0,0.0,0.07916666567325592,1.0,0.0,0.07916666567325592,1.0,0.0,-0.05556308105587959,3.6195335388183594,-0.31118160486221313,-0.05556308105587959,3.6195335388183594,-0.31118160486221313,349.0,512.0,182.0,0.125,349.0,512.0,182.0,0.125,0.0,443.0,443.0,443.0,1.0,459.04085148498416,2.7050955621525645,0.009941717144101858,5.104131523985416,2.3887110836803913,469.75119886081666,82.2064562114943,0.0007845420726090482,0.40278815688016223,12672.0,469.75119886081666,26.975982244921546,2.0,2.0,2.0,,0.07916666567325592,0.0,1.0,1.0,True,False,False,False,True,True,True,True,True,True
210.0,17507.0,17507.0,0.0,17507.0,17507.0,17507.0,0.7350109815597534,1.0,0.09313607215881348,0.004635307472199202,0.008351359516382217,0.9996122121810913,2.174182415008545,0.7539835572242737,0.0005029414896853268,0.0004948146524839103,2.1724355220794678,0.7532979846000671,0.0006855800747871399,0.0014882683753967285,0.0030347108840942383,-0.0038412809371948242,1.0006872415542603,0.0009740591049194336,0.9718472957611084,0.0,0.0,0.0,0.0,0.0,0.0,1e-06,24.61508274078369,28.37890625,49.119789123535156,0.0,210.0,0.0,0.0,0.0,0.0,0.0,0.0,0.0,0.0,0.0,0.0,0.0,0.0,0.0,269.1875,512.0,104.0,0.0625,269.1875,512.0,104.0,0.0625,0.0,825.0,825.0,825.0,1.0,57.006115748081356,3.1298057259991765,0.00967368297278881,6.402582332957536,2.110405676998198,69.15980127174407,13.235689748799944,0.0005525608598154345,0.3657155613730243,17507.0,69.15980127174407,253.13837920399953,2.0,2.0,2.0,,0.0,0.0,0.0,0.0,False,True,False,False,False,False,False,False,False,False
211.0,16238.0,16238.0,0.0,16238.0,16238.0,16238.0,0.6279568672180176,1.0,0.06144702434539795,0.003971119876950979,0.0076025002636015415,0.9996681809425354,1.984903335571289,0.6717897653579712,0.00028126107645221055,0.00039285593084059656,1.9850711822509766,0.6718063950538635,-1.6633421182632446e-05,0.0019339881837368011,0.006767451763153076,-0.0032342076301574707,0.9999864101409912,0.0010094642639160156,0.3478732109069824,0.0,0.0,0.0,0.0,0.0,0.0,1e-06,24.61508274078369,28.37890625,49.1005744934082,0.0,211.0,0.0,0.0,0.0,0.0,0.0,0.0,0.0,0.0,0.0,0.0,0.0,0.0,0.0,270.875,512.0,120.0,0.0625,270.875,512.0,120.0,0.0625,0.0,744.0,744.0,744.0,1.0,61.006787543185055,3.05408159410581,0.010354734025895596,6.192883332259953,2.0820495667867362,72.84867560304701,14.076323844758896,0.0006376853076669292,0.38138214880280535,16238.0,72.84867560304701,222.9004146689088,2.0,2.0,2.0,,0.0,0.0,0.0,0.0,False,True,False,False,False,False,False,False,False,False
212.0,19991.0,19991.0,0.0,19991.0,19991.0,19991.0,0.6981028318405151,1.0,0.06061413884162903,0.0039056981913745403,0.007571987342089415,0.999689519405365,2.132145881652832,0.7245035767555237,0.0007482136716134846,0.00043430968071334064,2.13070011138916,0.7237755656242371,0.000727970153093338,0.000979635864496231,0.003050386905670166,-0.0006788969039916992,1.000728726387024,0.00024175643920898438,-0.27653759717941284,0.0,0.0,0.0,0.0,0.0,0.0,1e-06,24.61508274078369,28.37890625,51.5475959777832,0.0,212.0,0.0,0.0,0.0,0.0,0.0,0.0,0.0,0.0,0.0,0.0,0.0,0.0,0.0,337.4375,469.0,171.0,0.0625,337.4375,469.0,171.0,0.0625,0.0,912.0,912.0,912.0,1.0,1792.1472504800186,3.8968734480440617,0.009678634814918041,7.724308499135077,2.1661921478807926,1806.4902929100208,331.9405909390662,0.0004841496080695333,0.38638930014181766,19991.0,1806.4902929100208,11.066209477271588,2.0,2.0,2.0,,0.0,0.0,0.0,0.0,False,True,False,False,False,False,False,False,False,False
213.0,16519.0,16519.0,0.0,16519.0,16519.0,16519.0,0.7162045836448669,1.0,0.06002268195152283,0.004130977671593428,0.007802621461451054,0.999666154384613,2.6246626377105713,0.793597936630249,0.0007194401696324348,0.0004210776824038476,2.6208415031433105,0.7926797270774841,0.0009181462228298187,0.0013209469616413116,0.003706634044647217,-0.0017386674880981445,1.0009195804595947,0.00024259090423583984,-0.10053938627243042,0.0,0.0,0.0,0.02935098111629486,0.02935098111629486,0.13982424139976501,1e-06,24.61508274078369,28.37890625,49.62382125854492,0.0,213.0,0.0,0.03750000149011612,0.20000000298023224,0.0,0.03750000149011612,0.20000000298023224,0.0,-0.02935105189681053,2.0155394077301025,-0.4651245176792145,-0.02935105189681053,2.0155394077301025,-0.4651245176792145,334.4375,512.0,154.0,0.125,334.4375,512.0,154.0,0.125,0.0,698.0,698.0,698.0,1.0,70.00752255879343,3.0753927882760763,0.009922103025019169,6.232004276011139,2.10746248671785,81.93337819166481,13.083072801120057,0.0006006479220908753,0.3772628050130843,16519.0,81.93337819166481,201.6150238716814,2.0,2.0,2.0,,0.03750000149011612,0.0,0.20000000298023224,0.20000000298023224,True,False,False,False,True,False,True,True,True,True
214.0,14427.0,14427.0,0.0,14427.0,14427.0,14427.0,0.7928922176361084,1.0,0.06188717484474182,0.0041078804060816765,0.007609263528138399,0.9996963739395142,2.3463635444641113,0.8198754787445068,-0.00014498800737783313,0.00044361918116919696,2.3461668491363525,0.8198145031929016,6.097927689552307e-05,0.0015804432332515717,0.0053310394287109375,-0.0028502941131591797,1.0000629425048828,0.002069711685180664,0.6008045673370361,0.0,0.0,0.0,0.040996978990733624,0.0409969836473465,0.15571001172065735,1e-06,24.61508274078369,28.37890625,49.64470291137695,0.0,214.0,0.0,0.5750000476837158,0.7333333492279053,0.0,0.5750000476837158,0.7333333492279053,0.0,-0.0409969836473465,0.5479937791824341,-1.9900833368301392,-0.0409969836473465,0.5479937791824341,-1.9900833368301392,306.6875,512.0,117.0,0.125,306.6875,512.0,117.0,0.125,0.0,595.0,595.0,595.0,1.0,66.00724745495245,2.888503692112863,0.010129572823643684,5.700593153014779,2.094190550968051,77.20035458402708,13.451650184420714,0.0007021260708147005,0.39513364892318426,14427.0,77.20035458402708,186.87738000344595,2.0,2.0,2.0,,0.5750000476837158,0.0,0.7333333492279053,0.7333333492279053,True,False,False,False,True,False,True,True,True,True
215.0,6556.0,6556.0,0.0,6556.0,6556.0,6556.0,0.752610981464386,1.0,0.04488343000411987,0.003951326012611389,0.007322754245251417,0.9997107982635498,2.1352744102478027,0.7488588690757751,0.0006685163243673742,0.0004087608540430665,2.1336746215820312,0.7480818629264832,0.000777028501033783,0.0019401460886001587,0.006093025207519531,-0.002980470657348633,1.0007803440093994,0.0003038644790649414,0.029247045516967773,0.0,0.0,0.0,0.0,0.0,0.0,1e-06,24.61508274078369,28.37890625,49.651939392089844,0.0,215.0,0.0,1.0,1.0,1.0,1.0,1.0,1.0,0.0,0.0,0.0,0.0,0.0,0.0,158.75,219.0,107.0,0.0625,158.75,219.0,107.0,0.0625,0.0,251.0,251.0,251.0,1.0,34.0039979419671,2.010725204832852,0.009874782990664244,3.1090978370048106,2.091516620013863,41.72834448283538,13.387400764553977,0.0015062207124259066,0.4742370099153158,6556.0,41.72834448283538,157.11143303796194,2.0,2.0,2.0,,1.0,1.0,1.0,0.0,False,False,True,False,True,True,False,False,False,False
216.0,11703.0,11703.0,0.0,11703.0,11703.0,11703.0,0.8555094003677368,1.0,0.07437962293624878,0.004344303160905838,0.007913084700703621,0.9996801018714905,2.791672706604004,0.9488832950592041,0.001077745808288455,0.00047078466741368175,2.789029121398926,0.9478991627693176,0.0009841583669185638,0.001614350825548172,0.0029011964797973633,-0.0028493404388427734,1.000985860824585,-0.00027680397033691406,-0.1803911328315735,0.0,0.0,0.0,0.13594048097729683,0.13594049215316772,0.1772165447473526,1e-06,24.61508274078369,28.37890625,49.63671875,0.0,216.0,0.0,0.3333333432674408,0.8666666746139526,0.0,0.3333333432674408,0.8666666746139526,0.0,-0.13594044744968414,1.374683141708374,-0.8591769933700562,-0.13594044744968414,1.374683141708374,-0.8591769933700562,247.4375,512.0,122.0,0.0625,247.4375,512.0,122.0,0.0625,0.0,484.0,484.0,484.0,1.0,63.006943720858544,2.611942053772509,0.010130865033715963,4.839387971907854,2.1260506780818105,73.0974556831643,15.914863278822567,0.0008656639352060124,0.41351687361427447,11703.0,73.0974556831643,160.10133171701375,2.0,2.0,2.0,,0.3333333432674408,0.0,0.8666666746139526,0.8666666746139526,True,False,False,False,True,False,True,True,True,True
217.0,15194.0,15194.0,0.0,15194.0,15194.0,15194.0,0.735034704208374,1.0,0.06219083070755005,0.0039037696551531553,0.007650461513549089,0.999697208404541,2.395674228668213,0.8255971670150757,0.0005769811104983091,0.00042697080061770976,2.39568829536438,0.825405478477478,0.00019171088933944702,0.0012085139751434326,0.0025296807289123535,-0.00522160530090332,1.0001932382583618,0.0005552768707275391,-0.10011374950408936,0.0,0.0,0.0,0.0,0.0,0.0,1e-06,24.61508274078369,28.37890625,49.61746597290039,0.0,217.0,0.0,0.0,0.0,0.0,0.0,0.0,0.0,0.0,0.0,0.0,0.0,0.0,0.0,304.625,512.0,84.0,0.0625,304.625,512.0,84.0,0.0625,0.0,645.0,645.0,645.0,1.0,72.00741033721715,2.937911698129028,0.009807610418647528,5.828296265099198,2.0992336329072714,83.38605166925117,14.773781357656372,0.0006454923271454211,0.38359196163611936,15194.0,83.38605166925117,182.21272857799582,2.0,2.0,2.0,,0.0,0.0,0.0,0.0,False,True,False,False,False,False,False,False,False,False
218.0,11575.0,11575.0,0.0,11575.0,11575.0,11575.0,0.7086071968078613,1.0,0.05669623613357544,0.004209704231470823,0.007770896889269352,0.999660313129425,1.978042721748352,0.670556902885437,-0.0004913996090181172,0.0004304017929825932,1.979077696800232,0.6710802316665649,-0.0005234051495790482,0.0015596281737089157,0.0024730563163757324,-0.003007352352142334,0.9994780421257019,0.00271451473236084,0.6040666103363037,0.0,0.0,0.0,0.0437890850007534,0.0437890887260437,0.1524338275194168,1e-06,24.61508274078369,28.37890625,49.62841796875,0.0,218.0,0.0,0.02083333395421505,0.2666666805744171,0.0,0.02083333395421505,0.2666666805744171,0.0,-0.043789058923721313,3.6348187923431396,-0.3080354630947113,-0.043789058923721313,3.6348187923431396,-0.3080354630947113,239.4375,441.0,119.0,0.0625,239.4375,441.0,119.0,0.0625,0.0,484.0,484.0,484.0,1.0,54.00568415503949,2.5673598633147776,0.010380525141954422,4.718596814200282,2.1040622303262353,63.915679102763534,14.097020139660529,0.0008968056278146368,0.4076541524147112,11575.0,63.915679102763534,181.09797411977323,2.0,2.0,2.0,,0.02083333395421505,0.0,0.2666666805744171,0.2666666805744171,True,False,False,False,True,False,True,True,True,True
219.0,13109.0,13109.0,0.0,13109.0,13109.0,13109.0,0.993040919303894,1.0,0.05826228857040405,0.004311316180974245,0.007495079189538956,0.9997156858444214,2.7151708602905273,0.9590325355529785,0.0013150061713531613,0.0004903346416540444,2.7112319469451904,0.9579421281814575,0.00109047070145607,0.001619923859834671,0.00460362434387207,-0.002441227436065674,1.0010924339294434,-0.0006710290908813477,-0.2650177478790283,0.0,0.0,0.0,-0.03270132793113589,-0.03270132839679718,0.17373229563236237,1e-06,24.61508274078369,28.37890625,49.658565521240234,0.0,219.0,0.0,0.0416666679084301,0.13333334028720856,0.0,0.0416666679084301,0.13333334028720856,0.0,0.032701391726732254,1.436118245124817,-0.6527810096740723,0.032701391726732254,1.436118245124817,-0.6527810096740723,229.3125,512.0,134.0,0.0625,229.3125,512.0,134.0,0.0625,0.0,590.0,590.0,590.0,1.0,156.0143440440297,2.7115753619000316,0.010236776899546385,5.149002877064049,2.1149420021101832,166.50200866395608,42.522306907612354,0.0007808968570864586,0.3927838032698184,13109.0,166.50200866395608,78.73178290874158,2.0,2.0,2.0,,0.0416666679084301,0.0,0.13333334028720856,0.13333334028720856,True,False,False,False,True,False,True,True,True,True
220.0,15677.0,15677.0,0.0,15677.0,15677.0,15677.0,0.7786256670951843,1.0,0.11634817719459534,0.00393145065754652,0.00763724697753787,0.9996941685676575,2.2742302417755127,0.7681055068969727,0.0006221323856152594,0.0003965001960750669,2.2734079360961914,0.767379641532898,0.0007258448749780655,0.0013151410967111588,0.002695798873901367,-0.0021375417709350586,1.0007270574569702,0.00034165382385253906,-0.09508991241455078,0.0,0.0,0.0,-0.07927597500383854,-0.07927598059177399,0.15472561120986938,1e-06,24.61508274078369,28.37890625,49.65024948120117,0.0,220.0,0.0,0.4541666507720947,0.7333333492279053,0.0,0.4541666507720947,0.7333333492279053,0.0,0.07927596569061279,1.1752288341522217,-1.9119391441345215,0.07927596569061279,1.1752288341522217,-1.9119391441345215,244.8125,348.0,152.0,0.0625,244.8125,348.0,152.0,0.0625,0.0,735.0,735.0,735.0,1.0,51.00586831988767,2.9333794158883393,0.009660376235842705,5.777672162279487,2.1066029448993504,62.335764405317605,13.021666663234022,0.0006162133211611089,0.3685445022822917,15677.0,62.335764405317605,251.49286528461437,2.0,2.0,2.0,,0.4541666507720947,0.0,0.7333333492279053,0.7333333492279053,True,False,False,False,True,False,True,True,True,True
221.0,10145.0,10145.0,0.0,10145.0,10145.0,10145.0,0.6744338274002075,1.0,0.04743009805679321,0.0042269183322787285,0.00780907180160284,0.9996655583381653,2.118344783782959,0.7345890998840332,0.001260472577996552,0.00048417478683404624,2.1154069900512695,0.7331973314285278,0.001391751691699028,0.002167409285902977,0.006556332111358643,-0.0018776655197143555,1.0013954639434814,-0.0005880594253540039,-0.0948147177696228,0.0,0.0,0.0,-0.05614819750189781,-0.05614819377660751,0.011537016369402409,1e-06,24.61508274078369,28.37890625,49.69718933105469,0.0,221.0,0.0,0.6666666269302368,0.6666666865348816,0.6666666865348816,0.6666666269302368,0.6666666865348816,0.6666666865348816,0.056148186326026917,0.05614819750189781,0.05614819750189781,0.056148186326026917,0.05614819750189781,0.05614819750189781,186.0625,342.0,63.0,0.0625,186.0625,342.0,63.0,0.0625,0.0,448.0,448.0,448.0,1.0,37.004172482993454,2.3911550850607455,0.009153592865914106,4.217220230959356,2.10300947772339,46.22769721318036,12.430020988576908,0.0009022762805238154,0.4156944535198971,10145.0,46.22769721318036,219.45717852256493,2.0,2.0,2.0,,0.6666666269302368,0.6666666865348816,0.6666666865348816,0.0,False,False,False,True,True,False,True,True,True,True
222.0,14303.0,14303.0,0.0,14303.0,14303.0,14303.0,0.7288442850112915,1.0,0.059981197118759155,0.004544864408671856,0.008161558769643307,0.9996278285980225,2.0937352180480957,0.730094850063324,-9.834191587287933e-05,0.00046157522592693567,2.094733715057373,0.7305406928062439,-0.0004457887262105942,0.001469561830163002,0.002774178981781006,-0.005891203880310059,0.9995562434196472,0.0020482540130615234,0.6945617198944092,0.0,0.0,0.0,-0.020725615322589874,-0.020725615322589874,0.14580541849136353,1e-06,24.61508274078369,28.37890625,49.64535140991211,0.0,222.0,0.0,0.125,1.0,0.0,0.125,1.0,0.0,0.020725592970848083,2.561730146408081,-0.3659614622592926,0.020725592970848083,2.561730146408081,-0.3659614622592926,318.9375,512.0,127.0,0.0625,318.9375,512.0,127.0,0.0625,0.0,575.0,575.0,575.0,1.0,62.00631070602685,2.8310793228447437,0.00968159968033433,5.515638770069927,2.102901032194495,72.96910171536729,12.150952519307634,0.0006768929371694281,0.3856281038991769,14303.0,72.96910171536729,196.01447275303087,2.0,2.0,2.0,,0.125,0.0,1.0,1.0,True,False,False,False,True,True,True,True,True,True
223.0,10636.0,10636.0,0.0,10636.0,10636.0,10636.0,0.9627563953399658,1.0,0.054418981075286865,0.004255269654095173,0.007706121541559696,0.9997081160545349,2.787080764770508,0.9803937077522278,-0.0001869339612312615,0.0004637072852347046,2.786787986755371,0.9805703163146973,-0.00017661228775978088,0.0015329234302043915,0.003634810447692871,-0.0038254261016845703,0.9998252391815186,0.002234816551208496,1.084979772567749,0.0,0.0,0.0,0.0,0.0,0.0,1e-06,24.61508274078369,28.37890625,50.97311019897461,0.0,223.0,0.0,0.0,0.0,0.0,0.0,0.0,0.0,0.0,0.0,0.0,0.0,0.0,0.0,237.75,384.0,143.0,0.0625,237.75,384.0,143.0,0.0625,0.0,427.0,427.0,427.0,1.0,77.0076945470646,2.8054394740611315,0.011750159319490194,4.766274796798825,2.121434648986906,87.24936539120972,20.24387343508533,0.0011047536028102852,0.44812662625035965,10636.0,87.24936539120972,121.90346545571053,2.0,2.0,2.0,,0.0,0.0,0.0,0.0,False,True,False,False,False,False,False,False,False,False
224.0,13844.0,13844.0,0.0,13844.0,13844.0,13844.0,0.7472773194313049,1.0,0.05626526474952698,0.004221020732074976,0.007764576002955437,0.9996733069419861,2.2732901573181152,0.7964341640472412,0.000696636619977653,0.00044256538967601955,2.2720630168914795,0.7958763837814331,0.0005577877163887024,0.0017094463109970093,0.0035638809204101562,-0.003629446029663086,1.00055992603302,0.0003777742385864258,-0.020590484142303467,0.0,0.0,0.0,0.17908255755901337,0.17908255755901337,0.15862677991390228,1e-06,24.61508274078369,28.37890625,49.73691940307617,0.0,224.0,0.0,0.4500000476837158,0.800000011920929,0.0,0.4500000476837158,0.800000011920929,0.0,-0.17908258736133575,0.8539103269577026,-1.0978848934173584,-0.17908258736133575,0.8539103269577026,-1.0978848934173584,254.25,512.0,97.0,0.0625,254.25,512.0,97.0,0.0625,0.0,611.0,611.0,611.0,1.0,65.00579149182886,2.8250351431779563,0.009655365720391273,5.4765407419763505,2.085795072838664,75.90570910088718,15.979791418836985,0.0006974404594330593,0.395589478617188,13844.0,75.90570910088718,182.3841732589544,2.0,2.0,2.0,,0.4500000476837158,0.0,0.800000011920929,0.800000011920929,True,False,False,False,True,False,True,True,True,True
225.0,16584.0,16584.0,0.0,16584.0,16584.0,16584.0,0.8743547201156616,1.0,0.09234341979026794,0.004321737680584192,0.007783837616443634,0.9996922612190247,2.5785486698150635,0.9264190793037415,0.0005742133944295347,0.0004895952879451215,2.5776901245117188,0.9260357618331909,0.00038329511880874634,0.0015647709369659424,0.004915773868560791,-0.004443526268005371,1.0003855228424072,0.0008071660995483398,0.15964019298553467,0.0,0.0,0.0,0.056498089572414756,0.05649808794260025,0.17167435586452484,1e-06,24.61508274078369,28.37890625,49.692718505859375,0.0,225.0,0.0,0.5791666507720947,0.9333333373069763,0.0,0.5791666507720947,0.9333333373069763,0.0,-0.056498002260923386,0.8361976146697998,-1.3674288988113403,-0.056498002260923386,0.8361976146697998,-1.3674288988113403,270.5,512.0,98.0,0.0625,270.5,512.0,98.0,0.0625,0.0,766.0,766.0,766.0,1.0,82.00904000876471,3.0609567197971046,0.010648014955222607,6.200642320793122,2.1006223568692803,93.88458091812208,18.948484290380016,0.0006420655424036787,0.373893048769484,16584.0,93.88458091812208,176.64242453681626,2.0,2.0,2.0,,0.5791666507720947,0.0,0.9333333373069763,0.9333333373069763,True,False,False,False,True,False,True,True,True,True
226.0,15091.0,15091.0,0.0,15091.0,15091.0,15091.0,0.9662022590637207,1.0,0.05663609504699707,0.004104707855731249,0.007424166891723871,0.999728798866272,2.7656090259552,0.9949607849121094,-0.00020763560314662755,0.000450981839094311,2.7660210132598877,0.995106041431427,-0.00014509260654449463,0.001071050763130188,0.0023342370986938477,-0.002883315086364746,0.9998557567596436,0.002229452133178711,0.6585357189178467,0.0,0.0,0.0,0.0,0.0,0.0,1e-06,24.61508274078369,28.37890625,49.7415885925293,0.0,226.0,0.0,0.0,0.0,0.0,0.0,0.0,0.0,0.0,0.0,0.0,0.0,0.0,0.0,294.1875,512.0,125.0,0.0625,294.1875,512.0,125.0,0.0625,0.0,649.0,649.0,649.0,1.0,186.01953849894926,2.9199677617289126,0.011609111912548542,5.778622963000089,2.0846638549119234,197.32118676789105,39.5197659866049,0.0007692738660492043,0.38291849201511424,15091.0,197.32118676789105,76.47936973819009,2.0,2.0,2.0,,0.0,0.0,0.0,0.0,False,True,False,False,False,False,False,False,False,False
227.0,17648.0,17648.0,0.0,17648.0,17648.0,17648.0,0.8388392329216003,1.0,0.08528551459312439,0.004189469385892153,0.007851204834878445,0.9996849894523621,2.5573253631591797,0.8988164663314819,0.0009509783121757209,0.0004483556840568781,2.5550308227539062,0.8979663252830505,0.0008501391857862473,0.002198813483119011,0.004528641700744629,-0.004112422466278076,1.0008533000946045,-0.00010442733764648438,0.017038702964782715,0.0,0.0,0.0,0.11015265434980392,0.11015265434980392,0.13226646184921265,1e-06,24.61508274078369,28.37890625,49.7354621887207,0.0,227.0,0.0,0.04583333432674408,0.7333333492279053,0.0,0.04583333432674408,0.7333333492279053,0.0,-0.11015265434980392,3.7499794960021973,-0.24999864399433136,-0.11015265434980392,3.7499794960021973,-0.24999864399433136,261.0,498.0,64.0,0.0625,261.0,498.0,64.0,0.0625,0.0,842.0,842.0,842.0,1.0,59.0066879587248,3.184217009693384,0.010654842015355825,6.578480904921889,2.0905656437389553,71.38021254818887,14.129954013104596,0.0006037421812871615,0.3727607040413582,17648.0,71.38021254818887,247.23938707923872,2.0,2.0,2.0,,0.04583333432674408,0.0,0.7333333492279053,0.7333333492279053,True,False,False,False,True,False,True,True,True,True
228.0,8522.0,8522.0,0.0,8522.0,8522.0,8522.0,0.6308084726333618,1.0,0.05326521396636963,0.0042185490019619465,0.007945067249238491,0.9996381998062134,2.0336754322052,0.6851745843887329,-0.00018680466746445745,0.00045372132444754243,2.034196376800537,0.685287594795227,-0.00011303089559078217,0.001759922131896019,0.0034270882606506348,-0.0032733678817749023,0.999889075756073,0.0021933317184448242,0.49486756324768066,0.0,0.0,0.0,0.037246912717819214,0.037246912717819214,0.18099664151668549,1e-06,24.61508274078369,28.37890625,49.758480072021484,0.0,228.0,0.0,0.8083333373069763,1.0,0.0,0.8083333373069763,1.0,0.0,-0.037246908992528915,0.5273956656455994,-2.224234104156494,-0.037246908992528915,0.5273956656455994,-2.224234104156494,218.625,381.0,117.0,0.0625,218.625,381.0,117.0,0.0625,0.0,314.0,314.0,314.0,1.0,124.01324515184388,2.266253439243883,0.010583874769508839,3.858066750690341,2.1563203651458025,132.8083146288991,35.452614394466515,0.0012419472857907578,0.4527184640565995,8522.0,132.8083146288991,64.16766919912115,2.0,2.0,2.0,,0.8083333373069763,0.0,1.0,1.0,True,False,False,False,True,True,True,True,True,True
229.0,16205.0,16205.0,0.0,16205.0,16205.0,16205.0,1.0380463600158691,1.0,0.06212940812110901,0.0045364126563072205,0.007858805358409882,0.9996853470802307,2.9679336547851562,1.0270957946777344,0.0004748170613311231,0.0004607733280863613,2.9674861431121826,1.0269315242767334,0.00016423314809799194,0.0016774535179138184,0.004881381988525391,-0.004100441932678223,1.000166654586792,0.0008935928344726562,0.6509013175964355,0.0,0.0,0.0,0.0,0.0,0.0,1e-06,24.61508274078369,28.37890625,49.71098709106445,0.0,229.0,0.0,0.0,0.0,0.0,0.0,0.0,0.0,0.0,0.0,0.0,0.0,0.0,0.0,240.8125,512.0,145.0,0.0625,240.8125,512.0,145.0,0.0625,0.0,772.0,772.0,772.0,1.0,420.0415514400229,2.9793026498518884,0.009687487967312336,5.954056294169277,2.1234784279949963,431.61622200300917,109.01675355308147,0.0005978085755823718,0.36742093762229416,16205.0,431.61622200300917,37.544928049268314,2.0,2.0,2.0,,0.0,0.0,0.0,0.0,False,True,False,False,False,False,False,False,False,False
230.0,12974.0,12974.0,0.0,12974.0,12974.0,12974.0,0.7000051736831665,1.0,0.05606812238693237,0.004129286855459213,0.007755454629659653,0.9996607899665833,1.9931282997131348,0.6798590421676636,0.0005894702044315636,0.0003986588562838733,1.9922194480895996,0.6793627738952637,0.0004962775856256485,0.0012451205402612686,0.0018920302391052246,-0.002302885055541992,1.0004972219467163,0.0004159212112426758,-0.02050495147705078,0.0,0.0,0.0,-0.20062261447310448,-0.20062261819839478,0.16992269456386566,1e-06,24.61508274078369,28.37890625,49.743804931640625,0.0,230.0,0.0,0.17916667461395264,1.0,0.0,0.17916667461395264,1.0,0.0,0.2006225436925888,2.480961561203003,-0.5415297150611877,0.2006225436925888,2.480961561203003,-0.5415297150611877,281.875,496.0,142.0,0.0625,281.875,496.0,142.0,0.0625,0.0,529.0,529.0,529.0,1.0,55.00627350108698,2.733001535758376,0.009708920028060675,5.210092292167246,2.096965836826712,65.56427087914199,12.196512971416182,0.0007483366755095325,0.40157948914500124,12974.0,65.56427087914199,197.88216701007238,2.0,2.0,2.0,,0.17916667461395264,0.0,1.0,1.0,True,False,False,False,True,True,True,True,True,True
231.0,19979.0,19979.0,0.0,19979.0,19979.0,19979.0,0.7275359630584717,1.0,0.058510392904281616,0.003869824344292283,0.007390669547021389,0.9997140765190125,2.209679126739502,0.7489286661148071,-0.00021971667592879385,0.00042295275488868356,2.209674119949341,0.7491424083709717,-0.0002137608826160431,0.0014574788510799408,0.003730475902557373,-0.00322037935256958,0.9997879266738892,0.0021398067474365234,0.7997951507568359,0.0,0.0,0.0,0.0,0.0,0.0,1e-06,24.61508274078369,28.380859375,49.707275390625,0.0,231.0,0.0,0.0,0.0,0.0,0.0,0.0,0.0,0.0,0.0,0.0,0.0,0.0,0.0,284.6875,445.0,171.0,0.0625,284.6875,445.0,171.0,0.0625,0.0,964.0,964.0,964.0,1.0,118.01290828408673,3.3806508029811084,0.010795974172651768,7.172345081809908,2.081873293966055,131.15979620581493,25.90843211505746,0.0005403660930302701,0.3589941979983937,19979.0,131.15979620581493,152.32564076761074,2.0,2.0,2.0,,0.0,0.0,0.0,0.0,False,True,False,False,False,False,False,False,False,False
232.0,16844.0,16844.0,0.0,16844.0,16844.0,16844.0,1.005859136581421,1.0,0.09267345070838928,0.004938273690640926,0.008384482935070992,0.9996442794799805,2.839919090270996,0.9912943243980408,0.00036724124220199883,0.0007438207976520061,2.838980197906494,0.9907657504081726,0.0005285665392875671,0.0016232803463935852,0.005463659763336182,-0.003349006175994873,1.00053071975708,0.0022478103637695312,0.41651833057403564,0.0,0.0,0.0,-0.04364978149533272,-0.04364977777004242,0.1997286081314087,1e-06,24.61508274078369,28.380859375,49.71270751953125,0.0,232.0,0.0,0.24166667461395264,0.9333333373069763,0.0,0.24166667461395264,0.9333333373069763,0.0,0.04364979639649391,1.7137600183486938,-0.5987836718559265,0.04364979639649391,1.7137600183486938,-0.5987836718559265,247.75,512.0,137.0,0.0625,247.75,512.0,137.0,0.0625,0.0,805.0,805.0,805.0,1.0,262.22309068916366,3.052086791023612,0.010368532966822386,6.182273610960692,2.5256135500967503,274.4940470587462,66.15113286810384,0.0006155623941357389,0.36703120464026906,16844.0,274.4940470587462,61.36380799688202,2.0,2.0,2.0,,0.24166667461395264,0.0,0.9333333373069763,0.9333333373069763,True,False,False,False,True,False,True,True,True,True
233.0,12911.0,12911.0,0.0,12911.0,12911.0,12911.0,0.5966846346855164,1.0,0.05926206707954407,0.003703500609844923,0.007506316527724266,0.9996735453605652,1.877441167831421,0.6168930530548096,0.0007333291578106582,0.00038797478191554546,1.8759655952453613,0.6161133050918579,0.0007797535508871078,0.00109865702688694,0.0031485557556152344,-0.001954317092895508,1.000780701637268,8.64267349243164e-05,-0.23362278938293457,0.0,0.0,0.0,0.04266628623008728,0.04266628623008728,0.12738770246505737,1e-06,24.61508274078369,28.380859375,49.70827102661133,0.0,233.0,0.0,0.125,1.0,0.0,0.125,1.0,0.0,-0.04266626760363579,2.561730146408081,-0.3659614622592926,-0.04266626760363579,2.561730146408081,-0.3659614622592926,273.9375,506.0,110.0,0.0625,273.9375,506.0,110.0,0.0625,0.0,533.0,533.0,533.0,1.0,75.00690088002011,2.7390890549868345,0.009815428871661425,5.213174674659967,2.0898365499451756,85.56030524056405,17.113141884558548,0.0007602376943429188,0.4037777611850335,12911.0,85.56030524056405,150.89941490623514,2.0,2.0,2.0,,0.125,0.0,1.0,1.0,True,False,False,False,True,True,True,True,True,True
234.0,14432.0,14432.0,0.0,14432.0,14432.0,14432.0,0.8384233713150024,1.0,0.062304139137268066,0.004454521927982569,0.007792497985064983,0.999678909778595,2.61084246635437,0.9215622544288635,0.0006951563991606236,0.0004957577912136912,2.6072723865509033,0.9204618334770203,0.001100439578294754,0.0015965290367603302,0.004573643207550049,-0.0019425749778747559,1.0011026859283447,0.0006008148193359375,-0.09760016202926636,0.0,0.0,0.0,0.0,0.0,0.0,1e-06,24.61508274078369,28.380859375,49.747581481933594,0.0,234.0,0.0,0.0,0.0,0.0,0.0,0.0,0.0,0.0,0.0,0.0,0.0,0.0,0.0,262.0,512.0,100.0,0.1875,262.0,512.0,100.0,0.1875,0.0,640.0,640.0,640.0,1.0,77.00834103021771,2.9034611810930073,0.009519611950963736,5.709571816958487,2.076988459099084,88.21061768801883,18.370310360261858,0.0006596183447175537,0.39561888975599274,14432.0,88.21061768801883,163.60842241285224,2.0,2.0,2.0,,0.0,0.0,0.0,0.0,False,True,False,False,False,False,False,False,False,False
235.0,10994.0,10994.0,0.0,10994.0,10994.0,10994.0,0.7748022079467773,1.0,0.055238962173461914,0.00452962052077055,0.007937691174447536,0.9996551275253296,2.2536768913269043,0.7964174151420593,0.0005024928832426667,0.0004967863205820322,2.253347873687744,0.7961270213127136,0.0002904050052165985,0.0020148344337940216,0.005597531795501709,-0.005167186260223389,1.000293493270874,0.0009824037551879883,0.4431638717651367,0.0,0.0,0.0,0.0549769252538681,0.0549769252538681,0.14601564407348633,1e-06,24.61508274078369,28.380859375,49.74245071411133,0.0,235.0,0.0,0.0625,1.0,0.0,0.0625,1.0,0.0,-0.05497695133090019,3.7499847412109375,-0.24999898672103882,-0.05497695133090019,3.7499847412109375,-0.24999898672103882,246.125,394.0,162.0,0.0625,246.125,394.0,162.0,0.0625,0.0,441.0,441.0,441.0,1.0,74.00817505223677,2.4924719077534974,0.010145454667508602,4.488533931784332,2.0994355850853026,83.6007338562049,18.79334054145169,0.0009228174156365838,0.40827123265274984,10994.0,83.6007338562049,131.50602264939351,2.0,2.0,2.0,,0.0625,0.0,1.0,1.0,True,False,False,False,True,True,True,True,True,True
236.0,16724.0,16724.0,0.0,16724.0,16724.0,16724.0,0.9771567583084106,1.0,0.059029996395111084,0.004464787896722555,0.007778651546686888,0.9996946454048157,2.923610210418701,0.9591254591941833,0.0008754330920055509,0.0005281250923871994,2.9210128784179688,0.9585461020469666,0.0005793627351522446,0.0020199399441480637,0.004767179489135742,-0.004257082939147949,1.0005823373794556,0.00035631656646728516,0.11924123764038086,0.0,0.0,0.0,0.0,0.0,0.0,1e-06,24.61508274078369,28.380859375,49.75590515136719,0.0,236.0,0.0,0.0,0.0,0.0,0.0,0.0,0.0,0.0,0.0,0.0,0.0,0.0,0.0,279.25,448.0,119.0,0.0625,279.25,448.0,119.0,0.0625,0.0,766.0,766.0,766.0,1.0,187.0203689886257,3.062484714668244,0.010456315707415342,6.195123432204127,2.08914574701339,198.87934831297025,41.85773701625463,0.0006252281575828356,0.37043311601316237,16724.0,198.87934831297025,84.09118463965379,2.0,2.0,2.0,,0.0,0.0,0.0,0.0,False,True,False,False,False,False,False,False,False,False
237.0,13368.0,13368.0,0.0,13368.0,13368.0,13368.0,0.7224903702735901,1.0,0.061863839626312256,0.0042481375858187675,0.007822228595614433,0.9996597170829773,2.0487468242645264,0.71124666929245,0.0012755361385643482,0.0004135293420404196,2.0459885597229004,0.7099816799163818,0.0012649931013584137,0.0016893111169338226,0.005091547966003418,-0.0012503862380981445,1.0012675523757935,-0.0008998513221740723,-0.22753369808197021,0.0,0.0,0.0,-0.020444445312023163,-0.020444437861442566,0.1445266157388687,1e-06,24.61508274078369,28.380859375,49.796470642089844,0.0,237.0,0.0,0.01666666753590107,0.2666666805744171,0.0,0.01666666753590107,0.2666666805744171,0.0,0.020444445312023163,3.749943733215332,-0.24999625980854034,0.020444445312023163,3.749943733215332,-0.24999625980854034,348.5,512.0,154.0,0.125,348.5,512.0,154.0,0.125,0.0,487.0,487.0,487.0,1.0,268.02869878988713,2.7727548559196293,0.010094522032886744,5.33087117318064,2.1224629878997803,278.768846754916,48.06827453190228,0.000755125825320672,0.3987785138525314,13368.0,278.768846754916,47.953708442007816,2.0,2.0,2.0,,0.01666666753590107,0.0,0.2666666805744171,0.2666666805744171,True,False,False,False,True,False,True,True,True,True
238.0,13114.0,13114.0,0.0,13114.0,13114.0,13114.0,0.8585790395736694,1.0,0.06166240572929382,0.0043166629038751125,0.007922722958028316,0.9996798038482666,2.534386396408081,0.9118330478668213,0.0007403786294162273,0.00046995989396236837,2.531406879425049,0.9107267260551453,0.0011063329875469208,0.0017654560506343842,0.00821775197982788,-0.0012302994728088379,1.0011098384857178,0.0003966093063354492,0.014360666275024414,0.0,0.0,0.0,0.06391838937997818,0.06391838937997818,0.16308443248271942,1e-06,24.61508274078369,28.380859375,49.8410530090332,0.0,238.0,0.0,0.008333333767950535,0.06666667014360428,0.0,0.008333333767950535,0.06666667014360428,0.0,-0.06391838937997818,2.5616252422332764,-0.3659464418888092,-0.06391838937997818,2.5616252422332764,-0.3659464418888092,252.625,512.0,151.0,0.0625,252.625,512.0,151.0,0.0625,0.0,567.0,567.0,567.0,1.0,90.00895289797336,2.763323015999049,0.010052279103547335,5.292503859847784,2.0931737846694887,100.6703778700903,22.26841981642092,0.0007665303571410199,0.4035766249693293,13114.0,100.6703778700903,130.26672073211952,2.0,2.0,2.0,,0.008333333767950535,0.0,0.06666667014360428,0.06666667014360428,True,False,False,False,True,False,True,True,True,True
239.0,15186.0,15186.0,0.0,15186.0,15186.0,15186.0,0.7614601254463196,1.0,0.061327606439590454,0.004071883391588926,0.007690322119742632,0.9996932744979858,2.416578769683838,0.8537983298301697,0.0008739105542190373,0.0004592344630509615,2.4138011932373047,0.8527933359146118,0.0010050386190414429,0.0013944730162620544,0.0030800700187683105,-0.0008091330528259277,1.0010064840316772,8.869171142578125e-05,-0.19927430152893066,0.0,0.0,0.0,0.2467116117477417,0.2467116117477417,0.1310911774635315,1e-06,24.61508274078369,28.380859375,49.773719787597656,0.0,239.0,0.0,0.05416667088866234,0.2666666805744171,0.0,0.05416667088866234,0.2666666805744171,0.0,-0.24671156704425812,2.4009368419647217,-0.61200350522995,-0.24671156704425812,2.4009368419647217,-0.61200350522995,295.125,512.0,59.0,0.125,295.125,512.0,59.0,0.125,0.0,654.0,654.0,654.0,1.0,60.00727714737877,2.964412761852145,0.010352721903473139,5.9183998689986765,2.07952646818012,71.4810869442299,12.708021420452939,0.0006817280326269682,0.3897273718555694,15186.0,71.4810869442299,212.44780471578775,2.0,2.0,2.0,,0.05416667088866234,0.0,0.2666666805744171,0.2666666805744171,True,False,False,False,True,False,True,True,True,True
240.0,10772.0,10772.0,0.0,10772.0,10772.0,10772.0,0.7996267080307007,1.0,0.06125223636627197,0.004409887827932835,0.00795349944382906,0.9996548295021057,2.313445568084717,0.815341591835022,4.3241798266535625e-05,0.00045064324513077736,2.311896562576294,0.8149608373641968,0.00038072653114795685,0.0014147963374853134,0.007167696952819824,-0.002737104892730713,1.0003831386566162,0.001720428466796875,0.23123526573181152,0.0,0.0,0.0,0.0,0.0,0.0,1e-06,24.61508274078369,28.380859375,49.809608459472656,0.0,240.0,0.0,0.0,0.0,0.0,0.0,0.0,0.0,0.0,0.0,0.0,0.0,0.0,0.0,220.25,411.0,103.0,0.0625,220.25,411.0,103.0,0.0625,0.0,453.0,453.0,453.0,1.0,74.00838637398556,2.470720366574824,0.010126723907887936,4.41443948680535,2.1078570522367954,83.51221563108265,21.001244714524848,0.0009400969093843238,0.4098068591538572,10772.0,83.51221563108265,128.98711785573485,2.0,2.0,2.0,,0.0,0.0,0.0,0.0,False,True,False,False,False,False,False,False,False,False
241.0,18608.0,18608.0,0.0,18608.0,18608.0,18608.0,0.9010525345802307,1.0,0.05892765522003174,0.004247517790645361,0.007507755421102047,0.9997097253799438,2.5916075706481934,0.9174945950508118,0.00046342788846231997,0.0004626792506314814,2.5891199111938477,0.9168633222579956,0.0006313398480415344,0.0018492117524147034,0.00350189208984375,-0.003909945487976074,1.000633716583252,0.0009268522262573242,0.2442491054534912,0.0,0.0,0.0,0.0,0.0,0.0,1e-06,24.61508274078369,28.380859375,49.77524948120117,0.0,241.0,0.0,0.0,0.0,0.0,0.0,0.0,0.0,0.0,0.0,0.0,0.0,0.0,0.0,213.0,392.0,146.0,0.0625,213.0,392.0,146.0,0.0625,0.0,950.0,950.0,950.0,1.0,85.00915380986407,3.2108403560705483,0.00972782215103507,6.631919116713107,2.109167999122292,97.47301728371531,24.944000531063402,0.0005227763408767772,0.3564015002532839,18608.0,97.47301728371531,190.90411396456088,2.0,2.0,2.0,,0.0,0.0,0.0,0.0,False,True,False,False,False,False,False,False,False,False
242.0,10241.0,10241.0,0.0,10241.0,10241.0,10241.0,0.5770890116691589,1.0,0.06084224581718445,0.004122334998100996,0.008238952606916428,0.9995926022529602,1.8257001638412476,0.5902950763702393,-0.0005308700492605567,0.00042572832899168134,1.8271266222000122,0.5909737348556519,-0.0006786435842514038,0.0019861161708831787,0.0025690793991088867,-0.005466759204864502,0.9993239641189575,0.002768993377685547,0.7562155723571777,0.0,0.0,0.0,-0.017678765580058098,-0.017678767442703247,0.14776471257209778,1e-06,24.61508274078369,28.380859375,49.85573959350586,0.0,242.0,0.0,0.125,1.0,0.0,0.125,1.0,0.0,0.01767875626683235,2.561730146408081,-0.3659614622592926,0.01767875626683235,2.561730146408081,-0.3659614622592926,216.0625,305.0,158.0,0.0625,216.0625,305.0,158.0,0.0625,0.0,424.0,424.0,424.0,1.0,48.00628904206678,2.389200782869011,0.009537241887301207,4.198001411743462,2.1084842970594764,57.21365461172536,13.886690495246393,0.000931280332711767,0.409921044013618,10241.0,57.21365461172536,178.99573221636518,2.0,2.0,2.0,,0.125,0.0,1.0,1.0,True,False,False,False,True,True,True,True,True,True
243.0,13392.0,13392.0,0.0,13392.0,13392.0,13392.0,0.7844469547271729,1.0,0.06538271903991699,0.004356122575700283,0.008028612472116947,0.999659538269043,2.394469738006592,0.8465344905853271,0.00048754329327493906,0.0004753843240905553,2.392313003540039,0.8457846641540527,0.0007498711347579956,0.00146503746509552,0.0030325651168823242,-0.002227604389190674,1.0007514953613281,0.0009237527847290039,0.10000085830688477,0.0,0.0,0.0,0.16152233257889748,0.16152232885360718,0.16124549508094788,1e-06,24.61508274078369,28.380859375,49.773033142089844,0.0,243.0,0.0,0.375,1.0,0.0,0.375,1.0,0.0,-0.1615222543478012,1.2499974966049194,-0.7499985098838806,-0.1615222543478012,1.2499974966049194,-0.7499985098838806,243.0,512.0,79.0,0.125,243.0,512.0,79.0,0.125,0.0,594.0,594.0,594.0,1.0,63.007031119894236,2.8113367529585958,0.009561717044562101,5.452023553196341,2.10052692797035,73.88526971498504,16.20551211931436,0.0007139872345103122,0.40711048037607084,13392.0,73.88526971498504,181.2539908382293,2.0,2.0,2.0,,0.375,0.0,1.0,1.0,True,False,False,False,True,True,True,True,True,True
244.0,14315.0,14315.0,0.0,14315.0,14315.0,14315.0,0.7447150349617004,1.0,0.05917465686798096,0.004152016714215279,0.007633932866156101,0.9996856451034546,2.3177330493927,0.8124720454216003,0.0007849119720049202,0.00043072731932625175,2.315906047821045,0.8115208148956299,0.0009512230753898621,0.0023601800203323364,0.004313170909881592,-0.004327654838562012,1.0009551048278809,0.0001462697982788086,0.6630403995513916,0.0,0.0,0.0,0.020774826407432556,0.020774826407432556,0.1552470624446869,1e-06,24.61508274078369,28.380859375,49.80187225341797,0.0,244.0,0.0,0.04583333432674408,0.20000000298023224,0.0,0.04583333432674408,0.20000000298023224,0.0,-0.020774878561496735,1.8499778509140015,-0.5499933958053589,-0.020774878561496735,1.8499778509140015,-0.5499933958053589,263.6875,512.0,114.0,0.0625,263.6875,512.0,114.0,0.0625,0.0,631.0,631.0,631.0,1.0,49.005828991066664,2.849437652155757,0.009868203662335873,5.552174299955368,2.0906419763341546,60.009975193068385,11.615508175175792,0.0006893610661778465,0.3878570939542695,14315.0,60.009975193068385,238.54367467983045,2.0,2.0,2.0,,0.04583333432674408,0.0,0.20000000298023224,0.20000000298023224,True,False,False,False,True,False,True,True,True,True
245.0,18219.0,18219.0,0.0,18219.0,18219.0,18219.0,0.8324649930000305,1.0,0.058481574058532715,0.004313154611736536,0.007602695841342211,0.9996870756149292,2.429417848587036,0.8560559749603271,0.0011300877667963505,0.000447635306045413,2.42704176902771,0.8550286293029785,0.0010274052619934082,0.00164051353931427,0.0033344030380249023,-0.0025054216384887695,1.0010290145874023,-0.0004774332046508789,-0.2483932375907898,0.0,0.0,0.0,-0.02814503386616707,-0.02814503014087677,0.17174972593784332,1e-06,24.61508274078369,28.380859375,49.797916412353516,0.0,245.0,0.0,0.0833333358168602,0.3333333432674408,0.0,0.0833333358168602,0.3333333432674408,0.0,0.028145037591457367,1.6770397424697876,-0.5590132474899292,0.028145037591457367,1.6770397424697876,-0.5590132474899292,224.6875,512.0,86.0,0.0625,224.6875,512.0,86.0,0.0625,0.0,914.0,914.0,914.0,1.0,58.00588967977092,3.2149861049838364,0.009739130269736052,6.668468864634633,2.0972636360675097,70.50093930074945,16.13515707364977,0.0005345589916974615,0.3660172822127797,18219.0,70.50093930074945,258.42208885018823,2.0,2.0,2.0,,0.0833333358168602,0.0,0.3333333432674408,0.3333333432674408,True,False,False,False,True,False,True,True,True,True
246.0,11354.0,11354.0,0.0,11354.0,11354.0,11354.0,1.1428066492080688,1.0,0.05261790752410889,0.0042718262411653996,0.007389450445771217,0.9997372627258301,3.8203768730163574,1.240933895111084,0.00019826080824714154,0.00048389044241048396,3.820388078689575,1.2408123016357422,0.00012161210179328918,0.001560945063829422,0.004184842109680176,-0.002135038375854492,1.0001232624053955,0.0015330314636230469,0.21091365814208984,0.0,0.0,0.0,0.047251567244529724,0.047251567244529724,0.19199982285499573,1e-06,24.61508274078369,28.380859375,49.8525276184082,0.0,246.0,0.0,0.09583333879709244,0.5333333611488342,0.0,0.09583333879709244,0.5333333611488342,0.0,-0.04725160077214241,2.2296953201293945,-0.4884094297885895,-0.04725160077214241,2.2296953201293945,-0.4884094297885895,222.625,480.0,83.0,0.0625,222.625,480.0,83.0,0.0625,0.0,487.0,487.0,487.0,1.0,178.01833319896832,2.571924621704966,0.009604484774172306,4.728455695323646,2.096888491883874,187.9263478219509,49.97707276781817,0.0008459119934976489,0.41645725694236796,11354.0,187.9263478219509,60.4172865145937,2.0,2.0,2.0,,0.09583333879709244,0.0,0.5333333611488342,0.5333333611488342,True,False,False,False,True,False,True,True,True,True
247.0,14910.0,14910.0,0.0,14910.0,14910.0,14910.0,0.7014976143836975,1.0,0.061959266662597656,0.003977254964411259,0.007588901557028294,0.9996852874755859,2.0878090858459473,0.721287190914154,0.0008585125324316323,0.00044452716247178614,2.0864057540893555,0.7205683588981628,0.0007188282907009125,0.0017371885478496552,0.004531562328338623,-0.002285003662109375,1.0007212162017822,6.175041198730469e-05,0.03574264049530029,0.0,0.0,0.0,0.0,0.0,0.0,1e-06,24.61508274078369,28.380859375,49.732810974121094,0.0,247.0,0.0,0.0,0.0,0.0,0.0,0.0,0.0,0.0,0.0,0.0,0.0,0.0,0.0,330.875,512.0,111.0,0.25,330.875,512.0,111.0,0.25,0.0,601.0,601.0,601.0,1.0,67.00766028929502,2.9181283386424184,0.010489969979971647,5.777169787790626,2.0997156240046024,78.31752324895933,12.65728377206177,0.0007035526478854224,0.3874694693353874,14910.0,78.31752324895933,190.37884985973585,2.0,2.0,2.0,,0.0,0.0,0.0,0.0,False,True,False,False,False,False,False,False,False,False
248.0,13028.0,13028.0,0.0,13028.0,13028.0,13028.0,0.7758609056472778,1.0,0.06214416027069092,0.0043045817874372005,0.00792289711534977,0.9996678829193115,2.1997873783111572,0.7746484279632568,0.0011011565802618861,0.0004761074378620833,2.19807505607605,0.7738386988639832,0.0008096620440483093,0.0018089711666107178,0.004081904888153076,-0.004917562007904053,1.00081205368042,-0.00029712915420532227,-0.025572001934051514,0.0,0.0,0.0,0.0,0.0,0.0,1e-06,24.61508274078369,28.380859375,49.772212982177734,0.0,248.0,0.0,0.0,0.0,0.0,0.0,0.0,0.0,0.0,0.0,0.0,0.0,0.0,0.0,237.25,512.0,95.0,0.0625,237.25,512.0,95.0,0.0625,0.0,577.0,577.0,577.0,1.0,57.0069198589772,2.7381127257831395,0.01087999390438199,5.206581315025687,2.0940266279503703,67.55921206111088,15.017629046095152,0.0008351238796731647,0.3996454801217138,13028.0,67.55921206111088,192.83824666598366,2.0,2.0,2.0,,0.0,0.0,0.0,0.0,False,True,False,False,False,False,False,False,False,False
249.0,8317.0,8317.0,0.0,8317.0,8317.0,8317.0,0.7303314805030823,1.0,0.07179933786392212,0.0037236567586660385,0.007457984611392021,0.9997209310531616,2.2085535526275635,0.7735038995742798,0.0004017401661258191,0.00042048454633913934,2.207873582839966,0.773158073425293,0.0003458373248577118,0.0014246590435504913,0.0028946399688720703,-0.0029921531677246094,1.0003472566604614,0.0008804798126220703,0.028191804885864258,0.0,0.0,0.0,0.0,0.0,0.0,1e-06,24.61508274078369,28.380859375,49.716102600097656,0.0,249.0,0.0,0.0,0.0,0.0,0.0,0.0,0.0,0.0,0.0,0.0,0.0,0.0,0.0,228.8125,407.0,111.0,0.0625,228.8125,407.0,111.0,0.0625,0.0,291.0,291.0,291.0,1.0,433.0383868217468,2.2765826950781047,0.009773198049515486,3.8808224638924003,2.1287813652306795,441.8393387007527,118.28418104937089,0.001175086936337079,0.4666132576520861,8317.0,441.8393387007527,18.82358421152922,2.0,2.0,2.0,,0.0,0.0,0.0,0.0,False,True,False,False,False,False,False,False,False,False
250.0,13218.0,13218.0,0.0,13218.0,13218.0,13218.0,0.6413693428039551,1.0,0.061462730169296265,0.0038846288807690144,0.007610642351210117,0.999666154384613,1.855330467224121,0.6084175109863281,-0.000541693065315485,0.0004045161185786128,1.8566598892211914,0.6090362071990967,-0.0006186719983816147,0.0017964709550142288,0.0021843016147613525,-0.004345417022705078,0.9993834495544434,0.002707242965698242,1.0727734565734863,0.0,0.0,0.0,0.0,0.0,0.0,1e-06,24.61508274078369,28.380859375,49.71459197998047,0.0,250.0,0.0,0.0,0.0,0.0,0.0,0.0,0.0,0.0,0.0,0.0,0.0,0.0,0.0,248.125,372.0,66.0,0.0625,248.125,372.0,66.0,0.0625,0.0,578.0,578.0,578.0,1.0,1801.1527120922692,2.698029601946473,0.009583530016243458,5.095984878949821,2.1295406948775053,1811.5938848350197,453.69085946908547,0.0007250363153460022,0.3855337327091709,13218.0,1811.5938848350197,7.296337281025737,2.0,2.0,2.0,,0.0,0.0,0.0,0.0,False,True,False,False,False,False,False,False,False,False
251.0,16686.0,16686.0,0.0,16686.0,16686.0,16686.0,0.7022138833999634,1.0,0.061101675033569336,0.004187153652310371,0.0077770426869392395,0.9996649026870728,2.1823556423187256,0.7521793842315674,0.000832565245218575,0.0004313196404837072,2.1799798011779785,0.7512803077697754,0.0008990205824375153,0.0012045018374919891,0.0036954879760742188,-0.0010405778884887695,1.000900149345398,6.0439109802246094e-05,-0.24282735586166382,0.0,0.0,0.0,0.15555442217737436,0.15555442869663239,0.14700178802013397,1e-06,24.61508274078369,28.380859375,49.731788635253906,0.0,251.0,0.0,0.453125,0.75,0.125,0.453125,0.75,0.125,-0.15555433928966522,1.4589438438415527,-1.6125168800354004,-0.15555433928966522,1.4589438438415527,-1.6125168800354004,314.875,483.0,130.0,0.0625,314.875,483.0,130.0,0.0625,0.0,728.0,728.0,728.0,1.0,59.00629627984017,3.053289965726435,0.010761626996099949,6.172547976020724,2.1109771369956434,70.85440272791311,11.712246184962321,0.0006449494783710865,0.36992376699153323,16686.0,70.85440272791311,235.49701017275734,2.0,2.0,2.0,,0.453125,0.125,0.75,0.625,True,False,False,False,True,False,True,True,True,True
252.0,13554.0,13554.0,0.0,13554.0,13554.0,13554.0,0.7743866443634033,1.0,0.05529657006263733,0.0041695088148117065,0.007702314294874668,0.9996910095214844,2.3734490871429443,0.8441946506500244,0.0008135089301504195,0.0004671153146773577,2.3706581592559814,0.8432097434997559,0.0009848885238170624,0.0017978362739086151,0.004348635673522949,-0.0045830607414245605,1.0009876489639282,0.00023794174194335938,-0.014426708221435547,0.0,0.0,0.0,0.0,0.0,0.0,1e-06,24.61508274078369,28.380859375,49.72905349731445,0.0,252.0,0.0,0.0,0.0,0.0,0.0,0.0,0.0,0.0,0.0,0.0,0.0,0.0,0.0,335.125,512.0,165.0,0.125,335.125,512.0,165.0,0.125,0.0,512.0,512.0,512.0,1.0,100.011508830823,2.802891582250595,0.009815406985580921,5.427226895000786,2.1010833238251507,110.85512280184776,18.6519039221975,0.0007241705021086706,0.40041514645129006,13554.0,110.85512280184776,122.26769189753745,2.0,2.0,2.0,,0.0,0.0,0.0,0.0,False,True,False,False,False,False,False,False,False,False
253.0,19013.0,19013.0,0.0,19013.0,19013.0,19013.0,0.7984153628349304,1.0,0.060266584157943726,0.004264809191226959,0.007675889879465103,0.9996861219406128,2.288677930831909,0.8026883602142334,0.0006999633624218404,0.0004561927926260978,2.286057949066162,0.8016558885574341,0.001032428815960884,0.0019525382667779922,0.005906343460083008,-0.00433349609375,1.0010358095169067,0.0004258155822753906,0.03291928768157959,0.0,0.0,0.0,0.15004707872867584,0.15004707872867584,0.156463623046875,1e-06,24.61508274078369,28.380859375,49.73680877685547,0.0,253.0,0.0,0.22499999403953552,0.6000000238418579,0.0,0.22499999403953552,0.6000000238418579,0.0,-0.15004710853099823,1.2499958276748657,-0.7499974370002747,-0.15004710853099823,1.2499958276748657,-0.7499974370002747,262.3125,512.0,103.0,0.125,262.3125,512.0,103.0,0.125,0.0,926.0,926.0,926.0,1.0,255.02169712772593,3.3542061867192388,0.009806881193071604,7.117928664200008,2.1274194605648518,268.14335358981043,60.76285373546008,0.0005157987268222587,0.3743716753905227,19013.0,268.14335358981043,70.906102073613,2.0,2.0,2.0,,0.22499999403953552,0.0,0.6000000238418579,0.6000000238418579,True,False,False,False,True,False,True,True,True,True
254.0,18146.0,18146.0,0.0,18146.0,18146.0,18146.0,0.6954391598701477,1.0,0.06123274564743042,0.004241408780217171,0.00788513571023941,0.9996531009674072,2.1147212982177734,0.7304865121841431,0.0005724301445297897,0.0004385352076496929,2.1132049560546875,0.7297754287719727,0.0007110629230737686,0.0017504189163446426,0.004983186721801758,-0.0028321146965026855,1.0007134675979614,0.000607609748840332,0.9740153551101685,0.0,0.0,0.0,0.0,0.0,0.0,1e-06,24.61508274078369,28.380859375,49.775142669677734,0.0,254.0,0.0,0.0,0.0,0.0,0.0,0.0,0.0,0.0,0.0,0.0,0.0,0.0,0.0,322.125,512.0,132.0,0.0625,322.125,512.0,132.0,0.0625,0.0,812.0,812.0,812.0,1.0,366.02965118084103,3.227667374070734,0.009655681438744068,6.694365719798952,2.1187915890477598,378.5798949240707,71.01855863035333,0.000532110737283372,0.3689168808442055,18146.0,378.5798949240707,47.93175824521644,2.0,2.0,2.0,,0.0,0.0,0.0,0.0,False,True,False,False,False,False,False,False,False,False
255.0,15942.0,15942.0,0.0,15942.0,15942.0,15942.0,0.8826233148574829,1.0,0.05849957466125488,0.0041073644533753395,0.007593347690999508,0.9997090697288513,2.6302242279052734,0.9253089427947998,0.0003487971262075007,0.0004529933794401586,2.629030227661133,0.9247229695320129,0.0005861036479473114,0.0018537603318691254,0.005860090255737305,-0.0025680065155029297,1.0005892515182495,0.001120924949645996,0.35185039043426514,0.0,0.0,0.0,0.18761637806892395,0.18761637806892395,0.1636323779821396,1e-06,24.61508274078369,28.380859375,49.736202239990234,0.0,255.0,0.0,0.2874999940395355,0.6000000238418579,0.0,0.2874999940395355,0.6000000238418579,0.0,-0.18761640787124634,1.1185271739959717,-1.0290449857711792,-0.18761640787124634,1.1185271739959717,-1.0290449857711792,264.375,512.0,90.0,0.125,264.375,512.0,90.0,0.125,0.0,732.0,732.0,732.0,1.0,90.00924092065543,3.041070614941418,0.010040207300335169,6.152169153094292,2.141271635890007,101.8559074178338,21.27878035949301,0.0006297959666500545,0.3859094939840855,15942.0,101.8559074178338,156.5152223778504,2.0,2.0,2.0,,0.2874999940395355,0.0,0.6000000238418579,0.6000000238418579,True,False,False,False,True,False,True,True,True,True
256.0,21339.0,21339.0,0.0,21339.0,21339.0,21339.0,0.6719555258750916,1.0,0.05065727233886719,0.003823638893663883,0.0074372305534780025,0.9996960759162903,2.059648275375366,0.7069491147994995,0.00012042919843224809,0.0003909647057298571,2.0587308406829834,0.7066596150398254,0.0002894662320613861,0.0016174130141735077,0.0037084221839904785,-0.0030051469802856445,1.0002914667129517,0.0013260841369628906,0.5261577367782593,0.0,0.0,0.0,0.0,0.0,0.0,1e-06,24.61508274078369,28.380859375,49.74531555175781,0.0,256.0,0.0,0.0,0.0,0.0,0.0,0.0,0.0,0.0,0.0,0.0,0.0,0.0,0.0,306.6875,512.0,152.0,0.125,306.6875,512.0,152.0,0.125,0.0,1027.0,1027.0,1027.0,1.0,58.00677698571235,3.521068218164146,0.009870150126516819,7.6504643028602,2.1004745457321405,71.79192084865645,11.821230280357112,0.0004625404248801171,0.35852028224660015,21339.0,71.79192084865645,297.2340027645235,2.0,2.0,2.0,,0.0,0.0,0.0,0.0,False,True,False,False,False,False,False,False,False,False
257.0,9746.0,9746.0,0.0,9746.0,9746.0,9746.0,0.6027104258537292,1.0,0.05274862051010132,0.003794359043240547,0.007346794940531254,0.9996770024299622,1.8616440296173096,0.6097926497459412,8.347928815055639e-05,0.00036217941669747233,1.861465334892273,0.6096213459968567,0.00017123110592365265,0.001068485900759697,0.003303706645965576,-0.0026192069053649902,1.0001722574234009,0.0012847185134887695,0.15289521217346191,0.0,0.0,0.0,0.06542574055492878,0.06542573869228363,0.152962327003479,1e-06,24.61508274078369,28.380859375,49.74589920043945,0.0,257.0,0.0,0.8333333730697632,1.0,0.0,0.8333333730697632,1.0,0.0,-0.06542573869228363,0.6123700141906738,-3.0618507862091064,-0.06542573869228363,0.6123700141906738,-3.0618507862091064,221.125,372.0,80.0,0.0625,221.125,372.0,80.0,0.0625,0.0,388.0,388.0,388.0,1.0,47.005634024273604,2.3892385149374604,0.009666007943451405,4.176128889899701,2.0916612786240876,56.173606276046485,13.28593386779921,0.000991792319254197,0.42849670530470974,9746.0,56.173606276046485,173.49785150176274,2.0,2.0,2.0,,0.8333333730697632,0.0,1.0,1.0,True,False,False,False,True,True,True,True,True,True
258.0,19395.0,19395.0,0.0,19395.0,19395.0,19395.0,0.7170414328575134,1.0,0.05949249863624573,0.004210222978144884,0.007624001242220402,0.9996728897094727,2.07450270652771,0.7172866463661194,0.0002918666577897966,0.00043529507820494473,2.073873996734619,0.7169621586799622,0.0003244765102863312,0.0014534853398799896,0.002971649169921875,-0.0024149417877197266,1.0003259181976318,0.0011594295501708984,0.6496576070785522,0.0,0.0,0.0,0.0,0.0,0.0,1e-06,24.61508274078369,28.380859375,49.751312255859375,0.0,258.0,0.0,0.0,0.0,0.0,0.0,0.0,0.0,0.0,0.0,0.0,0.0,0.0,0.0,344.1875,512.0,160.0,0.125,344.1875,512.0,160.0,0.125,0.0,868.0,868.0,868.0,1.0,1727.343311122153,3.319077279884368,0.01071285828948021,6.970064152032137,2.399108264129609,1740.5478119025938,313.6632124790545,0.0005523515488259969,0.3593742795582437,19395.0,1740.5478119025938,11.143043510421764,2.0,2.0,2.0,,0.0,0.0,0.0,0.0,False,True,False,False,False,False,False,False,False,False
259.0,17306.0,17306.0,0.0,17306.0,17306.0,17306.0,0.7683348059654236,1.0,0.051638245582580566,0.004157421179115772,0.007736056577414274,0.9996855854988098,2.2380173206329346,0.7790467143058777,4.613287092070095e-05,0.00043152846046723425,2.238399028778076,0.7790461778640747,4.842877388000488e-07,0.0010121837258338928,0.001895308494567871,-0.001806795597076416,1.0000011920928955,0.0016387701034545898,0.12949419021606445,0.0,0.0,0.0,-0.04362859949469566,-0.043628595769405365,0.1735515147447586,1e-06,24.61508274078369,28.380859375,49.797637939453125,0.0,259.0,0.0,0.0625,1.0,0.0,0.0625,1.0,0.0,0.043628670275211334,3.7499847412109375,-0.24999898672103882,0.043628670275211334,3.7499847412109375,-0.24999898672103882,225.625,302.0,144.0,0.0625,225.625,302.0,144.0,0.0625,0.0,856.0,856.0,856.0,1.0,64.00772970402613,3.047407873906195,0.009853029157966375,6.155508072115481,2.1038897107355297,75.82468358520418,17.730673048206686,0.0005693417981027606,0.3556863557214539,17306.0,75.82468358520418,228.23702232206813,2.0,2.0,2.0,,0.0625,0.0,1.0,1.0,True,False,False,False,True,True,True,True,True,True
260.0,11021.0,11021.0,0.0,11021.0,11021.0,11021.0,0.8163556456565857,1.0,0.061284780502319336,0.0041728392243385315,0.007659043651074171,0.9996997714042664,2.4129738807678223,0.856732189655304,0.0012966166250407696,0.0004371089453343302,2.4107789993286133,0.8557376861572266,0.0009944476187229156,0.0017548762261867523,0.0051378607749938965,-0.002607583999633789,1.0009970664978027,-0.0008450746536254883,-0.11614412069320679,0.0,0.0,0.0,-0.0026447586715221405,-0.0026447586715221405,0.16340625286102295,1e-06,24.61508274078369,28.380859375,49.76758575439453,0.0,260.0,0.0,0.48750001192092896,0.8666666746139526,0.0,0.48750001192092896,0.8666666746139526,0.0,0.0026447209529578686,1.0344442129135132,-1.3299998044967651,0.0026447209529578686,1.0344442129135132,-1.3299998044967651,274.8125,495.0,160.0,0.0625,274.8125,495.0,160.0,0.0625,0.0,414.0,414.0,414.0,1.0,68.00823558308184,2.53576068719849,0.010131741873919964,4.624392712954432,2.0978357661515474,77.77828563004732,15.46696283445118,0.0009193123921531588,0.41959828626752854,11021.0,77.77828563004732,141.6976462096558,2.0,2.0,2.0,,0.48750001192092896,0.0,0.8666666746139526,0.8666666746139526,True,False,False,False,True,False,True,True,True,True
261.0,11633.0,11633.0,0.0,11633.0,11633.0,11633.0,0.5680850744247437,1.0,0.05949431657791138,0.003630661405622959,0.007421188522130251,0.9996734261512756,1.8676669597625732,0.600648045539856,0.0004544668481685221,0.0003595108864828944,1.8664348125457764,0.6000857353210449,0.0005623567849397659,0.0012232568114995956,0.0029659271240234375,-0.002027571201324463,1.0005635023117065,0.0005290508270263672,-0.0368083119392395,0.0,0.0,0.0,0.05655287206172943,0.05655286833643913,0.1387948989868164,1e-06,24.61508274078369,28.380859375,49.78004837036133,0.0,261.0,0.0,0.32083332538604736,1.0,0.0,0.32083332538604736,1.0,0.0,-0.056552860885858536,1.4326906204223633,-0.6767925024032593,-0.056552860885858536,1.4326906204223633,-0.6767925024032593,305.0625,512.0,183.0,0.0625,305.0625,512.0,183.0,0.0625,0.0,422.0,422.0,422.0,1.0,200.0181449027732,2.5764153581112623,0.009318928699940443,4.729384772945195,2.1076699374243617,209.9414641931653,40.97892745395886,0.000801076996470424,0.4065490220016501,11633.0,209.9414641931653,55.41068337647002,2.0,2.0,2.0,,0.32083332538604736,0.0,1.0,1.0,True,False,False,False,True,True,True,True,True,True
262.0,13125.0,13125.0,0.0,13125.0,13125.0,13125.0,0.8107485175132751,1.0,0.058031678199768066,0.0043874927796423435,0.007914944551885128,0.9996664524078369,2.250129222869873,0.7963355779647827,0.00048753380542621017,0.0004340449522715062,2.2492711544036865,0.7960200309753418,0.0003156140446662903,0.0020461902022361755,0.0061190128326416016,-0.003605484962463379,1.000319242477417,0.0007623434066772461,0.37875401973724365,0.0,0.0,0.0,0.14602262526750565,0.14602261781692505,0.14756421744823456,1e-06,24.61508274078369,28.380859375,49.79465866088867,0.0,262.0,0.0,0.2958333492279053,1.0,0.0,0.2958333492279053,1.0,0.0,-0.14602269232273102,1.6221989393234253,-0.6815155744552612,-0.14602269232273102,1.6221989393234253,-0.6815155744552612,289.3125,512.0,155.0,0.0625,289.3125,512.0,155.0,0.0625,0.0,531.0,531.0,531.0,1.0,56.00652187783271,2.745312816929072,0.009620214812457561,5.268354405649006,2.097875588107854,66.62918139714748,12.099054196982655,0.0007329687476158142,0.40139843090659094,13125.0,66.62918139714748,196.98576096511832,2.0,2.0,2.0,,0.2958333492279053,0.0,1.0,1.0,True,False,False,False,True,True,True,True,True,True
263.0,10127.0,10127.0,0.0,10127.0,10127.0,10127.0,0.5703296661376953,1.0,0.06086817383766174,0.0037279005628079176,0.007479206658899784,0.9996771216392517,1.8810062408447266,0.6132954955101013,-0.0001242498547071591,0.00038263542228378356,1.8815093040466309,0.613498866558075,-0.00020335428416728973,0.0011645499616861343,0.001659303903579712,-0.0040261149406433105,0.9997977614402771,0.0017937421798706055,0.5018357038497925,0.0,0.0,0.0,0.035712726414203644,0.035712726414203644,0.1584911048412323,1e-06,24.61508274078369,28.380859375,49.840003967285156,0.0,263.0,0.0,0.8166666626930237,0.9333333373069763,0.0,0.8166666626930237,0.9333333373069763,0.0,-0.03571271896362305,0.3659614026546478,-2.561729669570923,-0.03571271896362305,0.3659614026546478,-2.561729669570923,302.9375,512.0,187.0,0.0625,302.9375,512.0,187.0,0.0625,0.0,330.0,330.0,330.0,1.0,55.006557339802384,2.4508675448596478,0.009650150779634714,4.390321111772209,2.103690213058144,64.46077695395797,11.34857795333245,0.0009529130818243028,0.4335263268265241,10127.0,64.46077695395797,157.1032878991414,2.0,2.0,2.0,,0.8166666626930237,0.0,0.9333333373069763,0.9333333373069763,True,False,False,False,True,False,True,True,True,True
264.0,17452.0,17452.0,0.0,17452.0,17452.0,17452.0,0.7720403671264648,1.0,0.06202670931816101,0.00452016806229949,0.008121256716549397,0.9996272921562195,2.150921583175659,0.754027247428894,0.00034381693694740534,0.0004574905033223331,2.150876998901367,0.7538508176803589,0.00017641671001911163,0.001893477514386177,0.003702998161315918,-0.005230605602264404,1.0001791715621948,0.0011487007141113281,0.21633481979370117,0.0,0.0,0.0,0.0,0.0,0.0,1e-06,24.61508274078369,28.380859375,49.77452087402344,0.0,264.0,0.0,0.0,0.0,0.0,0.0,0.0,0.0,0.0,0.0,0.0,0.0,0.0,0.0,208.75,493.0,130.0,0.0625,208.75,493.0,130.0,0.0625,0.0,882.0,882.0,882.0,1.0,76.00880197389051,3.0900009172037244,0.009915539994835854,6.312749488279223,2.101308226119727,88.02352386014536,22.757126339488178,0.000568160668968362,0.36172069036667565,17452.0,88.02352386014536,198.26518224524054,2.0,2.0,2.0,,0.0,0.0,0.0,0.0,False,True,False,False,False,False,False,False,False,False
265.0,14930.0,14930.0,0.0,14930.0,14930.0,14930.0,0.5524267554283142,1.0,0.054127633571624756,0.003592275781556964,0.007322091609239578,0.999670147895813,1.7861500978469849,0.5648822784423828,0.00033153113326989114,0.0003376610984560102,1.7856740951538086,0.5645750164985657,0.0003072936087846756,0.001193193718791008,0.002926737070083618,-0.0029174089431762695,1.0003083944320679,0.0006924867630004883,0.26210296154022217,0.0,0.0,0.0,0.0,0.0,0.0,1e-06,24.61508274078369,28.380859375,49.775123596191406,0.0,265.0,0.0,0.0,0.0,0.0,0.0,0.0,0.0,0.0,0.0,0.0,0.0,0.0,0.0,295.125,512.0,131.0,0.125,295.125,512.0,131.0,0.125,0.0,638.0,638.0,638.0,1.0,1229.106517065782,2.9067171597853303,0.009679743088781834,5.723690633196384,2.120450396090746,1240.3743183440529,260.29362919648077,0.0006483418009900759,0.38336842821141215,14930.0,1240.3743183440529,12.036689069741561,2.0,2.0,2.0,,0.0,0.0,0.0,0.0,False,True,False,False,False,False,False,False,False,False
266.0,16432.0,16432.0,0.0,16432.0,16432.0,16432.0,0.8683425784111023,1.0,0.05810236930847168,0.0040903291665017605,0.007595254573971033,0.9997149705886841,2.500054359436035,0.8942785263061523,0.0006688380381092429,0.00045794728794135153,2.4982688426971436,0.8937417268753052,0.0005368292331695557,0.0017722398042678833,0.003922998905181885,-0.0027146339416503906,1.000538945198059,0.000489354133605957,0.17858397960662842,0.0,0.0,0.0,0.0,0.0,0.0,1e-06,24.61508274078369,28.380859375,49.84859848022461,0.0,266.0,0.0,0.0,0.0,0.0,0.0,0.0,0.0,0.0,0.0,0.0,0.0,0.0,0.0,252.0,512.0,103.0,0.0625,252.0,512.0,103.0,0.0625,0.0,775.0,775.0,775.0,1.0,96.0111566032283,3.033209398854524,0.009776860009878874,6.134435815736651,2.0963734821416438,107.78799028974026,23.812290824213367,0.0005949890463655595,0.3733225301689783,16432.0,107.78799028974026,152.4474104752287,2.0,2.0,2.0,,0.0,0.0,0.0,0.0,False,True,False,False,False,False,False,False,False,False
267.0,13479.0,13479.0,0.0,13479.0,13479.0,13479.0,0.7649194598197937,1.0,0.09396383166313171,0.004180669318884611,0.00785831268876791,0.9996837377548218,2.3293521404266357,0.8217772245407104,0.0008803816745057702,0.000469710590550676,2.326280117034912,0.8207600712776184,0.001017015427350998,0.0017715655267238617,0.003851652145385742,-0.0017529726028442383,1.00101900100708,0.00011980533599853516,-0.1170957088470459,0.0,0.0,0.0,-0.010153515264391899,-0.010153517127037048,0.14534544944763184,1e-06,24.61508274078369,28.380859375,49.7861213684082,0.0,267.0,0.0,0.05000000074505806,0.20000000298023224,0.0,0.05000000074505806,0.20000000298023224,0.0,0.010153504088521004,2.1134772300720215,-0.7044923901557922,0.010153504088521004,2.1134772300720215,-0.7044923901557922,293.4375,512.0,158.0,0.125,293.4375,512.0,158.0,0.125,0.0,549.0,549.0,549.0,1.0,108.00950777810067,2.799546216148883,0.009269878268241882,5.418494057375938,2.085971253924072,118.823041992262,23.00521997403635,0.0006877274477514565,0.40199525612997533,13479.0,118.823041992262,113.437594039023,2.0,2.0,2.0,,0.05000000074505806,0.0,0.20000000298023224,0.20000000298023224,True,False,False,False,True,False,True,True,True,True
268.0,18345.0,18345.0,0.0,18345.0,18345.0,18345.0,0.787472128868103,1.0,0.0591391921043396,0.004372131545096636,0.007938611321151257,0.9996590614318848,2.459334373474121,0.8591153025627136,0.0006543443887494504,0.0004461331118363887,2.458585262298584,0.8586483001708984,0.00046693719923496246,0.0014912132173776627,0.0030115246772766113,-0.0035589933395385742,1.0004686117172241,0.0004754066467285156,0.10625100135803223,0.0,0.0,0.0,0.0,0.0,0.0,1e-06,24.61508274078369,28.380859375,49.78316116333008,0.0,268.0,0.0,0.0,0.0,0.0,0.0,0.0,0.0,0.0,0.0,0.0,0.0,0.0,0.0,262.5625,512.0,102.0,0.0625,262.5625,512.0,102.0,0.0625,0.0,884.0,884.0,884.0,1.0,109.01116977725178,3.2423307388089597,0.009782097302377224,6.73732395702973,2.0967272226698697,121.59897170821205,25.948862122649793,0.0005332296158286849,0.367256688854169,18345.0,121.59897170821205,150.86476260687894,2.0,2.0,2.0,,0.0,0.0,0.0,0.0,False,True,False,False,False,False,False,False,False,False
269.0,13928.0,13928.0,0.0,13928.0,13928.0,13928.0,0.8005064725875854,1.0,0.05537933111190796,0.004371703136712313,0.007770254276692867,0.9996683597564697,2.243356704711914,0.7988408803939819,0.00043456463026814163,0.00046777306124567986,2.242312431335449,0.7983848452568054,0.0004560202360153198,0.0015418827533721924,0.0034092068672180176,-0.0026696324348449707,1.000457763671875,0.0010117292404174805,0.014156103134155273,0.0,0.0,0.0,0.0,0.0,0.0,1e-06,24.61508274078369,28.380859375,49.791107177734375,0.0,269.0,0.0,0.0,0.0,0.0,0.0,0.0,0.0,0.0,0.0,0.0,0.0,0.0,0.0,223.5,512.0,129.0,0.0625,223.5,512.0,129.0,0.0625,0.0,647.0,647.0,647.0,1.0,56.00617709988728,2.8048020848073065,0.010028248187154531,5.433493921067566,2.0962401083670557,66.85475598974153,15.661682634196668,0.0007200063316452134,0.39011300409732663,13928.0,66.85475598974153,208.33222399521088,2.0,2.0,2.0,,0.0,0.0,0.0,0.0,False,True,False,False,False,False,False,False,False,False
270.0,9452.0,9452.0,0.0,9452.0,9452.0,9452.0,0.7914923429489136,1.0,0.061034977436065674,0.004380472935736179,0.007896021008491516,0.9996596574783325,2.3543591499328613,0.82277512550354,0.0006454094545915723,0.0004412387206684798,2.352463722229004,0.8219957947731018,0.0007793363183736801,0.001844635233283043,0.005638480186462402,-0.0035780668258666992,1.0007822513580322,0.0004755258560180664,0.03887367248535156,0.0,0.0,0.0,0.0,0.0,0.0,1e-06,24.61508274078369,28.380859375,49.83577346801758,0.0,270.0,0.0,0.0,0.0,0.0,0.0,0.0,0.0,0.0,0.0,0.0,0.0,0.0,0.0,225.75,403.0,135.0,0.0625,225.75,403.0,135.0,0.0625,0.0,365.0,365.0,365.0,1.0,56.006976088974625,2.3659848370589316,0.009256062097847462,4.10536113800481,2.097990388981998,65.08764674793929,15.505807333603164,0.0009792702177155589,0.43433782670385207,9452.0,65.08764674793929,145.21956887770344,2.0,2.0,2.0,,0.0,0.0,0.0,0.0,False,True,False,False,False,False,False,False,False,False
271.0,14377.0,14377.0,0.0,14377.0,14377.0,14377.0,0.6368269920349121,1.0,0.060736507177352905,0.0038257217966020107,0.0076051210053265095,0.9996817111968994,1.9864530563354492,0.6692027449607849,0.0008685362408868968,0.00038610195042565465,1.9844224452972412,0.6681948900222778,0.001007918268442154,0.0016650892794132233,0.004198968410491943,-0.00208282470703125,1.0010100603103638,-0.0001919865608215332,-0.1742585301399231,0.0,0.0,0.0,-0.02586609497666359,-0.02586609125137329,0.16731050610542297,1e-06,24.61508274078369,28.380859375,49.802730560302734,0.0,271.0,0.0,0.07500000298023224,0.6000000238418579,0.0,0.07500000298023224,0.6000000238418579,0.0,0.025866106152534485,2.561725378036499,-0.3659607470035553,0.025866106152534485,2.561725378036499,-0.3659607470035553,232.5625,412.0,107.0,0.0625,232.5625,412.0,107.0,0.0625,0.0,666.0,666.0,666.0,1.0,57.00701510999352,2.86941693816334,0.010040528140962124,5.643621613737196,2.110380590427667,68.14117947500199,15.32034805428474,0.0006983743577215082,0.3925451494565762,14377.0,68.14117947500199,210.9884230177479,2.0,2.0,2.0,,0.07500000298023224,0.0,0.6000000238418579,0.6000000238418579,True,False,False,False,True,False,True,True,True,True
272.0,25904.0,25904.0,0.0,25904.0,25904.0,25904.0,1.1815195083618164,1.0,0.060092031955718994,0.0045508891344070435,0.007660659961402416,0.9997194409370422,3.3951618671417236,1.1808505058288574,0.0005197878926992416,0.0006174956797622144,3.3924636840820312,1.1799829006195068,0.0008674599230289459,0.0016966573894023895,0.006605982780456543,-0.003049135208129883,1.0008702278137207,0.0014287233352661133,0.291556715965271,0.0,0.0,0.0,0.0,0.0,0.0,1e-06,24.61508274078369,28.380859375,49.798194885253906,0.0,272.0,0.0,0.0,0.0,0.0,0.0,0.0,0.0,0.0,0.0,0.0,0.0,0.0,0.0,223.0,426.0,139.0,0.0625,223.0,426.0,139.0,0.0625,0.0,1396.0,1396.0,1396.0,1.0,104.01225481089205,3.9100864031352103,0.010226665064692497,9.157664225902408,2.097690891008824,119.69015493290499,29.15141670708858,0.0003947909614226566,0.35352317116670817,25904.0,119.69015493290499,216.42548641131822,2.0,2.0,2.0,,0.0,0.0,0.0,0.0,False,True,False,False,False,False,False,False,False,False
273.0,12540.0,12540.0,0.0,12540.0,12540.0,12540.0,0.7995947599411011,1.0,0.06217920780181885,0.004140965174883604,0.00750282546505332,0.9997066855430603,2.377333402633667,0.8470114469528198,0.00010373386612627655,0.0004766829661093652,2.376431703567505,0.8467143774032593,0.00029703229665756226,0.0018843263387680054,0.004053950309753418,-0.0038160085678100586,1.0002995729446411,0.0017026662826538086,2.480369806289673,0.0,0.0,0.0,-0.03468315303325653,-0.03468315303325653,0.1577979177236557,1e-06,24.61508274078369,28.380859375,49.80366134643555,0.0,273.0,0.0,0.375,1.0,0.0,0.375,1.0,0.0,0.03468318283557892,1.2499974966049194,-0.7499985098838806,0.03468318283557892,1.2499974966049194,-0.7499985098838806,311.75,512.0,174.0,0.0625,311.75,512.0,174.0,0.0625,0.0,472.0,472.0,472.0,1.0,77.00897646415979,2.684563676826656,0.009646931663155556,5.066483523696661,2.104053980205208,87.37366948788986,15.438848529302282,0.0007692927961049088,0.40402579933785177,12540.0,87.37366948788986,143.52149879361616,2.0,2.0,2.0,,0.375,0.0,1.0,1.0,True,False,False,False,True,True,True,True,True,True
274.0,18491.0,18491.0,0.0,18491.0,18491.0,18491.0,0.8707007169723511,1.0,0.06082165241241455,0.004730472806841135,0.00814379844814539,0.9996469616889954,2.4708385467529297,0.8765577077865601,0.001035685301758349,0.0005450660828500986,2.467585802078247,0.8754351139068604,0.0011227056384086609,0.001635238528251648,0.0051841139793396,-0.002527952194213867,1.0011252164840698,0.00010752677917480469,-0.12220942974090576,0.0,0.0,0.0,0.09858798794448376,0.0985879898071289,0.1638241410255432,1e-06,24.61508274078369,28.380859375,49.81321334838867,0.0,274.0,0.0,0.08750000596046448,0.4000000059604645,0.0,0.08750000596046448,0.4000000059604645,0.0,-0.0985879972577095,2.8202409744262695,-0.7896674871444702,-0.0985879972577095,2.8202409744262695,-0.7896674871444702,231.6875,373.0,109.0,0.0625,231.6875,373.0,109.0,0.0625,0.0,924.0,924.0,924.0,1.0,68.00824662297964,3.21415577782318,0.009651599917560816,6.653292547445744,2.090390009339899,80.4777615298517,18.345898738327392,0.0005219620311265381,0.3598124789057241,18491.0,80.4777615298517,229.76533701351912,2.0,2.0,2.0,,0.08750000596046448,0.0,0.4000000059604645,0.4000000059604645,True,False,False,False,True,False,True,True,True,True
275.0,15942.0,15942.0,0.0,15942.0,15942.0,15942.0,1.1617214679718018,1.0,0.05955207347869873,0.004649925511330366,0.007906983606517315,0.9996985197067261,3.9870059490203857,1.2457115650177002,0.0005691526457667351,0.0005371607257984579,3.987854480743408,1.2450205087661743,0.0006911121308803558,0.002158578485250473,0.005466461181640625,-0.006277322769165039,1.0006948709487915,0.0010123252868652344,1.9582042694091797,0.0,0.0,0.0,0.0,0.0,0.0,1e-06,24.61508274078369,28.380859375,49.83489990234375,0.0,275.0,0.0,0.0,0.0,0.0,0.0,0.0,0.0,0.0,0.0,0.0,0.0,0.0,0.0,235.375,421.0,142.0,0.0625,235.375,421.0,142.0,0.0625,0.0,761.0,761.0,761.0,1.0,76.00758215598762,2.9598153503611684,0.019492102786898613,5.89510999713093,2.0963908098638058,87.48039245605469,20.182576249598412,0.0012226886706121322,0.3697848448833854,15942.0,87.48039245605469,182.23512209331227,2.0,2.0,2.0,,0.0,0.0,0.0,0.0,False,True,False,False,False,False,False,False,False,False
276.0,12967.0,12967.0,0.0,12967.0,12967.0,12967.0,0.6869180798530579,1.0,0.06138595938682556,0.0039059361442923546,0.0075359102338552475,0.9996881484985352,2.0573577880859375,0.7039453387260437,0.00042228421079926193,0.0003805331070907414,2.056591510772705,0.7036603689193726,0.0002849064767360687,0.001830313354730606,0.0033602118492126465,-0.006073176860809326,1.0002877712249756,0.0006829500198364258,0.37880969047546387,0.0,0.0,0.0,0.047911837697029114,0.04791183024644852,0.17484469711780548,1e-06,24.61508274078369,28.380859375,49.85153579711914,0.0,276.0,0.0,0.07083333283662796,1.0,0.0,0.07083333283662796,1.0,0.0,-0.047911856323480606,3.716651678085327,-0.2833321690559387,-0.047911856323480606,3.716651678085327,-0.2833321690559387,254.4375,386.0,145.0,0.0625,254.4375,386.0,145.0,0.0625,0.0,556.0,556.0,556.0,1.0,49.006273080129176,2.661505018360913,0.010015172883868217,5.025295664090663,2.0940475850366056,59.299781213048846,12.037895622728858,0.0007723585165318283,0.38754497293827894,12967.0,59.299781213048846,218.6685976700809,2.0,2.0,2.0,,0.07083333283662796,0.0,1.0,1.0,True,False,False,False,True,True,True,True,True,True
277.0,10484.0,10484.0,0.0,10484.0,10484.0,10484.0,0.7121346592903137,1.0,0.05984991788864136,0.004239956848323345,0.007958674803376198,0.9996507167816162,2.078213930130005,0.7115263342857361,0.0005988353514112532,0.0004161133838351816,2.076324462890625,0.7107574939727783,0.0007688403129577637,0.0019143298268318176,0.005602836608886719,-0.0033321380615234375,1.0007717609405518,0.000461578369140625,0.1482177972793579,0.0,0.0,0.0,0.0,0.0,0.0,1e-06,24.61508274078369,28.380859375,49.84576416015625,0.0,277.0,0.0,0.0,0.0,0.0,0.0,0.0,0.0,0.0,0.0,0.0,0.0,0.0,0.0,253.25,512.0,128.0,0.0625,253.25,512.0,128.0,0.0625,0.0,402.0,402.0,402.0,1.0,72.00826298817992,2.490046572871506,0.009816066827625036,4.497938139364123,2.1054358282126486,81.61383940186352,17.771042198464936,0.0009362902353705681,0.4290288190923429,10484.0,81.61383940186352,128.45860551146447,2.0,2.0,2.0,,0.0,0.0,0.0,0.0,False,True,False,False,False,False,False,False,False,False
278.0,17070.0,17070.0,0.0,17070.0,17070.0,17070.0,0.7466873526573181,1.0,0.05914628505706787,0.004163912497460842,0.007664382923394442,0.9996790289878845,2.295301914215088,0.7767142653465271,-0.0006861151196062565,0.00042621951433829963,2.2970547676086426,0.7774953246116638,-0.0007809959352016449,0.001125577837228775,0.0011048316955566406,-0.002430260181427002,0.9992198944091797,0.0030841827392578125,0.677839994430542,0.0,0.0,0.0,-0.08711628243327141,-0.0871162861585617,0.1571880429983139,1e-06,24.61508274078369,28.380859375,49.90278625488281,0.0,278.0,0.0,0.05833333730697632,0.13333334028720856,0.0,0.05833333730697632,0.13333334028720856,0.0,0.08711632341146469,1.0978715419769287,-0.8539000749588013,0.08711632341146469,1.0978715419769287,-0.8539000749588013,265.875,512.0,124.0,0.0625,265.875,512.0,124.0,0.0625,0.0,801.0,801.0,801.0,1.0,72.00725940288976,3.102730009239167,0.009523556102067232,6.339357582852244,2.09599220007658,84.05452991183847,16.926953315206806,0.000557911898187887,0.37137419934693877,17070.0,84.05452991183847,203.08245156928555,2.0,2.0,2.0,,0.05833333730697632,0.0,0.13333334028720856,0.13333334028720856,True,False,False,False,True,False,True,True,True,True
279.0,11218.0,11218.0,0.0,11218.0,11218.0,11218.0,0.924856424331665,1.0,0.08305490016937256,0.0041224840097129345,0.0076244003139436245,0.9997174739837646,2.709132194519043,0.9585667848587036,0.0001932101877173409,0.0004973961040377617,2.707756519317627,0.9582339525222778,0.0003328174352645874,0.0020273402333259583,0.003018975257873535,-0.004669308662414551,1.0003355741500854,0.0016148090362548828,1.4422008991241455,0.0,0.0,0.0,0.0,0.0,0.0,1e-06,24.61508274078369,28.380859375,49.8186149597168,0.0,279.0,0.0,0.0,0.0,0.0,0.0,0.0,0.0,0.0,0.0,0.0,0.0,0.0,0.0,259.125,512.0,153.0,0.0625,259.125,512.0,153.0,0.0625,0.0,442.0,442.0,442.0,1.0,75.00827519688755,2.5619517927989364,0.010725115891546011,4.694400971289724,2.1375867491587996,84.91521950205788,18.09172098333033,0.000956063103186487,0.41847040214741704,11218.0,84.91521950205788,132.1082376726134,2.0,2.0,2.0,,0.0,0.0,0.0,0.0,False,True,False,False,False,False,False,False,False,False
280.0,12885.0,12885.0,0.0,12885.0,12885.0,12885.0,0.6436924934387207,1.0,0.062089353799819946,0.004082724917680025,0.007822790183126926,0.9996423125267029,2.014817476272583,0.6765921115875244,0.0003627110563684255,0.00040247311699204147,2.0145270824432373,0.6763254404067993,0.0002665910869836807,0.0017597991973161697,0.002176642417907715,-0.0037589669227600098,1.0002684593200684,0.0008894205093383789,0.5116184949874878,0.0,0.0,0.0,0.12827102839946747,0.12827102839946747,0.11470179259777069,1e-06,24.61508274078369,28.380859375,49.78477096557617,0.0,280.0,0.0,0.03333333507180214,0.46666666865348816,0.0,0.03333333507180214,0.46666666865348816,0.0,-0.12827102839946747,3.7117297649383545,-0.28551769256591797,-0.12827102839946747,3.7117297649383545,-0.28551769256591797,307.3125,512.0,113.0,0.125,307.3125,512.0,113.0,0.125,0.0,498.0,498.0,498.0,1.0,499.05203493032604,2.7362975208088756,0.009617314208298922,5.236772197298706,2.115636337082833,509.65934884082526,101.49522776699736,0.0007463961356848212,0.406423919076345,12885.0,509.65934884082526,25.281592556490494,2.0,2.0,2.0,,0.03333333507180214,0.0,0.46666666865348816,0.46666666865348816,True,False,False,False,True,False,True,True,True,True
281.0,15384.0,15384.0,0.0,15384.0,15384.0,15384.0,0.7490676641464233,1.0,0.062362343072891235,0.004308770876377821,0.00805605947971344,0.9996530413627625,2.2141411304473877,0.7724339962005615,0.0004376229189801961,0.0004874695441685617,2.213165044784546,0.7720221281051636,0.0004119090735912323,0.0015814341604709625,0.0036613941192626953,-0.002397596836090088,1.0004136562347412,0.0010790824890136719,0.1073617935180664,0.0,0.0,0.0,0.0,0.0,0.0,1e-06,24.61508274078369,28.380859375,49.815860748291016,0.0,281.0,0.0,0.0,0.0,0.0,0.0,0.0,0.0,0.0,0.0,0.0,0.0,0.0,0.0,292.5,512.0,174.0,0.125,292.5,512.0,174.0,0.125,0.0,669.0,669.0,669.0,1.0,64.0078599830158,2.9433013750240207,0.00956970127299428,5.856820438057184,2.1082038758322597,75.4286387800239,13.676893158764061,0.0006220554649632267,0.38070855681598964,15384.0,75.4286387800239,203.95436334023054,2.0,2.0,2.0,,0.0,0.0,0.0,0.0,False,True,False,False,False,False,False,False,False,False
282.0,7236.0,7236.0,0.0,7236.0,7236.0,7236.0,0.7608765959739685,1.0,0.05086350440979004,0.0038773382548242807,0.007474653422832489,0.9997200965881348,2.531214714050293,0.8197481036186218,0.0012631322024390101,0.00040845220792107284,2.527282238006592,0.817997395992279,0.0017507709562778473,0.002246115356683731,0.007972180843353271,-0.001698821783065796,1.001756191253662,-0.0008928775787353516,-0.228316068649292,0.0,0.0,0.0,-0.0758017785847187,-0.0758017748594284,0.18759235739707947,1e-06,24.61508274078369,28.380859375,49.867122650146484,0.0,282.0,0.0,0.7708333134651184,1.0,0.0,0.7708333134651184,1.0,0.0,0.07580181211233139,0.5499987006187439,-1.849995493888855,0.07580181211233139,0.5499987006187439,-1.849995493888855,179.25,288.0,62.0,0.0625,179.25,288.0,62.0,0.0625,0.0,273.0,273.0,273.0,1.0,33.00367795396596,2.1097951140254736,0.010376719292253256,3.3892683968879282,2.086805433034897,41.104027836583555,11.507558561354937,0.0014340408087691067,0.4683897729253632,7236.0,41.104027836583555,176.04114197197455,2.0,2.0,2.0,,0.7708333134651184,0.0,1.0,1.0,True,False,False,False,True,True,True,True,True,True
283.0,14285.0,14285.0,0.0,14285.0,14285.0,14285.0,0.7920507788658142,1.0,0.06734845042228699,0.003996200859546661,0.007491793017834425,0.9997120499610901,2.426011323928833,0.8281509876251221,0.0011410474544391036,0.00043980267946608365,2.4234650135040283,0.8273382186889648,0.0008127465844154358,0.0013516619801521301,0.004966676235198975,-0.0017345547676086426,1.00081467628479,-0.0005328655242919922,-0.12055850028991699,0.0,0.0,0.0,0.0,0.0,0.0,1e-06,24.61508274078369,28.380859375,49.8039436340332,0.0,283.0,0.0,0.0,0.0,0.0,0.0,0.0,0.0,0.0,0.0,0.0,0.0,0.0,0.0,271.8125,512.0,93.0,0.125,271.8125,512.0,93.0,0.125,0.0,621.0,621.0,621.0,1.0,229.02104898402467,2.857942006085068,0.009524389170110226,5.578649245202541,2.0962408506311476,240.0694957980886,52.660622898143174,0.0006667405789366626,0.39052497341284853,14285.0,240.0694957980886,59.50360312338247,2.0,2.0,2.0,,0.0,0.0,0.0,0.0,False,True,False,False,False,False,False,False,False,False
284.0,13502.0,13502.0,0.0,13502.0,13502.0,13502.0,0.41075190901756287,1.0,0.060407280921936035,0.0030953488312661648,0.007071840576827526,0.9996477365493774,1.5197128057479858,0.4112643599510193,-0.0002008046576520428,0.00029424342210404575,1.5201400518417358,0.4115615487098694,-0.0002971682697534561,0.0011000055819749832,0.002710878849029541,-0.004913449287414551,0.9997042417526245,0.0015838146209716797,0.48426902294158936,0.0,0.0,0.0,-0.020520005375146866,-0.020520001649856567,0.10322275757789612,1e-06,24.61508274078369,28.380859375,49.86931610107422,0.0,284.0,0.0,0.9624999761581421,1.0,0.4000000059604645,0.9624999761581421,1.0,0.4000000059604645,0.02052002027630806,0.24999848008155823,-3.7499749660491943,0.02052002027630806,0.24999848008155823,-3.7499749660491943,290.875,512.0,172.0,0.0625,290.875,512.0,172.0,0.0625,0.0,553.0,553.0,553.0,1.0,65.0918989200145,2.735975950025022,0.009631738997995853,5.235134483315051,2.0955190169624984,75.66822019126266,13.986226669534702,0.0007133564655603505,0.387730297979192,13502.0,75.66822019126266,178.4368651181657,2.0,2.0,2.0,,0.9624999761581421,0.4000000059604645,1.0,0.5999999940395355,True,False,False,False,True,True,True,True,True,True
285.0,14958.0,14958.0,0.0,14958.0,14958.0,14958.0,0.6500422358512878,1.0,0.11004143953323364,0.004080110229551792,0.008093692362308502,0.9996290802955627,2.084075450897217,0.6809815168380737,0.0006081328610889614,0.00041609525214880705,2.0821242332458496,0.6802805066108704,0.0007010791450738907,0.001468917354941368,0.0045645833015441895,-0.0031877756118774414,1.0007030963897705,0.0004423856735229492,-0.02046036720275879,0.0,0.0,0.0,0.02720358967781067,0.02720358967781067,0.13254138827323914,1e-06,24.61508274078369,28.380859375,49.815650939941406,0.0,285.0,0.0,0.0833333358168602,0.13333334028720856,0.0,0.0833333358168602,0.13333334028720856,0.0,-0.027203617617487907,0.7499887943267822,-1.2499812841415405,-0.027203617617487907,0.7499887943267822,-1.2499812841415405,338.875,512.0,166.0,0.25,338.875,512.0,166.0,0.25,0.0,596.0,596.0,596.0,1.0,56.00665078498423,2.9137489148415625,0.00995627325028181,5.779276899062097,2.2082266551442444,67.4223663029261,10.32951877259023,0.0006656152727825786,0.3863669540755513,14958.0,67.4223663029261,221.8551620213726,2.0,2.0,2.0,,0.0833333358168602,0.0,0.13333334028720856,0.13333334028720856,True,False,False,False,True,False,True,True,True,True
286.0,11027.0,11027.0,0.0,11027.0,11027.0,11027.0,0.8650839328765869,1.0,0.06032299995422363,0.0044561149552464485,0.007901983335614204,0.9996820688247681,2.387571096420288,0.8517422080039978,-0.00015569479728583246,0.0005022570258006454,2.3877217769622803,0.851828932762146,-8.679181337356567e-05,0.0013294965028762817,0.004144906997680664,-0.0034397244453430176,0.999914824962616,0.0023293495178222656,0.39868462085723877,0.0,0.0,0.0,0.03125702030956745,0.0312570184469223,0.16820906102657318,1e-06,24.61508274078369,28.380859375,49.816707611083984,0.0,286.0,0.0,0.32083332538604736,0.7333333492279053,0.0,0.32083332538604736,0.7333333492279053,0.0,-0.03125704079866409,1.0978846549987793,-0.8539102077484131,-0.03125704079866409,1.0978846549987793,-0.8539102077484131,243.1875,368.0,96.0,0.0625,243.1875,368.0,96.0,0.0625,0.0,446.0,446.0,446.0,1.0,145.01419203635305,2.4944655392318964,0.00934959715232253,4.512336113955826,2.099828257691115,154.6369917509146,37.26913185205681,0.0008478822120542786,0.4092079544713726,11027.0,154.6369917509146,71.30894021633591,2.0,2.0,2.0,,0.32083332538604736,0.0,0.7333333492279053,0.7333333492279053,True,False,False,False,True,False,True,True,True,True
287.0,18488.0,18488.0,0.0,18488.0,18488.0,18488.0,0.7925927639007568,1.0,0.061789512634277344,0.004452340770512819,0.007994869723916054,0.9996597766876221,2.3448500633239746,0.8246663808822632,0.0003247835848014802,0.0004567825235426426,2.3441362380981445,0.8243337869644165,0.00033258646726608276,0.001795440912246704,0.003992438316345215,-0.0022269487380981445,1.000334620475769,0.0011767148971557617,0.2224191427230835,0.0,0.0,0.0,0.0,0.0,0.0,1e-06,24.61508274078369,28.380859375,49.82524490356445,0.0,287.0,0.0,0.0,0.0,0.0,0.0,0.0,0.0,0.0,0.0,0.0,0.0,0.0,0.0,252.5,512.0,110.0,0.0625,252.5,512.0,110.0,0.0625,0.0,903.0,903.0,903.0,1.0,238.02782014291734,3.2226477642543614,0.009968922007828951,6.69428545422852,2.110735830850899,250.56736570596695,58.91777726309835,0.0005392104071737857,0.3620881357760991,18488.0,250.56736570596695,73.78454870972742,2.0,2.0,2.0,,0.0,0.0,0.0,0.0,False,True,False,False,False,False,False,False,False,False
288.0,13383.0,13383.0,0.0,13383.0,13383.0,13383.0,0.8283857703208923,1.0,0.06140166521072388,0.004294156096875668,0.007774554193019867,0.9996834397315979,2.5183889865875244,0.881301760673523,0.00018780402024276555,0.00046172007569111884,2.515956163406372,0.881062924861908,0.00023884326219558716,0.0017621144652366638,0.00858163833618164,-0.0037827491760253906,1.0002424716949463,0.0014734268188476562,0.22573256492614746,0.0,0.0,0.0,0.024849344044923782,0.024849340319633484,0.1676466017961502,1e-06,24.61508274078369,28.380859375,49.821319580078125,0.0,288.0,0.0,0.13333334028720856,0.800000011920929,0.0,0.13333334028720856,0.800000011920929,0.0,-0.02484932169318199,2.7664053440093994,-0.5532810688018799,-0.02484932169318199,2.7664053440093994,-0.5532810688018799,225.4375,498.0,91.0,0.0625,225.4375,498.0,91.0,0.0625,0.0,611.0,611.0,611.0,1.0,215.0248387590982,2.7442695470526814,0.010115636046975851,5.2257970799691975,2.100291521754116,225.6058162720874,59.61320730776219,0.0007558571356927334,0.39048024209588267,13383.0,225.6058162720874,59.320279153883604,2.0,2.0,2.0,,0.13333334028720856,0.0,0.800000011920929,0.800000011920929,True,False,False,False,True,False,True,True,True,True
289.0,16264.0,16264.0,0.0,16264.0,16264.0,16264.0,0.7795045375823975,1.0,0.05607077479362488,0.004214807879179716,0.00774386478587985,0.9996841549873352,2.305800676345825,0.820034384727478,-0.00017742371710482985,0.0005172534729354084,2.3065314292907715,0.8203157186508179,-0.0002814270555973053,0.0014538802206516266,0.0026353001594543457,-0.003233671188354492,0.9997201561927795,0.0024263858795166016,0.4318993091583252,0.0,0.0,0.0,0.09607607871294022,0.09607607126235962,0.1557363122701645,1e-06,24.61508274078369,28.380859375,49.83185577392578,0.0,289.0,0.0,0.0625,1.0,0.0,0.0625,1.0,0.0,-0.09607609361410141,3.7499847412109375,-0.24999898672103882,-0.09607609361410141,3.7499847412109375,-0.24999898672103882,248.5,512.0,138.0,0.0625,248.5,512.0,138.0,0.0625,0.0,768.0,768.0,768.0,1.0,81.00910252379254,3.0197719330899417,0.009670160710811615,6.08681461121887,2.1008794819936156,92.72739856410772,20.374522767553454,0.0005945745641177825,0.37425077540696444,16264.0,92.72739856410772,175.39584040800813,2.0,2.0,2.0,,0.0625,0.0,1.0,1.0,True,False,False,False,True,True,True,True,True,True
290.0,14538.0,14538.0,0.0,14538.0,14538.0,14538.0,0.868426501750946,1.0,0.06145888566970825,0.00419926131144166,0.007672733627259731,0.9996993541717529,2.4582855701446533,0.8707340955734253,7.955845649121329e-05,0.0004858533211518079,2.457793712615967,0.8704500198364258,0.00028407759964466095,0.0014087874442338943,0.0024236440658569336,-0.0019408464431762695,1.0002853870391846,0.0017905235290527344,0.30446672439575195,0.0,0.0,0.0,0.026309184730052948,0.026309192180633545,0.16295045614242554,1e-06,24.61508274078369,28.380859375,49.84749984741211,0.0,290.0,0.0,0.36666667461395264,0.9333333373069763,0.0,0.36666667461395264,0.9333333373069763,0.0,-0.026309141889214516,1.3530150651931763,-0.8754803538322449,-0.026309141889214516,1.3530150651931763,-0.8754803538322449,255.625,512.0,148.0,0.0625,255.625,512.0,148.0,0.0625,0.0,653.0,653.0,653.0,1.0,200.01913400413468,2.869538668077439,0.009546873159706593,5.615785180591047,2.1323044248856604,211.1476845643483,48.90443374184222,0.0006566840803209927,0.38628320130630395,14538.0,211.1476845643483,68.8522823728596,2.0,2.0,2.0,,0.36666667461395264,0.0,0.9333333373069763,0.9333333373069763,True,False,False,False,True,False,True,True,True,True
291.0,15546.0,15546.0,0.0,15546.0,15546.0,15546.0,0.8161574006080627,1.0,0.053765714168548584,0.004158498253673315,0.007629625033587217,0.9997032880783081,2.4537153244018555,0.8824430108070374,0.0006514279521070421,0.00045594858238473535,2.4527881145477295,0.8819841742515564,0.0004589296877384186,0.0017038099467754364,0.0031141042709350586,-0.005377531051635742,1.0004613399505615,0.0005213022232055664,0.0052988529205322266,0.0,0.0,0.0,0.09623294696211815,0.09623294323682785,0.13168108463287354,1e-06,24.61508274078369,28.380859375,49.83768844604492,0.0,291.0,0.0,0.02916666679084301,0.46666666865348816,0.0,0.02916666679084301,0.46666666865348816,0.0,-0.09623295813798904,3.7499678134918213,-0.24999785423278809,-0.09623295813798904,3.7499678134918213,-0.24999785423278809,240.625,405.0,103.0,0.0625,240.625,405.0,103.0,0.0625,0.0,731.0,731.0,731.0,1.0,89.0104928901419,2.9422839120961726,0.009305891115218401,5.841445291414857,2.091362962964922,100.39474534802139,23.119608542894,0.0005986035710291008,0.3757523022909338,15546.0,100.39474534802139,154.84874179529342,2.0,2.0,2.0,,0.02916666679084301,0.0,0.46666666865348816,0.46666666865348816,True,False,False,False,True,False,True,True,True,True
292.0,18239.0,18239.0,0.0,18239.0,18239.0,18239.0,0.7511031627655029,1.0,0.05621367692947388,0.004091980401426554,0.007708558812737465,0.9996896982192993,2.3600993156433105,0.8220569491386414,0.0005471156910061836,0.00044624521979130805,2.3585338592529297,0.8214563131332397,0.0006007067859172821,0.001480739563703537,0.004901766777038574,-0.002871096134185791,1.0006027221679688,0.0006937980651855469,0.20545005798339844,0.0,0.0,0.0,-0.0457649827003479,-0.0457649752497673,0.1686077117919922,1e-06,24.61508274078369,28.380859375,49.88087463378906,0.0,292.0,0.0,0.0625,1.0,0.0,0.0625,1.0,0.0,0.045764900743961334,3.7499847412109375,-0.24999898672103882,0.045764900743961334,3.7499847412109375,-0.24999898672103882,278.9375,512.0,100.0,0.125,278.9375,512.0,100.0,0.125,0.0,861.0,861.0,861.0,1.0,321.0310998922214,3.260547982994467,0.009852441027760506,6.794634923804551,2.123061529826373,333.71935089305043,71.93168270047533,0.0005401853735270851,0.3725333035695242,18239.0,333.71935089305043,54.653708126878115,2.0,2.0,2.0,,0.0625,0.0,1.0,1.0,True,False,False,False,True,True,True,True,True,True
293.0,14030.0,14030.0,0.0,14030.0,14030.0,14030.0,0.8079020977020264,1.0,0.05826982855796814,0.004260374698787928,0.00782398134469986,0.9996833205223083,2.3317506313323975,0.8188389539718628,0.000648356566671282,0.0004576690844260156,2.3301920890808105,0.8181392550468445,0.0006996169686317444,0.0010785236954689026,0.0028916001319885254,-0.001255631446838379,1.00070059299469,0.0005323886871337891,-0.1319664716720581,0.0,0.0,0.0,0.017951365560293198,0.017951365560293198,0.15428712964057922,1e-06,24.61508274078369,28.380859375,49.86393356323242,0.0,293.0,0.0,0.1458333432674408,0.8666666746139526,0.0,0.1458333432674408,0.8666666746139526,0.0,-0.017951322719454765,2.8464510440826416,-0.5758717060089111,-0.017951322719454765,2.8464510440826416,-0.5758717060089111,271.875,479.0,170.0,0.0625,271.875,479.0,170.0,0.0625,0.0,605.0,605.0,605.0,1.0,238.02192366681993,2.784235226921737,0.009191884193569422,5.347439333796501,2.404126858804375,249.06908840080723,54.7176836015678,0.0006551592440177778,0.38114321694914477,14030.0,249.06908840080723,56.329752078357586,2.0,2.0,2.0,,0.1458333432674408,0.0,0.8666666746139526,0.8666666746139526,True,False,False,False,True,False,True,True,True,True
294.0,16684.0,16684.0,0.0,16684.0,16684.0,16684.0,0.7831003665924072,1.0,0.06072917580604553,0.004122649785131216,0.007682404946535826,0.9996875524520874,2.2170448303222656,0.786598801612854,0.00024356268113479018,0.0004171858308836818,2.2165088653564453,0.7863673567771912,0.00023148208856582642,0.0013515055179595947,0.0026581287384033203,-0.002736389636993408,1.0002326965332031,0.0011862516403198242,0.15318846702575684,0.0,0.0,0.0,-0.12844030372798443,-0.12844030559062958,0.16466400027275085,1e-06,24.61508274078369,28.380859375,49.906890869140625,0.0,294.0,0.0,0.4375,1.0,0.0,0.4375,1.0,0.0,0.12844032049179077,1.0978854894638062,-0.8539109230041504,0.12844032049179077,1.0978854894638062,-0.8539109230041504,245.75,439.0,111.0,0.0625,245.75,439.0,111.0,0.0625,0.0,797.0,797.0,797.0,1.0,87.00909530511126,3.01804808806628,0.009995848871767521,6.093997996300459,2.1154130310751498,98.74702333612368,22.12845760557255,0.000599127839353124,0.3652600093682845,16684.0,98.74702333612368,168.95699167770917,2.0,2.0,2.0,,0.4375,0.0,1.0,1.0,True,False,False,False,True,True,True,True,True,True
295.0,15241.0,15241.0,0.0,15241.0,15241.0,15241.0,0.9056346416473389,1.0,0.061450064182281494,0.0043076518923044205,0.007853174582123756,0.9996936321258545,2.8098337650299072,0.9759629964828491,0.0009439701098017395,0.00048199325101450086,2.807591438293457,0.9750133752822876,0.0009496733546257019,0.001540839672088623,0.0042345523834228516,-0.0017307400703430176,1.0009517669677734,3.695487976074219e-05,-0.10970687866210938,0.0,0.0,0.0,-0.05385284358635545,-0.05385284498333931,0.1569594442844391,1e-06,24.61508274078369,28.380859375,49.87279510498047,0.0,295.0,0.0,0.1041666716337204,0.3333333432674408,0.0,0.1041666716337204,0.3333333432674408,0.0,0.053852811455726624,1.5482925176620483,-0.703769326210022,0.053852811455726624,1.5482925176620483,-0.703769326210022,289.5625,512.0,157.0,0.0625,289.5625,512.0,157.0,0.0625,0.0,663.0,663.0,663.0,1.0,76.00929177599028,2.9272400340996683,0.010097697842866182,5.819172467105091,2.0906448629684746,87.35789399780333,16.406063409451818,0.0006625351251798559,0.38181041054426157,15241.0,87.35789399780333,174.46620222304404,2.0,2.0,2.0,,0.1041666716337204,0.0,0.3333333432674408,0.3333333432674408,True,False,False,False,True,False,True,True,True,True
296.0,9714.0,9714.0,0.0,9714.0,9714.0,9714.0,0.6922468543052673,1.0,0.05267345905303955,0.004157407209277153,0.007758072577416897,0.9996725916862488,2.0014328956604004,0.6861412525177002,0.00036374214687384665,0.0004446153179742396,2.0005292892456055,0.6857357621192932,0.0004055500030517578,0.0017342716455459595,0.004168331623077393,-0.003011047840118408,1.0004078149795532,0.0010513067245483398,0.32082128524780273,0.0,0.0,0.0,0.15078432857990265,0.15078432857990265,0.15665268898010254,1e-06,24.61508274078369,28.380859375,49.85603713989258,0.0,296.0,0.0,0.33750003576278687,1.0,0.0,0.33750003576278687,1.0,0.0,-0.15078438818454742,1.654809832572937,-0.8430164456367493,-0.15078438818454742,1.654809832572937,-0.8430164456367493,263.125,424.0,152.0,0.0625,263.125,424.0,152.0,0.0625,0.0,344.0,344.0,344.0,1.0,218.02094013802707,2.3725502472370863,0.009520824998617172,4.147223230917007,2.1033930969424546,227.15846314886585,51.786446588605,0.0009801137532033325,0.42693259531778943,9714.0,227.15846314886585,42.76309966771537,2.0,2.0,2.0,,0.33750003576278687,0.0,1.0,1.0,True,False,False,False,True,True,True,True,True,True
297.0,10171.0,10171.0,0.0,10171.0,10171.0,10171.0,0.6464137434959412,1.0,0.0491330623626709,0.0038631525821983814,0.0074101886712014675,0.9996861815452576,1.9844396114349365,0.6730210185050964,0.00018403030117042363,0.00039681719499640167,1.9840803146362305,0.6728030443191528,0.00021797046065330505,0.001448407769203186,0.005012869834899902,-0.0033556222915649414,1.0002201795578003,0.0012198686599731445,0.23458564281463623,0.0,0.0,0.0,0.0011670049279928207,0.00116700679063797,0.13650663197040558,1e-06,24.61508274078369,28.380859375,49.86060333251953,0.0,297.0,0.0,0.40000003576278687,1.0,0.0,0.40000003576278687,1.0,0.0,-0.0011670549865812063,2.5696699619293213,-1.7131136655807495,-0.0011670549865812063,2.5696699619293213,-1.7131136655807495,244.6875,413.0,137.0,0.0625,244.6875,413.0,137.0,0.0625,0.0,391.0,391.0,391.0,1.0,67.00796805555001,2.4173043873161077,0.01014608796685934,4.290025452617556,2.104712726082653,76.3307753233239,17.115700652758623,0.00099755068005696,0.42178993733335524,10171.0,76.3307753233239,133.24900679860005,2.0,2.0,2.0,,0.40000003576278687,0.0,1.0,1.0,True,False,False,False,True,True,True,True,True,True
298.0,15548.0,15548.0,0.0,15548.0,15548.0,15548.0,0.786018431186676,1.0,0.058062851428985596,0.004226310178637505,0.007832919247448444,0.9996727108955383,2.234675168991089,0.7871385812759399,0.00044944643741473556,0.00044783964403904974,2.233647584915161,0.7866613268852234,0.0004773121327161789,0.002265552058815956,0.008742570877075195,-0.004979491233825684,1.000482439994812,0.0008903741836547852,0.5210393667221069,0.0,0.0,0.0,0.0,0.0,0.0,1e-06,24.61508274078369,28.380859375,49.875938415527344,0.0,298.0,0.0,0.0,0.0,0.0,0.0,0.0,0.0,0.0,0.0,0.0,0.0,0.0,0.0,270.75,459.0,134.0,0.0625,270.75,459.0,134.0,0.0625,0.0,701.0,701.0,701.0,1.0,63.00662282994017,2.9551920262165368,0.009529901202768087,5.889767004176974,2.0928137386217713,74.45592296309769,14.544465103864304,0.0006129342167975359,0.37881187317834925,15548.0,74.45592296309769,208.82153334807222,2.0,2.0,2.0,,0.0,0.0,0.0,0.0,False,True,False,False,False,False,False,False,False,False
299.0,18088.0,18088.0,0.0,18088.0,18088.0,18088.0,0.6791080832481384,1.0,0.062338851392269135,0.0040972488932311535,0.007696053478866816,0.9996632933616638,2.0925097465515137,0.7181176543235779,0.00065416976576671,0.0004174163332208991,2.091020107269287,0.7174828052520752,0.0006348621100187302,0.0012952815741300583,0.003978252410888672,-0.0014611482620239258,1.0006362199783325,0.00035750865936279297,-0.10138797760009766,0.0,0.0,0.0,0.0,0.0,0.0,1e-06,24.61508274078369,28.380859375,49.87002944946289,0.0,299.0,0.0,0.0,0.0,0.0,0.0,0.0,0.0,0.0,0.0,0.0,0.0,0.0,0.0,338.5,512.0,143.0,0.25,338.5,512.0,143.0,0.25,0.0,792.0,792.0,792.0,1.0,951.0863479790278,3.254815125837922,0.009543068706989288,6.711252777837217,2.119336596224457,963.6798207229003,175.6067850773685,0.0005275911492143569,0.37103343530723226,18088.0,963.6798207229003,18.769719580131255,2.0,2.0,2.0,,0.0,0.0,0.0,0.0,False,True,False,False,False,False,False,False,False,False
300.0,9765.0,9765.0,0.0,9765.0,9765.0,9765.0,0.6200273633003235,1.0,0.05664992332458496,0.0037274218630045652,0.007423128932714462,0.9996901154518127,2.001485586166382,0.6667680144309998,0.0006361157284118235,0.00037107165553607047,1.9992945194244385,0.6657523512840271,0.0010156985372304916,0.0014867167919874191,0.0050394535064697266,-0.0019589662551879883,1.0010175704956055,0.0002124309539794922,0.1161566972732544,0.0,0.0,0.0,0.0,0.0,0.0,1e-06,24.61508274078369,28.380859375,49.88713455200195,0.0,300.0,0.0,0.0,0.0,0.0,0.0,0.0,0.0,0.0,0.0,0.0,0.0,0.0,0.0,294.3125,512.0,105.0,0.1875,294.3125,512.0,105.0,0.1875,0.0,316.0,316.0,316.0,1.0,322.02947003394365,2.4635769338347018,0.011269798036664724,4.417010452598333,2.117221036925912,378.9423546362668,68.38595668590861,0.0011541011814300793,0.4523308195185185,9765.0,378.9423546362668,25.769090946228676,2.0,2.0,2.0,47.404298595152795,0.0,0.0,0.0,0.0,False,True,False,False,False,False,False,False,False,False
301.0,15661.0,15661.0,0.0,15661.0,15661.0,15661.0,0.8480826020240784,1.0,0.05837440490722656,0.004015821497887373,0.007386369630694389,0.9997247457504272,2.3394854068756104,0.8247641324996948,0.0011655088746920228,0.00045035421499051154,2.336888551712036,0.8235193490982056,0.001244695857167244,0.0013973880559206009,0.0039327144622802734,-0.0006166696548461914,1.001246452331543,-0.0005344748497009277,-0.3035610318183899,0.0,0.0,0.0,0.18757675937376916,0.1875767558813095,0.1317054033279419,1e-06,24.61508274078369,28.380859375,49.88864517211914,0.0,301.0,0.0,0.19583332538604736,1.0,0.0,0.19583332538604736,1.0,0.0,-0.18757674098014832,2.0086686611175537,-0.48915761709213257,-0.18757674098014832,2.0086686611175537,-0.48915761709213257,284.8125,512.0,132.0,0.0625,284.8125,512.0,132.0,0.0625,0.0,694.0,694.0,694.0,1.0,77.00905130710453,2.997715895064175,0.010144772008061409,6.015122845303267,2.117297385353595,88.65098395617679,16.899067655717474,0.0006477729396629468,0.38408293501712965,15661.0,88.65098395617679,176.659065710334,2.0,2.0,2.0,,0.19583332538604736,0.0,1.0,1.0,True,False,False,False,True,True,True,True,True,True
302.0,10341.0,10341.0,0.0,10341.0,10341.0,10341.0,0.8143886923789978,1.0,0.07439213991165161,0.004173825494945049,0.007702285889536142,0.9996888637542725,2.45279860496521,0.8268328309059143,0.0013547549024224281,0.00043835959513671696,2.448854923248291,0.8252972364425659,0.0015355981886386871,0.0016050226986408234,0.005236804485321045,-0.0005553960800170898,1.0015376806259155,-0.0009617805480957031,-0.4409710168838501,0.0,0.0,0.0,0.03296370059251785,0.03296370059251785,0.15151897072792053,1e-06,24.61508274078369,28.380859375,49.94556427001953,0.0,302.0,0.0,0.6708333492279053,1.0,0.0,0.6708333492279053,1.0,0.0,-0.03296370431780815,1.376710295677185,-2.8057010173797607,-0.03296370431780815,1.376710295677185,-2.8057010173797607,270.3125,399.0,156.0,0.0625,270.3125,399.0,156.0,0.0625,0.0,376.0,376.0,376.0,1.0,50.00646555284038,2.412254855968058,0.009540030267089605,4.2579624420031905,2.0979882860556245,59.289760750718415,11.562188567130724,0.0009225442671975249,0.41175538555296304,10341.0,59.289760750718415,174.41460159500977,2.0,2.0,2.0,,0.6708333492279053,0.0,1.0,1.0,True,False,False,False,True,True,True,True,True,True
303.0,13830.0,13830.0,0.0,13830.0,13830.0,13830.0,0.7650390863418579,1.0,0.062055349349975586,0.004025709815323353,0.0075271641835570335,0.9997044205665588,2.2271840572357178,0.7939618825912476,0.0004958102363161743,0.00044155438081361353,2.2266459465026855,0.7936137914657593,0.00034815073013305664,0.0015524253249168396,0.00290757417678833,-0.005208194255828857,1.0003502368927002,0.0007776021957397461,0.19203364849090576,0.0,0.0,0.0,0.0,0.0,0.0,1e-06,24.61508274078369,28.380859375,49.8847541809082,0.0,303.0,0.0,0.0,0.0,0.0,0.0,0.0,0.0,0.0,0.0,0.0,0.0,0.0,0.0,286.375,512.0,126.0,0.0625,286.375,512.0,126.0,0.0625,0.0,578.0,578.0,578.0,1.0,724.0653677368537,2.828458111267537,0.009868055116385221,5.499216166790575,2.128995733335614,735.0405699559487,158.0238689953849,0.0007135253157183819,0.3976295131446547,13830.0,735.0405699559487,18.815287979041535,2.0,2.0,2.0,,0.0,0.0,0.0,0.0,False,True,False,False,False,False,False,False,False,False
304.0,11967.0,11967.0,0.0,11967.0,11967.0,11967.0,0.7399742007255554,1.0,0.05844771862030029,0.003967713098973036,0.007643361110240221,0.9996948838233948,2.143331289291382,0.7332853674888611,0.0008346085087396204,0.00043187220580875874,2.1414332389831543,0.7323001027107239,0.0009852144867181778,0.0013577360659837723,0.0030460357666015625,-0.0017361640930175781,1.0009866952896118,5.4717063903808594e-05,-0.16671985387802124,0.0,0.0,0.0,-0.001638956367969513,-0.001638956367969513,0.1661500334739685,1e-06,24.61508274078369,28.380859375,49.97834014892578,0.0,304.0,0.0,0.7750000357627869,1.0,0.0,0.7750000357627869,1.0,0.0,0.0016389093361794949,1.034181833267212,-3.562182664871216,0.0016389093361794949,1.034181833267212,-3.562182664871216,205.9375,308.0,132.0,0.0625,205.9375,308.0,132.0,0.0625,0.0,542.0,542.0,542.0,1.0,52.0067188362591,2.5211758660152555,0.009146059863269329,4.580176578368992,2.0950937718153,61.71359449997544,15.783526202203065,0.0007642734071420848,0.38273389975507577,11967.0,61.71359449997544,193.9118940804001,2.0,2.0,2.0,,0.7750000357627869,0.0,1.0,1.0,True,False,False,False,True,True,True,True,True,True
305.0,11358.0,11358.0,0.0,11358.0,11358.0,11358.0,0.659075915813446,1.0,0.06105399131774902,0.0037988340482115746,0.0075744385831058025,0.999679684638977,1.9768626689910889,0.6555566787719727,0.00019971170695498586,0.0003479968581814319,1.9766547679901123,0.6554075479507446,0.00014907866716384888,0.0015739910304546356,0.003798067569732666,-0.0026013553142547607,1.0001507997512817,0.0009919404983520508,0.3521006107330322,0.0,0.0,0.0,0.0,0.0,0.0,1e-06,24.61508274078369,28.380859375,49.91196823120117,0.0,305.0,0.0,0.0,0.0,0.0,0.0,0.0,0.0,0.0,0.0,0.0,0.0,0.0,0.0,318.875,512.0,124.0,0.125,318.875,512.0,124.0,0.125,0.0,391.0,391.0,391.0,1.0,124.01467325724661,2.5804250580258667,0.009576112031936646,4.740499506238848,2.093446298968047,133.9392911749892,24.307070414983656,0.0008431160443684315,0.4173709725514041,11358.0,133.9392911749892,84.7996125734381,2.0,2.0,2.0,,0.0,0.0,0.0,0.0,False,True,False,False,False,False,False,False,False,False
306.0,16019.0,16019.0,0.0,16019.0,16019.0,16019.0,0.7125939726829529,1.0,0.05628037452697754,0.004125132691115141,0.007734202779829502,0.9996703267097473,2.252213954925537,0.7744084596633911,0.0008475200738757849,0.000434151355875656,2.249896287918091,0.7734604477882385,0.0009479131549596786,0.001730291172862053,0.004880189895629883,-0.002634704113006592,1.0009500980377197,4.0531158447265625e-05,0.4231994152069092,0.0,0.0,0.0,0.0,0.0,0.0,1e-06,24.61508274078369,28.380859375,49.90821075439453,0.0,306.0,0.0,0.0,0.0,0.0,0.0,0.0,0.0,0.0,0.0,0.0,0.0,0.0,0.0,357.1875,512.0,131.0,0.1875,357.1875,512.0,131.0,0.1875,0.0,644.0,644.0,644.0,1.0,66.0074165565893,3.008100957609713,0.009356640744954348,6.047937631607056,2.1022231308743358,77.67665964830667,11.549854165632425,0.0005840964320465914,0.37754776400568424,16019.0,77.67665964830667,206.22668472780046,2.0,2.0,2.0,,0.0,0.0,0.0,0.0,False,True,False,False,False,False,False,False,False,False
307.0,15230.0,15230.0,0.0,15230.0,15230.0,15230.0,0.6704811453819275,1.0,0.052496761083602905,0.004320815205574036,0.008032049983739853,0.9996329545974731,2.012021541595459,0.6903966665267944,0.0007934182067401707,0.00041909870924428105,2.0098891258239746,0.6893752813339233,0.001021355390548706,0.0019731074571609497,0.0040174126625061035,-0.0030539631843566895,1.0010242462158203,9.226799011230469e-05,0.20415747165679932,0.0,0.0,0.0,0.05754610896110535,0.05754610896110535,0.16920506954193115,1e-06,24.61508274078369,28.380859375,49.92384719848633,0.0,307.0,0.0,0.7374999523162842,1.0,0.0,0.7374999523162842,1.0,0.0,-0.05754607915878296,0.6485256552696228,-1.8220478296279907,-0.05754607915878296,0.6485256552696228,-1.8220478296279907,227.875,427.0,131.0,0.0625,227.875,427.0,131.0,0.0625,0.0,724.0,724.0,724.0,1.0,43.00632917601615,2.9055542456917465,0.009579722303897142,5.742203396279365,2.0961315841414034,54.26230969838798,11.795482494793239,0.0006290034342677046,0.3770323963413897,15230.0,54.26230969838798,280.67364040813123,2.0,2.0,2.0,,0.7374999523162842,0.0,1.0,1.0,True,False,False,False,True,True,True,True,True,True
308.0,11635.0,11635.0,0.0,11635.0,11635.0,11635.0,0.8254071474075317,1.0,0.061416298151016235,0.0044456543400883675,0.007871359586715698,0.999667227268219,2.3966946601867676,0.8425959348678589,0.0005738029140047729,0.00045673587010242045,2.394808769226074,0.841767430305481,0.0008285120129585266,0.0017298981547355652,0.0038016438484191895,-0.001874387264251709,1.0008306503295898,0.0006798505783081055,0.10935592651367188,0.0,0.0,0.0,0.11187132447957993,0.11187131702899933,0.14015553891658783,1e-06,24.61508274078369,28.380859375,49.909332275390625,0.0,308.0,0.0,0.07916666567325592,0.20000000298023224,0.0,0.07916666567325592,0.20000000298023224,0.0,-0.11187131702899933,1.3652385473251343,-0.8944665789604187,-0.11187131702899933,1.3652385473251343,-0.8944665789604187,274.1875,510.0,149.0,0.0625,274.1875,510.0,149.0,0.0625,0.0,453.0,453.0,453.0,1.0,72.00944434525445,2.6041224957443774,0.009512506425380707,4.813687038142234,2.1092249462381005,82.04802521178499,16.4142795407464,0.000817576830716004,0.41372471320517695,11635.0,82.04802521178499,141.8071912147473,2.0,2.0,2.0,,0.07916666567325592,0.0,0.20000000298023224,0.20000000298023224,True,False,False,False,True,False,True,True,True,True
309.0,11924.0,11924.0,0.0,11924.0,11924.0,11924.0,0.6150525808334351,1.0,0.07770313322544098,0.004080458544194698,0.007812910713255405,0.9996392130851746,1.9447081089019775,0.6502702236175537,0.00133310176897794,0.00044361321488395333,1.9406524896621704,0.648378849029541,0.0018913839012384415,0.0023712385445833206,0.006033658981323242,-0.0013959407806396484,1.0018959045410156,-0.0009078383445739746,-0.20650339126586914,0.0,0.0,0.0,0.07273197174072266,0.07273197174072266,0.15309526026248932,1e-06,24.61508274078369,28.380859375,49.956634521484375,0.0,309.0,0.0,0.6833333373069763,1.0,0.0,0.6833333373069763,1.0,0.0,-0.07273200154304504,0.7418236136436462,-1.600777268409729,-0.07273200154304504,0.7418236136436462,-1.600777268409729,275.25,495.0,127.0,0.0625,275.25,495.0,127.0,0.0625,0.0,470.0,470.0,470.0,1.0,58.00770203070715,2.6151900477707386,0.009551800787448883,4.8538364907726645,2.0960716251283884,68.08334945514798,13.171594466554756,0.0008010567584240928,0.4070644490751983,11924.0,68.08334945514798,175.13826942159045,2.0,2.0,2.0,,0.6833333373069763,0.0,1.0,1.0,True,False,False,False,True,True,True,True,True,True
310.0,12920.0,12920.0,0.0,12920.0,12920.0,12920.0,0.7018657922744751,1.0,0.061573535203933716,0.00392887182533741,0.007699546869844198,0.9996898174285889,2.1122889518737793,0.7085529565811157,0.0010727912886068225,0.0004798442532774061,2.1103878021240234,0.7076601982116699,0.0008927155286073685,0.0014049392193555832,0.003945648670196533,-0.0020355582237243652,1.000894546508789,-0.00023543834686279297,-0.1837596297264099,0.0,0.0,0.0,-0.04992280341684818,-0.04992280155420303,0.16305360198020935,1e-06,24.61508274078369,28.380859375,49.94662857055664,0.0,310.0,0.0,0.7416666746139526,1.0,0.0,0.7416666746139526,1.0,0.0,0.04992281645536423,0.6851862668991089,-1.9671478271484375,0.04992281645536423,0.6851862668991089,-1.9671478271484375,187.5,285.0,120.0,0.0625,187.5,285.0,120.0,0.0625,0.0,620.0,620.0,620.0,1.0,50.006525099277496,2.6207672259770334,0.009585084859281778,4.924203414004296,2.098494634963572,60.16211976809427,16.668841699759167,0.0007418796330713451,0.3811302952015709,12920.0,60.16211976809427,214.75307136454745,2.0,2.0,2.0,,0.7416666746139526,0.0,1.0,1.0,True,False,False,False,True,True,True,True,True,True
311.0,15185.0,15185.0,0.0,15185.0,15185.0,15185.0,0.8378870487213135,1.0,0.05974319577217102,0.004103724379092455,0.007490934804081917,0.9997057914733887,2.4163341522216797,0.8356869220733643,-0.00044867006363347173,0.0004451943386811763,2.418766498565674,0.836155354976654,-0.0004684366285800934,0.001829933375120163,0.003747403621673584,-0.004156351089477539,0.999534010887146,0.0026854276657104492,0.6335628032684326,0.0,0.0,0.0,-0.003563828766345978,-0.0035638362169265747,0.18787574768066406,1e-06,24.61508274078369,28.380859375,49.91510009765625,0.0,311.0,0.0,0.02916666679084301,0.46666666865348816,0.0,0.02916666679084301,0.46666666865348816,0.0,0.0035638140980154276,3.7499678134918213,-0.24999785423278809,0.0035638140980154276,3.7499678134918213,-0.24999785423278809,206.0625,329.0,140.0,0.0625,206.0625,329.0,140.0,0.0625,0.0,743.0,743.0,743.0,1.0,67.00860258983448,2.8623753772117198,0.009469097014516592,5.578830900602043,2.1037330739200115,78.06415764708072,20.324113615357742,0.0006235822861058013,0.36739090553849474,15185.0,78.06415764708072,194.51948829896656,2.0,2.0,2.0,,0.02916666679084301,0.0,0.46666666865348816,0.46666666865348816,True,False,False,False,True,False,True,True,True,True
312.0,13035.0,13035.0,0.0,13035.0,13035.0,13035.0,0.9606984257698059,1.0,0.05971646308898926,0.004551987629383802,0.007836408913135529,0.9996854662895203,2.602754831314087,0.9348748922348022,0.00035343936178833246,0.0005063804564997554,2.602034330368042,0.9345375895500183,0.00033746659755706787,0.0016372576355934143,0.004516422748565674,-0.0038239359855651855,1.0003399848937988,0.0013240575790405273,0.3912041187286377,0.0,0.0,0.0,0.09735721349716187,0.09735721349716187,0.1688193529844284,1e-06,24.61508274078369,28.380859375,49.972557067871094,0.0,312.0,0.0,0.08750000596046448,0.20000000298023224,0.0,0.08750000596046448,0.20000000298023224,0.0,-0.09735717624425888,1.5650969743728638,-1.2172977924346924,-0.09735717624425888,1.5650969743728638,-1.2172977924346924,255.6875,395.0,172.0,0.0625,255.6875,395.0,172.0,0.0625,0.0,559.0,559.0,559.0,1.0,145.01635619997978,2.7059797067195177,0.009538649581372738,5.113326719030738,2.1024318202398717,155.44788898574188,35.44765490099726,0.0007317721197831023,0.39227669497742523,13035.0,155.44788898574188,83.85446779013903,2.0,2.0,2.0,,0.08750000596046448,0.0,0.20000000298023224,0.20000000298023224,True,False,False,False,True,False,True,True,True,True
313.0,16219.0,16219.0,0.0,16219.0,16219.0,16219.0,0.7366783022880554,1.0,0.06617635488510132,0.004105572123080492,0.007736035622656345,0.9996747374534607,2.2981104850769043,0.7703834772109985,-0.0002843342663254589,0.0004455244052223861,2.298896312713623,0.7706897258758545,-0.00030630454421043396,0.0007648728787899017,0.0008553266525268555,-0.0016433000564575195,0.9996941089630127,0.0023592710494995117,0.47235023975372314,0.0,0.0,0.0,0.0,0.0,0.0,1e-06,24.61508274078369,28.380859375,49.95175552368164,0.0,313.0,0.0,0.0,0.0,0.0,0.0,0.0,0.0,0.0,0.0,0.0,0.0,0.0,0.0,331.6875,512.0,177.0,0.1875,331.6875,512.0,177.0,0.1875,0.0,682.0,682.0,682.0,1.0,82.0101917097345,3.0407574540004134,0.009347971994429827,6.146092479117215,2.107386647723615,93.8169421623461,15.453211175755511,0.000576359331304632,0.37894398416161384,16219.0,93.8169421623461,172.87922230436516,2.0,2.0,2.0,,0.0,0.0,0.0,0.0,False,True,False,False,False,False,False,False,False,False
314.0,25939.0,25939.0,0.0,25939.0,25939.0,25939.0,0.6598259806632996,1.0,0.10811474919319153,0.004340264480561018,0.007976869121193886,0.999620258808136,2.0505430698394775,0.6820964813232422,0.00042707694228738546,0.00040415613329969347,2.048703193664551,0.6813580989837646,0.0007384438067674637,0.001547040417790413,0.004946112632751465,-0.0019481182098388672,1.0007405281066895,0.0007635354995727539,0.028087496757507324,0.0,0.0,0.0,0.0,0.0,0.0,1e-06,24.61508274078369,28.380859375,49.917572021484375,0.0,314.0,0.0,0.0,0.0,0.0,0.0,0.0,0.0,0.0,0.0,0.0,0.0,0.0,0.0,239.1875,512.0,106.0,0.0625,239.1875,512.0,106.0,0.0625,0.0,1382.0,1382.0,1382.0,1.0,1855.1740488228388,3.9295012853108346,0.009428689256310463,9.225869418121874,2.44412710191682,1871.2908266009763,484.75935427824373,0.0003634947089830164,0.35567560114583735,25939.0,1871.2908266009763,13.861554618485334,2.0,2.0,2.0,,0.0,0.0,0.0,0.0,False,True,False,False,False,False,False,False,False,False
315.0,6968.0,6968.0,0.0,6968.0,6968.0,6968.0,0.7288151383399963,1.0,0.08153364062309265,0.004197109490633011,0.007820908911526203,0.999669075012207,2.081061840057373,0.7169414758682251,0.0009796831291168928,0.00045567515189759433,2.07975435256958,0.71629798412323,0.000643579289317131,0.002259841188788414,0.00434720516204834,-0.0088423490524292,1.0006484985351562,-0.00014281272888183594,0.043756842613220215,0.0,0.0,0.0,0.07171247340738773,0.07171247154474258,0.17048756778240204,1e-06,24.61508274078369,28.380859375,49.97921371459961,0.0,315.0,0.0,0.12916667759418488,0.6000000238418579,0.0,0.12916667759418488,0.6000000238418579,0.0,-0.07171245664358139,2.868335723876953,-0.7868885397911072,-0.07171245664358139,2.868335723876953,-0.7868885397911072,234.5,389.0,89.0,0.0625,234.5,389.0,89.0,0.0625,0.0,201.0,201.0,201.0,1.0,128.01379179768264,2.1153391473926604,0.009574222844094038,3.3961785421706736,2.118916967883706,136.15247771609575,34.11881444501137,0.00137402738864725,0.48739646127592906,6968.0,136.15247771609575,51.17791550242389,2.0,2.0,2.0,,0.12916667759418488,0.0,0.6000000238418579,0.6000000238418579,True,False,False,False,True,False,True,True,True,True
316.0,16864.0,16864.0,0.0,16864.0,16864.0,16864.0,0.6822627782821655,1.0,0.08363375067710876,0.003807577770203352,0.007458273787051439,0.999695360660553,2.034029722213745,0.692439079284668,0.0007138942019082606,0.000392527028452605,2.032338857650757,0.6915727853775024,0.0008662790060043335,0.0012075677514076233,0.004574000835418701,-0.0017775297164916992,1.0008678436279297,0.00014579296112060547,-0.14330720901489258,0.0,0.0,0.0,0.0,0.0,0.0,1e-06,24.61508274078369,28.380859375,49.97116470336914,0.0,316.0,0.0,0.0,0.0,0.0,0.0,0.0,0.0,0.0,0.0,0.0,0.0,0.0,0.0,264.0,509.0,112.0,0.0625,264.0,509.0,112.0,0.0625,0.0,790.0,790.0,790.0,1.0,54.006854597013444,3.0684958291240036,0.009851314127445221,6.23043033387512,2.1041550682857633,65.92151891300455,12.785713683005076,0.000584162365242245,0.3694515141054981,16864.0,65.92151891300455,255.81934818970296,2.0,2.0,2.0,,0.0,0.0,0.0,0.0,False,True,False,False,False,False,False,False,False,False
317.0,12757.0,12757.0,0.0,12757.0,12757.0,12757.0,0.8153476715087891,1.0,0.08560720086097717,0.0043933214619755745,0.007935889065265656,0.9996711015701294,2.3072009086608887,0.817503809928894,0.00019232838531024754,0.00047755931154824793,2.3063530921936035,0.8170906901359558,0.0004131607711315155,0.0015449635684490204,0.0047190189361572266,-0.003281235694885254,1.0004149675369263,0.001524209976196289,0.7744814157485962,0.0,0.0,0.0,-0.013636114075779915,-0.013636112213134766,0.1686982810497284,1e-06,24.61508274078369,28.380859375,49.9268798828125,0.0,317.0,0.0,0.5291666388511658,0.8666666746139526,0.0,0.5291666388511658,0.8666666746139526,0.0,0.013636103831231594,0.9767661690711975,-1.5314726829528809,0.013636103831231594,0.9767661690711975,-1.5314726829528809,252.3125,400.0,137.0,0.0625,252.3125,400.0,137.0,0.0625,0.0,545.0,545.0,545.0,1.0,84.0097505566664,2.6519807861186564,0.009442074690014124,4.989794174209237,2.0867810240015388,94.2510580541566,20.809945641978302,0.0007401485215970937,0.39114166137879103,12757.0,94.2510580541566,135.35126568732878,2.0,2.0,2.0,,0.5291666388511658,0.0,0.8666666746139526,0.8666666746139526,True,False,False,False,True,False,True,True,True,True
318.0,22853.0,22853.0,0.0,22853.0,22853.0,22853.0,0.7548316717147827,1.0,0.05670428276062012,0.004104219377040863,0.007684212177991867,0.9996926188468933,2.2343857288360596,0.7861103415489197,0.0008614580146968365,0.0004659328842535615,2.2316153049468994,0.7848896980285645,0.0012206882238388062,0.0017055198550224304,0.004156351089477539,-0.0017367005348205566,1.001222848892212,0.00016105175018310547,0.014470338821411133,0.0,0.0,0.0,0.0,0.0,0.0,1e-06,24.61508274078369,28.380859375,49.93104934692383,0.0,318.0,0.0,0.0,0.0,0.0,0.0,0.0,0.0,0.0,0.0,0.0,0.0,0.0,0.0,281.3125,512.0,197.0,0.0625,281.3125,512.0,197.0,0.0625,0.0,1147.0,1147.0,1147.0,1.0,70.00870573008433,3.613611884880811,0.009802312590181828,7.919524191878736,2.106274073012173,84.16190697439015,15.554033710305339,0.0004289289191870576,0.34654199413113096,22853.0,84.16190697439015,271.53614766540403,2.0,2.0,2.0,,0.0,0.0,0.0,0.0,False,True,False,False,False,False,False,False,False,False
319.0,16112.0,16112.0,0.0,16112.0,16112.0,16112.0,0.925182044506073,1.0,0.05831235647201538,0.004245275631546974,0.007646965328603983,0.9997124075889587,2.6436264514923096,0.9412462711334229,0.0003041790914721787,0.0004878521722275764,2.643447160720825,0.9412219524383545,2.4355947971343994e-05,0.0016175061464309692,0.003004014492034912,-0.00315016508102417,1.0000261068344116,0.0013453960418701172,0.39016568660736084,0.0,0.0,0.0,0.0642586462199688,0.0642586499452591,0.1408979445695877,1e-06,24.61508274078369,28.380859375,50.03245544433594,0.0,319.0,0.0,0.008333333767950535,0.13333334028720856,0.0,0.008333333767950535,0.13333334028720856,0.0,-0.06425867229700089,3.749887466430664,-0.2499925196170807,-0.06425867229700089,3.749887466430664,-0.2499925196170807,284.0,512.0,137.0,0.0625,284.0,512.0,137.0,0.0625,0.0,723.0,723.0,723.0,1.0,255.0275215948932,3.040540240239352,0.009292133152484894,6.130571742076427,2.1183970998972654,266.8871024111286,56.12401443549586,0.0005767212731184765,0.3804972531080205,16112.0,266.8871024111286,60.37009602352431,2.0,2.0,2.0,,0.008333333767950535,0.0,0.13333334028720856,0.13333334028720856,True,False,False,False,True,False,True,True,True,True
320.0,11541.0,11541.0,0.0,11541.0,11541.0,11541.0,0.6272271871566772,1.0,0.06202155351638794,0.004497468937188387,0.008222570642828941,0.99959397315979,1.9922741651535034,0.6664798855781555,0.0011548586189746857,0.000442613527411595,1.9898054599761963,0.6653486490249634,0.0011311843991279602,0.0017347633838653564,0.004148721694946289,-0.0019339323043823242,1.0011332035064697,-0.0005403757095336914,-0.23742789030075073,0.0,0.0,0.0,0.04366441676393151,0.043664418160915375,0.17138218879699707,1e-06,24.61508274078369,28.380859375,49.93608856201172,0.0,320.0,0.0,0.7875000238418579,1.0,0.0,0.7875000238418579,1.0,0.0,-0.04366448149085045,0.5390732288360596,-1.9977422952651978,-0.04366448149085045,0.5390732288360596,-1.9977422952651978,235.3125,373.0,132.0,0.0625,235.3125,373.0,132.0,0.0625,0.0,486.0,486.0,486.0,1.0,144.01793248113245,2.5212996378540993,0.009891219902783632,4.569897094275802,2.099431657232344,153.718347591348,38.25177489538711,0.0008570505071296795,0.3959706346309507,11541.0,153.718347591348,75.07887107062282,2.0,2.0,2.0,,0.7875000238418579,0.0,1.0,1.0,True,False,False,False,True,True,True,True,True,True
321.0,18946.0,18946.0,0.0,18946.0,18946.0,18946.0,0.8780086636543274,1.0,0.06210678815841675,0.003821620251983404,0.00733965914696455,0.9997462034225464,2.973604917526245,1.0272817611694336,0.0006133369170129299,0.0004605309513863176,2.972230911254883,1.0266562700271606,0.0006255675107240677,0.0021592769771814346,0.0064955949783325195,-0.0043506622314453125,1.0006294250488281,0.0006129741668701172,0.17799890041351318,0.0,0.0,0.0,-0.18247180618345737,-0.18247181177139282,0.15140509605407715,1e-06,24.61508274078369,28.380859375,49.94563674926758,0.0,321.0,0.0,0.5083333253860474,0.7333333492279053,0.0,0.5083333253860474,0.7333333492279053,0.0,0.18247176706790924,1.0541679859161377,-2.381638526916504,0.18247176706790924,1.0541679859161377,-2.381638526916504,235.125,495.0,117.0,0.0625,235.125,495.0,117.0,0.0625,0.0,949.0,949.0,949.0,1.0,145.01595176476985,3.2456632000394166,0.009846297092735767,6.754518331028521,2.0952451839111745,157.62687866715714,38.54756825219826,0.0005197032140154,0.3565142157198628,18946.0,157.62687866715714,120.19523675277568,2.0,2.0,2.0,,0.5083333253860474,0.0,0.7333333492279053,0.7333333492279053,True,False,False,False,True,False,True,True,True,True
322.0,15191.0,15191.0,0.0,15191.0,15191.0,15191.0,0.6559233665466309,1.0,0.060543179512023926,0.003935388755053282,0.007734041661024094,0.9996652007102966,2.0302720069885254,0.6898074746131897,-9.548461093800142e-05,0.00039321015356108546,2.03117299079895,0.6901966333389282,-0.0003891848027706146,0.0014635659754276276,0.0023590028285980225,-0.00324249267578125,0.9996124505996704,0.0017702579498291016,0.4545985460281372,0.0,0.0,0.0,0.015148118138313293,0.015148118138313293,0.1417086124420166,1e-06,24.61508274078369,28.380859375,49.94886779785156,0.0,322.0,0.0,0.1666666716337204,1.0,0.0,0.1666666716337204,1.0,0.0,-0.015148111619055271,2.516827344894409,-0.5033655166625977,-0.015148111619055271,2.516827344894409,-0.5033655166625977,260.4375,512.0,83.0,0.0625,260.4375,512.0,83.0,0.0625,0.0,689.0,689.0,689.0,1.0,50.00717838015407,2.937882754020393,0.009505891241133213,5.841784988064319,2.100487345829606,61.39705007802695,12.00076275021696,0.0006257580963157931,0.3845556571696609,15191.0,61.39705007802695,247.4223106923605,2.0,2.0,2.0,,0.1666666716337204,0.0,1.0,1.0,True,False,False,False,True,True,True,True,True,True
323.0,12862.0,12862.0,0.0,12862.0,12862.0,12862.0,0.8305498361587524,1.0,0.058039844036102295,0.004497685935348272,0.007827961817383766,0.99966961145401,2.4021706581115723,0.8514947891235352,0.0008258545421995223,0.0005042291595600545,2.4000775814056396,0.8505338430404663,0.0009609535336494446,0.0015987083315849304,0.004684567451477051,-0.0022476911544799805,1.0009630918502808,0.0003637075424194336,-0.10830575227737427,0.0,0.0,0.0,0.0,0.0,0.0,1e-06,24.61508274078369,28.380859375,49.98716354370117,0.0,323.0,0.0,0.0,0.0,0.0,0.0,0.0,0.0,0.0,0.0,0.0,0.0,0.0,0.0,256.875,425.0,107.0,0.0625,256.875,425.0,107.0,0.0625,0.0,547.0,547.0,547.0,1.0,79.00837585981935,2.693788558244705,0.009206945076584816,5.089606225024909,2.08854903280735,89.38804992195219,19.22344911431128,0.0007158253052857111,0.39570877196586135,12862.0,89.38804992195219,143.88947975965758,2.0,2.0,2.0,,0.0,0.0,0.0,0.0,False,True,False,False,False,False,False,False,False,False
324.0,14508.0,14508.0,0.0,14508.0,14508.0,14508.0,0.7632501125335693,1.0,0.06117677688598633,0.004613192286342382,0.008228975348174572,0.999628484249115,2.1433846950531006,0.7469137907028198,0.0008174413233064115,0.0004690043570008129,2.140981435775757,0.7458541393280029,0.0010596029460430145,0.0015088804066181183,0.009176313877105713,-0.0013097524642944336,1.0010631084442139,0.00024068355560302734,-0.14165449142456055,0.0,0.0,0.0,-0.030391700565814972,-0.030391700565814972,0.16202197968959808,1e-06,24.61508274078369,28.380859375,49.94188690185547,0.0,324.0,0.0,0.2666666507720947,1.0,0.0,0.2666666507720947,1.0,0.0,0.03039163164794445,1.7000335454940796,-0.6181939244270325,0.03039163164794445,1.7000335454940796,-0.6181939244270325,264.75,467.0,126.0,0.0625,264.75,467.0,126.0,0.0625,0.0,642.0,642.0,642.0,1.0,167.0166020928882,2.806592658162117,0.009836933109909296,5.428489364217967,2.120685331057757,177.88831225270405,39.42790417679136,0.0006780350916673074,0.3741721370428706,14508.0,177.88831225270405,81.5567915411456,2.0,2.0,2.0,,0.2666666507720947,0.0,1.0,1.0,True,False,False,False,True,True,True,True,True,True
325.0,13192.0,13192.0,0.0,13192.0,13192.0,13192.0,0.9369630217552185,1.0,0.05589491128921509,0.004264147486537695,0.007617373485118151,0.9997147917747498,2.815448045730591,0.9783404469490051,0.000776577100623399,0.0005010843742638826,2.813298463821411,0.9776275157928467,0.0007129423320293427,0.001839522272348404,0.003155350685119629,-0.0019322037696838379,1.000714898109436,0.000457763671875,-0.03969329595565796,0.0,0.0,0.0,0.0,0.0,0.0,1e-06,24.61508274078369,28.380859375,49.93812942504883,0.0,325.0,0.0,0.0,0.0,0.0,0.0,0.0,0.0,0.0,0.0,0.0,0.0,0.0,0.0,229.5,351.0,151.0,0.0625,229.5,351.0,151.0,0.0625,0.0,595.0,595.0,595.0,1.0,685.0644413097762,2.6669560759328306,0.009492837823927402,5.015320512000471,2.1286461278796196,695.3856300632469,186.56439033490636,0.000719590496052714,0.38017893511222495,13192.0,695.3856300632469,18.97076877875684,2.0,2.0,2.0,,0.0,0.0,0.0,0.0,False,True,False,False,False,False,False,False,False,False
326.0,12411.0,12411.0,0.0,12411.0,12411.0,12411.0,0.7837375998497009,1.0,0.05387169122695923,0.004118370823562145,0.00760095939040184,0.9997014403343201,2.753173828125,0.8409044742584229,0.00015376697410829365,0.0004918412305414677,2.7543187141418457,0.8407122492790222,0.0001922454684972763,0.0015084613114595413,0.0030850768089294434,-0.0025718212127685547,1.0001935958862305,0.0016618967056274414,0.26361310482025146,0.0,0.0,0.0,0.0332929827272892,0.0332929827272892,0.14521002769470215,1e-06,24.61508274078369,28.380859375,49.985782623291016,0.0,326.0,0.0,0.26249998807907104,1.0,0.0,0.26249998807907104,1.0,0.0,-0.03329293057322502,1.6665476560592651,-0.5931779146194458,-0.03329293057322502,1.6665476560592651,-0.5931779146194458,233.6875,373.0,54.0,0.0625,233.6875,373.0,54.0,0.0625,0.0,542.0,542.0,542.0,1.0,126.0127202658914,2.5977419018745422,0.009390716906636953,4.870402032975107,2.1086082230322063,136.09978483244777,33.7022520101341,0.0007566446625281568,0.3924262374486429,12411.0,136.09978483244777,91.19044541678859,2.0,2.0,2.0,,0.26249998807907104,0.0,1.0,1.0,True,False,False,False,True,True,True,True,True,True
327.0,12524.0,12524.0,0.0,12524.0,12524.0,12524.0,0.723764955997467,1.0,0.0620059072971344,0.0040366267785429955,0.007625600788742304,0.9996922612190247,2.2688567638397217,0.7957493662834167,0.0010047657415270805,0.00042814158950932324,2.266200065612793,0.7945958375930786,0.001153595745563507,0.0014496669173240662,0.0027561187744140625,-0.0013012886047363281,1.001154899597168,-0.0003006458282470703,-0.2899184226989746,0.0,0.0,0.0,-0.04779995232820511,-0.04779994487762451,0.12304279953241348,1e-06,24.61508274078369,28.380859375,49.938682556152344,0.0,327.0,0.0,0.07500000298023224,0.8666666746139526,0.0,0.07500000298023224,0.8666666746139526,0.0,0.0477999746799469,3.489112138748169,-0.3305474817752838,0.0477999746799469,3.489112138748169,-0.3305474817752838,321.75,512.0,150.0,0.1875,321.75,512.0,150.0,0.1875,0.0,461.0,461.0,461.0,1.0,235.02371449302882,2.7220792109146714,0.01026240736246109,5.151537926401943,2.1242212168872356,245.54012145195156,45.653402193673045,0.0008194193039333353,0.4113332742256422,12524.0,245.54012145195156,51.005920848869316,2.0,2.0,2.0,,0.07500000298023224,0.0,0.8666666746139526,0.8666666746139526,True,False,False,False,True,False,True,True,True,True
328.0,17003.0,17003.0,0.0,17003.0,17003.0,17003.0,0.7030553817749023,1.0,0.0831286609172821,0.004034010227769613,0.007726332172751427,0.9996806979179382,2.1472291946411133,0.7414045333862305,0.0005426809075288475,0.0004357912403065711,2.1456031799316406,0.7408497929573059,0.0005546938627958298,0.0013975854963064194,0.003756880760192871,-0.0019083023071289062,1.000556230545044,0.0006616115570068359,0.1812887191772461,0.0,0.0,0.0,0.0,0.0,0.0,1e-06,24.61508274078369,28.380859375,49.95542526245117,0.0,328.0,0.0,0.0,0.0,0.0,0.0,0.0,0.0,0.0,0.0,0.0,0.0,0.0,0.0,338.6875,512.0,134.0,0.1875,338.6875,512.0,134.0,0.1875,0.0,724.0,724.0,724.0,1.0,1811.1711466219276,3.1134715639054775,0.009661135729402304,6.351296958047897,2.1434153146110475,1823.2965163271874,334.2260835249913,0.0005682018308182264,0.3735397846290594,17003.0,1823.2965163271874,9.325416819339132,2.0,2.0,2.0,,0.0,0.0,0.0,0.0,False,True,False,False,False,False,False,False,False,False
329.0,9926.0,9926.0,0.0,9926.0,9926.0,9926.0,0.7374836206436157,1.0,0.05462998151779175,0.003990690223872662,0.007522673346102238,0.9997007250785828,2.3876638412475586,0.7867925763130188,0.0007057188195176423,0.00040907663060352206,2.385627269744873,0.7860777974128723,0.0007147770375013351,0.0016110073775053024,0.0034742355346679688,-0.0023437142372131348,1.0007166862487793,0.0002218484878540039,0.05913221836090088,0.0,0.0,0.0,0.0,0.0,0.0,1e-06,24.61508274078369,28.380859375,49.979366302490234,0.0,329.0,0.0,0.0,0.0,0.0,0.0,0.0,0.0,0.0,0.0,0.0,0.0,0.0,0.0,304.375,512.0,158.0,0.125,304.375,512.0,158.0,0.125,0.0,316.0,316.0,316.0,1.0,110.01350597897545,2.4513789867050946,0.009896078146994114,4.369301558006555,2.1045146831311285,119.4490298749879,22.590042295477502,0.0009969855074545753,0.4401875436234692,9926.0,119.4490298749879,83.09820523773429,2.0,2.0,2.0,,0.0,0.0,0.0,0.0,False,True,False,False,False,False,False,False,False,False
330.0,13686.0,13686.0,0.0,13686.0,13686.0,13686.0,0.860127866268158,1.0,0.05860847234725952,0.004229777492582798,0.007578731514513493,0.9997038841247559,2.4657812118530273,0.8800473213195801,0.0002574044337961823,0.00047084386460483074,2.465033531188965,0.8798078894615173,0.0002395138144493103,0.0014368221163749695,0.0032885074615478516,-0.0024673938751220703,1.0002410411834717,0.0013663768768310547,0.2799661159515381,0.0,0.0,0.0,0.0,0.0,0.0,1e-06,24.61508274078369,28.380859375,50.00384521484375,0.0,330.0,0.0,0.0,0.0,0.0,0.0,0.0,0.0,0.0,0.0,0.0,0.0,0.0,0.0,252.375,456.0,149.0,0.0625,252.375,456.0,149.0,0.0625,0.0,603.0,603.0,603.0,1.0,735.0876437886618,2.7779844566248357,0.0094049540348351,5.337453996296972,2.1187620270065963,745.8320688242093,182.04250712943582,0.000687195238552908,0.38999371593577176,13686.0,745.8320688242093,18.34997524519927,2.0,2.0,2.0,,0.0,0.0,0.0,0.0,False,True,False,False,False,False,False,False,False,False
331.0,17486.0,17486.0,0.0,17486.0,17486.0,17486.0,0.9496711492538452,1.0,0.06132420897483826,0.004554483108222485,0.00803882721811533,0.9996787309646606,2.7273778915405273,0.9865149259567261,0.00031502993078902364,0.000527217925991863,2.7253942489624023,0.9860134720802307,0.0005014576017856598,0.0015211887657642365,0.004297375679016113,-0.0018271207809448242,1.0005033016204834,0.0014905929565429688,0.18074846267700195,0.0,0.0,0.0,0.0,0.0,0.0,1e-06,24.61508274078369,28.380859375,49.97468185424805,0.0,331.0,0.0,0.0,0.0,0.0,0.0,0.0,0.0,0.0,0.0,0.0,0.0,0.0,0.0,285.875,512.0,138.0,0.0625,285.875,512.0,138.0,0.0625,0.0,807.0,807.0,807.0,1.0,112.01414544507861,3.1311967438086867,0.010220203083008528,6.396791588049382,2.117547722067684,124.17874321481213,24.489319074131746,0.0005844791880938195,0.36582360677395526,17486.0,124.17874321481213,140.8131500393077,2.0,2.0,2.0,,0.0,0.0,0.0,0.0,False,True,False,False,False,False,False,False,False,False
332.0,15449.0,15449.0,0.0,15449.0,15449.0,15449.0,0.6327266693115234,1.0,0.05878126621246338,0.0035308587830513716,0.007132809609174728,0.9997198581695557,2.0040438175201416,0.6786884665489197,0.00023207004414871335,0.00041354980203323066,2.003361463546753,0.6783408522605896,0.0003477092832326889,0.0017502661794424057,0.004519641399383545,-0.0039904117584228516,1.000349998474121,0.0011937618255615234,0.43504083156585693,0.0,0.0,0.0,-0.10191811388358474,-0.10191810876131058,0.15472213923931122,1e-06,24.61508274078369,28.380859375,49.999298095703125,0.0,332.0,0.0,0.6354166269302368,1.0,0.0,0.6354166269302368,1.0,0.0,0.10191820561885834,0.7784813046455383,-1.3567814826965332,0.10191820561885834,0.7784813046455383,-1.3567814826965332,263.5625,390.0,165.0,0.0625,263.5625,390.0,165.0,0.0625,0.0,702.0,702.0,702.0,1.0,51.007116014137864,2.9092896529473364,0.009626583196222782,5.753680807072669,2.118012601044029,62.297967875842005,12.095593078998782,0.0006231201499270362,0.37243063027203505,15449.0,62.297967875842005,247.98561697533052,2.0,2.0,2.0,,0.6354166269302368,0.0,1.0,1.0,True,False,False,False,True,True,True,True,True,True
333.0,8453.0,8453.0,0.0,8453.0,8453.0,8453.0,0.6486169099807739,1.0,0.05844426155090332,0.003291181055828929,0.006867227144539356,0.9997559189796448,2.1333937644958496,0.7316277623176575,0.0008066684240475297,0.00035911958548240364,2.130626678466797,0.7304359078407288,0.001191839575767517,0.002277679741382599,0.006247401237487793,-0.00294572114944458,1.0011957883834839,-0.00017851591110229492,-0.022458970546722412,0.0,0.0,0.0,0.32351311296224594,0.32351312041282654,0.21957358717918396,1e-06,24.61508274078369,28.380859375,49.970638275146484,0.0,333.0,0.0,0.949999988079071,1.0,0.20000000298023224,0.949999988079071,1.0,0.20000000298023224,-0.32351312041282654,0.2499988079071045,-3.749981164932251,-0.32351312041282654,0.2499988079071045,-3.749981164932251,188.3125,432.0,99.0,0.0625,188.3125,432.0,99.0,0.0625,0.0,340.0,340.0,340.0,1.0,45.00689826300368,2.2718641688115895,0.010404136031866074,3.869947691913694,2.0876918300054967,53.74794995971024,14.937569951212637,0.0012308217238691675,0.45781943592969293,8453.0,53.74794995971024,157.27111464411973,2.0,2.0,2.0,,0.949999988079071,0.20000000298023224,1.0,0.7999999970197678,True,False,False,False,True,True,True,True,True,True
334.0,13185.0,13185.0,0.0,13185.0,13185.0,13185.0,0.7279524803161621,1.0,0.05485081672668457,0.004241618327796459,0.007875105366110802,0.999653160572052,2.3986668586730957,0.7994347810745239,0.0008603629539720714,0.00042711899732239544,2.396324634552002,0.7985250949859619,0.0009096693247556686,0.0020188745111227036,0.006570875644683838,-0.004562735557556152,1.0009138584136963,-1.3649463653564453e-05,0.08384060859680176,0.0,0.0,0.0,-0.00018534809350967407,-0.00018534809350967407,0.16802798211574554,1e-06,24.61508274078369,28.380859375,50.00340270996094,0.0,334.0,0.0,0.22499999403953552,0.800000011920929,0.0,0.22499999403953552,0.800000011920929,0.0,0.00018537582946009934,2.387547731399536,-0.9342577457427979,0.00018537582946009934,2.387547731399536,-0.9342577457427979,245.0625,413.0,103.0,0.0625,245.0625,413.0,103.0,0.0625,0.0,579.0,579.0,579.0,1.0,58.00762425316498,2.7331786397844553,0.009735514875501394,5.197807390242815,2.192914816085249,68.6437731529586,14.794089327509559,0.0007383780717103826,0.3942212658508013,13185.0,68.6437731529586,192.07860224437147,2.0,2.0,2.0,,0.22499999403953552,0.0,0.800000011920929,0.800000011920929,True,False,False,False,True,False,True,True,True,True
335.0,13163.0,13163.0,0.0,13163.0,13163.0,13163.0,0.7198973894119263,1.0,0.062107861042022705,0.004177570343017578,0.0077983299270272255,0.9996687173843384,2.1105058193206787,0.7346078157424927,0.0006079351878724992,0.0004233723448123783,2.110031843185425,0.7343654036521912,0.00024240277707576752,0.0018001329153776169,0.0052384138107299805,-0.004270434379577637,1.0002450942993164,0.0004755258560180664,0.27137577533721924,0.0,0.0,0.0,0.0,0.0,0.0,1e-06,24.61508274078369,28.380859375,49.969329833984375,0.0,335.0,0.0,0.0,0.0,0.0,0.0,0.0,0.0,0.0,0.0,0.0,0.0,0.0,0.0,294.6875,512.0,155.0,0.1875,294.6875,512.0,155.0,0.1875,0.0,528.0,528.0,528.0,1.0,65.0089382850565,2.7900923560373485,0.01062795426696539,5.396483229007572,2.097935251891613,75.8087916849181,13.787685744444644,0.0008074112487248643,0.4099736556261925,13163.0,75.8087916849181,173.63421454742343,2.0,2.0,2.0,,0.0,0.0,0.0,0.0,False,True,False,False,False,False,False,False,False,False
336.0,9609.0,9609.0,0.0,9609.0,9609.0,9609.0,0.5783141255378723,1.0,0.060447901487350464,0.0038178435061126947,0.0076512861996889114,0.9996517896652222,1.797764778137207,0.5745185017585754,0.00011685329081956297,0.0003996816521976143,1.797788381576538,0.5745822787284851,-6.373785436153412e-05,0.0013649370521306992,0.0028573274612426758,-0.0038504600524902344,0.9999376535415649,0.0013670921325683594,0.21453630924224854,0.0,0.0,0.0,-0.08018478006124496,-0.08018478751182556,0.14976683259010315,1e-06,24.61508274078369,28.380859375,50.051204681396484,0.0,336.0,0.0,0.8041666746139526,1.0,0.06666667014360428,0.8041666746139526,1.0,0.06666667014360428,0.08018476516008377,0.563973069190979,-2.12389874458313,0.08018476516008377,0.563973069190979,-2.12389874458313,234.5625,426.0,150.0,0.0625,234.5625,426.0,150.0,0.0625,0.0,366.0,366.0,366.0,1.0,49.006244032178074,2.355736641213298,0.009415430016815662,4.118215501308441,2.1171679347753525,58.108266750816256,13.0578854335673,0.0009798553456983727,0.428578988584498,9609.0,58.108266750816256,165.363734581965,2.0,2.0,2.0,,0.8041666746139526,0.06666667014360428,1.0,0.9333333298563957,True,False,False,False,True,True,True,True,True,True
337.0,15606.0,15606.0,0.0,15606.0,15606.0,15606.0,0.7673895359039307,1.0,0.07924637198448181,0.004273916129022837,0.008040059357881546,0.9996535181999207,2.2657876014709473,0.7891215085983276,0.0007074936293065548,0.0004287941555958241,2.266989231109619,0.7892749309539795,-0.00015330687165260315,0.002343330532312393,0.003308415412902832,-0.00964820384979248,0.9998518824577332,0.00030362606048583984,0.13852643966674805,0.0,0.0,0.0,-0.08687442727386951,-0.08687442541122437,0.1684979647397995,1e-06,24.61508274078369,28.380859375,49.98600769042969,0.0,337.0,0.0,0.33750003576278687,0.6000000238418579,0.0,0.33750003576278687,0.6000000238418579,0.0,0.08687437325716019,0.8539096713066101,-1.0978840589523315,0.08687437325716019,0.8539096713066101,-1.0978840589523315,235.375,424.0,52.0,0.0625,235.375,424.0,52.0,0.0625,0.0,740.0,740.0,740.0,1.0,66.00803814595565,2.939345849212259,0.009657005313783884,5.84326103515923,2.0979432072490454,77.40040127607062,17.52736010248424,0.000618800801857227,0.37442400584129376,15606.0,77.40040127607062,201.62686165329745,2.0,2.0,2.0,,0.33750003576278687,0.0,0.6000000238418579,0.6000000238418579,True,False,False,False,True,False,True,True,True,True
338.0,20797.0,20797.0,0.0,20797.0,20797.0,20797.0,0.718063473701477,1.0,0.152330219745636,0.004159222356975079,0.008112026378512383,0.9996476173400879,2.1910879611968994,0.768713116645813,0.00022208479640539736,0.0004842677153646946,2.1911354064941406,0.7687222957611084,-9.11019742488861e-06,0.0013942737132310867,0.0022435784339904785,-0.003281533718109131,0.9999922513961792,0.001476883888244629,0.24783873558044434,0.0,0.0,0.0,0.0,0.0,0.0,1e-06,24.61508274078369,28.380859375,49.99274826049805,0.0,338.0,0.0,0.0,0.0,0.0,0.0,0.0,0.0,0.0,0.0,0.0,0.0,0.0,0.0,277.8125,512.0,110.0,0.125,277.8125,512.0,110.0,0.125,0.0,1022.0,1022.0,1022.0,1.0,74.00946259871125,3.4916694331914186,0.009908620733767748,7.542172112967819,2.1043150750920177,87.65871200012043,16.65004782873144,0.00047644471480346915,0.3626567347678905,20797.0,87.65871200012043,237.24966435705133,2.0,2.0,2.0,,0.0,0.0,0.0,0.0,False,True,False,False,False,False,False,False,False,False
339.0,16689.0,16689.0,0.0,16689.0,16689.0,16689.0,0.6736689209938049,1.0,0.06489074230194092,0.004175741225481033,0.007817750796675682,0.9996581077575684,2.124633550643921,0.7305226922035217,0.0007078090566210449,0.00044030376011505723,2.122885227203369,0.7296335101127625,0.000889219343662262,0.0020552799105644226,0.004643499851226807,-0.0033931732177734375,1.0008924007415771,0.00034606456756591797,0.07743465900421143,0.0,0.0,0.0,0.08062193542718887,0.08062193542718887,0.13221623003482819,1e-06,24.61508274078369,28.380859375,50.00777053833008,0.0,339.0,0.0,0.0625,1.0,0.0,0.0625,1.0,0.0,-0.08062195032835007,3.7499847412109375,-0.24999898672103882,-0.08062195032835007,3.7499847412109375,-0.24999898672103882,242.0625,329.0,57.0,0.0625,242.0625,329.0,57.0,0.0625,0.0,801.0,801.0,801.0,1.0,46.00605069892481,3.010203708894551,0.009161800146102905,6.056035188958049,2.102350409142673,57.68712884094566,11.878660133985234,0.0005489723857692435,0.36287585768818076,16689.0,57.68712884094566,289.30196969959684,2.0,2.0,2.0,,0.0625,0.0,1.0,1.0,True,False,False,False,True,True,True,True,True,True
340.0,15631.0,15631.0,0.0,15631.0,15631.0,15631.0,0.8061619400978088,1.0,0.05869284272193909,0.0043256524950265884,0.007907874882221222,0.9996711015701294,2.3807291984558105,0.8440125584602356,0.00025032434496097267,0.0004440980264917016,2.380751371383667,0.843953013420105,5.9507787227630615e-05,0.0014230385422706604,0.004411101341247559,-0.0037977099418640137,1.000061273574829,0.0012810230255126953,0.18795347213745117,0.0,0.0,0.0,0.0,0.0,0.0,1e-06,24.61508274078369,28.380859375,49.99467468261719,0.0,340.0,0.0,0.0,0.0,0.0,0.0,0.0,0.0,0.0,0.0,0.0,0.0,0.0,0.0,295.9375,512.0,129.0,0.125,295.9375,512.0,129.0,0.125,0.0,681.0,681.0,681.0,1.0,223.02222047559917,3.0174117940478027,0.010273832827806473,6.062276891898364,2.0865801977925003,234.70392503915355,47.100785739302886,0.000657272908182872,0.387836791753462,15631.0,234.70392503915355,66.59880101021923,2.0,2.0,2.0,,0.0,0.0,0.0,0.0,False,True,False,False,False,False,False,False,False,False
341.0,22443.0,22443.0,0.0,22443.0,22443.0,22443.0,0.8583469986915588,1.0,0.06318461894989014,0.003988037817180157,0.007538545876741409,0.9997203350067139,2.6264023780822754,0.9097429513931274,-0.00041647793841548264,0.0004192697233520448,2.627558708190918,0.910186767578125,-0.0004438571631908417,0.0016310475766658783,0.0033982396125793457,-0.004790961742401123,0.9995582103729248,0.0025179386138916016,0.7383143901824951,0.0,0.0,0.0,-0.09706209599971771,-0.09706209599971771,0.1486874222755432,1e-06,24.61508274078369,28.380859375,50.001434326171875,0.0,341.0,0.0,0.47083336114883423,0.7333333492279053,0.0,0.47083336114883423,0.7333333492279053,0.0,0.09706202894449234,0.7432862520217896,-1.3331961631774902,0.09706202894449234,0.7432862520217896,-1.3331961631774902,285.6875,512.0,72.0,0.125,285.6875,512.0,72.0,0.125,0.0,1117.0,1117.0,1117.0,1.0,171.01777077373117,3.6245369790121913,0.00980162899941206,7.993681019172072,2.1018456970341504,185.24853518605232,37.41364488596175,0.0004367343492141006,0.35617702709851945,22443.0,185.24853518605232,121.1507555374709,2.0,2.0,2.0,,0.47083336114883423,0.0,0.7333333492279053,0.7333333492279053,True,False,False,False,True,False,True,True,True,True
342.0,12107.0,12107.0,0.0,12107.0,12107.0,12107.0,0.6409631967544556,1.0,0.06224963068962097,0.0038316897116601467,0.007462781388312578,0.9996808171272278,2.022334575653076,0.6787046790122986,0.0007678467663936317,0.0003897224087268114,2.019514799118042,0.6775488257408142,0.0011559072881937027,0.0019434187561273575,0.008608818054199219,-0.002178966999053955,1.00115966796875,1.8835067749023438e-05,0.0020405054092407227,0.0,0.0,0.0,0.06885905703529716,0.0688590556383133,0.1531175673007965,1e-06,24.61508274078369,28.380859375,50.05864334106445,0.0,342.0,0.0,0.7291667461395264,0.9333333373069763,0.3333333432674408,0.7291667461395264,0.9333333373069763,0.3333333432674408,-0.06885910779237747,1.3023968935012817,-2.5250563621520996,-0.06885910779237747,1.3023968935012817,-2.5250563621520996,243.6875,512.0,68.0,0.0625,243.6875,512.0,68.0,0.0625,0.0,513.0,513.0,513.0,1.0,50.00691136857495,2.6370539888739586,0.010155444033443928,4.905220806133002,2.1401799730956554,60.20128522999585,12.82557357491022,0.0008388076347108224,0.4051557616364915,12107.0,60.20128522999585,201.10866327431123,2.0,2.0,2.0,,0.7291667461395264,0.3333333432674408,0.9333333373069763,0.5999999940395355,True,False,False,False,True,False,True,True,True,True
343.0,26638.0,26638.0,0.0,26638.0,26638.0,26638.0,0.7469177842140198,1.0,0.06216832995414734,0.004107960034161806,0.007661699783056974,0.9996859431266785,2.209076404571533,0.7624466419219971,0.00037589878775179386,0.00045965620665811,2.2084567546844482,0.7621240615844727,0.00032256729900836945,0.0012965332716703415,0.0023441314697265625,-0.00263059139251709,1.0003236532211304,0.0010963678359985352,0.28655314445495605,0.0,0.0,0.0,0.0,0.0,0.0,1e-06,24.61508274078369,28.380859375,50.02716064453125,0.0,343.0,0.0,0.0,0.0,0.0,0.0,0.0,0.0,0.0,0.0,0.0,0.0,0.0,0.0,349.875,512.0,220.0,0.3125,349.875,512.0,220.0,0.3125,0.0,1315.0,1315.0,1315.0,1.0,90.01155815506354,4.044157343916595,0.010740375146269798,9.570342998020351,2.118197128176689,106.25616407394409,16.079235111658367,0.0004031975053033185,0.3592740820639819,26638.0,106.25616407394409,250.69604415102458,2.0,2.0,2.0,,0.0,0.0,0.0,0.0,False,True,False,False,False,False,False,False,False,False
344.0,9206.0,9206.0,0.0,9206.0,9206.0,9206.0,0.8296055197715759,1.0,0.06206107139587402,0.003926615696400404,0.007455078419297934,0.9997254014015198,2.4264707565307617,0.8595386743545532,0.0008097847457975149,0.00044177655945532024,2.423916816711426,0.8585023880004883,0.0010362789034843445,0.0015112236142158508,0.005357682704925537,-0.0024881958961486816,1.0010384321212769,0.00014793872833251953,-0.14076972007751465,0.0,0.0,0.0,-0.10609279340133071,-0.10609279572963715,0.18175113201141357,1e-06,24.61508274078369,28.380859375,50.074317932128906,0.0,344.0,0.0,0.1666666716337204,0.6666666865348816,0.0,0.1666666716337204,0.6666666865348816,0.0,0.10609280318021774,1.677045226097107,-0.5590150952339172,0.10609280318021774,1.677045226097107,-0.5590150952339172,215.375,371.0,118.0,0.0625,215.375,371.0,118.0,0.0625,0.0,360.0,360.0,360.0,1.0,57.00815767701715,2.310344969853759,0.010110772214829922,3.973366471938789,2.101876907981932,65.90369931887835,16.543284293968995,0.001098280709844658,0.43160617770354,9206.0,65.90369931887835,139.68866839259368,2.0,2.0,2.0,,0.1666666716337204,0.0,0.6666666865348816,0.6666666865348816,True,False,False,False,True,False,True,True,True,True
345.0,13503.0,13503.0,0.0,13503.0,13503.0,13503.0,0.7307853102684021,1.0,0.05832934379577637,0.003997798077762127,0.007587008643895388,0.9996798038482666,2.342461109161377,0.7992208003997803,0.00020522685372270644,0.0003685214032884687,2.3408725261688232,0.7986924648284912,0.0005282647907733917,0.0012254267930984497,0.003841996192932129,-0.0013518333435058594,1.000529408454895,0.0010671615600585938,0.09496355056762695,0.0,0.0,0.0,-0.1908855251967907,-0.190885528922081,0.16464604437351227,1e-06,24.61508274078369,28.380859375,50.05752944946289,0.0,345.0,0.0,0.25833335518836975,0.6666666865348816,0.0,0.25833335518836975,0.6666666865348816,0.0,0.1908854991197586,2.37515926361084,-1.5026518106460571,0.1908854991197586,2.37515926361084,-1.5026518106460571,238.9375,512.0,59.0,0.0625,238.9375,512.0,59.0,0.0625,0.0,605.0,605.0,605.0,1.0,53.00753574119881,2.7687914967536926,0.010610481258481741,5.300855335779488,2.110030467156321,63.70341665064916,13.865429176353338,0.0007857869553789336,0.3925687133066347,13503.0,63.70341665064916,211.9666528100169,2.0,2.0,2.0,,0.25833335518836975,0.0,0.6666666865348816,0.6666666865348816,True,False,False,False,True,False,True,True,True,True
346.0,13586.0,13586.0,0.0,13586.0,13586.0,13586.0,0.8064776659011841,1.0,0.06224620342254639,0.004275991581380367,0.0077053699642419815,0.9996885061264038,2.9983558654785156,0.9365859031677246,0.0010522670345380902,0.00045378939830698073,2.9972126483917236,0.9357085227966309,0.0008773971349000931,0.001365290954709053,0.004044771194458008,-0.0020672082901000977,1.000878930091858,-0.00029218196868896484,-0.26997482776641846,0.0,0.0,0.0,0.08710337430238724,0.08710338175296783,0.18359802663326263,1e-06,24.61508274078369,28.380859375,50.03606414794922,0.0,346.0,0.0,0.4624999761581421,1.0,0.0,0.4624999761581421,1.0,0.0,-0.08710338175296783,1.5292505025863647,-1.3158665895462036,-0.08710338175296783,1.5292505025863647,-1.3158665895462036,207.125,450.0,74.0,0.0625,207.125,450.0,74.0,0.0625,0.0,642.0,642.0,642.0,1.0,55.00731302425265,2.7412757482379675,0.009398623835295439,5.2397173112258315,2.1455338411033154,65.64749539503828,16.59846500430074,0.0006917874161118386,0.3856703452985302,13586.0,65.64749539503828,206.95382083117292,2.0,2.0,2.0,,0.4624999761581421,0.0,1.0,1.0,True,False,False,False,True,True,True,True,True,True
347.0,22715.0,22715.0,0.0,22715.0,22715.0,22715.0,0.7526073455810547,1.0,0.06090328097343445,0.0039201159961521626,0.007405806332826614,0.9997124671936035,2.2082624435424805,0.7742880582809448,0.0006834111409261823,0.00043412228114902973,2.2064194679260254,0.7735308408737183,0.0007572025060653687,0.0015111491084098816,0.004140079021453857,-0.002426445484161377,1.0007587671279907,0.00036644935607910156,0.051166534423828125,0.0,0.0,0.0,0.07519127056002617,0.07519128918647766,0.16936881840229034,1e-06,24.61508274078369,28.380859375,50.0323371887207,0.0,347.0,0.0,0.2958333492279053,0.5333333611488342,0.0,0.2958333492279053,0.5333333611488342,0.0,-0.07519131898880005,1.1663564443588257,-1.4528300762176514,-0.07519131898880005,1.1663564443588257,-1.4528300762176514,288.6875,497.0,124.0,0.0625,288.6875,497.0,124.0,0.0625,0.0,1131.0,1131.0,1131.0,1.0,78.01038736430928,3.610885172151029,0.009437166154384613,7.924871703144163,2.1174845402128994,92.17406153585762,16.889020862591316,0.0004154596590087877,0.3488827516242202,22715.0,92.17406153585762,246.43592374589454,2.0,2.0,2.0,,0.2958333492279053,0.0,0.5333333611488342,0.5333333611488342,True,False,False,False,True,False,True,True,True,True
348.0,12975.0,12975.0,0.0,12975.0,12975.0,12975.0,0.7916188836097717,1.0,0.05669206380844116,0.004131832625716925,0.007793263532221317,0.9996840953826904,2.471687078475952,0.8613759875297546,0.000267350667854771,0.00046676574856974185,2.4705896377563477,0.8609985113143921,0.00037750229239463806,0.001475263386964798,0.005052447319030762,-0.0040132999420166016,1.0003795623779297,0.001338362693786621,0.22366905212402344,0.0,0.0,0.0,0.0,0.0,0.0,1e-06,24.61508274078369,28.380859375,50.03165817260742,0.0,348.0,0.0,0.0,0.0,0.0,0.0,0.0,0.0,0.0,0.0,0.0,0.0,0.0,0.0,260.9375,512.0,121.0,0.125,260.9375,512.0,121.0,0.125,0.0,550.0,550.0,550.0,1.0,320.0365328323096,2.7405911297537386,0.017676719930022955,5.245344208087772,2.4325231737457216,330.9729480179958,76.65545696582267,0.0013623676246645822,0.4042654495636048,12975.0,330.9729480179958,39.20259972212145,2.0,2.0,2.0,,0.0,0.0,0.0,0.0,False,True,False,False,False,False,False,False,False,False
349.0,13644.0,13644.0,0.0,13644.0,13644.0,13644.0,0.7326952815055847,1.0,0.06211686134338379,0.004144913516938686,0.00794193521142006,0.999666690826416,2.2340140342712402,0.7854294180870056,0.0008078342070803046,0.0004918172489851713,2.2330048084259033,0.7849321365356445,0.0004972126334905624,0.0017804298549890518,0.00460439920425415,-0.005068838596343994,1.000499963760376,0.0003565549850463867,-0.032914578914642334,0.0,0.0,0.0,-0.1311698630452156,-0.131169855594635,0.17727987468242645,1e-06,24.61508274078369,28.380859375,50.054447174072266,0.0,349.0,0.0,0.02916666865348816,0.06666667014360428,0.0,0.02916666865348816,0.06666667014360428,0.0,0.1311698704957962,1.0978554487228394,-0.8538876175880432,0.1311698704957962,1.0978554487228394,-0.8538876175880432,225.75,424.0,103.0,0.0625,225.75,424.0,103.0,0.0625,0.0,627.0,627.0,627.0,1.0,160.01516515295953,2.7790856696665287,0.00938828382641077,5.326085492968559,2.108059896156192,170.73883675504476,44.300987030165984,0.0006880888175323051,0.39036100065732626,13644.0,170.73883675504476,79.91152018667403,2.0,2.0,2.0,,0.02916666865348816,0.0,0.06666667014360428,0.06666667014360428,True,False,False,False,True,False,True,True,True,True
350.0,10131.0,10131.0,0.0,10131.0,10131.0,10131.0,0.627109706401825,1.0,0.056305885314941406,0.003808567300438881,0.007396959234029055,0.9996872544288635,1.9233622550964355,0.642292857170105,-0.00022218088270165026,0.0003605077799875289,1.9241507053375244,0.6426724791526794,-0.00037961825728416443,0.0009306184947490692,0.0016872286796569824,-0.0026631951332092285,0.9996210336685181,0.0018877983093261719,0.28157198429107666,0.0,0.0,0.0,0.0,0.0,0.0,1e-06,24.61508274078369,28.380859375,50.18846130371094,0.0,350.0,0.0,0.0,0.0,0.0,0.0,0.0,0.0,0.0,0.0,0.0,0.0,0.0,0.0,235.1875,384.0,112.0,0.0625,235.1875,384.0,112.0,0.0625,0.0,398.0,398.0,398.0,1.0,480.0484337909147,2.4062878941185772,0.009484224952757359,4.234259211923927,2.1190422191284597,489.322747036349,127.57067068586625,0.0009361588148018319,0.41795076615575233,10131.0,489.322747036349,20.70412638970864,2.0,2.0,2.0,,0.0,0.0,0.0,0.0,False,True,False,False,False,False,False,False,False,False
351.0,12242.0,12242.0,0.0,12242.0,12242.0,12242.0,0.8919408917427063,1.0,0.06900769472122192,0.004413987509906292,0.007791304495185614,0.9996894001960754,2.6319353580474854,0.9383113384246826,0.0011220375308766961,0.0005185427144169807,2.6286427974700928,0.9371118545532227,0.0011995695531368256,0.002026911824941635,0.005191922187805176,-0.0023345351219177246,1.0012025833129883,-0.00018280744552612305,-0.06797921657562256,0.0,0.0,0.0,0.05410294607281685,0.05410294234752655,0.172299325466156,1e-06,24.61508274078369,28.380859375,50.03718566894531,0.0,351.0,0.0,0.19583332538604736,0.46666666865348816,0.0,0.19583332538604736,0.46666666865348816,0.0,-0.054103005677461624,1.1762142181396484,-0.850493311882019,-0.054103005677461624,1.1762142181396484,-0.850493311882019,246.125,464.0,121.0,0.0625,246.125,464.0,121.0,0.0625,0.0,519.0,519.0,519.0,1.0,65.00798271596432,2.6041615391150117,0.010282584931701422,4.816393916960806,2.1258346498943865,75.0646319068037,16.507867627212878,0.0008399432226516437,0.39343194877967697,12242.0,75.0646319068037,163.08612576957714,2.0,2.0,2.0,,0.19583332538604736,0.0,0.46666666865348816,0.46666666865348816,True,False,False,False,True,False,True,True,True,True
352.0,8941.0,8941.0,0.0,8941.0,8941.0,8941.0,0.4372199773788452,1.0,0.0590592622756958,0.003082668175920844,0.006964557804167271,0.9996766448020935,1.6149191856384277,0.46722322702407837,5.813667303300463e-05,0.000311200856231153,1.615272879600525,0.46734338998794556,-0.00012021511793136597,0.0011637955904006958,0.002695143222808838,-0.0036060214042663574,0.9998809099197388,0.0011293888092041016,0.2107834815979004,0.0,0.0,0.0,0.07331710867583752,0.07331711053848267,0.12705062329769135,1e-06,24.61508274078369,28.380859375,50.082794189453125,0.0,352.0,0.0,0.5874999761581421,1.0,0.0,0.5874999761581421,1.0,0.0,-0.07331709563732147,1.1192306280136108,-1.5940555334091187,-0.07331709563732147,1.1192306280136108,-1.5940555334091187,250.8125,512.0,168.0,0.0625,250.8125,512.0,168.0,0.0625,0.0,308.0,308.0,308.0,1.0,39.00557472696528,2.33603828959167,0.009771693032234907,4.043216075282544,2.116296858061105,48.01426154514775,9.719804317708766,0.0010929082912688633,0.45221072310508265,8941.0,48.01426154514775,186.21550581576247,2.0,2.0,2.0,,0.5874999761581421,0.0,1.0,1.0,True,False,False,False,True,True,True,True,True,True
353.0,9232.0,9232.0,0.0,9232.0,9232.0,9232.0,0.8999803066253662,1.0,0.0666799545288086,0.004528656601905823,0.007747350726276636,0.9996803998947144,2.5166866779327393,0.8914572596549988,0.0003544384671840817,0.0005039072711952031,2.5154435634613037,0.8910212516784668,0.00043602660298347473,0.0016394592821598053,0.004800319671630859,-0.004491984844207764,1.0004384517669678,0.0013091564178466797,0.4201310873031616,0.0,0.0,0.0,-0.00901123508810997,-0.009011231362819672,0.1768600195646286,1e-06,24.61508274078369,28.380859375,50.056278228759766,0.0,353.0,0.0,0.2836538553237915,0.8461538553237915,0.0,0.2836538553237915,0.8461538553237915,0.0,0.00901121087372303,2.0910565853118896,-1.0544644594192505,0.00901121087372303,2.0910565853118896,-1.0544644594192505,238.0,355.0,127.0,0.0625,238.0,355.0,127.0,0.0625,0.0,339.0,339.0,339.0,1.0,72.00959500763565,2.2960939980112016,0.009577766060829163,3.936304081697017,2.1104669529013336,80.86386904679239,18.910082722593398,0.001037452996190334,0.4263760920382384,9232.0,80.86386904679239,114.16718132368666,2.0,2.0,2.0,,0.2836538553237915,0.0,0.8461538553237915,0.8461538553237915,True,False,False,False,True,False,True,True,True,True
354.0,13024.0,13024.0,0.0,13024.0,13024.0,13024.0,0.6044450998306274,1.0,0.06216031312942505,0.003531997324898839,0.007187047507613897,0.9997064471244812,1.8120007514953613,0.5792496800422668,0.0005627766950055957,0.00036426540464162827,1.8109920024871826,0.5787878632545471,0.0004618540406227112,0.0015401951968669891,0.003447294235229492,-0.0021324753761291504,1.0004632472991943,0.0003306865692138672,0.3936065435409546,0.0,0.0,0.0,-0.08711723051965237,-0.08711722493171692,0.1646055281162262,1e-06,24.61508274078369,28.380859375,50.041934967041016,0.0,354.0,0.0,0.6375000476837158,0.8666666746139526,0.0,0.6375000476837158,0.8666666746139526,0.0,0.0871172770857811,0.9462860226631165,-2.6323962211608887,0.0871172770857811,0.9462860226631165,-2.6323962211608887,268.0,512.0,105.0,0.0625,268.0,512.0,105.0,0.0625,0.0,546.0,546.0,546.0,1.0,49.00708872266114,2.7262502312660217,0.009657565969973803,5.1883065989241,2.11411818722263,59.54758669575676,11.428891959575825,0.0007415207286527797,0.3983650644137055,13024.0,59.54758669575676,218.7158325415069,2.0,2.0,2.0,,0.6375000476837158,0.0,0.8666666746139526,0.8666666746139526,True,False,False,False,True,False,True,True,True,True
355.0,18380.0,18380.0,0.0,18380.0,18380.0,18380.0,0.8441294431686401,1.0,0.0526181161403656,0.003876275382936001,0.007487454917281866,0.9997233152389526,2.81516695022583,0.9591898918151855,0.0005743306246586144,0.00041405740194022655,2.815133571624756,0.9589028358459473,0.0002870839089155197,0.001690758392214775,0.0047376155853271484,-0.003762483596801758,1.0002894401550293,0.0005072355270385742,0.07065653800964355,0.0,0.0,0.0,0.0,0.0,0.0,1e-06,24.61508274078369,28.380859375,50.0871467590332,0.0,355.0,0.0,0.0,0.0,0.0,0.0,0.0,0.0,0.0,0.0,0.0,0.0,0.0,0.0,268.75,512.0,100.0,0.125,268.75,512.0,100.0,0.125,0.0,880.0,880.0,880.0,1.0,60.008253613021225,3.259752375073731,0.010095219127833843,6.822134138084948,2.0921585392206907,72.69264955678955,13.95540781698168,0.0005492502245829077,0.3711716070775271,18380.0,72.69264955678955,252.8453717406603,2.0,2.0,2.0,,0.0,0.0,0.0,0.0,False,True,False,False,False,False,False,False,False,False
356.0,12142.0,12142.0,0.0,12142.0,12142.0,12142.0,0.7272661924362183,1.0,0.04584687948226929,0.0037881697062402964,0.007241326384246349,0.999723494052887,2.2732045650482178,0.7748616337776184,0.000827943382319063,0.0003965968789998442,2.270683526992798,0.7738101482391357,0.0010515078902244568,0.0017704740166664124,0.006300747394561768,-0.0029265284538269043,1.001054286956787,-7.033348083496094e-05,0.3752998113632202,0.0,0.0,0.0,0.0,0.0,0.0,1e-06,24.61508274078369,28.380859375,50.07033157348633,0.0,356.0,0.0,0.0,0.0,0.0,0.0,0.0,0.0,0.0,0.0,0.0,0.0,0.0,0.0,255.875,512.0,122.0,0.0625,255.875,512.0,122.0,0.0625,0.0,503.0,503.0,503.0,1.0,534.0571915633045,2.622277719900012,0.010449920780956745,4.862442752812058,2.1402774988673627,544.19857373368,130.44875221380178,0.0008606424626055629,0.40046473009488204,12142.0,544.19857373368,22.311708604260428,2.0,2.0,2.0,,0.0,0.0,0.0,0.0,False,True,False,False,False,False,False,False,False,False
357.0,16451.0,16451.0,0.0,16451.0,16451.0,16451.0,0.9206611514091492,1.0,0.06106141209602356,0.0044711376540362835,0.0076643177308142185,0.9996933341026306,2.725482225418091,0.9537978172302246,0.00010147674038307741,0.0004927350673824549,2.724698066711426,0.9535198211669922,0.00027806684374809265,0.0017077811062335968,0.005893588066101074,-0.003124713897705078,1.000280499458313,0.0017701387405395508,0.6240764856338501,0.0,0.0,0.0,-0.010632863268256187,-0.01063285768032074,0.15844501554965973,1e-06,24.61508274078369,28.380859375,50.06087112426758,0.0,357.0,0.0,0.15000000596046448,1.0,0.0,0.15000000596046448,1.0,0.0,0.010632812976837158,2.4537315368652344,-0.4330114722251892,0.010632812976837158,2.4537315368652344,-0.4330114722251892,301.1875,512.0,184.0,0.0625,301.1875,512.0,184.0,0.0625,0.0,727.0,727.0,727.0,1.0,176.0167830241844,3.013592952862382,0.009848359040915966,6.069460310973227,2.106218283995986,187.71952845575288,36.52558269852343,0.0005986480481986484,0.3689417245743862,16451.0,187.71952845575288,87.63606075154638,2.0,2.0,2.0,,0.15000000596046448,0.0,1.0,1.0,True,False,False,False,True,True,True,True,True,True
358.0,18925.0,18925.0,0.0,18925.0,18925.0,18925.0,0.8825314044952393,1.0,0.062980055809021,0.004144629463553429,0.0075650764629244804,0.9997111558914185,2.6607213020324707,0.9387776851654053,0.00018491549417376518,0.00042903213761746883,2.6598799228668213,0.9381865859031677,0.0005910396575927734,0.0019465088844299316,0.005285382270812988,-0.0031248927116394043,1.000593900680542,0.0013499259948730469,0.93370521068573,0.0,0.0,0.0,0.022062553092837334,0.022062554955482483,0.1490713357925415,1e-06,24.61508274078369,28.380859375,50.06563949584961,0.0,358.0,0.0,0.2578125,0.875,0.0,0.2578125,0.875,0.0,-0.022062547504901886,2.5342633724212646,-1.0586163997650146,-0.022062547504901886,2.5342633724212646,-1.0586163997650146,265.8125,460.0,124.0,0.0625,265.8125,460.0,124.0,0.0625,0.0,917.0,917.0,917.0,1.0,63.00856579421088,3.29433083999902,0.009859080892056227,6.905069768894464,2.1053722859360278,75.82376470090821,14.81508718415492,0.0005209553972024426,0.364864981183327,18925.0,75.82376470090821,249.5919330127025,2.0,2.0,2.0,,0.2578125,0.0,0.875,0.875,True,False,False,False,True,False,True,True,True,True
359.0,15540.0,15540.0,0.0,15540.0,15540.0,15540.0,0.6254565715789795,1.0,0.061422139406204224,0.0038660240825265646,0.007741724606603384,0.9996621012687683,2.1035304069519043,0.7096811532974243,-3.384731098776683e-05,0.00041614228393882513,2.103576898574829,0.7097268104553223,-4.565529525279999e-05,0.0014644470065832138,0.0026769638061523438,-0.0051114559173583984,0.9999561309814453,0.0017398595809936523,0.4134507179260254,0.0,0.0,0.0,0.0,0.0,0.0,1e-06,24.61508274078369,28.380859375,50.09245300292969,0.0,359.0,0.0,0.0,0.0,0.0,0.0,0.0,0.0,0.0,0.0,0.0,0.0,0.0,0.0,295.25,512.0,73.0,0.0625,295.25,512.0,73.0,0.0625,0.0,676.0,676.0,676.0,1.0,616.0793421003036,2.991464277729392,0.009255139157176018,5.9854605589061975,2.1272497582249343,627.6919372882694,130.41476335738858,0.000595568800333077,0.38516477213038597,15540.0,627.6919372882694,24.757367550609796,2.0,2.0,2.0,,0.0,0.0,0.0,0.0,False,True,False,False,False,False,False,False,False,False
360.0,14433.0,14433.0,0.0,14433.0,14433.0,14433.0,0.7924929261207581,1.0,0.07711035013198853,0.004423906560987234,0.00804847665131092,0.9996516704559326,2.2689342498779297,0.8070498704910278,0.001674313098192215,0.00045032092020846903,2.2647922039031982,0.8052201271057129,0.0018297061324119568,0.002299867570400238,0.006388604640960693,-0.0019662976264953613,1.0018335580825806,-0.001553356647491455,-0.38905495405197144,0.0,0.0,0.0,0.0883369967341423,0.0883370041847229,0.1403711587190628,1e-06,24.61508274078369,28.380859375,50.12172317504883,0.0,360.0,0.0,0.01666666753590107,0.20000000298023224,0.0,0.01666666753590107,0.20000000298023224,0.0,-0.0883370041847229,3.550165891647339,-0.32274237275123596,-0.0883370041847229,3.550165891647339,-0.32274237275123596,255.0625,512.0,117.0,0.0625,255.0625,512.0,117.0,0.0625,0.0,647.0,647.0,647.0,1.0,58.00765922293067,2.879621683154255,0.011080172844231129,5.66567454719916,2.0867565497756004,69.15420384332538,14.21407969197027,0.000767697141566627,0.39255002752020784,14433.0,69.15420384332538,208.70748555936188,2.0,2.0,2.0,,0.01666666753590107,0.0,0.20000000298023224,0.20000000298023224,True,False,False,False,True,False,True,True,True,True
361.0,15349.0,15349.0,0.0,15349.0,15349.0,15349.0,0.7402732968330383,1.0,0.05908393859863281,0.0038391989655792713,0.007317098788917065,0.9997105002403259,2.19386887550354,0.7629054188728333,0.00032582474523223937,0.00038597622187808156,2.193279266357422,0.7626011371612549,0.0003043152391910553,0.0014615096151828766,0.005597114562988281,-0.0023975372314453125,1.000306248664856,0.0008946657180786133,0.15350043773651123,0.0,0.0,0.0,0.0,0.0,0.0,1e-06,24.61508274078369,28.380859375,50.110069274902344,0.0,361.0,0.0,0.0,0.0,0.0,0.0,0.0,0.0,0.0,0.0,0.0,0.0,0.0,0.0,299.3125,512.0,151.0,0.125,299.3125,512.0,151.0,0.125,0.0,660.0,660.0,660.0,1.0,253.02858247002587,2.96075445599854,0.00954659515991807,5.899676329921931,2.119154315907508,264.5229343762621,52.8353690687045,0.0006219685425707257,0.3843687751594196,15349.0,264.5229343762621,58.02521447220644,2.0,2.0,2.0,,0.0,0.0,0.0,0.0,False,True,False,False,False,False,False,False,False,False
362.0,13829.0,13829.0,0.0,13829.0,13829.0,13829.0,0.7085840702056885,1.0,0.1062009334564209,0.0037454222328960896,0.007393709383904934,0.9997056126594543,2.1840555667877197,0.7352715134620667,0.0005407125572673976,0.00040983851067721844,2.182647466659546,0.7347179651260376,0.0005534738302230835,0.0018129609525203705,0.004071354866027832,-0.003743290901184082,1.0005561113357544,0.0005593299865722656,0.2611234188079834,0.0,0.0,0.0,-0.018450811505317688,-0.018450811505317688,0.16813910007476807,1e-06,24.61508274078369,28.380859375,50.07292938232422,0.0,362.0,0.0,0.01666666753590107,0.13333334028720856,0.0,0.01666666753590107,0.13333334028720856,0.0,0.01845088042318821,2.5616815090179443,-0.36595451831817627,0.01845088042318821,2.5616815090179443,-0.36595451831817627,291.3125,464.0,169.0,0.0625,291.3125,464.0,169.0,0.0625,0.0,573.0,573.0,573.0,1.0,175.01851774798706,2.77901418088004,0.00939284497871995,5.312885959632695,2.093059663195163,185.7188962898217,37.54956398798264,0.0006792136075435642,0.3841843921926889,13829.0,185.7188962898217,74.46199754719248,2.0,2.0,2.0,,0.01666666753590107,0.0,0.13333334028720856,0.13333334028720856,True,False,False,False,True,False,True,True,True,True
363.0,18537.0,18537.0,0.0,18537.0,18537.0,18537.0,0.9626671075820923,1.0,0.058503925800323486,0.004292478319257498,0.0075926887802779675,0.9997092485427856,2.6232335567474365,0.9386352896690369,-0.00011097103561041877,0.0004669764020945877,2.623239040374756,0.9386577010154724,-2.24970281124115e-05,0.0012585259974002838,0.00379180908203125,-0.002225220203399658,0.9999787211418152,0.002093791961669922,0.5400605201721191,0.0,0.0,0.0,-0.019752766005694866,-0.01975277066230774,0.16352145373821259,1e-06,24.61508274078369,28.380859375,50.08405685424805,0.0,363.0,0.0,0.21666668355464935,1.0,0.0,0.21666668355464935,1.0,0.0,0.01975282095372677,2.2955455780029297,-0.6349381804466248,0.01975282095372677,2.2955455780029297,-0.6349381804466248,262.5625,512.0,108.0,0.0625,262.5625,512.0,108.0,0.0625,0.0,896.0,896.0,896.0,1.0,111.01347831031308,3.264194288291037,0.00969293899834156,6.820310708601028,2.123908910434693,123.73542612418532,26.42548876703477,0.0005228968548493046,0.3679295845390855,18537.0,123.73542612418532,149.81158250827536,2.0,2.0,2.0,,0.21666668355464935,0.0,1.0,1.0,True,False,False,False,True,True,True,True,True,True
364.0,13720.0,13720.0,0.0,13720.0,13720.0,13720.0,0.8281585574150085,1.0,0.061207115650177,0.004065648652613163,0.007478737737983465,0.9997094869613647,2.412318468093872,0.8446915149688721,0.00035692713572643697,0.0003990773984696716,2.4114034175872803,0.844458281993866,0.0002332925796508789,0.0012542307376861572,0.0025869011878967285,-0.0033146142959594727,1.0002344846725464,0.0008817911148071289,0.0622333288192749,0.0,0.0,0.0,0.0,0.0,0.0,1e-06,24.61508274078369,28.380859375,50.12127685546875,0.0,364.0,0.0,0.0,0.0,0.0,0.0,0.0,0.0,0.0,0.0,0.0,0.0,0.0,0.0,216.5,360.0,146.0,0.0625,216.5,360.0,146.0,0.0625,0.0,641.0,641.0,641.0,1.0,57.008788304403424,2.7310707378201187,0.00982333393767476,5.214647642336786,2.107245779130608,67.5749551630579,16.4575023973451,0.0007159864386060321,0.38007635877090273,13720.0,67.5749551630579,203.0338010124274,2.0,2.0,2.0,,0.0,0.0,0.0,0.0,False,True,False,False,False,False,False,False,False,False
365.0,12897.0,12897.0,0.0,12897.0,12897.0,12897.0,0.837525486946106,1.0,0.05582618713378906,0.004703057464212179,0.00804854929447174,0.9996461868286133,2.3456835746765137,0.8361607193946838,0.001135280355811119,0.0005047536687925458,2.3420748710632324,0.8348199725151062,0.0013407506048679352,0.001940857619047165,0.007418572902679443,-0.0028163790702819824,1.0013444423675537,-0.0002601742744445801,-0.1643892526626587,0.0,0.0,0.0,0.0,0.0,0.0,1e-06,24.61508274078369,28.380859375,50.09599304199219,0.0,365.0,0.0,0.0,0.0,0.0,0.0,0.0,0.0,0.0,0.0,0.0,0.0,0.0,0.0,195.0625,385.0,92.0,0.0625,195.0625,385.0,92.0,0.0625,0.0,611.0,611.0,611.0,1.0,148.01440070569515,2.6644598371349275,0.010351377073675394,5.023268300574273,2.118395850993693,158.33860410097986,47.42531262598371,0.0008026189868710083,0.38949122280951176,12897.0,158.33860410097986,81.45202538084133,2.0,2.0,2.0,,0.0,0.0,0.0,0.0,False,True,False,False,False,False,False,False,False,False
366.0,10148.0,10148.0,0.0,10148.0,10148.0,10148.0,0.6663206219673157,1.0,0.058177173137664795,0.004333863966166973,0.008000624366104603,0.9996325373649597,1.9340944290161133,0.65152907371521,5.201465683057904e-05,0.0004283219459466636,1.9339152574539185,0.6514278650283813,0.00010120868682861328,0.0013268180191516876,0.002533853054046631,-0.0027039647102355957,1.0001024007797241,0.0016099214553833008,0.2568284273147583,0.0,0.0,0.0,0.021014345809817314,0.021014347672462463,0.16469646990299225,1e-06,24.61508274078369,28.380859375,50.12187194824219,0.0,366.0,0.0,0.1875,1.0,0.0,0.1875,1.0,0.0,-0.02101430855691433,2.015559434890747,-0.4651290774345398,-0.02101430855691433,2.015559434890747,-0.4651290774345398,234.25,356.0,152.0,0.0625,234.25,356.0,152.0,0.0625,0.0,400.0,400.0,400.0,1.0,39.004266982898116,2.3876967197284102,0.009612376801669598,4.182861195877194,2.0971411573700607,48.1824488309212,10.406688095757234,0.0009472188413154905,0.4121857701889234,10148.0,48.1824488309212,210.61611118211775,2.0,2.0,2.0,,0.1875,0.0,1.0,1.0,True,False,False,False,True,True,True,True,True,True
367.0,9945.0,9945.0,0.0,9945.0,9945.0,9945.0,0.7536575198173523,1.0,0.08326941728591919,0.0045007457956671715,0.008360309526324272,0.9996222853660583,2.1392922401428223,0.752234935760498,0.00035809967084787786,0.0004788110381923616,2.1387271881103516,0.7518991231918335,0.00033578649163246155,0.0023557431995868683,0.00610274076461792,-0.0033919215202331543,1.0003395080566406,0.0011962652206420898,0.5900253057479858,0.0,0.0,0.0,-0.01708182692527771,-0.01708182692527771,0.17157062888145447,1e-06,24.61508274078369,28.380859375,50.2432861328125,0.0,367.0,0.0,0.008333333767950535,0.13333334028720856,0.0,0.008333333767950535,0.13333334028720856,0.0,0.01708179898560047,3.749887466430664,-0.2499925196170807,0.01708179898560047,3.749887466430664,-0.2499925196170807,240.5625,388.0,142.0,0.0625,240.5625,388.0,142.0,0.0625,0.0,381.0,381.0,381.0,1.0,632.0748227508739,2.367408825084567,0.00969135295599699,4.154347624164075,2.1165216229856014,641.2290262528695,164.21793264506985,0.0009744950181997979,0.41773229001147055,9945.0,641.2290262528695,15.509279201091836,2.0,2.0,2.0,,0.008333333767950535,0.0,0.13333334028720856,0.13333334028720856,True,False,False,False,True,False,True,True,True,True
368.0,13001.0,13001.0,0.0,13001.0,13001.0,13001.0,0.8573253154754639,1.0,0.06206461787223816,0.004439825192093849,0.00791467260569334,0.9996756315231323,2.526552200317383,0.8899252414703369,0.00022210516908671707,0.00046539001050405204,2.526534080505371,0.8898558616638184,6.937608122825623e-05,0.001335781067609787,0.0039389729499816895,-0.00267106294631958,1.0000709295272827,0.0014190673828125,0.2826361656188965,0.0,0.0,0.0,0.0,0.0,0.0,1e-06,24.61508274078369,28.380859375,50.08649444580078,0.0,368.0,0.0,0.0,0.0,0.0,0.0,0.0,0.0,0.0,0.0,0.0,0.0,0.0,0.0,301.5625,512.0,113.0,0.125,301.5625,512.0,113.0,0.125,0.0,511.0,511.0,511.0,1.0,249.02937630703673,2.7414946951903403,0.009520057588815689,5.235631654970348,2.1194884250871837,259.6364216110669,51.61230597037031,0.0007322557948477571,0.4027099188501152,13001.0,259.6364216110669,50.0738683707303,2.0,2.0,2.0,,0.0,0.0,0.0,0.0,False,True,False,False,False,False,False,False,False,False
369.0,13801.0,13801.0,0.0,13801.0,13801.0,13801.0,0.8081485033035278,1.0,0.05982625484466553,0.003935733810067177,0.007518781814724207,0.999717652797699,2.432983636856079,0.8417542576789856,0.00031267968006432056,0.0004318148421589285,2.4314959049224854,0.8415433168411255,0.00021088682115077972,0.0014609750360250473,0.004248499870300293,-0.002367675304412842,1.0002126693725586,0.0011063814163208008,0.2372753620147705,0.0,0.0,0.0,0.09539978113025427,0.09539978206157684,0.16539537906646729,1e-06,24.61508274078369,28.380859375,50.13629913330078,0.0,369.0,0.0,0.28333333134651184,0.46666666865348816,0.0,0.28333333134651184,0.46666666865348816,0.0,-0.09539978951215744,1.22982919216156,-1.9006450176239014,-0.09539978951215744,1.22982919216156,-1.9006450176239014,238.5625,512.0,111.0,0.0625,238.5625,512.0,111.0,0.0625,0.0,624.0,624.0,624.0,1.0,118.01493628136814,2.820047890767455,0.009741208981722593,5.465302692260593,2.1115178926847875,128.92270731320605,30.91824372055754,0.0007058335614609516,0.3960077307630312,13801.0,128.92270731320605,107.04863625359434,2.0,2.0,2.0,,0.28333333134651184,0.0,0.46666666865348816,0.46666666865348816,True,False,False,False,True,False,True,True,True,True
370.0,10279.0,10279.0,0.0,10279.0,10279.0,10279.0,0.8467081189155579,1.0,0.06136399507522583,0.0043489690870046616,0.007774155121296644,0.9996776580810547,2.5621113777160645,0.8964247107505798,-0.0006195970345288515,0.0004282242734916508,2.5633656978607178,0.8970816135406494,-0.0006569698452949524,0.0013379231095314026,0.0017534494400024414,-0.003263533115386963,0.9993442893028259,0.002961277961730957,0.5614680051803589,0.0,0.0,0.0,0.014143701642751694,0.014143705368041992,0.16475173830986023,1e-06,24.61508274078369,28.380859375,50.12250900268555,0.0,370.0,0.0,0.4333333373069763,0.8666666746139526,0.0,0.4333333373069763,0.8666666746139526,0.0,-0.014143734239041805,1.737191081047058,-1.737191081047058,-0.014143734239041805,1.737191081047058,-1.737191081047058,221.4375,469.0,107.0,0.0625,221.4375,469.0,107.0,0.0625,0.0,421.0,421.0,421.0,1.0,77.01066116988659,2.43583702808246,0.010533490218222141,4.33616189006716,2.100831718184054,86.39748839475214,21.736003717156812,0.0010247582661953635,0.42184666699748613,10279.0,86.39748839475214,118.97336590428426,2.0,2.0,2.0,,0.4333333373069763,0.0,0.8666666746139526,0.8666666746139526,True,False,False,False,True,False,True,True,True,True
371.0,12455.0,12455.0,0.0,12455.0,12455.0,12455.0,0.7650943994522095,1.0,0.05856120586395264,0.004227356053888798,0.00781913474202156,0.9996662139892578,2.1905314922332764,0.7751172780990601,1.6454872820759192e-05,0.0004515801265370101,2.1906373500823975,0.7751270532608032,-9.797513484954834e-06,0.0008908361196517944,0.0020847320556640625,-0.0031558871269226074,0.9999909400939941,0.0017739534378051758,0.3708709478378296,0.0,0.0,0.0,0.11441070958971977,0.11441070586442947,0.15350480377674103,1e-06,24.61508274078369,28.380859375,50.16029739379883,0.0,371.0,0.0,0.30000001192092896,0.8666666746139526,0.0,0.30000001192092896,0.8666666746139526,0.0,-0.11441071331501007,1.7398896217346191,-0.9211180806159973,-0.11441071331501007,1.7398896217346191,-0.9211180806159973,288.4375,467.0,168.0,0.0625,288.4375,467.0,168.0,0.0625,0.0,490.0,490.0,490.0,1.0,307.03472780808806,2.6355586391873658,0.010334345046430826,4.9313685731031,2.1193865439854562,317.2349368808791,66.52973516968322,0.0008297346484488821,0.39593485131297473,12455.0,317.2349368808791,39.26112338842685,2.0,2.0,2.0,,0.30000001192092896,0.0,0.8666666746139526,0.8666666746139526,True,False,False,False,True,False,True,True,True,True
372.0,13315.0,13315.0,0.0,13315.0,13315.0,13315.0,0.767485499382019,1.0,0.05964618921279907,0.004339865408837795,0.00783794466406107,0.999663233757019,2.3060245513916016,0.814024806022644,0.00015179076581262052,0.0004433071881067008,2.3034117221832275,0.8133383393287659,0.0006864443421363831,0.002023354172706604,0.006150484085083008,-0.00308835506439209,1.0006897449493408,0.001473069190979004,0.9031890630722046,0.0,0.0,0.0,0.0,0.0,0.0,1e-06,24.61508274078369,28.380859375,50.10905456542969,0.0,372.0,0.0,0.0,0.0,0.0,0.0,0.0,0.0,0.0,0.0,0.0,0.0,0.0,0.0,257.1875,391.0,148.0,0.0625,257.1875,391.0,148.0,0.0625,0.0,575.0,575.0,575.0,1.0,59.00848263129592,2.7226540241390467,0.009352390188723803,5.152712879702449,2.110275854356587,69.50604349095374,14.339849971153322,0.0007023950573581527,0.3869855711379984,13315.0,69.50604349095374,191.56607585832384,2.0,2.0,2.0,,0.0,0.0,0.0,0.0,False,True,False,False,False,False,False,False,False,False
373.0,6850.0,6850.0,0.0,6850.0,6850.0,6850.0,0.6811166405677795,1.0,0.05753806233406067,0.00358753465116024,0.007136939093470573,0.9997339248657227,2.1510236263275146,0.7405551075935364,0.00013276812387630343,0.0004194829671178013,2.149914264678955,0.7400425672531128,0.000512564554810524,0.0016226749867200851,0.005012929439544678,-0.002213716506958008,1.0005145072937012,0.001420140266418457,0.24243950843811035,0.0,0.0,0.0,0.05657351016998291,0.05657351016998291,0.15985417366027832,1e-06,24.61508274078369,28.380859375,50.12745666503906,0.0,373.0,0.0,0.6333333253860474,0.800000011920929,0.2666666805744171,0.6333333253860474,0.800000011920929,0.2666666805744171,-0.05657351016998291,0.9986634850502014,-2.197059154510498,-0.05657351016998291,0.9986634850502014,-2.197059154510498,217.125,449.0,115.0,0.0625,217.125,449.0,115.0,0.0625,0.0,211.0,211.0,211.0,1.0,39.0057790922001,2.1394976093433797,0.011192628648132086,3.4552594763226807,2.095526951830834,47.210210317745805,11.22791568572254,0.0016339603865886258,0.5044174417989314,6850.0,47.210210317745805,145.09573149317575,2.0,2.0,2.0,,0.6333333253860474,0.2666666805744171,0.800000011920929,0.5333333313465118,True,False,False,False,True,False,True,True,True,True
374.0,14441.0,14441.0,0.0,14441.0,14441.0,14441.0,0.6072347164154053,1.0,0.06110799312591553,0.0040629408322274685,0.007735485676676035,0.9996459484100342,1.855265498161316,0.6069416999816895,0.0007228274480439723,0.0004098935460206121,1.8541117906570435,0.6062738299369812,0.0006678886711597443,0.0011985339224338531,0.0028333663940429688,-0.0027046799659729004,1.000669002532959,0.0001989603042602539,-0.0363386869430542,0.0,0.0,0.0,-0.1281547900289297,-0.12815478444099426,0.15168887376785278,1e-06,24.61508274078369,28.380859375,50.127464294433594,0.0,374.0,0.0,0.6875,1.0,0.0,0.6875,1.0,0.0,0.12815481424331665,0.8907027840614319,-1.9595460891723633,0.12815481424331665,0.8907027840614319,-1.9595460891723633,277.5625,512.0,166.0,0.0625,277.5625,512.0,166.0,0.0625,0.0,625.0,625.0,625.0,1.0,54.0076148561202,2.8572576590813696,0.010218808893114328,5.591040736995637,2.1133041540160775,65.07964874291793,12.161138224751227,0.0007076247415770603,0.3871643748352356,14441.0,65.07964874291793,221.8973254918112,2.0,2.0,2.0,,0.6875,0.0,1.0,1.0,True,False,False,False,True,True,True,True,True,True
375.0,13585.0,13585.0,0.0,13585.0,13585.0,13585.0,0.6431719660758972,1.0,0.0530928373336792,0.003390813246369362,0.006952380295842886,0.9997422099113464,2.0524754524230957,0.7016603350639343,0.00043448671931400895,0.0003599365008994937,2.0508553981781006,0.7010068297386169,0.0006535612046718597,0.0014212876558303833,0.006028711795806885,-0.0017445087432861328,1.0006556510925293,0.0005710124969482422,0.06907689571380615,0.0,0.0,0.0,0.0,0.0,0.0,1e-06,24.61508274078369,28.380859375,50.105796813964844,0.0,375.0,0.0,0.0,0.0,0.0,0.0,0.0,0.0,0.0,0.0,0.0,0.0,0.0,0.0,305.0625,512.0,146.0,0.0625,305.0625,512.0,146.0,0.0625,0.0,544.0,544.0,544.0,1.0,158.0193301527761,2.7574188741855323,0.010010560043156147,5.2691192580387,2.1033212007023394,168.67397641995922,32.37437618372795,0.0007368833303758666,0.38786302966792047,13585.0,168.67397641995922,80.53998778197112,2.0,2.0,2.0,,0.0,0.0,0.0,0.0,False,True,False,False,False,False,False,False,False,False
376.0,5307.0,5307.0,0.0,5307.0,5307.0,5307.0,0.7222711443901062,1.0,0.061410486698150635,0.004089368507266045,0.007742735091596842,0.9996727705001831,2.1036505699157715,0.7304303050041199,-0.0002694713184610009,0.00042508129263296723,2.1046290397644043,0.7308801412582397,-0.0004498939961194992,0.0017903279513120651,0.004294157028198242,-0.003714919090270996,0.9995526075363159,0.002250194549560547,0.6335484981536865,0.0,0.0,0.0,-0.05862590670585632,-0.05862590670585632,0.16405749320983887,1e-06,24.61508274078369,28.380859375,50.27969741821289,0.0,376.0,0.0,0.004166666883975267,0.06666667014360428,0.0,0.004166666883975267,0.06666667014360428,0.0,0.05862591043114662,3.749774694442749,-0.2499849945306778,0.05862591043114662,3.749774694442749,-0.2499849945306778,184.6875,353.0,39.0,0.0625,184.6875,353.0,39.0,0.0625,0.0,147.0,147.0,147.0,1.0,42.00662249606103,1.9819310498423874,0.01010457705706358,3.0441099400632083,2.11383515316993,49.658672854304314,14.21543908496143,0.0019040092438408855,0.5736027774756375,5307.0,49.658672854304314,106.86954956630501,2.0,2.0,2.0,,0.004166666883975267,0.0,0.06666667014360428,0.06666667014360428,True,False,False,False,True,False,True,True,True,True
377.0,17529.0,17529.0,0.0,17529.0,17529.0,17529.0,0.9205532073974609,1.0,0.0621621310710907,0.004228523001074791,0.007705461233854294,0.9997047185897827,2.6709156036376953,0.9458646774291992,-0.00013047346146777272,0.00046936902799643576,2.6713361740112305,0.9459477066993713,-8.307397365570068e-05,0.001291818916797638,0.003289639949798584,-0.0024999380111694336,0.9999181628227234,0.002137303352355957,0.5208698511123657,0.0,0.0,0.0,0.0,0.0,0.0,1e-06,24.61508274078369,28.380859375,50.37995910644531,0.0,377.0,0.0,0.0,0.0,0.0,0.0,0.0,0.0,0.0,0.0,0.0,0.0,0.0,0.0,259.5625,455.0,136.0,0.0625,259.5625,455.0,136.0,0.0625,0.0,836.0,836.0,836.0,1.0,78.01067371387035,3.13632336538285,0.01002914598211646,6.409994487185031,2.1108980267308652,90.17901895521209,18.784173781331653,0.0005721459285821473,0.3656794162350979,17529.0,90.17901895521209,194.38002545476655,2.0,2.0,2.0,,0.0,0.0,0.0,0.0,False,True,False,False,False,False,False,False,False,False
378.0,15802.0,15802.0,0.0,15802.0,15802.0,15802.0,0.7532176375389099,1.0,0.059034496545791626,0.004063327331095934,0.007500313222408295,0.9997010827064514,2.3228814601898193,0.810742974281311,0.0006678210920654237,0.00045199194573797286,2.319827079772949,0.8097476959228516,0.0009953044354915619,0.0020719729363918304,0.00889885425567627,-0.004375278949737549,1.000999927520752,0.0004755258560180664,0.48746252059936523,0.0,0.0,0.0,0.0,0.0,0.0,1e-06,24.61508274078369,28.380859375,50.29933547973633,0.0,378.0,0.0,0.0,0.0,0.0,0.0,0.0,0.0,0.0,0.0,0.0,0.0,0.0,0.0,257.625,512.0,138.0,0.0625,257.625,512.0,138.0,0.0625,0.0,730.0,730.0,730.0,1.0,407.0484538353048,2.9553743777796626,0.009279457852244377,5.88820677716285,2.1079969978891313,418.51455031102523,98.75023140109288,0.0005872331256957585,0.37262414739671246,15802.0,418.51455031102523,37.757349148928064,2.0,2.0,2.0,,0.0,0.0,0.0,0.0,False,True,False,False,False,False,False,False,False,False
379.0,18951.0,18951.0,0.0,18951.0,18951.0,18951.0,0.7174041867256165,1.0,0.06432157754898071,0.0041197375394403934,0.007748653180897236,0.9996782541275024,2.233023166656494,0.7677373886108398,0.0005821897066198289,0.000444123987108469,2.231365442276001,0.7671369314193726,0.000600447878241539,0.0016166921705007553,0.0037478208541870117,-0.0022260546684265137,1.0006023645401,0.0006138086318969727,0.18233537673950195,0.0,0.0,0.0,-0.07336640357971191,-0.07336641103029251,0.13881482183933258,1e-06,24.61508274078369,28.380859375,50.33974075317383,0.0,379.0,0.0,0.5375000238418579,1.0,0.0,0.5375000238418579,1.0,0.0,0.07336647063493729,0.992462694644928,-1.1534026861190796,0.07336647063493729,0.992462694644928,-1.1534026861190796,321.4375,512.0,148.0,0.125,321.4375,512.0,148.0,0.125,0.0,863.0,863.0,863.0,1.0,74.01096626510844,3.328060040716082,0.00999347073957324,7.024008006323129,2.119016056880355,86.98982268804684,14.39062147873001,0.0005273321059349502,0.37064049423899154,18951.0,86.98982268804684,217.85307078921122,2.0,2.0,2.0,,0.5375000238418579,0.0,1.0,1.0,True,False,False,False,True,True,True,True,True,True
380.0,11379.0,11379.0,0.0,11379.0,11379.0,11379.0,0.8421440124511719,1.0,0.061625123023986816,0.0041085463017225266,0.007663375232368708,0.9997050166130066,2.3877992630004883,0.8465928435325623,0.0009786601876839995,0.00043200611253269017,2.386291027069092,0.8457149863243103,0.0008778590708971024,0.001694871112704277,0.004842579364776611,-0.0027021169662475586,1.0008801221847534,-0.00023257732391357422,-0.0851244330406189,0.0,0.0,0.0,0.020030483603477478,0.020030483603477478,0.18707504868507385,1e-06,24.61508274078369,28.380859375,50.38657760620117,0.0,380.0,0.0,0.11250000447034836,0.20000000298023224,0.0,0.11250000447034836,0.20000000298023224,0.0,-0.02003055065870285,0.9368926286697388,-1.2045762538909912,-0.02003055065870285,0.9368926286697388,-1.2045762538909912,216.1875,512.0,124.0,0.0625,216.1875,512.0,124.0,0.0625,0.0,495.0,495.0,495.0,1.0,74.01049005100504,2.551534993108362,0.009712923783808947,4.656778331845999,2.113185744266957,83.84253552602604,21.396499002892465,0.000853583248423319,0.40924319640091383,11379.0,83.84253552602604,135.71870087907564,2.0,2.0,2.0,,0.11250000447034836,0.0,0.20000000298023224,0.20000000298023224,True,False,False,False,True,False,True,True,True,True
381.0,9160.0,9160.0,0.0,9160.0,9160.0,9160.0,0.5797576904296875,1.0,0.06017369031906128,0.003803868545219302,0.007516725454479456,0.9996696710586548,1.8900022506713867,0.6161308884620667,0.0004891502321697772,0.00037289835745468736,1.8889437913894653,0.6156032085418701,0.0005276557058095932,0.0013814326375722885,0.003039121627807617,-0.0028675198554992676,1.0005290508270264,0.0005146265029907227,0.07647490501403809,0.0,0.0,0.0,0.11608818173408508,0.11608818173408508,0.11972390860319138,1e-06,24.61508274078369,28.380859375,50.590335845947266,0.0,381.0,0.0,0.0625,1.0,0.0,0.0625,1.0,0.0,-0.11608819663524628,3.7499847412109375,-0.24999898672103882,-0.11608819663524628,3.7499847412109375,-0.24999898672103882,259.5,512.0,112.0,0.0625,259.5,512.0,112.0,0.0625,0.0,313.0,313.0,313.0,1.0,339.0395818930119,2.4270140659064054,0.010562998242676258,4.31518175965175,2.1280595720745623,348.42588406288996,81.65693205515701,0.0011531657470170587,0.47108971175237446,9160.0,348.42588406288996,26.289665661999567,2.0,2.0,2.0,,0.0625,0.0,1.0,1.0,True,False,False,False,True,True,True,True,True,True
382.0,7883.0,7883.0,0.0,7883.0,7883.0,7883.0,0.7332189083099365,1.0,0.05608370900154114,0.003913379739969969,0.0073912604711949825,0.9997087121009827,2.1306447982788086,0.747163712978363,0.000543386151548475,0.00042584585025906563,2.1301469802856445,0.7468388080596924,0.00032481178641319275,0.0014239959418773651,0.0029755830764770508,-0.0036371350288391113,1.0003262758255005,0.0006144046783447266,0.036687612533569336,0.0,0.0,0.0,-0.03844970464706421,-0.03844970464706421,0.18088799715042114,1e-06,24.653997898101807,28.380859375,50.2176399230957,0.0,382.0,0.0,0.8166666626930237,1.0,0.0,0.8166666626930237,1.0,0.0,0.0384497344493866,0.46483367681503296,-2.070622682571411,0.0384497344493866,0.46483367681503296,-2.070622682571411,206.6875,421.0,79.0,0.0625,206.6875,421.0,79.0,0.0625,0.0,286.0,286.0,286.0,1.0,35.00518803158775,2.2334937369450927,0.010633663274347782,3.7101908959448338,2.1125961020588875,43.571557639632374,10.585179326152932,0.001348936099752351,0.4706572238925325,7883.0,43.571557639632374,180.92077554807634,2.0,2.0,2.0,,0.8166666626930237,0.0,1.0,1.0,True,False,False,False,True,True,True,True,True,True
383.0,15541.0,15541.0,0.0,15541.0,15541.0,15541.0,0.8701077699661255,1.0,0.06278382241725922,0.004199988674372435,0.007662143558263779,0.9996998906135559,3.1795668601989746,1.0019112825393677,0.000746745674405247,0.00041804948705248535,3.177985668182373,1.001173496246338,0.000737752765417099,0.0020853914320468903,0.006339371204376221,-0.004006385803222656,1.000741720199585,0.00018978118896484375,0.055915117263793945,0.0,0.0,0.0,-0.06174905598163605,-0.06174905598163605,0.1716107279062271,1e-06,24.653997898101807,28.380859375,50.41625213623047,0.0,383.0,0.0,0.008333333767950535,0.06666667014360428,0.0,0.008333333767950535,0.06666667014360428,0.0,0.06174910441040993,2.5616252422332764,-0.3659464418888092,0.06174910441040993,2.5616252422332764,-0.3659464418888092,226.3125,431.0,95.0,0.0625,226.3125,431.0,95.0,0.0625,0.0,745.0,745.0,745.0,1.0,265.0293464981951,2.965424415189773,0.009357631672173738,5.902239894028753,2.1170841101557016,276.5242376080714,73.19230778740544,0.0006021254534569035,0.3797850777960719,15541.0,276.5242376080714,56.201221760628684,2.0,2.0,2.0,,0.008333333767950535,0.0,0.06666667014360428,0.06666667014360428,True,False,False,False,True,False,True,True,True,True
384.0,16604.0,16604.0,0.0,16604.0,16604.0,16604.0,0.8259682059288025,1.0,0.10925553739070892,0.004616532940417528,0.008327120915055275,0.9996287226676941,2.32735013961792,0.8314440250396729,0.0008087960304692388,0.0005300863995216787,2.3250718116760254,0.8305982351303101,0.0008458755910396576,0.0018005631864070892,0.0033984780311584473,-0.003007233142852783,1.0008481740951538,0.00048613548278808594,0.017802119255065918,0.0,0.0,0.0,0.023762725293636322,0.02376273274421692,0.19445236027240753,1e-06,24.653997898101807,28.380859375,50.27787399291992,0.0,384.0,0.0,0.008333333767950535,0.06666667014360428,0.0,0.008333333767950535,0.06666667014360428,0.0,-0.023762721568346024,2.5616252422332764,-0.3659464418888092,-0.023762721568346024,2.5616252422332764,-0.3659464418888092,211.75,320.0,155.0,0.0625,211.75,320.0,155.0,0.0625,0.0,826.0,826.0,826.0,1.0,65.00941655738279,2.985740788746625,0.009423949290066957,5.991237558890134,2.0932567100971937,76.59032517811283,19.188139479746987,0.0005675710244559719,0.3608309780107284,16604.0,76.59032517811283,216.78978332298442,2.0,2.0,2.0,,0.008333333767950535,0.0,0.06666667014360428,0.06666667014360428,True,False,False,False,True,False,True,True,True,True
385.0,12403.0,12403.0,0.0,12403.0,12403.0,12403.0,0.8744669556617737,1.0,0.05650603771209717,0.0042953710071742535,0.007751501630991697,0.9996939897537231,2.5970959663391113,0.85332852602005,0.0007007308304309845,0.0004892477300018072,2.5941755771636963,0.852959156036377,0.00036937370896339417,0.0017353110015392303,0.005572080612182617,-0.005128920078277588,1.0003721714019775,0.0005588531494140625,0.41284799575805664,0.0,0.0,0.0,0.0,0.0,0.0,1e-06,24.653997898101807,28.380859375,50.23434066772461,0.0,385.0,0.0,0.0,0.0,0.0,0.0,0.0,0.0,0.0,0.0,0.0,0.0,0.0,0.0,254.1875,415.0,166.0,0.0625,254.1875,415.0,166.0,0.0625,0.0,521.0,521.0,521.0,1.0,1804.1797425760888,2.630609516054392,0.009556444827467203,4.922695123124868,2.1397955687716603,1814.3895680918358,443.6143945355517,0.0007704946244833672,0.39689551907803494,12403.0,1814.3895680918358,6.835907909812353,2.0,2.0,2.0,,0.0,0.0,0.0,0.0,False,True,False,False,False,False,False,False,False,False
386.0,9489.0,9489.0,0.0,9489.0,9489.0,9489.0,0.6233450770378113,1.0,0.05949476361274719,0.003895363537594676,0.007471234537661076,0.9996739625930786,1.8976502418518066,0.6244633197784424,0.0002791951410472393,0.0003937417350243777,1.897308588027954,0.6243202686309814,0.0001430083066225052,0.0011147502809762955,0.0021548867225646973,-0.002044975757598877,1.0001437664031982,0.001027822494506836,0.05466926097869873,0.0,0.0,0.0,0.2048216462135315,0.2048216462135315,0.19067932665348053,1e-06,24.653997898101807,28.380859375,50.37220764160156,0.0,386.0,0.0,0.34583336114883423,0.4000000059604645,0.0,0.34583336114883423,0.4000000059604645,0.0,-0.2048216462135315,0.3982381820678711,-2.5425989627838135,-0.2048216462135315,0.3982381820678711,-2.5425989627838135,262.0625,512.0,121.0,0.0625,262.0625,512.0,121.0,0.0625,0.0,331.0,331.0,331.0,1.0,47.00701333815232,2.41439100028947,0.009769917000085115,4.261407205834985,2.0950311832129955,56.288520507048815,11.210830750811429,0.001029604489417759,0.4490891775566429,9489.0,56.288520507048815,168.57788967488895,2.0,2.0,2.0,,0.34583336114883423,0.0,0.4000000059604645,0.4000000059604645,True,False,False,False,True,False,True,True,True,True
387.0,19697.0,19697.0,0.0,19697.0,19697.0,19697.0,0.6961550712585449,1.0,0.09038284420967102,0.004072464071214199,0.007833686657249928,0.9996612071990967,2.1354546546936035,0.7137371301651001,0.0008201180025935173,0.00045240417239256203,2.1352903842926025,0.713158130645752,0.0005790125578641891,0.0023707542568445206,0.004537642002105713,-0.006786227226257324,1.0005831718444824,0.00016427040100097656,0.09513211250305176,0.0,0.0,0.0,0.0,0.0,0.0,1e-06,24.653997898101807,28.380859375,50.304412841796875,0.0,387.0,0.0,0.0,0.0,0.0,0.0,0.0,0.0,0.0,0.0,0.0,0.0,0.0,0.0,200.0625,272.0,82.0,0.0625,200.0625,272.0,82.0,0.0625,0.0,1031.0,1031.0,1031.0,1.0,55.008397502824664,3.2915033400058746,0.010246934834867716,6.834784530103207,2.1234590550884604,67.76956876693293,17.184753984012705,0.0005202281989575933,0.3469962192264409,19697.0,67.76956876693293,290.6466775336902,2.0,2.0,2.0,,0.0,0.0,0.0,0.0,False,True,False,False,False,False,False,False,False,False
388.0,8377.0,8377.0,0.0,8377.0,8377.0,8377.0,0.6450033187866211,1.0,0.05170634388923645,0.004261924419552088,0.007857819087803364,0.9996406435966492,2.0681562423706055,0.696556031703949,0.00034134156885556877,0.0004429653927218169,2.0671377182006836,0.6959754228591919,0.0005806721746921539,0.001756228506565094,0.003696352243423462,-0.0024117231369018555,1.0005825757980347,0.00109100341796875,0.21637415885925293,0.0,0.0,0.0,0.11307460814714432,0.11307460069656372,0.1516871154308319,1e-06,24.653997898101807,28.380859375,50.256385803222656,0.0,388.0,0.0,0.3125,1.0,0.0,0.3125,1.0,0.0,-0.11307466775178909,1.4361376762390137,-0.652789831161499,-0.11307466775178909,1.4361376762390137,-0.652789831161499,244.5625,487.0,126.0,0.0625,244.5625,487.0,126.0,0.0625,0.0,279.0,279.0,279.0,1.0,209.02846005186439,2.2592447591014206,0.009953611064702272,3.8378711380064487,2.1255238680168986,217.76071520289406,53.41897777967401,0.0011882071224426731,0.4581438627201204,8377.0,217.76071520289406,38.46883030391824,2.0,2.0,2.0,,0.3125,0.0,1.0,1.0,True,False,False,False,True,True,True,True,True,True
389.0,5782.0,5782.0,0.0,5782.0,5782.0,5782.0,0.6194964647293091,1.0,0.05955857038497925,0.004022911656647921,0.007768052630126476,0.9996488690376282,1.9183375835418701,0.6376854181289673,0.0007721423171460629,0.0004228992329444736,1.9171321392059326,0.6370516419410706,0.0006338153034448624,0.001833675429224968,0.0041765570640563965,-0.003089308738708496,1.000636100769043,0.00012922286987304688,-0.04162329435348511,0.0,0.0,0.0,-0.044671161100268364,-0.04467116296291351,0.17919211089611053,1e-06,24.653997898101807,28.380859375,50.515174865722656,0.0,389.0,0.0,0.75,1.0,0.0,0.75,1.0,0.0,0.04467116296291351,0.5590157508850098,-1.6770472526550293,0.04467116296291351,0.5590157508850098,-1.6770472526550293,167.375,232.0,116.0,0.0625,167.375,232.0,116.0,0.0625,0.0,194.0,194.0,194.0,1.0,42.00532143423334,1.9253442399203777,0.009594588074833155,2.9049100941047072,2.1158427060581744,49.46031543519348,15.685332873126713,0.0016593891516487641,0.5024057582332596,5782.0,49.46031543519348,116.9018019623429,2.0,2.0,2.0,,0.75,0.0,1.0,1.0,True,False,False,False,True,True,True,True,True,True
390.0,12791.0,12791.0,0.0,12791.0,12791.0,12791.0,0.6827351450920105,1.0,0.09597700834274292,0.0040272600017488,0.007555884309113026,0.99967360496521,1.9807612895965576,0.6716228723526001,-0.0002848975418601185,0.00039558098069392145,1.9812787771224976,0.6718897223472595,-0.00026685930788517,0.0013066697865724564,0.00290679931640625,-0.0028362274169921875,0.9997344017028809,0.0021570920944213867,0.6144747734069824,0.0,0.0,0.0,-0.06239372305572033,-0.06239372119307518,0.14732377231121063,1e-06,24.653997898101807,28.380859375,50.270240783691406,0.0,390.0,0.0,0.8291667103767395,1.0,0.0,0.8291667103767395,1.0,0.0,0.06239374727010727,0.6692032217979431,-3.248084783554077,0.06239374727010727,0.6692032217979431,-3.248084783554077,241.4375,419.0,94.0,0.0625,241.4375,419.0,94.0,0.0625,0.0,558.0,558.0,558.0,1.0,58.00885046413168,2.6856145369820297,0.01069766003638506,5.074140030890703,2.1175167676992714,68.39645791705698,15.016528724859354,0.0008363427438343412,0.39669611687051076,12791.0,68.39645791705698,187.012608394303,2.0,2.0,2.0,,0.8291667103767395,0.0,1.0,1.0,True,False,False,False,True,True,True,True,True,True
391.0,19323.0,19323.0,0.0,19323.0,19323.0,19323.0,0.6679384112358093,1.0,0.0590595006942749,0.004222942516207695,0.007971949875354767,0.9996471405029297,2.1260902881622314,0.7279109954833984,0.0005263962084427476,0.0004770236264448613,2.124859094619751,0.7271959781646729,0.0007150135934352875,0.0013498179614543915,0.003844916820526123,-0.0027464628219604492,1.0007166862487793,0.0008504390716552734,0.10209918022155762,0.0,0.0,0.0,0.06777970492839813,0.06777969747781754,0.1579640954732895,1e-06,24.653997898101807,28.380859375,50.27531051635742,0.0,391.0,0.0,0.28333333134651184,1.0,0.0,0.28333333134651184,1.0,0.0,-0.06777969747781754,1.7213735580444336,-0.6805430054664612,-0.06777969747781754,1.7213735580444336,-0.6805430054664612,259.6875,512.0,124.0,0.0625,259.6875,512.0,124.0,0.0625,0.0,948.0,948.0,948.0,1.0,61.00891870772466,3.313099975232035,0.009652889799326658,6.9809856079518795,2.2480511041358113,74.05986428214237,14.683253599933733,0.000499554406630785,0.36127855964145733,19323.0,74.05986428214237,260.9105510426819,2.0,2.0,2.0,,0.28333333134651184,0.0,1.0,1.0,True,False,False,False,True,True,True,True,True,True
392.0,16534.0,16534.0,0.0,16534.0,16534.0,16534.0,0.953938901424408,1.0,0.07397505640983582,0.004578827414661646,0.007927142083644867,0.999676525592804,2.636691093444824,0.94239342212677,0.00026305648498237133,0.0004918197519145906,2.6358482837677,0.9419984221458435,0.0003949664533138275,0.0014951489865779877,0.00346219539642334,-0.0026369690895080566,1.0003963708877563,0.0014420747756958008,0.2763972282409668,0.0,0.0,0.0,0.13401947915554047,0.13401946425437927,0.19837941229343414,1e-06,24.653997898101807,28.380859375,50.37323760986328,0.0,392.0,0.0,0.6500000357627869,0.800000011920929,0.0,0.6500000357627869,0.800000011920929,0.0,-0.13401946425437927,0.5274061560630798,-2.2854270935058594,-0.13401946425437927,0.5274061560630798,-2.2854270935058594,237.375,512.0,142.0,0.0625,237.375,512.0,142.0,0.0625,0.0,796.0,796.0,796.0,1.0,78.01084086997434,3.0205864780582488,0.009487450122833252,6.111707836389542,2.110778845846653,89.76403975998983,20.53997916534343,0.0005738145713580048,0.3696448431347249,16534.0,89.76403975998983,184.1940274101794,2.0,2.0,2.0,,0.6500000357627869,0.0,0.800000011920929,0.800000011920929,True,False,False,False,True,False,True,True,True,True
393.0,16984.0,16984.0,0.0,16984.0,16984.0,16984.0,0.7472864389419556,1.0,0.054293304681777954,0.0041817002929747105,0.007659282069653273,0.9996817111968994,2.1486401557922363,0.7557476162910461,-0.00026493717450648546,0.00044985758722759783,2.1496081352233887,0.7562360167503357,-0.0004883427172899246,0.001788875088095665,0.003843069076538086,-0.0036707520484924316,0.9995139837265015,0.0023349523544311523,0.7585408687591553,0.0,0.0,0.0,-0.06994855776429176,-0.06994856894016266,0.149882972240448,1e-06,24.653997898101807,28.380859375,50.39704895019531,0.0,393.0,0.0,0.07083333283662796,0.4000000059604645,0.0,0.07083333283662796,0.4000000059604645,0.0,0.06994855403900146,2.918303966522217,-0.6279894113540649,0.06994855403900146,2.918303966522217,-0.6279894113540649,286.5,512.0,159.0,0.125,286.5,512.0,159.0,0.125,0.0,775.0,775.0,775.0,1.0,68.00862714694813,3.1025726129300892,0.009832248091697693,6.33271457022056,2.145540117751807,80.0999296689406,14.836087946541912,0.0005789123935290682,0.3728635521797315,16984.0,80.0999296689406,212.03514248010237,2.0,2.0,2.0,,0.07083333283662796,0.0,0.4000000059604645,0.4000000059604645,True,False,False,False,True,False,True,True,True,True
394.0,11244.0,11244.0,0.0,11244.0,11244.0,11244.0,0.7107565402984619,1.0,0.06183314323425293,0.0038137920200824738,0.007399470079690218,0.9997092485427856,2.0646157264709473,0.7130209803581238,0.00030007114401087165,0.00038569042226299644,2.0640814304351807,0.7127456068992615,0.0002753511071205139,0.0012254640460014343,0.004211843013763428,-0.0018396973609924316,1.0002766847610474,0.0009466409683227539,0.028441667556762695,0.0,0.0,0.0,0.0,0.0,0.0,1e-06,24.653997898101807,28.380859375,50.336097717285156,0.0,394.0,0.0,0.0,0.0,0.0,0.0,0.0,0.0,0.0,0.0,0.0,0.0,0.0,0.0,205.75,394.0,116.0,0.0625,205.75,394.0,116.0,0.0625,0.0,497.0,497.0,497.0,1.0,53.006552601698786,2.5229791994206607,0.010026623960584402,4.578857611399144,2.1010902477428317,62.72253777924925,16.101625942192825,0.0008917310530580223,0.4072267530593333,11244.0,62.72253777924925,179.2657057272306,2.0,2.0,2.0,,0.0,0.0,0.0,0.0,False,True,False,False,False,False,False,False,False,False
395.0,17423.0,17423.0,0.0,17423.0,17423.0,17423.0,0.7628223299980164,1.0,0.06224974989891052,0.0041846828535199165,0.007678610738366842,0.9996836185455322,2.174288272857666,0.7629356384277344,0.00044976058416068554,0.0004308466741349548,2.1734747886657715,0.7624641060829163,0.00047153979539871216,0.001474827527999878,0.0052291154861450195,-0.002512335777282715,1.0004733800888062,0.0008206367492675781,0.08236348628997803,0.0,0.0,0.0,0.0,0.0,0.0,1e-06,24.653997898101807,28.380859375,50.324710845947266,0.0,395.0,0.0,0.0,0.0,0.0,0.0,0.0,0.0,0.0,0.0,0.0,0.0,0.0,0.0,286.9375,484.0,183.0,0.0625,286.9375,484.0,183.0,0.0625,0.0,802.0,802.0,802.0,1.0,450.0498531409539,3.1187595669180155,0.009802516084164381,6.353450787719339,2.4037927868776023,462.43637971999124,98.02871991743714,0.0005626193011630822,0.364658829576958,17423.0,462.43637971999124,37.67653403598947,2.0,2.0,2.0,,0.0,0.0,0.0,0.0,False,True,False,False,False,False,False,False,False,False
396.0,14136.0,14136.0,0.0,14136.0,14136.0,14136.0,0.8314992189407349,1.0,0.05698877573013306,0.004377717152237892,0.007736747618764639,0.9996846318244934,2.499263286590576,0.871825635433197,0.00020306353690102696,0.00047526208800263703,2.4985268115997314,0.8714314699172974,0.0003941729664802551,0.001318521797657013,0.003600895404815674,-0.0018790364265441895,1.00039541721344,0.0015001296997070312,0.24170947074890137,0.0,0.0,0.0,0.0,0.0,0.0,1e-06,24.653997898101807,28.380859375,50.28865051269531,0.0,396.0,0.0,0.0,0.0,0.0,0.0,0.0,0.0,0.0,0.0,0.0,0.0,0.0,0.0,277.5,411.0,151.0,0.0625,277.5,411.0,151.0,0.0625,0.0,606.0,606.0,606.0,1.0,76.0109966211021,2.803757325746119,0.009320610668510199,5.42063911864534,2.10844600899145,86.85495936172083,17.119593833581554,0.0006593527637599178,0.383463435105075,14136.0,86.85495936172083,162.75409146331478,2.0,2.0,2.0,,0.0,0.0,0.0,0.0,False,True,False,False,False,False,False,False,False,False
397.0,6979.0,6979.0,0.0,6979.0,6979.0,6979.0,0.8229791522026062,1.0,0.05380567908287048,0.004250975791364908,0.007665717974305153,0.9996926188468933,2.340479612350464,0.8101146221160889,0.0007526074768975377,0.00047034217277541757,2.3384881019592285,0.8094780445098877,0.0006366018205881119,0.0016409177333116531,0.004586338996887207,-0.00257265567779541,1.000638484954834,0.00036978721618652344,0.06236732006072998,0.0,0.0,0.0,0.11519581265747547,0.11519581079483032,0.1212366595864296,1e-06,24.653997898101807,28.380859375,50.35267639160156,0.0,397.0,0.0,0.01666666753590107,0.20000000298023224,0.0,0.01666666753590107,0.20000000298023224,0.0,-0.11519582569599152,3.550165891647339,-0.32274237275123596,-0.11519582569599152,3.550165891647339,-0.32274237275123596,270.1875,485.0,146.0,0.0625,270.1875,485.0,146.0,0.0625,0.0,166.0,166.0,166.0,1.0,65.0089766997844,2.176341072190553,0.009522309992462397,3.55836727283895,2.0992898643016815,73.35543958982453,15.037931228263798,0.0013644232687293877,0.5098677851897049,6979.0,73.35543958982453,95.13950211496093,2.0,2.0,2.0,,0.01666666753590107,0.0,0.20000000298023224,0.20000000298023224,True,False,False,False,True,False,True,True,True,True
398.0,13304.0,13304.0,0.0,13304.0,13304.0,13304.0,0.8573270440101624,1.0,0.059896260499954224,0.0043670302256941795,0.007943045347929,0.9996693730354309,2.4435832500457764,0.8705359697341919,0.0013257904211059213,0.00047733704559504986,2.4393277168273926,0.868958592414856,0.0015773139894008636,0.0016527213156223297,0.007941842079162598,-0.00035303831100463867,1.0015803575515747,-0.0007416605949401855,-0.39821332693099976,0.0,0.0,0.0,0.1404227390885353,0.1404227316379547,0.17135664820671082,1e-06,24.653997898101807,28.380859375,50.40228271484375,0.0,398.0,0.0,0.29999998211860657,0.6000000238418579,0.0,0.29999998211860657,0.6000000238418579,0.0,-0.1404227316379547,1.3609254360198975,-1.3609250783920288,-0.1404227316379547,1.3609254360198975,-1.3609250783920288,271.5,512.0,158.0,0.0625,271.5,512.0,158.0,0.0625,0.0,560.0,560.0,560.0,1.0,198.02725928090513,2.7182124070823193,0.009599345736205578,5.166867166291922,2.1199630280025303,208.54841442406178,45.58638565398368,0.0007215383145073344,0.3883694502624716,13304.0,208.54841442406178,63.79334044203128,2.0,2.0,2.0,,0.29999998211860657,0.0,0.6000000238418579,0.6000000238418579,True,False,False,False,True,False,True,True,True,True
399.0,16452.0,16452.0,0.0,16452.0,16452.0,16452.0,0.895160973072052,1.0,0.06200253963470459,0.004372491501271725,0.007749219425022602,0.9996944665908813,2.422081708908081,0.8587755560874939,0.00040062799234874547,0.00048686465015634894,2.421557903289795,0.8585434556007385,0.00023217126727104187,0.0015186406672000885,0.0033071041107177734,-0.0027434825897216797,1.0002338886260986,0.0011439323425292969,0.2305293083190918,0.0,0.0,0.0,0.024397085537202656,0.024397090077400208,0.16709327697753906,1e-06,24.653997898101807,28.380859375,50.331783294677734,0.0,399.0,0.0,0.02083333395421505,0.2666666805744171,0.0,0.02083333395421505,0.2666666805744171,0.0,-0.0243971087038517,3.6348187923431396,-0.3080354630947113,-0.0243971087038517,3.6348187923431396,-0.3080354630947113,263.25,512.0,138.0,0.0625,263.25,512.0,138.0,0.0625,0.0,765.0,765.0,765.0,1.0,91.01298137614504,3.042821689043194,0.009581915102899075,6.150096314959228,2.121474693994969,102.84070974681526,21.608020269740038,0.000582416429789635,0.37382058807192003,16452.0,102.84070974681526,159.97555871116964,2.0,2.0,2.0,,0.02083333395421505,0.0,0.2666666805744171,0.2666666805744171,True,False,False,False,True,False,True,True,True,True
400.0,13481.0,13481.0,0.0,13481.0,13481.0,13481.0,0.7453454732894897,1.0,0.06188935041427612,0.004133425187319517,0.007736950647085905,0.9996769428253174,3.087085723876953,0.8491317629814148,0.00026106287259608507,0.00042509674676693976,3.0814156532287598,0.8486694097518921,0.00046232156455516815,0.0015529636293649673,0.004332542419433594,-0.0021350979804992676,1.0004642009735107,0.0011769533157348633,0.4455573558807373,0.0,0.0,0.0,0.0,0.0,0.0,1e-06,24.653997898101807,28.380859375,50.25555419921875,0.0,400.0,0.0,0.0,0.0,0.0,0.0,0.0,0.0,0.0,0.0,0.0,0.0,0.0,0.0,323.5625,512.0,131.0,0.125,323.5625,512.0,131.0,0.125,0.0,519.0,519.0,519.0,1.0,396.0523491851054,2.777438557241112,0.009669309947639704,5.336101111024618,2.144616662990302,455.21869011502713,76.50228881303948,0.0007172546508151994,0.39582383436129503,13481.0,455.21869011502713,29.614337663933675,2.0,2.0,2.0,48.393587545026094,0.0,0.0,0.0,0.0,False,True,False,False,False,False,False,False,False,False
401.0,14662.0,14662.0,0.0,14662.0,14662.0,14662.0,0.7735013961791992,1.0,0.06196603178977966,0.004100124351680279,0.007667988538742065,0.99969482421875,2.2266221046447754,0.7831484079360962,0.0005664235795848072,0.0004373222473077476,2.2248477935791016,0.7824870347976685,0.0006614252924919128,0.0012989416718482971,0.005507349967956543,-0.003130495548248291,1.0006632804870605,0.000614166259765625,-0.01649940013885498,0.0,0.0,0.0,0.0,0.0,0.0,1e-06,24.653997898101807,28.380859375,50.399906158447266,0.0,401.0,0.0,0.0,0.0,0.0,0.0,0.0,0.0,0.0,0.0,0.0,0.0,0.0,0.0,293.375,512.0,133.0,0.0625,293.375,512.0,133.0,0.0625,0.0,623.0,623.0,623.0,1.0,84.01165641797706,2.8812770559452474,0.009453549981117249,5.655230849981308,2.0949034057557583,95.15449763881043,17.897668602040277,0.0006447653786057324,0.38570664643168107,14662.0,95.15449763881043,154.08625302877797,2.0,2.0,2.0,,0.0,0.0,0.0,0.0,False,True,False,False,False,False,False,False,False,False
402.0,13974.0,13974.0,0.0,13974.0,13974.0,13974.0,0.6396681666374207,1.0,0.06542754173278809,0.004076005890965462,0.007950885221362114,0.9996483325958252,1.949364185333252,0.6643086671829224,0.0009214601595886052,0.0004391369002405554,1.9472090005874634,0.6631983518600464,0.001110311597585678,0.0020174793899059296,0.004594862461090088,-0.002277076244354248,1.0011131763458252,-8.988380432128906e-05,0.08437657356262207,0.0,0.0,0.0,0.052523013204336166,0.052523016929626465,0.14883960783481598,1e-06,24.653997898101807,28.380859375,50.313331604003906,0.0,402.0,0.0,0.2958333194255829,0.6666666865348816,0.0,0.2958333194255829,0.6666666865348816,0.0,-0.05252300202846527,1.2357257604599,-0.9858035445213318,-0.05252300202846527,1.2357257604599,-0.9858035445213318,326.375,512.0,140.0,0.0625,326.375,512.0,140.0,0.0625,0.0,547.0,547.0,547.0,1.0,100.01412090100348,2.8365747667849064,0.010242301039397717,5.527799491304904,2.1104131205938756,111.0003766338341,19.152455170624947,0.0007329541319162528,0.39557746467045257,13974.0,111.0003766338341,125.8914647298645,2.0,2.0,2.0,,0.2958333194255829,0.0,0.6666666865348816,0.6666666865348816,True,False,False,False,True,False,True,True,True,True
403.0,17279.0,17279.0,0.0,17279.0,17279.0,17279.0,0.8389407396316528,1.0,0.06156033277511597,0.004256718792021275,0.007744871079921722,0.9996868371963501,2.4030849933624268,0.8483471870422363,0.0007796012214384973,0.0004590182506944984,2.4016222953796387,0.8477489948272705,0.0005982369184494019,0.001394420862197876,0.0025064945220947266,-0.003738701343536377,1.0005996227264404,0.0002771615982055664,0.044054627418518066,0.0,0.0,0.0,0.10305418446660042,0.10305418074131012,0.13110941648483276,1e-06,24.653997898101807,28.380859375,50.393394470214844,0.0,403.0,0.0,0.0625,1.0,0.0,0.0625,1.0,0.0,-0.1030542403459549,3.7499847412109375,-0.24999898672103882,-0.1030542403459549,3.7499847412109375,-0.24999898672103882,307.9375,512.0,143.0,0.1875,307.9375,512.0,143.0,0.1875,0.0,772.0,772.0,772.0,1.0,91.01234252890572,3.169196682050824,0.0097684389911592,6.533192467875779,2.1068396628834307,103.33399169100448,18.472162072032823,0.0005653358985565831,0.3781001486125226,17279.0,103.33399169100448,167.21506367109774,2.0,2.0,2.0,,0.0625,0.0,1.0,1.0,True,False,False,False,True,True,True,True,True,True
404.0,15173.0,15173.0,0.0,15173.0,15173.0,15173.0,0.999856173992157,1.0,0.0825042724609375,0.0044824304059147835,0.00785565935075283,0.9996962547302246,3.0102968215942383,1.0400302410125732,0.0005972355138510466,0.0005258364835754037,3.0099220275878906,1.0398759841918945,0.00015424378216266632,0.001834658905863762,0.003738880157470703,-0.0033682584762573242,1.0001566410064697,0.0009080171585083008,0.17520689964294434,0.0,0.0,0.0,0.0,0.0,0.0,1e-06,24.653997898101807,28.380859375,50.44389724731445,0.0,404.0,0.0,0.0,0.0,0.0,0.0,0.0,0.0,0.0,0.0,0.0,0.0,0.0,0.0,249.3125,457.0,118.0,0.0625,249.3125,457.0,118.0,0.0625,0.0,699.0,699.0,699.0,1.0,59.00910217361525,2.9460848812013865,0.010023105889558792,5.8429886829108,2.1503665721975267,70.45740608498454,14.79295617287923,0.000660588274537586,0.385091193759362,15173.0,70.45740608498454,215.34996593116955,2.0,2.0,2.0,,0.0,0.0,0.0,0.0,False,True,False,False,False,False,False,False,False,False
405.0,17597.0,17597.0,0.0,17597.0,17597.0,17597.0,1.0586527585983276,1.0,0.05912506580352783,0.004638678394258022,0.008068215101957321,0.9996798634529114,2.9064300060272217,1.0423429012298584,-0.00019286965834908187,0.0005234387353993952,2.9075498580932617,1.0426253080368042,-0.0002824068069458008,0.0016690641641616821,0.004741311073303223,-0.0038684606552124023,0.9997199773788452,0.0024813413619995117,0.453454852104187,0.0,0.0,0.0,-0.1396493837237358,-0.1396493762731552,0.19078943133354187,1e-06,24.653997898101807,28.380859375,50.34559631347656,0.0,405.0,0.0,0.0208333358168602,0.06666667014360428,0.0,0.0208333358168602,0.06666667014360428,0.0,0.1396494060754776,1.4360957145690918,-0.6527708768844604,0.1396494060754776,1.4360957145690918,-0.6527708768844604,245.8125,512.0,102.0,0.0625,245.8125,512.0,102.0,0.0625,0.0,854.0,854.0,854.0,1.0,112.01695060962811,3.197851908393204,0.00970312301069498,6.6282648467458785,2.1348397969268262,124.49003126705065,28.48129941765271,0.0005514077973913156,0.3766701623427788,17597.0,124.49003126705065,141.3526835916016,2.0,2.0,2.0,,0.0208333358168602,0.0,0.06666667014360428,0.06666667014360428,True,False,False,False,True,False,True,True,True,True
406.0,23044.0,23044.0,0.0,23044.0,23044.0,23044.0,0.9069758653640747,1.0,0.05845654010772705,0.0045660571195185184,0.008014771156013012,0.9996702671051025,2.6484341621398926,0.943429172039032,0.0010323827154934406,0.000492796185426414,2.645939588546753,0.9424740672111511,0.0009551234543323517,0.0016180239617824554,0.0050095319747924805,-0.0027999281883239746,1.0009572505950928,-9.930133819580078e-05,-0.16057252883911133,0.0,0.0,0.0,-0.12721574772149324,-0.12721574306488037,0.17562580108642578,1e-06,24.653997898101807,28.380859375,50.370323181152344,0.0,406.0,0.0,0.12916666269302368,0.46666666865348816,0.0,0.12916666269302368,0.46666666865348816,0.0,0.12721575796604156,2.433098793029785,-0.9311859011650085,0.12721575796604156,2.433098793029785,-0.9311859011650085,256.25,368.0,112.0,0.0625,256.25,368.0,112.0,0.0625,0.0,1184.0,1184.0,1184.0,1.0,89.01337959710509,3.602878165896982,0.010069881100207567,7.882395068183541,2.1006456739269197,103.10895884595811,21.710580389537824,0.000436984946198905,0.3420584563523495,23044.0,103.10895884595811,223.49173396685237,2.0,2.0,2.0,,0.12916666269302368,0.0,0.46666666865348816,0.46666666865348816,True,False,False,False,True,False,True,True,True,True
407.0,13458.0,13458.0,0.0,13458.0,13458.0,13458.0,0.8609641790390015,1.0,0.09212902188301086,0.004345991648733616,0.008163603954017162,0.9996614456176758,2.490445137023926,0.8712797164916992,-0.00018389300385024399,0.00045086845057085156,2.490647315979004,0.8714054822921753,-0.00012576207518577576,0.0020340196788311005,0.004107475280761719,-0.004713535308837891,0.9998773336410522,0.0021708011627197266,1.084381103515625,0.0,0.0,0.0,0.010352015495300293,0.010352015495300293,0.16649626195430756,1e-06,24.653997898101807,28.380859375,50.42974090576172,0.0,407.0,0.0,0.4791666865348816,1.0,0.0,0.4791666865348816,1.0,0.0,-0.010352122597396374,1.049980640411377,-0.9659822583198547,-0.010352122597396374,1.049980640411377,-0.9659822583198547,229.125,512.0,111.0,0.0625,229.125,512.0,111.0,0.0625,0.0,612.0,612.0,612.0,1.0,90.01120635773987,2.755399883259088,0.009883890859782696,5.272871857974678,2.107735048979521,100.65707087609917,24.552975002111257,0.0007344249412827088,0.3918020402715618,13458.0,100.65707087609917,133.7014864714842,2.0,2.0,2.0,,0.4791666865348816,0.0,1.0,1.0,True,False,False,False,True,True,True,True,True,True
408.0,14687.0,14687.0,0.0,14687.0,14687.0,14687.0,0.752537727355957,1.0,0.0642479658126831,0.004142089746892452,0.007908651605248451,0.9996668696403503,2.2095794677734375,0.7700730562210083,0.0008137993281707168,0.00048214817070402205,2.208235263824463,0.7694177627563477,0.0006552673876285553,0.001304764300584793,0.004027187824249268,-0.0019960403442382812,1.0006568431854248,0.0003025531768798828,-0.13120412826538086,0.0,0.0,0.0,-0.06013492355123162,-0.060134924948215485,0.1827644407749176,1e-06,24.653997898101807,28.380859375,50.419517517089844,0.0,408.0,0.0,0.6666666865348816,1.0,0.0,0.6666666865348816,1.0,0.0,0.06013494357466698,0.7372081279754639,-1.4744163751602173,0.06013494357466698,0.7372081279754639,-1.4744163751602173,190.9375,324.0,93.0,0.0625,190.9375,324.0,93.0,0.0625,0.0,727.0,727.0,727.0,1.0,58.00838173273951,2.8634177399799228,0.009831272065639496,5.618430828209966,2.16498273704201,69.16626393189654,18.988013660471196,0.000669385992077313,0.38254448343500824,14687.0,69.16626393189654,212.3434050805653,2.0,2.0,2.0,,0.6666666865348816,0.0,1.0,1.0,True,False,False,False,True,True,True,True,True,True
409.0,16203.0,16203.0,0.0,16203.0,16203.0,16203.0,0.8152370452880859,1.0,0.05798453092575073,0.004142641555517912,0.00752675486728549,0.9997020363807678,2.2681024074554443,0.8060073256492615,0.0007765285554341972,0.0004739172291010618,2.2663862705230713,0.8052051663398743,0.000802118331193924,0.001248147338628769,0.0038055777549743652,-0.001690685749053955,1.0008034706115723,0.00034046173095703125,-0.16523170471191406,0.0,0.0,0.0,0.0,0.0,0.0,1e-06,24.653997898101807,28.380859375,50.53998565673828,0.0,409.0,0.0,0.0,0.0,0.0,0.0,0.0,0.0,0.0,0.0,0.0,0.0,0.0,0.0,228.6875,480.0,114.0,0.0625,228.6875,480.0,114.0,0.0625,0.0,784.0,784.0,784.0,1.0,181.02639063308015,2.9836838101036847,0.009756440296769142,5.965886844787747,2.1508491253480315,192.63838720321655,49.47428003090466,0.0006021378940177215,0.3681964355235294,16203.0,192.63838720321655,84.11096165847391,2.0,2.0,2.0,,0.0,0.0,0.0,0.0,False,True,False,False,False,False,False,False,False,False
410.0,16421.0,16421.0,0.0,16421.0,16421.0,16421.0,0.7769722938537598,1.0,0.061408042907714844,0.004434505477547646,0.007902545854449272,0.9996556043624878,2.2837886810302734,0.8067773580551147,-0.00013390327512752265,0.0004732854140456766,2.2838022708892822,0.806727945804596,4.946812987327576e-05,0.0015740133821964264,0.0038303732872009277,-0.0028682351112365723,1.000051498413086,0.002171039581298828,1.1998026371002197,0.0,0.0,0.0,0.0,0.0,0.0,1e-06,24.653997898101807,28.380859375,50.36457061767578,0.0,410.0,0.0,0.0,0.0,0.0,0.0,0.0,0.0,0.0,0.0,0.0,0.0,0.0,0.0,284.3125,512.0,98.0,0.0625,284.3125,512.0,98.0,0.0625,0.0,742.0,742.0,742.0,1.0,70.01011783722788,3.0592295341193676,0.009599003940820694,6.176695235073566,2.094784889370203,81.85148723376915,15.390221551380057,0.0005845566007442113,0.3761461077323894,16421.0,81.85148723376915,200.61944571760026,2.0,2.0,2.0,,0.0,0.0,0.0,0.0,False,True,False,False,False,False,False,False,False,False
411.0,16025.0,16025.0,0.0,16025.0,16025.0,16025.0,0.7211350202560425,1.0,0.06212165951728821,0.004275070503354073,0.007917569950222969,0.999657392501831,2.141403913497925,0.7448698878288269,0.00010335685510654002,0.0004156442591920495,2.1409122943878174,0.7447735071182251,9.635835886001587e-05,0.0016417354345321655,0.002506256103515625,-0.003804147243499756,1.0000982284545898,0.0014597177505493164,1.6606414318084717,0.0,0.0,0.0,0.03365297056734562,0.03365297615528107,0.13491737842559814,1e-06,24.653997898101807,28.380859375,50.34467315673828,0.0,411.0,0.0,0.03333333507180214,0.13333334028720856,0.0,0.03333333507180214,0.13333334028720856,0.0,-0.033652979880571365,1.677022933959961,-0.5590076446533203,-0.033652979880571365,1.677022933959961,-0.5590076446533203,341.5625,512.0,130.0,0.125,341.5625,512.0,130.0,0.125,0.0,660.0,660.0,660.0,1.0,331.04882591590285,2.985505336895585,0.00977699737995863,5.973869532812387,2.158333908766508,342.6754184477031,60.5761804054717,0.0006101090408710534,0.3727843702223018,16025.0,342.6754184477031,46.76436983017978,2.0,2.0,2.0,,0.03333333507180214,0.0,0.13333334028720856,0.13333334028720856,True,False,False,False,True,False,True,True,True,True
412.0,17354.0,17354.0,0.0,17354.0,17354.0,17354.0,0.7765178680419922,1.0,0.061405301094055176,0.004312495701014996,0.007905053906142712,0.9996635913848877,2.2441577911376953,0.779348611831665,0.00019880526815541089,0.0004668633919209242,2.244485378265381,0.7793773412704468,-2.8759241104125977e-05,0.0013711005449295044,0.0027843117713928223,-0.00228196382522583,0.9999724626541138,0.0014677047729492188,0.48151981830596924,0.0,0.0,0.0,0.0,0.0,0.0,1e-06,24.653997898101807,28.380859375,50.318878173828125,0.0,412.0,0.0,0.0,0.0,0.0,0.0,0.0,0.0,0.0,0.0,0.0,0.0,0.0,0.0,313.625,512.0,118.0,0.125,313.625,512.0,118.0,0.125,0.0,771.0,771.0,771.0,1.0,556.0683765280992,3.1610690793022513,0.009368761908262968,6.4821225721389055,2.129979383200407,568.3520083879121,110.81474223357895,0.0005398618133146807,0.3735232552805639,17354.0,568.3520083879121,30.533894037294463,2.0,2.0,2.0,,0.0,0.0,0.0,0.0,False,True,False,False,False,False,False,False,False,False
413.0,15265.0,15265.0,0.0,15265.0,15265.0,15265.0,0.5996848940849304,1.0,0.06192445755004883,0.004010714590549469,0.007713081315159798,0.9996421337127686,1.904428243637085,0.6327909231185913,0.0008136627729982138,0.0003928961232304573,1.9030580520629883,0.6320585608482361,0.0007323026657104492,0.0014051944017410278,0.003493964672088623,-0.0019572973251342773,1.0007338523864746,-5.7816505432128906e-05,-0.16974472999572754,0.0,0.0,0.0,-0.10317105054855347,-0.10317105799913406,0.1463305950164795,1e-06,24.653997898101807,28.380859375,50.38566589355469,0.0,413.0,0.0,0.5666666626930237,1.0,0.46666666865348816,0.5666666626930237,1.0,0.46666666865348816,0.10317109525203705,2.2079291343688965,-0.5095220804214478,0.10317109525203705,2.2079291343688965,-0.5095220804214478,305.0625,512.0,126.0,0.125,305.0625,512.0,126.0,0.125,0.0,649.0,649.0,649.0,1.0,49.006308457348496,2.978013429325074,0.009950764942914248,5.961082340683788,2.1163957971148193,60.577741304878145,10.040218901321142,0.0006518679949501636,0.39050654049680894,15265.0,60.577741304878145,251.99024709709266,2.0,2.0,2.0,,0.5666666626930237,0.46666666865348816,1.0,0.5333333313465118,True,False,False,False,True,True,True,True,True,True
414.0,12405.0,12405.0,0.0,12405.0,12405.0,12405.0,0.6800217628479004,1.0,0.05325332283973694,0.0041356817819178104,0.0077973622828722,0.9996585249900818,2.1852152347564697,0.7376245260238647,-7.649640610907227e-05,0.0004226976598147303,2.18507981300354,0.7375515699386597,7.291324436664581e-05,0.0015055853873491287,0.003796696662902832,-0.0024734139442443848,1.0000745058059692,0.0018526315689086914,0.5702952146530151,0.0,0.0,0.0,-0.007710505276918411,-0.007710505276918411,0.12999539077281952,1e-06,24.653997898101807,28.380859375,50.31612777709961,0.0,414.0,0.0,0.20416666567325592,0.6666666865348816,0.0,0.20416666567325592,0.6666666865348816,0.0,0.007710534147918224,2.2960708141326904,-1.0135807991027832,0.007710534147918224,2.2960708141326904,-1.0135807991027832,302.3125,512.0,106.0,0.125,302.3125,512.0,106.0,0.125,0.0,473.0,473.0,473.0,1.0,62.00951602682471,2.7005204800516367,0.00922465231269598,5.103335625957698,2.104754399973899,72.42885258421302,12.819829652020822,0.0007436237253281725,0.41139344022230534,12405.0,72.42885258421302,171.27152450160256,2.0,2.0,2.0,,0.20416666567325592,0.0,0.6666666865348816,0.6666666865348816,True,False,False,False,True,False,True,True,True,True
415.0,11765.0,11765.0,0.0,11765.0,11765.0,11765.0,0.8675518035888672,1.0,0.05754542350769043,0.004308427218347788,0.007650719955563545,0.9996862411499023,2.4345054626464844,0.8479097485542297,0.00020644371397793293,0.0004587036673910916,2.434117078781128,0.8477452993392944,0.00016437843441963196,0.0019030459225177765,0.0032382607460021973,-0.003063380718231201,1.0001665353775024,0.0014251470565795898,0.35693275928497314,0.0,0.0,0.0,0.05191763862967491,0.05191763862967491,0.1691993623971939,1e-06,24.653997898101807,28.380859375,50.31884002685547,0.0,415.0,0.0,0.1875000149011612,0.8666666746139526,0.0,0.1875000149011612,0.8666666746139526,0.0,-0.051917631179094315,2.7869038581848145,-0.7693907022476196,-0.051917631179094315,2.7869038581848145,-0.7693907022476196,222.3125,314.0,95.0,0.0625,222.3125,314.0,95.0,0.0625,0.0,513.0,513.0,513.0,1.0,168.3475301610306,2.5373791218735278,0.009592767804861069,4.615771498996764,2.096155502833426,178.1182517032139,47.32851564830773,0.0008153648792912086,0.39233076914549636,11765.0,178.1182517032139,66.05162518439269,2.0,2.0,2.0,,0.1875000149011612,0.0,0.8666666746139526,0.8666666746139526,True,False,False,False,True,False,True,True,True,True
416.0,19809.0,19809.0,0.0,19809.0,19809.0,19809.0,0.7177411913871765,1.0,0.06080201268196106,0.004162689205259085,0.007805351633578539,0.9996654987335205,2.074450731277466,0.71136474609375,-1.1075720067310613e-05,0.0004067339759785682,2.074829578399658,0.7114306092262268,-6.585940718650818e-05,0.0017831288278102875,0.0035395026206970215,-0.006281018257141113,0.9999368190765381,0.0016524791717529297,1.1592926979064941,0.0,0.0,0.0,-0.05733367055654526,-0.05733367055654526,0.14890135824680328,1e-06,24.653997898101807,28.380859375,50.411956787109375,0.0,416.0,0.0,0.09659091383218765,0.4545454680919647,0.0,0.09659091383218765,0.4545454680919647,0.0,0.057333774864673615,2.5091662406921387,-0.6770765781402588,0.057333774864673615,2.5091662406921387,-0.6770765781402588,325.0625,512.0,207.0,0.0625,325.0625,512.0,207.0,0.0625,0.0,913.0,913.0,913.0,1.0,89.0128227788955,3.3412702418863773,0.009995712898671627,7.040891805198044,2.124443336389959,102.0334882880561,17.114559273004325,0.0005046046190454656,0.3554390330252937,19809.0,102.0334882880561,194.14214227466348,2.0,2.0,2.0,,0.09659091383218765,0.0,0.4545454680919647,0.4545454680919647,True,False,False,False,True,False,True,True,True,True
417.0,19429.0,19429.0,0.0,19429.0,19429.0,19429.0,0.6917287707328796,1.0,0.0570489764213562,0.003930432256311178,0.007514933589845896,0.9996898174285889,2.3752450942993164,0.80263751745224,0.000650743197184056,0.0004337923019193113,2.375856637954712,0.8025239706039429,0.00011349283158779144,0.0014653559774160385,0.004212677478790283,-0.0042667388916015625,1.0001152753829956,0.0004353523254394531,0.12706005573272705,0.0,0.0,0.0,0.0,0.0,0.0,1e-06,24.653997898101807,28.380859375,50.3835334777832,0.0,417.0,0.0,0.0,0.0,0.0,0.0,0.0,0.0,0.0,0.0,0.0,0.0,0.0,0.0,332.3125,512.0,113.0,0.1875,332.3125,512.0,113.0,0.1875,0.0,882.0,882.0,882.0,1.0,84.01171173807234,3.3657901380211115,0.009544481057673693,7.133146697189659,2.1116979317739606,97.13336951099336,15.800585243195851,0.000491249218059277,0.36713915781510414,19429.0,97.13336951099336,200.0239474632975,2.0,2.0,2.0,,0.0,0.0,0.0,0.0,False,True,False,False,False,False,False,False,False,False
418.0,17528.0,17528.0,0.0,17528.0,17528.0,17528.0,0.8397708535194397,1.0,0.05640101432800293,0.004434289876371622,0.007865242660045624,0.9996753931045532,2.457930088043213,0.8482296466827393,0.00040943993371911347,0.0005112538347020745,2.456092596054077,0.8478140830993652,0.00041551515460014343,0.001670975238084793,0.004629194736480713,-0.0031599998474121094,1.000417709350586,0.001229405403137207,0.5176651477813721,0.0,0.0,0.0,0.0,0.0,0.0,1e-06,24.653997898101807,28.380859375,50.52408981323242,0.0,418.0,0.0,0.0,0.0,0.0,0.0,0.0,0.0,0.0,0.0,0.0,0.0,0.0,0.0,321.5,468.0,194.0,0.0625,321.5,468.0,194.0,0.0625,0.0,774.0,774.0,774.0,1.0,54.008406538981944,3.1045479010790586,0.010655310936272144,6.301284642424434,2.1170909670181572,66.04440655279905,10.499301426707222,0.0006079022670168955,0.3594982110009376,17528.0,66.04440655279905,265.3971912971507,2.0,2.0,2.0,,0.0,0.0,0.0,0.0,False,True,False,False,False,False,False,False,False,False
419.0,19135.0,19135.0,0.0,19135.0,19135.0,19135.0,0.8649091124534607,1.0,0.05851203203201294,0.004429993685334921,0.007887820713222027,0.9996732473373413,2.533710479736328,0.8705850839614868,1.0674961231416091e-05,0.00046944626956246793,2.5339837074279785,0.8710139989852905,-0.0004290081560611725,0.0021213628351688385,0.002793729305267334,-0.008821964263916016,0.9995754361152649,0.0018537044525146484,0.711164116859436,0.0,0.0,0.0,-0.02371905744075775,-0.02371905744075775,0.17714132368564606,1e-06,24.653997898101807,28.380859375,50.35746383666992,0.0,419.0,0.0,0.5125000476837158,1.0,0.0,0.5125000476837158,1.0,0.0,0.023719092831015587,1.1397613286972046,-1.1982108354568481,0.023719092831015587,1.1397613286972046,-1.1982108354568481,224.9375,397.0,88.0,0.0625,224.9375,397.0,88.0,0.0625,0.0,971.0,971.0,971.0,1.0,84.01199598703533,3.268779960926622,0.009602196048945189,6.817756010685116,2.1184512698091567,96.72703012218699,23.34314976022099,0.0005018132244026751,0.35629767497701154,19135.0,96.72703012218699,197.82474429152214,2.0,2.0,2.0,,0.5125000476837158,0.0,1.0,1.0,True,False,False,False,True,True,True,True,True,True
420.0,18006.0,18006.0,0.0,18006.0,18006.0,18006.0,0.8621212244033813,1.0,0.048577189445495605,0.0043094828724861145,0.007741990964859724,0.9996904730796814,2.4272613525390625,0.858128011226654,0.00016945971583481878,0.00045134747051633894,2.4271535873413086,0.8581454157829285,-1.751445233821869e-05,0.0010579805821180344,0.0017156600952148438,-0.0028625130653381348,0.9999833106994629,0.0014719963073730469,0.16512298583984375,0.0,0.0,0.0,0.0,0.0,0.0,1e-06,24.653997898101807,28.380859375,50.56732940673828,0.0,420.0,0.0,0.0,0.0,0.0,0.0,0.0,0.0,0.0,0.0,0.0,0.0,0.0,0.0,299.375,507.0,99.0,0.0625,299.375,507.0,99.0,0.0625,0.0,826.0,826.0,826.0,1.0,277.03273008204997,3.2134842853993177,0.00944716902449727,6.611163739115,2.1190146510489285,289.49217442888767,57.83564302339248,0.00052466783430508,0.3671644862332,18006.0,289.49217442888767,62.19857250208014,2.0,2.0,2.0,,0.0,0.0,0.0,0.0,False,True,False,False,False,False,False,False,False,False
421.0,10058.0,10058.0,0.0,10058.0,10058.0,10058.0,0.6215212941169739,1.0,0.05697721242904663,0.003786638844758272,0.00746206846088171,0.9996871948242188,2.0760371685028076,0.6873583793640137,0.0006000830326229334,0.00039865964208729565,2.07413649559021,0.6865413188934326,0.0008169971406459808,0.001983184367418289,0.006876468658447266,-0.003337264060974121,1.0008208751678467,0.000396728515625,0.07748973369598389,0.0,0.0,0.0,-0.0030722767114639282,-0.0030722767114639282,0.1597929149866104,1e-06,24.653997898101807,28.380859375,50.38290023803711,0.0,421.0,0.0,0.637499988079071,1.0,0.0,0.637499988079071,1.0,0.0,0.003072174498811364,1.6652052402496338,-2.928464412689209,0.003072174498811364,1.6652052402496338,-2.928464412689209,226.625,512.0,85.0,0.0625,226.625,512.0,85.0,0.0625,0.0,402.0,402.0,402.0,1.0,51.006651513278484,2.4648969951085746,0.009494767989963293,4.408648545388132,2.1112659950740635,60.50262090470642,14.066919887831904,0.0009440015897756307,0.4383225835541989,10058.0,60.50262090470642,166.24073221293463,2.0,2.0,2.0,,0.637499988079071,0.0,1.0,1.0,True,False,False,False,True,True,True,True,True,True
422.0,13711.0,13711.0,0.0,13711.0,13711.0,13711.0,0.9412493705749512,1.0,0.07353465259075165,0.0040725478902459145,0.007352262735366821,0.9997346997261047,2.609659433364868,0.9351411461830139,-0.0001406847295584157,0.0004637358069885522,2.6109259128570557,0.9353570938110352,-0.00021600350737571716,0.0019546933472156525,0.004507899284362793,-0.00447392463684082,0.9997870326042175,0.0021365880966186523,0.7061712741851807,0.0,0.0,0.0,0.0,0.0,0.0,1e-06,24.653997898101807,28.380859375,50.558841705322266,0.0,422.0,0.0,0.0,0.0,0.0,0.0,0.0,0.0,0.0,0.0,0.0,0.0,0.0,0.0,239.9375,512.0,121.0,0.0625,239.9375,512.0,121.0,0.0625,0.0,617.0,617.0,617.0,1.0,76.01147616002709,2.7960750069469213,0.010565682779997587,5.379568003118038,2.1103271930478513,86.80973494704813,19.79981145090573,0.0007705989920500027,0.3923541684135394,13711.0,86.80973494704813,157.94311557757183,2.0,2.0,2.0,,0.0,0.0,0.0,0.0,False,True,False,False,False,False,False,False,False,False
423.0,12696.0,12696.0,0.0,12696.0,12696.0,12696.0,0.7470128536224365,1.0,0.05882304906845093,0.004205682780593634,0.007712169084697962,0.9996750950813293,2.136796236038208,0.7497494220733643,0.0003983491915278137,0.00045299637713469565,2.1356565952301025,0.7492208480834961,0.000528629869222641,0.0008350349962711334,0.0017885565757751465,-0.0013340115547180176,1.0005290508270264,0.0010226964950561523,-0.08349615335464478,0.0,0.0,0.0,0.0,0.0,0.0,1e-06,24.653997898101807,28.380859375,50.58076858520508,0.0,423.0,0.0,0.0,0.0,0.0,0.0,0.0,0.0,0.0,0.0,0.0,0.0,0.0,0.0,249.5,512.0,136.0,0.0625,249.5,512.0,136.0,0.0625,0.0,544.0,544.0,544.0,1.0,81.01086909230798,2.690045494120568,0.00979067524895072,5.089932733215392,2.1050565191544592,91.40751247480512,20.293303880838675,0.0007711621966722369,0.40090837533202517,12696.0,91.40751247480512,138.89449188872118,2.0,2.0,2.0,,0.0,0.0,0.0,0.0,False,True,False,False,False,False,False,False,False,False
424.0,12885.0,12885.0,0.0,12885.0,12885.0,12885.0,0.6719563603401184,1.0,0.05551809072494507,0.004210410173982382,0.007969316095113754,0.9996399283409119,1.9839648008346558,0.6757354736328125,0.0007330127409659326,0.0004713665402960032,1.981810212135315,0.6747394800186157,0.000995902344584465,0.0019104499369859695,0.005761384963989258,-0.001710057258605957,1.000998854637146,0.00041866302490234375,-0.02317965030670166,0.0,0.0,0.0,-0.28502487391233444,-0.28502488136291504,0.2137603759765625,1e-06,24.653997898101807,28.380859375,50.585994720458984,0.0,424.0,0.0,0.15416666865348816,0.9333333373069763,0.0,0.15416666865348816,0.9333333373069763,0.0,0.2850249111652374,2.524745225906372,-0.4995484948158264,0.2850249111652374,2.524745225906372,-0.4995484948158264,233.3125,428.0,91.0,0.0625,233.3125,428.0,91.0,0.0625,0.0,572.0,572.0,572.0,1.0,61.00914306240156,2.7202655049040914,0.009758853819221258,5.1746615851297975,2.0913080610334873,71.5047025368549,16.34319396260422,0.0007573809716120495,0.40160353784476505,12885.0,71.5047025368549,180.19793863709626,2.0,2.0,2.0,,0.15416666865348816,0.0,0.9333333373069763,0.9333333373069763,True,False,False,False,True,False,True,True,True,True
425.0,16899.0,16899.0,0.0,16899.0,16899.0,16899.0,0.6666728258132935,1.0,0.06217318773269653,0.0040291533805429935,0.0077191488817334175,0.9996699690818787,2.0130252838134766,0.6816411018371582,0.0002530193014536053,0.000440250092651695,2.0118391513824463,0.6812185049057007,0.0004225056618452072,0.001645335927605629,0.004594922065734863,-0.0022369027137756348,1.0004246234893799,0.0012519359588623047,0.36355721950531006,0.0,0.0,0.0,0.0,0.0,0.0,1e-06,24.653997898101807,28.380859375,50.56732177734375,0.0,425.0,0.0,0.0,0.0,0.0,0.0,0.0,0.0,0.0,0.0,0.0,0.0,0.0,0.0,334.1875,512.0,143.0,0.25,334.1875,512.0,143.0,0.25,0.0,722.0,722.0,722.0,1.0,79.012206858024,3.1264099623076618,0.009715982247143984,6.378598317038268,2.1088289730250835,91.13544554403052,14.776922920894707,0.0005749442125063012,0.3774541876465038,16899.0,91.13544554403052,185.42730437232063,2.0,2.0,2.0,,0.0,0.0,0.0,0.0,False,True,False,False,False,False,False,False,False,False
426.0,12286.0,12286.0,0.0,12286.0,12286.0,12286.0,0.6974936723709106,1.0,0.06211623549461365,0.004200693219900131,0.0076905000023543835,0.9996724128723145,2.0564162731170654,0.7086373567581177,0.000691527733579278,0.00043155765160918236,2.054905414581299,0.707854151725769,0.0007832404226064682,0.001958852633833885,0.00393223762512207,-0.003723323345184326,1.0007859468460083,0.000339508056640625,0.11003243923187256,0.0,0.0,0.0,-0.10308966040611267,-0.10308966040611267,0.1784782111644745,1e-06,24.653997898101807,28.380859375,50.442867279052734,0.0,426.0,0.0,0.9750000238418579,1.0,0.6000000238418579,0.9750000238418579,1.0,0.6000000238418579,0.10308965295553207,0.24999728798866272,-3.74996280670166,0.10308965295553207,0.24999728798866272,-3.74996280670166,171.875,342.0,101.0,0.0625,171.875,342.0,101.0,0.0625,0.0,596.0,596.0,596.0,1.0,41.00682275323197,2.588656913023442,0.010190554894506931,4.765657010953873,2.0932602579705417,50.96716348780319,14.911571910266172,0.0008294444810765856,0.387893294070802,12286.0,50.96716348780319,241.05716620741762,2.0,2.0,2.0,,0.9750000238418579,0.6000000238418579,1.0,0.3999999761581421,True,False,False,False,True,True,True,True,True,True
427.0,12489.0,12489.0,0.0,12489.0,12489.0,12489.0,0.6659495830535889,1.0,0.05354267358779907,0.0036574562545865774,0.007352971937507391,0.9997090101242065,2.040174722671509,0.7012279033660889,-8.758711919654161e-05,0.00037039321614429355,2.0408103466033936,0.701489269733429,-0.00026123784482479095,0.001127706840634346,0.002052605152130127,-0.004115760326385498,0.9997398853302002,0.0016580820083618164,0.3360384702682495,0.0,0.0,0.0,0.02028834819793701,0.02028834819793701,0.16196367144584656,1e-06,24.653997898101807,28.380859375,50.44387435913086,0.0,427.0,0.0,0.20000001788139343,0.4000000059604645,0.0,0.20000001788139343,0.4000000059604645,0.0,-0.02028839848935604,1.936472773551941,-1.93647301197052,-0.02028839848935604,1.936472773551941,-1.93647301197052,248.5625,512.0,136.0,0.0625,248.5625,512.0,136.0,0.0625,0.0,532.0,532.0,532.0,1.0,835.110211526975,2.665806218981743,0.009881177917122841,5.0177084668539464,2.119400382041931,845.4293743907474,209.98496643876666,0.0007911904809931012,0.40177023515525234,12489.0,845.4293743907474,14.772375290366636,2.0,2.0,2.0,,0.20000001788139343,0.0,0.4000000059604645,0.4000000059604645,True,False,False,False,True,False,True,True,True,True
428.0,13232.0,13232.0,0.0,13232.0,13232.0,13232.0,0.5907093286514282,1.0,0.06214064359664917,0.003690132172778249,0.007351086474955082,0.9996821284294128,1.8101506233215332,0.5799242854118347,0.0005745153175666928,0.0003713993064593524,1.8088405132293701,0.579247236251831,0.0006770864129066467,0.001287907361984253,0.005524814128875732,-0.0020370781421661377,1.0006787776947021,0.00033271312713623047,-0.0916023850440979,0.0,0.0,0.0,0.15337161347270012,0.15337161719799042,0.12940360605716705,1e-06,24.653997898101807,28.380859375,50.52155303955078,0.0,428.0,0.0,0.3166666626930237,1.0,0.0,0.3166666626930237,1.0,0.0,-0.15337160229682922,1.4352840185165405,-0.6651316285133362,-0.15337160229682922,1.4352840185165405,-0.6651316285133362,263.0,512.0,117.0,0.0625,263.0,512.0,117.0,0.0625,0.0,564.0,564.0,564.0,1.0,46.00782087491825,2.799080554395914,0.009302564896643162,5.418472879100591,2.1013643769547343,56.83743823925033,10.933417508298064,0.0007030354365661398,0.4094976480577835,13232.0,56.83743823925033,232.80429959389608,2.0,2.0,2.0,,0.3166666626930237,0.0,1.0,1.0,True,False,False,False,True,True,True,True,True,True
429.0,11967.0,11967.0,0.0,11967.0,11967.0,11967.0,0.6151608824729919,1.0,0.06136608123779297,0.0034997842740267515,0.007146624382585287,0.9997137784957886,1.9738807678222656,0.6516596674919128,0.00024201431369874626,0.0003549498214852065,1.9730514287948608,0.6513250470161438,0.00033465027809143066,0.00100620836019516,0.003285646438598633,-0.0022241175174713135,1.000335693359375,0.0009417533874511719,0.07800912857055664,0.0,0.0,0.0,0.1906183511018753,0.1906183511018753,0.16036096215248108,1e-06,24.653997898101807,28.380859375,50.51359558105469,0.0,429.0,0.0,0.7833333015441895,1.0,0.0,0.7833333015441895,1.0,0.0,-0.1906183362007141,0.5503982901573181,-1.9899011850357056,-0.1906183362007141,0.5503982901573181,-1.9899011850357056,261.9375,457.0,91.0,0.0625,261.9375,457.0,91.0,0.0625,0.0,486.0,486.0,486.0,1.0,51.00832233019173,2.613443193025887,0.00920367194339633,4.8438316457904875,2.138466840144247,61.11498176306486,12.170919191169585,0.0007690876529954316,0.4047657429422986,11967.0,61.11498176306486,195.81123408323285,2.0,2.0,2.0,,0.7833333015441895,0.0,1.0,1.0,True,False,False,False,True,True,True,True,True,True
430.0,9473.0,9473.0,0.0,9473.0,9473.0,9473.0,0.8503397703170776,1.0,0.051849037408828735,0.004456615541130304,0.00778199452906847,0.9996721148490906,2.3056657314300537,0.8141886591911316,0.0012982807820662856,0.0004935424658469856,2.30263614654541,0.81296706199646,0.001221679151058197,0.002310022711753845,0.007818818092346191,-0.004123985767364502,1.0012260675430298,-0.0006350278854370117,0.17006349563598633,0.0,0.0,0.0,0.09874323755502701,0.09874323755502701,0.1404513269662857,1e-06,24.653997898101807,28.380859375,50.54652786254883,0.0,430.0,0.0,0.06666667014360428,1.0,0.0,0.06666667014360428,1.0,0.0,-0.09874320775270462,3.741642475128174,-0.26726019382476807,-0.09874320775270462,3.741642475128174,-0.26726019382476807,230.0625,398.0,142.0,0.0625,230.0625,398.0,142.0,0.0625,0.0,362.0,362.0,362.0,1.0,70.01077295420691,2.3336499743163586,0.01022364106029272,4.010793449357152,2.1252038930542767,78.99134637601674,19.019498221735102,0.0010792400570350175,0.42339210908446656,9473.0,78.99134637601674,119.9245288832826,2.0,2.0,2.0,,0.06666667014360428,0.0,1.0,1.0,True,False,False,False,True,True,True,True,True,True
431.0,17543.0,17543.0,0.0,17543.0,17543.0,17543.0,0.6512024402618408,1.0,0.06673175096511841,0.0042122467420995235,0.007872101850807667,0.9996411800384521,1.9801881313323975,0.6701046228408813,-0.00019075015734415501,0.00045164418406784534,1.9810566902160645,0.6705451011657715,-0.0004405025392770767,0.0015140790492296219,0.0033742785453796387,-0.0026121139526367188,0.9995611310005188,0.0021930932998657227,0.49042022228240967,0.0,0.0,0.0,0.0,0.0,0.0,1e-06,24.653997898101807,28.380859375,50.50705337524414,0.0,431.0,0.0,0.0,0.0,0.0,0.0,0.0,0.0,0.0,0.0,0.0,0.0,0.0,0.0,270.4375,497.0,136.0,0.0625,270.4375,497.0,136.0,0.0625,0.0,826.0,826.0,826.0,1.0,62.00849439576268,3.1746171060949564,0.009422298055142164,6.5305925300344825,2.103861364070326,74.32852240791544,14.330597271958096,0.0005370973069111421,0.372262015050703,17543.0,74.32852240791544,236.01975973266218,2.0,2.0,2.0,,0.0,0.0,0.0,0.0,False,True,False,False,False,False,False,False,False,False
432.0,10088.0,10088.0,0.0,10088.0,10088.0,10088.0,0.8027856945991516,1.0,0.06225085258483887,0.004060348495841026,0.007775603793561459,0.9996931552886963,3.5056397914886475,0.9450371861457825,-0.00013208636664785445,0.0005102131981402636,3.496840000152588,0.9446781873703003,0.0003591049462556839,0.002027483657002449,0.006438493728637695,-0.003579854965209961,1.0003621578216553,0.002311229705810547,0.2754567861557007,0.0,0.0,0.0,-0.11426300182938576,-0.11426300555467606,0.21823664009571075,1e-06,24.653997898101807,28.380859375,50.38853454589844,0.0,432.0,0.0,0.47083333134651184,1.0,0.0,0.47083333134651184,1.0,0.0,0.11426293849945068,1.0972635746002197,-0.9763053059577942,0.11426293849945068,1.0972635746002197,-0.9763053059577942,155.5,224.0,27.0,0.0625,155.5,224.0,27.0,0.0625,0.0,475.0,475.0,475.0,1.0,49.00884182890877,2.3580127572640777,0.00980931706726551,4.133299523033202,2.109886744990945,58.12381272530183,19.698087551812208,0.0009723748084125209,0.40972437777886617,10088.0,58.12381272530183,173.56053443494426,2.0,2.0,2.0,,0.47083333134651184,0.0,1.0,1.0,True,False,False,False,True,True,True,True,True,True
433.0,13637.0,13637.0,0.0,13637.0,13637.0,13637.0,0.7089786529541016,1.0,0.05613216757774353,0.0040648700669407845,0.007769877556711435,0.9996760487556458,2.1773719787597656,0.7418186664581299,0.000216024462133646,0.00040832223021425307,2.1763455867767334,0.7414128184318542,0.0004056990146636963,0.0015638992190361023,0.005730926990509033,-0.002134084701538086,1.0004076957702637,0.0012041330337524414,0.18119001388549805,0.0,0.0,0.0,-0.11177670210599899,-0.11177670210599899,0.18567566573619843,1e-06,24.653997898101807,28.380859375,50.544151306152344,0.0,433.0,0.0,0.004166666883975267,0.06666667014360428,0.0,0.004166666883975267,0.06666667014360428,0.0,0.11177670210599899,3.749774694442749,-0.2499849945306778,0.11177670210599899,3.749774694442749,-0.2499849945306778,245.3125,402.0,131.0,0.0625,245.3125,402.0,131.0,0.0625,0.0,607.0,607.0,607.0,1.0,57.00953365908936,2.7498947102576494,0.009770324919372797,5.262947838753462,2.106418614741415,67.63989605894312,14.524721951360346,0.0007164570594245653,0.3859314980386787,13637.0,67.63989605894312,201.61178231433666,2.0,2.0,2.0,,0.004166666883975267,0.0,0.06666667014360428,0.06666667014360428,True,False,False,False,True,False,True,True,True,True
434.0,16681.0,16681.0,0.0,16681.0,16681.0,16681.0,0.8456782102584839,1.0,0.06018489599227905,0.004380278289318085,0.007941598072648048,0.9996702075004578,2.748509407043457,0.8819758892059326,0.0008681307663209736,0.0004837058950215578,2.744762659072876,0.881024956703186,0.000950932502746582,0.0022586435079574585,0.007302343845367432,-0.0024136900901794434,1.0009549856185913,0.00019347667694091797,0.20758843421936035,0.0,0.0,0.0,0.0,0.0,0.0,1e-06,24.653997898101807,28.380859375,50.55492401123047,0.0,434.0,0.0,0.0,0.0,0.0,0.0,0.0,0.0,0.0,0.0,0.0,0.0,0.0,0.0,254.5625,414.0,159.0,0.0625,254.5625,414.0,159.0,0.0625,0.0,788.0,788.0,788.0,1.0,88.01217879308388,3.015296005178243,0.009442570619285107,6.0827765869908035,2.1383324707858264,99.75900892866775,21.608686175566874,0.0005660674191766145,0.3646529936449136,16681.0,99.75900892866775,167.2129683237699,2.0,2.0,2.0,,0.0,0.0,0.0,0.0,False,True,False,False,False,False,False,False,False,False
435.0,10731.0,10731.0,0.0,10731.0,10731.0,10731.0,0.9140788316726685,1.0,0.062267005443573,0.004313322249799967,0.007803804241120815,0.9997012615203857,2.6804003715515137,0.9374750256538391,0.0007414863794110715,0.000510019192006439,2.679029703140259,0.9369441270828247,0.0005308426916599274,0.002154368907213211,0.004468142986297607,-0.008031368255615234,1.0005351305007935,0.0005602836608886719,0.5295164585113525,0.0,0.0,0.0,-0.07989847287535667,-0.07989847660064697,0.1934605836868286,1e-06,24.653997898101807,28.380859375,50.58203887939453,0.0,435.0,0.0,0.02500000223517418,0.13333334028720856,0.0,0.02500000223517418,0.13333334028720856,0.0,0.079898402094841,2.0155270099639893,-0.46512162685394287,0.079898402094841,2.0155270099639893,-0.46512162685394287,201.6875,421.0,99.0,0.0625,201.6875,421.0,99.0,0.0625,0.0,469.0,469.0,469.0,1.0,79.01171138463542,2.4741360461339355,0.010351490695029497,4.4357024328783154,2.122295306995511,88.55554088065401,24.484571237878964,0.0009646343020249275,0.4133540613995262,10731.0,88.55554088065401,121.17818821142012,2.0,2.0,2.0,,0.02500000223517418,0.0,0.13333334028720856,0.13333334028720856,True,False,False,False,True,False,True,True,True,True
436.0,17081.0,17081.0,0.0,17081.0,17081.0,17081.0,0.633155107498169,1.0,0.061258167028427124,0.003940416965633631,0.007646504789590836,0.9996697902679443,1.9467763900756836,0.6524090766906738,0.0005652763065882027,0.00042190373642370105,1.9455525875091553,0.651819109916687,0.000589955598115921,0.001115504652261734,0.0031340718269348145,-0.0027803778648376465,1.0005909204483032,0.0005598068237304688,7.62939453125e-06,0.0,0.0,0.0,0.011769615113735199,0.011769607663154602,0.13546568155288696,1e-06,24.653997898101807,28.380859375,50.51074981689453,0.0,436.0,0.0,0.02916666679084301,0.46666666865348816,0.0,0.02916666679084301,0.46666666865348816,0.0,-0.011769624426960945,3.7499678134918213,-0.24999785423278809,-0.011769624426960945,3.7499678134918213,-0.24999785423278809,330.5625,512.0,214.0,0.0625,330.5625,512.0,214.0,0.0625,0.0,737.0,737.0,737.0,1.0,914.0953666642308,3.0508486479520798,0.009417873807251453,6.173252985812724,2.1213627699762583,925.9476154032163,172.8295266901552,0.0005513654825391636,0.36141051377628497,17081.0,925.9476154032163,18.44704788462774,2.0,2.0,2.0,,0.02916666679084301,0.0,0.46666666865348816,0.46666666865348816,True,False,False,False,True,False,True,True,True,True
437.0,9404.0,9404.0,0.0,9404.0,9404.0,9404.0,0.7074064016342163,1.0,0.061397701501846313,0.004217096138745546,0.007962670177221298,0.9996507167816162,2.05761456489563,0.7042272686958313,-4.543084742181236e-06,0.0004258330154698342,2.0573666095733643,0.7041164636611938,0.00011084787547588348,0.0017329584807157516,0.007229924201965332,-0.0038851499557495117,1.000113844871521,0.001716017723083496,0.8709191083908081,0.0,0.0,0.0,-0.1334102377295494,-0.13341024518013,0.18534153699874878,1e-06,24.653997898101807,28.380859375,50.59095764160156,0.0,437.0,0.0,0.08750000596046448,0.5333333611488342,0.0,0.08750000596046448,0.5333333611488342,0.0,0.13341024518013,3.064384937286377,-0.6014213562011719,0.13341024518013,3.064384937286377,-0.6014213562011719,229.75,392.0,124.0,0.0625,229.75,392.0,124.0,0.0625,0.0,358.0,358.0,358.0,1.0,704.0714209610596,2.3357574911788106,0.010054232086986303,4.064160135108978,2.456508155912161,713.4394633006305,191.53194259005974,0.001069144203209943,0.4321735575402996,9404.0,713.4394633006305,13.181216464384624,2.0,2.0,2.0,,0.08750000596046448,0.0,0.5333333611488342,0.5333333611488342,True,False,False,False,True,False,True,True,True,True
438.0,13774.0,13774.0,0.0,13774.0,13774.0,13774.0,0.8090308308601379,1.0,0.05080056190490723,0.0043167355470359325,0.007717588916420937,0.9996827840805054,2.3995423316955566,0.8424373269081116,0.0009691843879409134,0.000429134612204507,2.3983027935028076,0.8415948748588562,0.0008425489068031311,0.0017219483852386475,0.005115926265716553,-0.004651665687561035,1.000845193862915,-0.00022405385971069336,-0.03335714340209961,0.0,0.0,0.0,0.0,0.0,0.0,1e-06,24.653997898101807,28.380859375,50.480064392089844,0.0,438.0,0.0,0.0,0.0,0.0,0.0,0.0,0.0,0.0,0.0,0.0,0.0,0.0,0.0,247.875,512.0,139.0,0.0625,247.875,512.0,139.0,0.0625,0.0,613.0,613.0,613.0,1.0,75.01165818609297,2.7929995842278004,0.009772873017936945,5.367441593669355,2.1037168921902776,85.78645372809842,18.913680833608918,0.0007095159734236202,0.3896792212624768,13774.0,85.78645372809842,160.56148029684172,2.0,2.0,2.0,,0.0,0.0,0.0,0.0,False,True,False,False,False,False,False,False,False,False
439.0,29155.0,29155.0,0.0,29155.0,29155.0,29155.0,0.6377115249633789,1.0,0.05978512763977051,0.004003598820418119,0.0076333642937242985,0.9996677041053772,1.9205169677734375,0.6470259428024292,-0.00012985199282411486,0.0004272842488717288,1.920582890510559,0.647082507610321,-5.6607648730278015e-05,0.0011618640273809433,0.0028693079948425293,-0.0029273033142089844,0.9999445676803589,0.0019807815551757812,0.7754286527633667,0.0,0.0,0.0,0.0,0.0,0.0,1e-06,24.653997898101807,28.380859375,50.5240364074707,0.0,439.0,0.0,0.0,0.0,0.0,0.0,0.0,0.0,0.0,0.0,0.0,0.0,0.0,0.0,358.1875,512.0,199.0,0.1875,358.1875,512.0,199.0,0.1875,0.0,1464.0,1464.0,1464.0,1.0,173.02759745996445,4.306619215756655,0.00943728070706129,10.37432241300121,2.1104170181788504,190.32756240386516,30.191519361361795,0.0003236933873113116,0.3558333875150475,29155.0,190.32756240386516,153.18327851083708,2.0,2.0,2.0,,0.0,0.0,0.0,0.0,False,True,False,False,False,False,False,False,False,False
440.0,16301.0,16301.0,0.0,16301.0,16301.0,16301.0,0.8855209946632385,1.0,0.09157922863960266,0.004431529901921749,0.00787938293069601,0.9996797442436218,2.565603256225586,0.9202220439910889,0.0005762173095718026,0.00048351252917200327,2.564171075820923,0.9197028875350952,0.0005191713571548462,0.0019399747252464294,0.004855513572692871,-0.005330860614776611,1.0005221366882324,0.0007835626602172852,0.2576470375061035,0.0,0.0,0.0,0.01481340080499649,0.014813408255577087,0.1643686294555664,1e-06,24.653997898101807,28.380859375,50.633811950683594,0.0,440.0,0.0,0.008333333767950535,0.06666667014360428,0.0,0.008333333767950535,0.06666667014360428,0.0,-0.014813431538641453,2.5616252422332764,-0.3659464418888092,-0.014813431538641453,2.5616252422332764,-0.3659464418888092,291.8125,512.0,157.0,0.0625,291.8125,512.0,157.0,0.0625,0.0,727.0,727.0,727.0,1.0,75.01141494186595,3.0044019082561135,0.009547608904540539,6.054715359117836,2.1197427567094564,86.69851517584175,16.065841709545076,0.0005857069446377854,0.37143214275920716,16301.0,86.69851517584175,188.0193676551247,2.0,2.0,2.0,,0.008333333767950535,0.0,0.06666667014360428,0.06666667014360428,True,False,False,False,True,False,True,True,True,True
441.0,13079.0,13079.0,0.0,13079.0,13079.0,13079.0,0.8062542676925659,1.0,0.05868875980377197,0.004218902438879013,0.0078120664693415165,0.9996886849403381,2.627300500869751,0.9074653387069702,0.0008607085328549147,0.0004560889210551977,2.622917652130127,0.9063414335250854,0.0011239629238843918,0.002200266346335411,0.007773756980895996,-0.002307713031768799,1.001128077507019,0.00010132789611816406,0.1839219331741333,0.0,0.0,0.0,-0.034816134721040726,-0.034816134721040726,0.16146747767925262,1e-06,24.653997898101807,28.380859375,50.43522644042969,0.0,441.0,0.0,0.5916666388511658,1.0,0.0,0.5916666388511658,1.0,0.0,0.0348161980509758,0.9277797341346741,-1.3443337678909302,0.0348161980509758,0.9277797341346741,-1.3443337678909302,269.4375,506.0,114.0,0.0625,269.4375,506.0,114.0,0.0625,0.0,548.0,548.0,548.0,1.0,58.00924761407077,2.754960163962096,0.010217037983238697,5.280254578217864,2.103472865652293,68.65908939065412,13.456100119246294,0.0007811788350209264,0.40372005338465206,13079.0,68.65908939065412,190.49189431545702,2.0,2.0,2.0,,0.5916666388511658,0.0,1.0,1.0,True,False,False,False,True,True,True,True,True,True
442.0,7486.0,7486.0,0.0,7486.0,7486.0,7486.0,0.8238182663917542,1.0,0.056745052337646484,0.004328452982008457,0.007906803861260414,0.9996735453605652,2.356598138809204,0.8253310322761536,0.0001648388133617118,0.00044104811968281865,2.3557591438293457,0.8250521421432495,0.0002788323909044266,0.0011968407779932022,0.0029651522636413574,-0.002480447292327881,1.0002801418304443,0.0014393329620361328,0.15103065967559814,0.0,0.0,0.0,-0.12118175625801086,-0.12118175625801086,0.17165182530879974,1e-06,24.653997898101807,28.380859375,50.43008041381836,0.0,442.0,0.0,0.30000001192092896,1.0,0.0,0.30000001192092896,1.0,0.0,0.12118175625801086,1.8639328479766846,-0.7988284230232239,0.12118175625801086,1.8639328479766846,-0.7988284230232239,239.875,429.0,86.0,0.0625,239.875,429.0,86.0,0.0625,0.0,228.0,228.0,228.0,1.0,57.00911991531029,2.2016874286346138,0.009266841225326061,3.617307120002806,2.1317790639586747,65.47016918519512,14.85386136407251,0.0012378895572169465,0.4832096072672731,7486.0,65.47016918519512,114.34215144342139,2.0,2.0,2.0,,0.30000001192092896,0.0,1.0,1.0,True,False,False,False,True,True,True,True,True,True
443.0,21956.0,21956.0,0.0,21956.0,21956.0,21956.0,0.9199987053871155,1.0,0.05444711446762085,0.004601445980370045,0.007840472273528576,0.9996878504753113,2.7201099395751953,0.9719420671463013,0.001382621587254107,0.0005149394855834544,2.7177579402923584,0.9708428382873535,0.0010992810130119324,0.0024499893188476562,0.004297733306884766,-0.005779862403869629,1.001103401184082,-0.0007100701332092285,-0.020989537239074707,0.0,0.0,0.0,0.0,0.0,0.0,1e-06,24.653997898101807,28.380859375,50.512142181396484,0.0,443.0,0.0,0.0,0.0,0.0,0.0,0.0,0.0,0.0,0.0,0.0,0.0,0.0,0.0,241.25,474.0,123.0,0.0625,241.25,474.0,123.0,0.0625,0.0,1131.0,1131.0,1131.0,1.0,178.02686799876392,3.5771822021342814,0.010102872736752033,7.821037587244064,2.1071465453132987,192.04208886111155,46.12095025874713,0.000460141771577338,0.3562141367846631,21956.0,192.04208886111155,114.329104261509,2.0,2.0,2.0,,0.0,0.0,0.0,0.0,False,True,False,False,False,False,False,False,False,False
444.0,10220.0,10220.0,0.0,10220.0,10220.0,10220.0,0.675557553768158,1.0,0.05187898874282837,0.003969961777329445,0.007456185761839151,0.9996958374977112,2.2408361434936523,0.7657409310340881,0.0009440555004402995,0.000427114573540166,2.239079475402832,0.7649301290512085,0.000810716301202774,0.0016959719359874725,0.004253566265106201,-0.00220334529876709,1.0008127689361572,-0.0001817941665649414,0.011461377143859863,0.0,0.0,0.0,0.09968583472073078,0.09968583285808563,0.16627046465873718,1e-06,24.653997898101807,28.380859375,50.56201171875,0.0,444.0,0.0,0.07500000298023224,0.13333334028720856,0.0,0.07500000298023224,0.13333334028720856,0.0,-0.099685899913311,0.8539000749588013,-1.0978715419769287,-0.099685899913311,0.8539000749588013,-1.0978715419769287,229.75,512.0,54.0,0.0625,229.75,512.0,54.0,0.0625,0.0,409.0,409.0,409.0,1.0,325.0454507670365,2.4787112050689757,0.010343364905565977,4.468754217028618,2.1774111590348184,334.68210735032335,88.42368083978143,0.0010120709300945182,0.43725579422980604,10220.0,334.68210735032335,30.536439730560115,2.0,2.0,2.0,,0.07500000298023224,0.0,0.13333334028720856,0.13333334028720856,True,False,False,False,True,False,True,True,True,True
445.0,14385.0,14385.0,0.0,14385.0,14385.0,14385.0,0.8744164109230042,1.0,0.05874517560005188,0.004072834737598896,0.00740992883220315,0.9997280836105347,2.5917751789093018,0.9073007106781006,0.00038118273369036615,0.0004986482672393322,2.59059476852417,0.9069362878799438,0.0003645066171884537,0.0019319001585245132,0.0033911466598510742,-0.003552258014678955,1.0003668069839478,0.001241445541381836,0.37509775161743164,0.0,0.0,0.0,0.0,0.0,0.0,1e-06,24.653997898101807,28.380859375,50.4296760559082,0.0,445.0,0.0,0.0,0.0,0.0,0.0,0.0,0.0,0.0,0.0,0.0,0.0,0.0,0.0,278.0625,422.0,183.0,0.0625,278.0625,422.0,183.0,0.0625,0.0,621.0,621.0,621.0,1.0,793.1049336800352,2.8211035849526525,0.009590002242475748,5.448984783142805,2.115417040884495,804.0106377089396,178.26588754327605,0.0006666668225565345,0.3787963005313038,14385.0,804.0106377089396,17.891554321956026,2.0,2.0,2.0,,0.0,0.0,0.0,0.0,False,True,False,False,False,False,False,False,False,False
446.0,13532.0,13532.0,0.0,13532.0,13532.0,13532.0,0.7505218982696533,1.0,0.06002187728881836,0.004261497408151627,0.007880345918238163,0.9996593594551086,2.187250852584839,0.7591062188148499,0.0003101853362750262,0.0004229015903547406,2.1854591369628906,0.7584445476531982,0.0006617419421672821,0.001141618937253952,0.005100727081298828,-0.002391815185546875,1.000663161277771,0.0010738372802734375,0.1272050142288208,0.0,0.0,0.0,0.0,0.0,0.0,1e-06,24.653997898101807,28.380859375,50.549659729003906,0.0,446.0,0.0,0.0,0.0,0.0,0.0,0.0,0.0,0.0,0.0,0.0,0.0,0.0,0.0,262.75,448.0,88.0,0.0625,262.75,448.0,88.0,0.0625,0.0,583.0,583.0,583.0,1.0,80.01280647702515,2.7951687169261277,0.009413749910891056,5.376831355970353,2.103847125079483,90.80100531689823,19.03254197835993,0.0006956658225606751,0.39734195654525223,13532.0,90.80100531689823,149.0291869872246,2.0,2.0,2.0,,0.0,0.0,0.0,0.0,False,True,False,False,False,False,False,False,False,False
447.0,10312.0,10312.0,0.0,10312.0,10312.0,10312.0,0.6190500259399414,1.0,0.055934906005859375,0.0037585727404803038,0.007484391797333956,0.9996697306632996,1.905030369758606,0.6290439963340759,0.0012844386510550976,0.0003860295400954783,1.9023411273956299,0.6276388168334961,0.0014051925390958786,0.0022955741733312607,0.005111873149871826,-0.0031685829162597656,1.0014086961746216,-0.0010293126106262207,0.010271549224853516,0.0,0.0,0.0,0.0,0.0,0.0,1e-06,24.653997898101807,28.380859375,50.5709342956543,0.0,447.0,0.0,0.0,0.0,0.0,0.0,0.0,0.0,0.0,0.0,0.0,0.0,0.0,0.0,276.5,431.0,165.0,0.0625,276.5,431.0,165.0,0.0625,0.0,368.0,368.0,368.0,1.0,802.0974360560067,2.4769546180032194,0.009527341928333044,4.397679650690407,2.1183103849180043,811.6052036080509,181.30593039240657,0.0009239082552689143,0.4264623400591938,10312.0,811.6052036080509,12.705684924341591,2.0,2.0,2.0,,0.0,0.0,0.0,0.0,False,True,False,False,False,False,False,False,False,False
448.0,12460.0,12460.0,0.0,12460.0,12460.0,12460.0,0.7067058682441711,1.0,0.06131255626678467,0.004451012704521418,0.008227252401411533,0.9996147155761719,2.0091214179992676,0.6923149824142456,0.0010208203457295895,0.0004563539114315063,2.005795955657959,0.6906747221946716,0.0016402378678321838,0.0021237730979919434,0.005715608596801758,-0.002439141273498535,1.0016437768936157,-0.00021249055862426758,0.08946120738983154,0.0,0.0,0.0,0.0,0.0,0.0,1e-06,24.653997898101807,28.380859375,50.52223205566406,0.0,448.0,0.0,0.0,0.0,0.0,0.0,0.0,0.0,0.0,0.0,0.0,0.0,0.0,0.0,249.75,428.0,137.0,0.0625,249.75,428.0,137.0,0.0625,0.0,529.0,529.0,529.0,1.0,53.008983719628304,2.6581454193219543,0.01014825003221631,4.985124797094613,2.1023500808514655,63.266168334987015,13.265511441348425,0.0008144662947204102,0.4000902726400171,12460.0,63.266168334987015,196.9457030181715,2.0,2.0,2.0,,0.0,0.0,0.0,0.0,False,True,False,False,False,False,False,False,False,False
449.0,10437.0,10437.0,0.0,10437.0,10437.0,10437.0,0.7263376116752625,1.0,0.05862993001937866,0.0038717351853847504,0.007442085538059473,0.9997091293334961,2.0583150386810303,0.7093152403831482,0.000606472312938422,0.00042044452857226133,2.0571372509002686,0.7087711095809937,0.0005441457033157349,0.0013949647545814514,0.0050438642501831055,-0.0029214024543762207,1.000545859336853,0.00046896934509277344,-0.0027697086334228516,0.0,0.0,0.0,0.19446110352873802,0.19446110725402832,0.17329487204551697,1e-06,24.653997898101807,28.380859375,50.69538497924805,0.0,449.0,0.0,0.6458333134651184,1.0,0.0,0.6458333134651184,1.0,0.0,-0.19446106255054474,1.1511985063552856,-2.0992441177368164,-0.19446106255054474,1.1511985063552856,-2.0992441177368164,212.3125,512.0,92.0,0.0625,212.3125,512.0,92.0,0.0625,0.0,440.0,440.0,440.0,1.0,44.00733397481963,2.483505909796804,0.009429828729480505,4.4535343162715435,2.1059643500484526,53.56815682630986,12.954764196296624,0.0009034999261742364,0.42670636354043723,10437.0,53.56815682630986,194.83589913016934,2.0,2.0,2.0,,0.6458333134651184,0.0,1.0,1.0,True,False,False,False,True,True,True,True,True,True
450.0,17100.0,17100.0,0.0,17100.0,17100.0,17100.0,1.0098512172698975,1.0,0.06636899709701538,0.004173699300736189,0.007472701370716095,0.9997361898422241,3.0038347244262695,1.0532830953598022,0.0010737100383266807,0.0005024661659263074,3.000859260559082,1.0523974895477295,0.0008856169879436493,0.001916695386171341,0.004360795021057129,-0.002314329147338867,1.0008881092071533,-0.00014144182205200195,-0.03384137153625488,0.0,0.0,0.0,0.014087829738855362,0.01408783346414566,0.147054523229599,1e-06,24.653997898101807,28.380859375,50.96909713745117,0.0,450.0,0.0,0.0625,1.0,0.0,0.0625,1.0,0.0,-0.014087822288274765,3.7499847412109375,-0.24999898672103882,-0.014087822288274765,3.7499847412109375,-0.24999898672103882,261.75,403.0,162.0,0.0625,261.75,403.0,162.0,0.0625,0.0,807.0,807.0,807.0,1.0,52.00722082518041,3.062299176119268,0.009432092774659395,6.2045210232026875,2.1097863102331758,63.89439516281709,12.418152059498665,0.0005515843727870992,0.3628374867369993,17100.0,63.89439516281709,267.62910825629393,2.0,2.0,2.0,,0.0625,0.0,1.0,1.0,True,False,False,False,True,True,True,True,True,True
451.0,12563.0,12563.0,0.0,12563.0,12563.0,12563.0,0.5999559760093689,1.0,0.05800718069076538,0.003962008282542229,0.007675654720515013,0.999646782875061,1.9169795513153076,0.6329005360603333,-4.47251477453392e-05,0.00040450639789924026,1.9167563915252686,0.6328984498977661,2.0600855350494385e-06,0.0015282854437828064,0.0025101900100708008,-0.002551853656768799,1.0000035762786865,0.0017156600952148438,0.6354901790618896,0.0,0.0,0.0,-0.04507884196937084,-0.04507884010672569,0.13713134825229645,1e-06,24.653997898101807,28.380859375,50.59251022338867,0.0,451.0,0.0,0.1145833358168602,0.3333333432674408,0.0,0.1145833358168602,0.3333333432674408,0.0,0.0450788214802742,2.179922103881836,-1.1418639421463013,0.0450788214802742,2.179922103881836,-1.1418639421463013,276.1875,483.0,109.0,0.0625,276.1875,483.0,109.0,0.0625,0.0,509.0,509.0,509.0,1.0,65.00865010498092,2.6981160352006555,0.010236836969852448,5.107826174702495,2.112659865990281,75.44158380711451,14.711167708753319,0.0008148401631658399,0.40657694616751533,12563.0,75.44158380711451,166.52619637626495,2.0,2.0,2.0,,0.1145833358168602,0.0,0.3333333432674408,0.3333333432674408,True,False,False,False,True,False,True,True,True,True
452.0,10205.0,10205.0,0.0,10205.0,10205.0,10205.0,0.876770555973053,1.0,0.059681206941604614,0.004269576631486416,0.007825683802366257,0.9996923208236694,2.5486650466918945,0.9218869209289551,0.0009899409487843513,0.00047176741645671427,2.545511245727539,0.9206297397613525,0.0012572631239891052,0.001985013484954834,0.004039168357849121,-0.0019229650497436523,1.0012600421905518,-9.369850158691406e-05,-0.18360555171966553,0.0,0.0,0.0,0.025387515546754003,0.025387518107891083,0.17167682945728302,1e-06,24.653997898101807,28.380859375,50.5219612121582,0.0,452.0,0.0,0.02916666865348816,0.2666666805744171,0.0,0.02916666865348816,0.2666666805744171,0.0,-0.025387516245245934,3.456082344055176,-0.424431174993515,-0.025387516245245934,3.456082344055176,-0.424431174993515,211.8125,512.0,129.0,0.0625,211.8125,512.0,129.0,0.0625,0.0,426.0,426.0,426.0,1.0,150.0224711666815,2.4558222349733114,0.010074339807033539,4.386238684877753,2.10890606790781,159.48481477191672,44.26747452542977,0.0009871964534084801,0.42981270797430216,10205.0,159.48481477191672,63.987283144131496,2.0,2.0,2.0,,0.02916666865348816,0.0,0.2666666805744171,0.2666666805744171,True,False,False,False,True,False,True,True,True,True
453.0,16156.0,16156.0,0.0,16156.0,16156.0,16156.0,0.7073873281478882,1.0,0.061398446559906006,0.0042770979925990105,0.007867174223065376,0.9996620416641235,2.2446508407592773,0.7688384652137756,0.000317633239319548,0.0004890891723334789,2.2439732551574707,0.7684568762779236,0.0003816448152065277,0.0015832968056201935,0.00409853458404541,-0.002503514289855957,1.0003836154937744,0.0013219118118286133,0.31947052478790283,0.0,0.0,0.0,-0.12482687085866928,-0.12482687830924988,0.2901044487953186,1e-06,24.653997898101807,28.380859375,51.093204498291016,0.0,453.0,0.0,0.2291666716337204,0.6666666865348816,0.0,0.2291666716337204,0.6666666865348816,0.0,0.12482693791389465,1.81574285030365,-0.9511034488677979,0.12482693791389465,1.81574285030365,-0.9511034488677979,322.75,512.0,135.0,0.0625,322.75,512.0,135.0,0.0625,0.0,687.0,687.0,687.0,1.0,67.01125572109595,3.03103582886979,0.009933874011039734,6.134401609189808,2.1310599888674915,78.81958640366793,12.976618071474816,0.0006148721224956508,0.3796980446391315,16156.0,78.81958640366793,204.97443258910795,2.0,2.0,2.0,,0.2291666716337204,0.0,0.6666666865348816,0.6666666865348816,True,False,False,False,True,False,True,True,True,True
454.0,9943.0,9943.0,0.0,9943.0,9943.0,9943.0,0.5894301533699036,1.0,0.06080424785614014,0.003663803683593869,0.007539934013038874,0.9996798634529114,1.9735262393951416,0.6451131701469421,0.00012511599925346673,0.000376864307327196,1.9728788137435913,0.6449187397956848,0.00019446108490228653,0.00126598309725523,0.0032945871353149414,-0.0021164119243621826,1.0001957416534424,0.001261591911315918,0.2003004550933838,0.0,0.0,0.0,0.0,0.0,0.0,1e-06,24.653997898101807,28.380859375,51.33358383178711,0.0,454.0,0.0,0.0,0.0,0.0,0.0,0.0,0.0,0.0,0.0,0.0,0.0,0.0,0.0,258.4375,512.0,172.0,0.125,258.4375,512.0,172.0,0.125,0.0,363.0,363.0,363.0,1.0,324.04036711901426,2.442819505929947,0.009446218144148588,4.341934177093208,2.396077997982502,333.73018102068454,78.36526411584384,0.0009500370254599807,0.436682508004949,9943.0,333.73018102068454,29.793529520135714,2.0,2.0,2.0,,0.0,0.0,0.0,0.0,False,True,False,False,False,False,False,False,False,False
455.0,15263.0,15263.0,0.0,15263.0,15263.0,15263.0,0.7610060572624207,1.0,0.053700029850006104,0.004195068497210741,0.0076835304498672485,0.999683141708374,2.202298164367676,0.7836987972259521,0.0006785427103750408,0.00045951514039188623,2.2015392780303955,0.7832471132278442,0.00045166537165641785,0.001690458506345749,0.004943668842315674,-0.003125309944152832,1.0004539489746094,0.00048172473907470703,0.22167432308197021,0.0,0.0,0.0,0.04583107680082321,0.04583108425140381,0.14480790495872498,1e-06,24.653997898101807,28.380859375,51.383148193359375,0.0,455.0,0.0,0.05000000074505806,0.4000000059604645,0.0,0.05000000074505806,0.4000000059604645,0.0,-0.045831143856048584,2.5617189407348633,-0.36595988273620605,-0.045831143856048584,2.5617189407348633,-0.36595988273620605,298.9375,512.0,163.0,0.1875,298.9375,512.0,163.0,0.1875,0.0,655.0,655.0,655.0,1.0,86.01308647403494,2.9754630578681827,0.01085069915279746,5.95509737264365,2.1010027057491243,97.55741554312408,17.9830831014081,0.0007109152298235904,0.3901655881965308,15263.0,97.55741554312408,156.4514590205926,2.0,2.0,2.0,,0.05000000074505806,0.0,0.4000000059604645,0.4000000059604645,True,False,False,False,True,False,True,True,True,True
456.0,12571.0,12571.0,0.0,12571.0,12571.0,12571.0,0.5917152762413025,1.0,0.057031095027923584,0.0037579324562102556,0.007459130138158798,0.9996806383132935,1.8832049369812012,0.6243398785591125,0.0011546623427420855,0.000396550924051553,1.8809080123901367,0.6231042146682739,0.0012356620281934738,0.0016496088355779648,0.003935396671295166,-0.0012775659561157227,1.0012378692626953,-0.0007330775260925293,-0.2740057706832886,0.0,0.0,0.0,0.03959757089614868,0.03959757089614868,0.14388152956962585,1e-06,24.653997898101807,28.380859375,51.351436614990234,0.0,456.0,0.0,0.5416666865348816,1.0,0.0,0.5416666865348816,1.0,0.0,-0.03959761559963226,1.3557013273239136,-1.6021926403045654,-0.03959761559963226,1.3557013273239136,-1.6021926403045654,292.6875,461.0,91.0,0.0625,292.6875,461.0,91.0,0.0625,0.0,493.0,493.0,493.0,1.0,42.00712301628664,2.671896134968847,0.009851520881056786,5.030345710460097,2.1051961560733616,52.326463798992336,8.970130902474192,0.000783670422484829,0.4001547776994747,12571.0,52.326463798992336,240.24172640999453,2.0,2.0,2.0,,0.5416666865348816,0.0,1.0,1.0,True,False,False,False,True,True,True,True,True,True
457.0,11161.0,11161.0,0.0,11161.0,11161.0,11161.0,0.6870054006576538,1.0,0.0614469051361084,0.004388819914311171,0.008107717148959637,0.9996424317359924,2.098541021347046,0.7352801561355591,-0.0001467416004743427,0.0004883295041508973,2.0988783836364746,0.7354702353477478,-0.00019008293747901917,0.002210307866334915,0.005025207996368408,-0.005359470844268799,0.999813437461853,0.0022486448287963867,0.9091309309005737,0.0,0.0,0.0,-0.04798332042992115,-0.0479833260178566,0.16125142574310303,1e-06,24.653997898101807,28.380859375,51.996002197265625,0.0,457.0,0.0,0.4541666507720947,1.0,0.0,0.4541666507720947,1.0,0.0,0.04798336699604988,1.0951175689697266,-0.9112046360969543,0.04798336699604988,1.0951175689697266,-0.9112046360969543,275.5625,455.0,155.0,0.0625,275.5625,455.0,155.0,0.0625,0.0,422.0,422.0,422.0,1.0,199.02494050003588,2.6697925948537886,0.009596772026270628,4.72373865172267,2.1023020651191473,209.0386578310281,45.14060796099702,0.0008598487614255558,0.42323614834895346,11161.0,209.0386578310281,53.392038179951165,2.0,2.0,2.0,,0.4541666507720947,0.0,1.0,1.0,True,False,False,False,True,True,True,True,True,True
458.0,10332.0,10332.0,0.0,10332.0,10332.0,10332.0,0.6657138466835022,1.0,0.18446344137191772,0.004163739737123251,0.008365611545741558,0.9996209740638733,2.263012170791626,0.7465032339096069,0.0005420077941380441,0.0004999117227271199,2.258512496948242,0.745503842830658,0.0009993519634008408,0.0020954664796590805,0.008017420768737793,-0.0023469626903533936,1.0010035037994385,0.000905156135559082,0.05019199848175049,0.0,0.0,0.0,-0.0473502054810524,-0.047350212931632996,0.17438526451587677,1e-06,24.653997898101807,28.380859375,51.47997283935547,0.0,458.0,0.0,0.25833332538604736,1.0,0.0,0.25833332538604736,1.0,0.0,0.04735022038221359,1.6724085807800293,-0.582524299621582,0.04735022038221359,1.6724085807800293,-0.582524299621582,220.75,394.0,34.0,0.0625,220.75,394.0,34.0,0.0625,0.0,425.0,425.0,425.0,1.0,49.00667545199394,2.447972657158971,0.009557038079947233,4.356225739698857,2.0936329681426287,58.41713407821953,13.875049674969972,0.000924994006963534,0.4216246360529285,10332.0,58.41713407821953,176.86591721815094,2.0,2.0,2.0,,0.25833332538604736,0.0,1.0,1.0,True,False,False,False,True,True,True,True,True,True
459.0,10027.0,10027.0,0.0,10027.0,10027.0,10027.0,0.5963296890258789,1.0,0.062061429023742676,0.0038178281392902136,0.007569408509880304,0.9996753931045532,1.9405070543289185,0.6453227400779724,0.0010980197694152594,0.00042930193012580276,1.9373271465301514,0.6439208388328552,0.001401800662279129,0.0019835904240608215,0.006521940231323242,-0.0033601224422454834,1.0014047622680664,-0.0004858970642089844,-0.1260703206062317,0.0,0.0,0.0,0.025108732283115387,0.025108732283115387,0.16977837681770325,1e-06,24.653997898101807,28.380859375,51.53664016723633,0.0,459.0,0.0,0.5625,1.0,0.0,0.5625,1.0,0.0,-0.025108711794018745,0.8539109230041504,-1.0978854894638062,-0.025108711794018745,0.8539109230041504,-1.0978854894638062,248.6875,512.0,89.0,0.0625,248.6875,512.0,89.0,0.0625,0.0,378.0,378.0,378.0,1.0,60.01029022783041,2.4181759017519653,0.010195587761700153,4.274314669892192,2.09560232097283,69.3098867032677,15.08175175366434,0.0010168133800438968,0.42628050961326336,10027.0,69.3098867032677,144.66911543122268,2.0,2.0,2.0,,0.5625,0.0,1.0,1.0,True,False,False,False,True,True,True,True,True,True
460.0,9796.0,9796.0,0.0,9796.0,9796.0,9796.0,0.5019419193267822,1.0,0.050644099712371826,0.0035483427345752716,0.0072553628124296665,0.9996572732925415,1.6616992950439453,0.4963642954826355,0.0012569831451401114,0.0003674750041682273,1.6594877243041992,0.4949907064437866,0.0013735704123973846,0.0019570402801036835,0.004989981651306152,-0.0019246339797973633,1.0013763904571533,-0.001049637794494629,-0.16946452856063843,0.0,0.0,0.0,0.0,0.0,0.0,1e-06,24.653997898101807,28.380859375,51.418663024902344,0.0,460.0,0.0,0.46666666865348816,0.46666666865348816,0.46666666865348816,0.46666666865348816,0.46666666865348816,0.46666666865348816,0.0,0.0,0.0,0.0,0.0,0.0,246.25,448.0,91.0,0.0625,246.25,448.0,91.0,0.0625,0.0,366.0,366.0,366.0,1.0,52.00899386033416,2.406225965823978,0.009971065912395716,4.234743122942746,2.128564910031855,61.290130289271474,13.200252248815776,0.001017871162964038,0.43229309135797733,9796.0,61.290130289271474,159.82997513246826,2.0,2.0,2.0,,0.46666666865348816,0.46666666865348816,0.46666666865348816,0.0,False,False,False,True,True,False,True,False,False,False
461.0,14230.0,14230.0,0.0,14230.0,14230.0,14230.0,0.825955867767334,1.0,0.05499899387359619,0.0041394042782485485,0.007524921093136072,0.9997081756591797,2.6140639781951904,0.905947208404541,0.0008291358826681972,0.00046607121475972235,2.6112141609191895,0.9049468636512756,0.0010003075003623962,0.0021458491683006287,0.005603969097137451,-0.0040160417556762695,1.0010037422180176,0.00020420551300048828,0.6676127910614014,0.0,0.0,0.0,0.0,0.0,0.0,1e-06,24.653997898101807,28.380859375,51.48324966430664,0.0,461.0,0.0,0.0,0.0,0.0,0.0,0.0,0.0,0.0,0.0,0.0,0.0,0.0,0.0,296.375,512.0,123.0,0.0625,296.375,512.0,123.0,0.0625,0.0,593.0,593.0,593.0,1.0,139.02180957002565,2.877416114322841,0.009349266067147255,5.665973843075335,2.1176118571311235,150.19363804906607,29.317125594691195,0.0006570109674734543,0.39817103605589144,14230.0,150.19363804906607,94.74435924743541,2.0,2.0,2.0,,0.0,0.0,0.0,0.0,False,True,False,False,False,False,False,False,False,False
462.0,13699.0,13699.0,0.0,13699.0,13699.0,13699.0,0.8087342381477356,1.0,0.06003947556018829,0.004271401092410088,0.007823732681572437,0.9996705651283264,2.2497828006744385,0.7997022271156311,0.0004922809894196689,0.0004578702209983021,2.2486181259155273,0.7991204261779785,0.0005817562341690063,0.0010854676365852356,0.0032695531845092773,-0.001832425594329834,1.0005826950073242,0.0008413791656494141,0.18881487846374512,0.0,0.0,0.0,0.0,0.0,0.0,1e-06,24.653997898101807,28.380859375,51.49371337890625,0.0,462.0,0.0,0.0,0.0,0.0,0.0,0.0,0.0,0.0,0.0,0.0,0.0,0.0,0.0,285.1875,480.0,114.0,0.0625,285.1875,480.0,114.0,0.0625,0.0,571.0,571.0,571.0,1.0,178.02652192302048,2.7902959482744336,0.009553771931678057,5.350969951134175,2.1095412387512624,188.78832090925425,39.01523601205796,0.0006974065210364302,0.390610259955776,13699.0,188.78832090925425,72.56275141397523,2.0,2.0,2.0,,0.0,0.0,0.0,0.0,False,True,False,False,False,False,False,False,False,False
463.0,16125.0,16125.0,0.0,16125.0,16125.0,16125.0,0.8302090764045715,1.0,0.06126946210861206,0.004201492294669151,0.007902337238192558,0.999679446220398,2.316195249557495,0.8334876298904419,0.0009018040145747364,0.00045207407674752176,2.312955141067505,0.8321807980537415,0.0013067685067653656,0.001775246113538742,0.004126012325286865,-0.0021054744720458984,1.0013092756271362,1.3113021850585938e-06,-0.13951736688613892,0.0,0.0,0.0,0.0,0.0,0.0,1e-06,24.653997898101807,28.380859375,51.45636749267578,0.0,463.0,0.0,0.0,0.0,0.0,0.0,0.0,0.0,0.0,0.0,0.0,0.0,0.0,0.0,301.8125,512.0,132.0,0.125,301.8125,512.0,132.0,0.125,0.0,706.0,706.0,706.0,1.0,79.01139171933755,3.040510206948966,0.00959324510768056,6.14893983444199,2.1278675701469183,90.83895432623103,16.361853741838384,0.0005949299291584843,0.38132960213593736,16125.0,90.83895432623103,177.5119508981807,2.0,2.0,2.0,,0.0,0.0,0.0,0.0,False,True,False,False,False,False,False,False,False,False
464.0,12633.0,12633.0,0.0,12633.0,12633.0,12633.0,0.8366566300392151,1.0,0.06007581949234009,0.004365195985883474,0.007771726697683334,0.9996813535690308,2.338125705718994,0.8299949169158936,0.0001742537715472281,0.000496718508657068,2.3381197452545166,0.82988041639328,0.00011443346738815308,0.001273714005947113,0.0023642778396606445,-0.002583920955657959,1.0001156330108643,0.0016422271728515625,0.3486614227294922,0.0,0.0,0.0,0.059563257265836,0.05956325680017471,0.16972774267196655,1e-06,24.653997898101807,28.380859375,51.42741394042969,0.0,464.0,0.0,0.4124999940395355,1.0,0.0,0.4124999940395355,1.0,0.0,-0.05956324189901352,1.2344480752944946,-0.8667401671409607,-0.05956324189901352,1.2344480752944946,-0.8667401671409607,255.5625,512.0,126.0,0.0625,255.5625,512.0,126.0,0.0625,0.0,534.0,534.0,534.0,1.0,58.00928803300485,2.677157476078719,0.009523875080049038,5.044373943004757,2.1098378961905837,68.35142154432833,14.18666863120686,0.0007538886313661868,0.39930134908610443,12633.0,68.35142154432833,184.8242467321188,2.0,2.0,2.0,,0.4124999940395355,0.0,1.0,1.0,True,False,False,False,True,True,True,True,True,True
465.0,7926.0,7926.0,0.0,7926.0,7926.0,7926.0,0.7371881008148193,1.0,0.05326342582702637,0.004547629971057177,0.007813534699380398,0.9996466040611267,2.064563035964966,0.7101103067398071,0.00047665589954704046,0.00046009497600607574,2.0631582736968994,0.7095820903778076,0.000528218224644661,0.001599712297320366,0.007048249244689941,-0.0039688944816589355,1.0005310773849487,0.0008932352066040039,0.10629904270172119,0.0,0.0,0.0,0.0677989274263382,0.0677989274263382,0.17336025834083557,1e-06,24.653997898101807,28.380859375,51.47547149658203,0.0,465.0,0.0,0.2958333492279053,1.0,0.0,0.2958333492279053,1.0,0.0,-0.06779889017343521,1.9074876308441162,-0.8013706207275391,-0.06779889017343521,1.9074876308441162,-0.8013706207275391,200.375,318.0,81.0,0.0625,200.375,318.0,81.0,0.0625,0.0,295.0,295.0,295.0,1.0,401.0497454809956,2.176589115988463,0.009486244060099125,3.557270221877843,2.201647227164358,409.49551680497825,125.09349515938729,0.0011968513828033212,0.4488102727577395,7926.0,409.49551680497825,19.355523259061094,2.0,2.0,2.0,,0.2958333492279053,0.0,1.0,1.0,True,False,False,False,True,True,True,True,True,True
466.0,24340.0,24340.0,0.0,24340.0,24340.0,24340.0,0.7815846800804138,1.0,0.06089228391647339,0.00435482757166028,0.007912890985608101,0.9996588826179504,2.6549267768859863,0.7986253499984741,0.0007376383291557431,0.00042229966493323445,2.6525962352752686,0.7977426052093506,0.0008827019482851028,0.001586245372891426,0.00408703088760376,-0.002396702766418457,1.0008845329284668,0.00021457672119140625,-0.019157230854034424,0.0,0.0,0.0,0.10762957856059074,0.10762956738471985,0.11726704239845276,1e-06,24.653997898101807,28.380859375,51.488582611083984,0.0,466.0,0.0,0.0625,1.0,0.0,0.0625,1.0,0.0,-0.10762957483530045,3.7499847412109375,-0.24999898672103882,-0.10762957483530045,3.7499847412109375,-0.24999898672103882,293.25,512.0,167.0,0.125,293.25,512.0,167.0,0.125,0.0,1228.0,1228.0,1228.0,1.0,73.01139613892883,3.7704160786233842,0.009356650989502668,8.408050144091249,2.4179177870973945,88.12078973697498,15.560826116566247,0.00038441458461391405,0.34544166573916385,24340.0,88.12078973697498,276.2117778636643,2.0,2.0,2.0,,0.0625,0.0,1.0,1.0,True,False,False,False,True,True,True,True,True,True
467.0,13427.0,13427.0,0.0,13427.0,13427.0,13427.0,0.8169591426849365,1.0,0.0562228262424469,0.004153893329203129,0.007603202946484089,0.9997041821479797,2.787747621536255,0.8888688087463379,-0.00027858742396347225,0.00045260845217853785,2.7883591651916504,0.8890970349311829,-0.00022828392684459686,0.0015724990516901016,0.005236029624938965,-0.002913177013397217,0.9997738003730774,0.0023676156997680664,0.5391814708709717,0.0,0.0,0.0,0.0,0.0,0.0,1e-06,24.653997898101807,28.380859375,51.63483428955078,0.0,467.0,0.0,0.0,0.0,0.0,0.0,0.0,0.0,0.0,0.0,0.0,0.0,0.0,0.0,277.1875,478.0,108.0,0.0625,277.1875,478.0,108.0,0.0625,0.0,562.0,562.0,562.0,1.0,249.030736239627,2.759691111277789,0.009674960281699896,5.2895101848989725,2.2680820459499955,259.8579379566945,56.151237032610375,0.0007205600865196913,0.3939457946599369,13427.0,259.8579379566945,51.67054008655151,2.0,2.0,2.0,,0.0,0.0,0.0,0.0,False,True,False,False,False,False,False,False,False,False
468.0,11420.0,11420.0,0.0,11420.0,11420.0,11420.0,0.8879188895225525,1.0,0.060735076665878296,0.0043321880511939526,0.0076523772440850735,0.9997053742408752,2.6348958015441895,0.9426366090774536,7.855526928324252e-05,0.0004596229118760675,2.634734869003296,0.9425654411315918,7.123872637748718e-05,0.0020231790840625763,0.0038427114486694336,-0.003725588321685791,1.0000739097595215,0.0016869306564331055,0.7371869087219238,0.0,0.0,0.0,0.0,0.0,0.0,1e-06,24.653997898101807,28.380859375,51.477779388427734,0.0,468.0,0.0,0.0,0.0,0.0,0.0,0.0,0.0,0.0,0.0,0.0,0.0,0.0,0.0,248.75,479.0,96.0,0.0625,248.75,479.0,96.0,0.0625,0.0,465.0,465.0,465.0,1.0,658.0791453779675,2.5528920432552695,0.00936779472976923,4.671752343885601,2.1613072101026773,667.9763153311796,165.3465189391878,0.0008202972618011584,0.40908514394795104,11420.0,667.9763153311796,17.096414555264605,2.0,2.0,2.0,,0.0,0.0,0.0,0.0,False,True,False,False,False,False,False,False,False,False
469.0,10113.0,10113.0,0.0,10113.0,10113.0,10113.0,0.8744701743125916,1.0,0.062354594469070435,0.004210898652672768,0.0074766697362065315,0.9997168183326721,2.5838987827301025,0.9211412668228149,0.0003757607191801071,0.00044949818402528763,2.583609104156494,0.9209670424461365,0.00017405301332473755,0.0011611506342887878,0.002407670021057129,-0.0036923885345458984,1.0001752376556396,0.0010460615158081055,-0.03197360038757324,0.0,0.0,0.0,-0.018585452809929848,-0.018585458397865295,0.18759040534496307,1e-06,24.653997898101807,28.380859375,51.538631439208984,0.0,469.0,0.0,0.7958333492279053,1.0,0.0,0.7958333492279053,1.0,0.0,0.01858547143638134,0.5397281646728516,-2.1038384437561035,0.01858547143638134,0.5397281646728516,-2.1038384437561035,224.0625,389.0,74.0,0.0625,224.0625,389.0,74.0,0.0625,0.0,408.0,408.0,408.0,1.0,59.0099309948273,2.4093373036012053,0.010537004563957453,4.259856136050075,2.1100785532034934,68.30088649690151,16.460231797720308,0.0010419266848568627,0.42122576248888316,10113.0,68.30088649690151,148.06542811796123,2.0,2.0,2.0,,0.7958333492279053,0.0,1.0,1.0,True,False,False,False,True,True,True,True,True,True
470.0,12135.0,12135.0,0.0,12135.0,12135.0,12135.0,0.683367908000946,1.0,0.05376315116882324,0.004030383657664061,0.007671197410672903,0.9996731281280518,2.0676465034484863,0.7117593288421631,0.0004219460242893547,0.00038560215034522116,2.0669968128204346,0.7114092707633972,0.0003500431776046753,0.0015258044004440308,0.002885103225708008,-0.00328981876373291,1.0003516674041748,0.0007009506225585938,0.36782121658325195,0.0,0.0,0.0,-0.02546856552362442,-0.025468572974205017,0.1347198337316513,1e-06,24.653997898101807,28.380859375,51.48051834106445,0.0,470.0,0.0,0.4125000536441803,1.0,0.0,0.4125000536441803,1.0,0.0,0.025468576699495316,2.6143288612365723,-1.8355929851531982,0.025468576699495316,2.6143288612365723,-1.8355929851531982,300.4375,479.0,136.0,0.0625,300.4375,479.0,136.0,0.0625,0.0,458.0,458.0,458.0,1.0,56.00747487694025,2.592944861855358,0.009473987855017185,4.77289112797007,2.1073588649742305,65.99210175918415,11.651232551891045,0.0007807159336643745,0.39331612096992746,12135.0,65.99210175918415,183.88564201641248,2.0,2.0,2.0,,0.4125000536441803,0.0,1.0,1.0,True,False,False,False,True,True,True,True,True,True
471.0,9709.0,9709.0,0.0,9709.0,9709.0,9709.0,0.8953779935836792,1.0,0.049102067947387695,0.0042844610288739204,0.007377987261861563,0.9997166395187378,2.7068886756896973,0.916215181350708,-4.001404522568919e-05,0.0004722900630440563,2.705216407775879,0.916067898273468,0.0001471731811761856,0.0013321246951818466,0.0036793947219848633,-0.003812074661254883,1.0001487731933594,0.001971602439880371,0.6188594102859497,0.0,0.0,0.0,0.009641522541642189,0.009641528129577637,0.20019899308681488,1e-06,24.653997898101807,28.380859375,51.664730072021484,0.0,471.0,0.0,0.25416669249534607,0.8666666746139526,0.0,0.25416669249534607,0.8666666746139526,0.0,-0.009641455486416817,1.8794677257537842,-0.7799152731895447,-0.009641455486416817,1.8794677257537842,-0.7799152731895447,232.8125,512.0,118.0,0.0625,232.8125,512.0,118.0,0.0625,0.0,374.0,374.0,374.0,1.0,64.01098675094545,2.3992346771992743,0.009335594717413187,4.202132737264037,2.118578896857798,73.24352208478376,17.184157517032336,0.000961540294305612,0.43280798612257054,9709.0,73.24352208478376,132.55779792732048,2.0,2.0,2.0,,0.25416669249534607,0.0,0.8666666746139526,0.8666666746139526,True,False,False,False,True,False,True,True,True,True
472.0,13799.0,13799.0,0.0,13799.0,13799.0,13799.0,0.8156195878982544,1.0,0.061267733573913574,0.004295835271477699,0.007833238691091537,0.9996705651283264,2.342531204223633,0.8326711058616638,4.643927968572825e-05,0.00046936620492488146,2.342550754547119,0.8325785994529724,9.245052933692932e-05,0.0022199787199497223,0.005380868911743164,-0.003663778305053711,1.0000959634780884,0.0017883777618408203,0.9372696876525879,0.0,0.0,0.0,-0.08168754354119301,-0.08168753981590271,0.1620202511548996,1e-06,24.653997898101807,28.380859375,51.627037048339844,0.0,472.0,0.0,0.15833333134651184,0.6666666865348816,0.0,0.15833333134651184,0.6666666865348816,0.0,0.08168759942054749,2.4295153617858887,-0.7567342519760132,0.08168759942054749,2.4295153617858887,-0.7567342519760132,290.4375,508.0,149.0,0.0625,290.4375,508.0,149.0,0.0625,0.0,572.0,572.0,572.0,1.0,69.00901353172958,2.82477994216606,0.010051650926470757,5.49171588383615,2.1206574719399214,79.95919617963955,14.850228864155278,0.0007284332869389635,0.39797926544214435,13799.0,79.95919617963955,172.57552175735498,2.0,2.0,2.0,,0.15833333134651184,0.0,0.6666666865348816,0.6666666865348816,True,False,False,False,True,False,True,True,True,True
473.0,14385.0,14385.0,0.0,14385.0,14385.0,14385.0,0.7098197937011719,1.0,0.06137460470199585,0.004265459254384041,0.00788793619722128,0.9996638298034668,2.220935344696045,0.7755186557769775,0.00025729319895617664,0.0004467952239792794,2.220555543899536,0.7753579616546631,0.00016066059470176697,0.0019540823996067047,0.0037432312965393066,-0.006435036659240723,1.0001637935638428,0.0012732744216918945,0.6341087818145752,0.0,0.0,0.0,0.23555781692266464,0.23555782437324524,0.14407643675804138,1e-06,24.653997898101807,28.380859375,51.611366271972656,0.0,473.0,0.0,0.02916666679084301,0.06666667014360428,0.0,0.02916666679084301,0.06666667014360428,0.0,-0.23555779457092285,1.0978554487228394,-0.8538875579833984,-0.23555779457092285,1.0978554487228394,-0.8538875579833984,300.0625,512.0,127.0,0.0625,300.0625,512.0,127.0,0.0625,0.0,599.0,599.0,599.0,1.0,149.02377235377207,2.868167905136943,0.010497607290744781,5.637259603943676,2.1065419181250036,160.14852059120312,31.040152541922946,0.0007297606736701274,0.3918845744833977,14385.0,160.14852059120312,89.82287158755159,2.0,2.0,2.0,,0.02916666679084301,0.0,0.06666667014360428,0.06666667014360428,True,False,False,False,True,False,True,True,True,True
474.0,18552.0,18552.0,0.0,18552.0,18552.0,18552.0,0.8069009780883789,1.0,0.05806779861450195,0.004115648567676544,0.00762638496235013,0.9997050166130066,2.5510733127593994,0.886442244052887,0.0006172334542497993,0.0004596910730469972,2.5495963096618652,0.8859367966651917,0.000505547970533371,0.001553807407617569,0.004655241966247559,-0.002261638641357422,1.0005072355270386,0.0006061792373657227,0.09265410900115967,0.0,0.0,0.0,-0.047519465908408165,-0.04751946032047272,0.1564713567495346,1e-06,24.653997898101807,28.380859375,51.61582946777344,0.0,474.0,0.0,0.34583333134651184,0.800000011920929,0.0,0.34583333134651184,0.800000011920929,0.0,0.04751945659518242,1.19875967502594,-0.9128169417381287,0.04751945659518242,1.19875967502594,-0.9128169417381287,319.5,512.0,133.0,0.1875,319.5,512.0,133.0,0.1875,0.0,840.0,840.0,840.0,1.0,81.0119895581156,3.2907538670115173,0.009479546919465065,6.911885597277433,2.113430452067405,93.83954466506839,15.847415797753444,0.000510971696823257,0.3725682189131863,18552.0,93.83954466506839,197.69916900402384,2.0,2.0,2.0,,0.34583333134651184,0.0,0.800000011920929,0.800000011920929,True,False,False,False,True,False,True,True,True,True
475.0,12077.0,12077.0,0.0,12077.0,12077.0,12077.0,0.5857009887695312,1.0,0.061479657888412476,0.0035253153182566166,0.0072820549830794334,0.9997003674507141,2.0725162029266357,0.6867711544036865,0.0005405771662481129,0.00037639966467395425,2.0697906017303467,0.6858935356140137,0.0008775591850280762,0.0020902231335639954,0.006086468696594238,-0.0035570859909057617,1.0008811950683594,0.00042307376861572266,0.247231125831604,0.0,0.0,0.0,0.02915911376476288,0.02915911376476288,0.13956233859062195,1e-06,24.653997898101807,28.380859375,51.53351593017578,0.0,475.0,0.0,0.7583333849906921,1.0,0.5333333611488342,0.7583333849906921,1.0,0.5333333611488342,-0.029159141704440117,1.3525162935256958,-1.2592397928237915,-0.029159141704440117,1.3525162935256958,-1.2592397928237915,259.8125,512.0,114.0,0.125,259.8125,512.0,114.0,0.125,0.0,495.0,495.0,495.0,1.0,59.00999271776527,2.6459293020889163,0.009334803558886051,4.932864486705512,2.1083153658546507,69.20805326802656,14.195331421160757,0.000772940594426269,0.4084511457071716,12077.0,69.20805326802656,174.502813324753,2.0,2.0,2.0,,0.7583333849906921,0.5333333611488342,1.0,0.46666663885116577,True,False,False,False,True,True,True,True,True,True
476.0,11238.0,11238.0,0.0,11238.0,11238.0,11238.0,0.8136885762214661,1.0,0.060554295778274536,0.004103547893464565,0.007593359332531691,0.9997010827064514,2.344317674636841,0.8330934047698975,0.0008287877426482737,0.00044781077303923666,2.342282295227051,0.8324060440063477,0.0006874725222587585,0.001577027142047882,0.004077911376953125,-0.0057708024978637695,1.0006901025772095,0.00013363361358642578,0.36584043502807617,0.0,0.0,0.0,0.0,0.0,0.0,1e-06,24.653997898101807,28.380859375,51.60163116455078,0.0,476.0,0.0,0.0,0.0,0.0,0.0,0.0,0.0,0.0,0.0,0.0,0.0,0.0,0.0,236.375,452.0,120.0,0.0625,236.375,452.0,120.0,0.0625,0.0,466.0,466.0,466.0,1.0,68.00925226509571,2.523938871920109,0.009395848028361797,4.577428045216948,2.128307742998004,77.75176451681182,17.982351207058624,0.0008360783082720945,0.40731696433679904,11238.0,77.75176451681182,144.53691269694684,2.0,2.0,2.0,,0.0,0.0,0.0,0.0,False,True,False,False,False,False,False,False,False,False
477.0,16401.0,16401.0,0.0,16401.0,16401.0,16401.0,0.7594233155250549,1.0,0.06036263704299927,0.004356758203357458,0.00797998160123825,0.9996526837348938,2.2610816955566406,0.7993196249008179,8.102400897769257e-05,0.0004221665731165558,2.2613728046417236,0.7993333339691162,-1.3750046491622925e-05,0.0012337230145931244,0.003643631935119629,-0.003626585006713867,0.9999876618385315,0.0015304088592529297,0.369610071182251,0.0,0.0,0.0,0.04442436248064041,0.04442436248064041,0.17566703259944916,1e-06,24.653997898101807,28.380859375,51.67665100097656,0.0,477.0,0.0,0.02083333395421505,0.20000000298023224,0.0,0.02083333395421505,0.20000000298023224,0.0,-0.04442432522773743,3.0776634216308594,-0.3578678369522095,-0.04442432522773743,3.0776634216308594,-0.3578678369522095,255.0625,512.0,117.0,0.0625,255.0625,512.0,117.0,0.0625,0.0,770.0,770.0,770.0,1.0,57.00966121209785,3.038274950347841,0.009710919577628374,6.150482985191047,2.116844211705029,68.82599762408063,13.969532274466516,0.0005920931392981144,0.3750065840614016,16401.0,68.82599762408063,238.29658219529634,2.0,2.0,2.0,,0.02083333395421505,0.0,0.20000000298023224,0.20000000298023224,True,False,False,False,True,False,True,True,True,True
478.0,13325.0,13325.0,0.0,13325.0,13325.0,13325.0,0.9003676176071167,1.0,0.05542933940887451,0.00433334382250905,0.007603202946484089,0.9997041821479797,3.109680652618408,0.9913275241851807,0.0009179834742099047,0.0004575617203954607,3.109220027923584,0.9904922246932983,0.0008352696895599365,0.0017916709184646606,0.005761444568634033,-0.002670764923095703,1.0008379220962524,-8.463859558105469e-06,-0.007646143436431885,0.0,0.0,0.0,-0.02826844062656164,-0.028268441557884216,0.1950453519821167,1e-06,24.653997898101807,28.380859375,51.61756134033203,0.0,478.0,0.0,0.07083334028720856,0.13333334028720856,0.0,0.07083334028720856,0.13333334028720856,0.0,0.02826843410730362,1.6339998245239258,-1.8518667221069336,0.02826843410730362,1.6339998245239258,-1.8518667221069336,208.8125,293.0,111.0,0.0625,208.8125,293.0,111.0,0.0625,0.0,624.0,624.0,624.0,1.0,70.01094666169956,2.6745117441751063,0.009469224140048027,5.0509329261258245,2.1096303211525083,80.35670382995158,20.9550872977251,0.0007106359579773379,0.3790568800094427,13325.0,80.35670382995158,165.82312818850758,2.0,2.0,2.0,,0.07083334028720856,0.0,0.13333334028720856,0.13333334028720856,True,False,False,False,True,False,True,True,True,True
479.0,17904.0,17904.0,0.0,17904.0,17904.0,17904.0,0.8337976932525635,1.0,0.05942019820213318,0.00454364251345396,0.007998514920473099,0.9996545910835266,2.3587429523468018,0.8415444493293762,0.00027691281866282225,0.0004774682456627488,2.358670473098755,0.8413646221160889,0.00017982721328735352,0.0013377740979194641,0.002217888832092285,-0.0031499862670898438,1.0001810789108276,0.001360774040222168,0.17659175395965576,0.0,0.0,0.0,0.0,0.0,0.0,1e-06,24.653997898101807,28.380859375,51.62006378173828,0.0,479.0,0.0,0.0,0.0,0.0,0.0,0.0,0.0,0.0,0.0,0.0,0.0,0.0,0.0,301.0,500.0,158.0,0.0625,301.0,500.0,158.0,0.0625,0.0,818.0,818.0,818.0,1.0,82.01271961908787,3.204628980252892,0.00980679877102375,6.594682960771024,2.203182267025113,94.52518431609496,17.02921919000994,0.0005477434523583417,0.36833573284020465,17904.0,94.52518431609496,189.409839605586,2.0,2.0,2.0,,0.0,0.0,0.0,0.0,False,True,False,False,False,False,False,False,False,False
480.0,17818.0,17818.0,0.0,17818.0,17818.0,17818.0,0.9752869606018066,1.0,0.05568459630012512,0.004508019890636206,0.007913528010249138,0.9996809959411621,2.715653419494629,0.9814079999923706,0.0012139265891164541,0.000516792293637991,2.711374282836914,0.9800015687942505,0.0014062896370887756,0.001725800335407257,0.0037572383880615234,-0.0021305084228515625,1.0014084577560425,-0.00036138296127319336,-0.2746738791465759,0.0,0.0,0.0,0.019009235315024853,0.019009217619895935,0.1937580108642578,1e-06,24.653997898101807,28.380859375,51.691341400146484,0.0,480.0,0.0,0.15416666865348816,0.6666666865348816,0.0,0.15416666865348816,0.6666666865348816,0.0,-0.019009221345186234,2.0007991790771484,-0.6018663644790649,-0.019009221345186234,2.0007991790771484,-0.6018663644790649,204.625,362.0,104.0,0.0625,204.625,362.0,104.0,0.0625,0.0,909.0,909.0,909.0,1.0,84.0136001049541,3.1505377208814025,0.00937090814113617,6.442615608219057,2.1093929070048034,96.22693811403587,25.660843037554702,0.000525923680611526,0.3615790553495935,17818.0,96.22693811403587,185.1664445447114,2.0,2.0,2.0,,0.15416666865348816,0.0,0.6666666865348816,0.6666666865348816,True,False,False,False,True,False,True,True,True,True
481.0,26561.0,26561.0,0.0,26561.0,26561.0,26561.0,0.6199889779090881,1.0,0.051168978214263916,0.003981057088822126,0.0076620266772806644,0.9996567368507385,1.8827505111694336,0.6232447624206543,0.00015605718363076448,0.0003757160156965256,1.8823999166488647,0.623179018497467,6.576627492904663e-05,0.0012155622243881226,0.003244638442993164,-0.0028821229934692383,1.0000669956207275,0.0011838674545288086,0.31882286071777344,0.0,0.0,0.0,0.0,0.0,0.0,1e-06,24.653997898101807,28.380859375,51.580562591552734,0.0,481.0,0.0,0.0,0.0,0.0,0.0,0.0,0.0,0.0,0.0,0.0,0.0,0.0,0.0,265.0625,512.0,138.0,0.0625,265.0625,512.0,138.0,0.0625,0.0,1395.0,1395.0,1395.0,1.0,72.01323828287423,4.027697427198291,0.009599657263606787,9.497878681868315,2.1163744679652154,88.16887528030202,16.98024953616464,0.000361419271247573,0.35758739060533545,26561.0,88.16887528030202,301.25143272564856,2.0,2.0,2.0,,0.0,0.0,0.0,0.0,False,True,False,False,False,False,False,False,False,False
482.0,7621.0,7621.0,0.0,7621.0,7621.0,7621.0,0.5368356108665466,1.0,0.05567985773086548,0.003785208333283663,0.007386256009340286,0.9996569752693176,1.7489293813705444,0.5521646738052368,0.0008127328474074602,0.00033973969402723014,1.747443437576294,0.5512698292732239,0.0008948631584644318,0.0016352757811546326,0.004988431930541992,-0.001849532127380371,1.00089693069458,-0.00026482343673706055,-0.12284219264984131,0.0,0.0,0.0,-0.05051025049760938,-0.05051025003194809,0.1652640700340271,1e-06,24.653997898101807,28.380859375,51.73196792602539,0.0,482.0,0.0,0.6875,1.0,0.0,0.6875,1.0,0.0,0.050510283559560776,0.652789831161499,-1.4361376762390137,0.050510283559560776,0.652789831161499,-1.4361376762390137,195.3125,379.0,99.0,0.0625,195.3125,379.0,99.0,0.0625,0.0,281.0,281.0,281.0,1.0,43.00784159498289,2.1930975262075663,0.009674298111349344,3.6123917629010975,2.1072461921721697,51.43177625583485,13.762509310394526,0.0012694263366158436,0.47400495511102186,7621.0,51.43177625583485,148.17687730812935,2.0,2.0,2.0,,0.6875,0.0,1.0,1.0,True,False,False,False,True,True,True,True,True,True
483.0,10608.0,10608.0,0.0,10608.0,10608.0,10608.0,0.8405516743659973,1.0,0.062205374240875244,0.004453892353922129,0.0078111919574439526,0.999672532081604,2.3342020511627197,0.8324031829833984,-4.1432394937146455e-05,0.00047850116970948875,2.3345229625701904,0.8324545621871948,-5.136802792549133e-05,0.001535799354314804,0.0030915141105651855,-0.0031969547271728516,0.9999502897262573,0.0019971132278442383,0.5364259481430054,0.0,0.0,0.0,0.15008068829774857,0.15008068084716797,0.15888984501361847,1e-06,24.653997898101807,28.380859375,51.565006256103516,0.0,483.0,0.0,0.26249998807907104,1.0,0.0,0.26249998807907104,1.0,0.0,-0.15008069574832916,2.5561866760253906,-0.9098290801048279,-0.15008069574832916,2.5561866760253906,-0.9098290801048279,255.0,512.0,97.0,0.125,255.0,512.0,97.0,0.125,0.0,408.0,408.0,408.0,1.0,67.01171766221523,2.5418995530344546,0.009576573967933655,4.6408117627725005,2.117719508241862,76.82441307976842,16.424440603484125,0.000902769039209432,0.4374822551633202,10608.0,76.82441307976842,138.08110696511912,2.0,2.0,2.0,,0.26249998807907104,0.0,1.0,1.0,True,False,False,False,True,True,True,True,True,True
484.0,15859.0,15859.0,0.0,15859.0,15859.0,15859.0,0.7393597364425659,1.0,0.05863761901855469,0.004575662314891815,0.008280494250357151,0.9996160268783569,2.1126062870025635,0.7327661514282227,3.7035104014648823e-06,0.0004781295428983867,2.112309694290161,0.7327530980110168,1.3120472431182861e-05,0.0015212222933769226,0.0054441094398498535,-0.0043332576751708984,1.0000154972076416,0.001916050910949707,0.4818854331970215,0.0,0.0,0.0,-0.01627921313047409,-0.016279220581054688,0.1671733856201172,1e-06,24.653997898101807,28.380859375,51.49554443359375,0.0,484.0,0.0,0.02916666679084301,0.46666666865348816,0.0,0.02916666679084301,0.46666666865348816,0.0,0.016279187053442,3.7499678134918213,-0.24999785423278809,0.016279187053442,3.7499678134918213,-0.24999785423278809,258.1875,381.0,158.0,0.0625,258.1875,381.0,158.0,0.0625,0.0,733.0,733.0,733.0,1.0,52.00888755591586,2.934840943198651,0.009880377911031246,5.819536176044494,2.1254721651785076,63.40161557914689,12.589902579500329,0.0006230139296948891,0.3669548001793615,15859.0,63.40161557914689,250.13558180079096,2.0,2.0,2.0,,0.02916666679084301,0.0,0.46666666865348816,0.46666666865348816,True,False,False,False,True,False,True,True,True,True
485.0,17909.0,17909.0,0.0,17909.0,17909.0,17909.0,0.895581841468811,1.0,0.060573041439056396,0.0041992818005383015,0.0075616007670760155,0.9997156262397766,2.4671261310577393,0.8747518062591553,-1.672338657954242e-05,0.00047701020957902074,2.466022253036499,0.8744056820869446,0.00034611113369464874,0.0012154821306467056,0.004378080368041992,-0.0016028881072998047,1.000347375869751,0.001944422721862793,0.41198551654815674,0.0,0.0,0.0,0.0,0.0,0.0,1e-06,24.653997898101807,28.380859375,51.6587028503418,0.0,485.0,0.0,0.0,0.0,0.0,0.0,0.0,0.0,0.0,0.0,0.0,0.0,0.0,0.0,283.3125,501.0,70.0,0.0625,283.3125,501.0,70.0,0.0625,0.0,836.0,836.0,836.0,1.0,61.01048495294526,3.22023380221799,0.009836507961153984,6.659089832101017,2.1219327272847295,73.52644196292385,13.459184856153819,0.0005492494254929915,0.37182923848908467,17909.0,73.52644196292385,243.57223771321233,2.0,2.0,2.0,,0.0,0.0,0.0,0.0,False,True,False,False,False,False,False,False,False,False
486.0,17216.0,17216.0,0.0,17216.0,17216.0,17216.0,0.7921558022499084,1.0,0.061877816915512085,0.004323936533182859,0.007826285436749458,0.9996738433837891,2.268141746520996,0.8056942224502563,-0.00010600031237117946,0.0004510491562541574,2.2684216499328613,0.8058817386627197,-0.0001875646412372589,0.0019034482538700104,0.005297541618347168,-0.003310978412628174,0.999815046787262,0.0020182132720947266,0.7265623807907104,0.0,0.0,0.0,0.0,0.0,0.0,1e-06,24.653997898101807,28.380859375,51.67053985595703,0.0,486.0,0.0,0.0,0.0,0.0,0.0,0.0,0.0,0.0,0.0,0.0,0.0,0.0,0.0,264.0,474.0,179.0,0.0625,264.0,474.0,179.0,0.0625,0.0,812.0,812.0,812.0,1.0,1827.212990031112,3.0781614780426025,0.011786996386945248,6.247274122200906,2.1442369520664215,1839.200335899368,432.57883286721403,0.0006846536005428234,0.3628760526371344,17216.0,1839.200335899368,9.360589851992053,2.0,2.0,2.0,,0.0,0.0,0.0,0.0,False,True,False,False,False,False,False,False,False,False
487.0,14758.0,14758.0,0.0,14758.0,14758.0,14758.0,0.787436842918396,1.0,0.0689111053943634,0.004236503038555384,0.007807879243046045,0.999677300453186,2.2543814182281494,0.791305661201477,0.00045654652058146894,0.0004473284643609077,2.2537193298339844,0.7908607721328735,0.0004448089748620987,0.0015406180173158646,0.004306316375732422,-0.003043055534362793,1.0004466772079468,0.0008779764175415039,0.08295094966888428,0.0,0.0,0.0,-0.09400642197579145,-0.09400641173124313,0.15773425996303558,1e-06,24.653997898101807,28.380859375,51.565032958984375,0.0,487.0,0.0,0.3291666507720947,0.800000011920929,0.0,0.3291666507720947,0.800000011920929,0.0,0.09400638937950134,1.3977800607681274,-0.9772089719772339,0.09400638937950134,1.3977800607681274,-0.9772089719772339,256.375,438.0,133.0,0.0625,256.375,438.0,133.0,0.0625,0.0,666.0,666.0,666.0,1.0,68.01093358080834,2.8750034659169614,0.009552469942718744,5.641134927980602,2.1038591670803726,79.14373084157705,16.57994480273241,0.0006472740169886667,0.3822425076555497,14758.0,79.14373084157705,186.47086563989842,2.0,2.0,2.0,,0.3291666507720947,0.0,0.800000011920929,0.800000011920929,True,False,False,False,True,False,True,True,True,True
488.0,8670.0,8670.0,0.0,8670.0,8670.0,8670.0,0.6869023442268372,1.0,0.058429598808288574,0.004360480699688196,0.007820669561624527,0.9996494054794312,1.9904959201812744,0.6809496283531189,8.684128260938451e-05,0.00041326216887682676,1.99036705493927,0.6809974908828735,-4.7886744141578674e-05,0.0016487445682287216,0.002679884433746338,-0.004584848880767822,0.9999542832374573,0.0014837980270385742,0.21577274799346924,0.0,0.0,0.0,-0.008366923779249191,-0.008366920053958893,0.19543974101543427,1e-06,24.653997898101807,28.380859375,51.58393096923828,0.0,488.0,0.0,0.8791667222976685,1.0,0.6000000238418579,0.8791667222976685,1.0,0.6000000238418579,0.008366984315216541,1.0530400276184082,-2.432887077331543,0.008366984315216541,1.0530400276184082,-2.432887077331543,170.875,278.0,92.0,0.0625,170.875,278.0,92.0,0.0625,0.0,371.0,371.0,371.0,1.0,41.007395731285214,2.2355006244033575,0.0103979860432446,3.8054420640692115,2.111005561891943,49.67240441311151,14.999047451091885,0.0011993063487017994,0.4389206532951801,8670.0,49.67240441311151,174.5435942237471,2.0,2.0,2.0,,0.8791667222976685,0.6000000238418579,1.0,0.3999999761581421,True,False,False,False,True,True,True,True,True,True
489.0,13008.0,13008.0,0.0,13008.0,13008.0,13008.0,0.8547905683517456,1.0,0.05866432189941406,0.004692212212830782,0.008027827367186546,0.99964439868927,2.2993807792663574,0.8134021759033203,1.3129892977303825e-05,0.0004974031471647322,2.299556255340576,0.8135316967964172,-0.00012946128845214844,0.0019706711173057556,0.003281116485595703,-0.0046999454498291016,0.999873161315918,0.0019636154174804688,0.7661592960357666,0.0,0.0,0.0,0.0,0.0,0.0,1e-06,24.653997898101807,28.380859375,51.551334381103516,0.0,489.0,0.0,0.0,0.0,0.0,0.0,0.0,0.0,0.0,0.0,0.0,0.0,0.0,0.0,260.0,407.0,151.0,0.0625,260.0,407.0,151.0,0.0625,0.0,553.0,553.0,553.0,1.0,630.0734316832386,2.6807287842966616,0.009712329134345055,5.041178018786013,2.1395692080259323,640.4511605501175,151.45995953924006,0.0007466427686304624,0.38754443563853114,13008.0,640.4511605501175,20.310682220993616,2.0,2.0,2.0,,0.0,0.0,0.0,0.0,False,True,False,False,False,False,False,False,False,False
490.0,13855.0,13855.0,0.0,13855.0,13855.0,13855.0,0.7922683954238892,1.0,0.07248842716217041,0.004410876426845789,0.007938870228827,0.99965900182724,2.2096617221832275,0.7848848700523376,0.000595513847656548,0.0004591935721691698,2.2077620029449463,0.784072995185852,0.0008119456470012665,0.001300860196352005,0.0049086809158325195,-0.001619577407836914,1.0008134841918945,0.0006433725357055664,-0.03958940505981445,0.0,0.0,0.0,-0.11487026140093803,-0.11487026512622833,0.16358529031276703,1e-06,24.653997898101807,28.380859375,51.74262619018555,0.0,490.0,0.0,0.6000000238418579,1.0,0.0,0.6000000238418579,1.0,0.0,0.11487028747797012,0.8288666605949402,-1.2433000802993774,0.11487028747797012,0.8288666605949402,-1.2433000802993774,235.9375,407.0,161.0,0.0625,235.9375,407.0,161.0,0.0625,0.0,630.0,630.0,630.0,1.0,56.008822271134704,2.7585841552354395,0.009143387898802757,5.2752025430090725,2.113217705860734,66.66716902609915,14.836774111558862,0.0006599341680839233,0.380743597474491,13855.0,66.66716902609915,207.82343396906484,2.0,2.0,2.0,,0.6000000238418579,0.0,1.0,1.0,True,False,False,False,True,True,True,True,True,True
491.0,6548.0,6548.0,0.0,6548.0,6548.0,6548.0,0.6185788512229919,1.0,0.056202054023742676,0.003577201161533594,0.007312649395316839,0.9996976256370544,1.906236171722412,0.6348279118537903,-0.00046855295659042895,0.0003552257257979363,1.9074023962020874,0.6354439854621887,-0.0006161071360111237,0.0012820810079574585,0.0021500587463378906,-0.003426849842071533,0.9993852972984314,0.0023614168167114258,0.2641860246658325,0.0,0.0,0.0,-0.03512383997440338,-0.03512383997440338,0.15303142368793488,1e-06,24.653997898101807,28.380859375,51.613468170166016,0.0,491.0,0.0,0.9375,1.0,0.0,0.9375,1.0,0.0,0.03512387350201607,0.24999898672103882,-3.7499847412109375,0.03512387350201607,0.24999898672103882,-3.7499847412109375,151.25,245.0,89.0,0.0625,151.25,245.0,89.0,0.0625,0.0,258.0,258.0,258.0,1.0,41.007908729836345,2.0291824699379504,0.01007933635264635,3.1510032839141786,2.1165969390422106,48.817455722019076,16.945416830510887,0.001539299992768227,0.48121613987693623,6548.0,48.817455722019076,134.1323488320701,2.0,2.0,2.0,,0.9375,0.0,1.0,1.0,True,False,False,False,True,True,True,True,True,True
492.0,15543.0,15543.0,0.0,15543.0,15543.0,15543.0,0.6709872484207153,1.0,0.056782156229019165,0.004049187991768122,0.0077340793795883656,0.9996625781059265,2.0257089138031006,0.691764771938324,0.000605562177952379,0.00038479859358631074,2.024498701095581,0.6911970376968384,0.0005677398294210434,0.0016711633652448654,0.003987908363342285,-0.003671109676361084,1.0005699396133423,0.00032782554626464844,0.15364134311676025,0.0,0.0,0.0,0.15875766053795815,0.15875765681266785,0.1069977879524231,1e-06,24.653997898101807,28.380859375,51.59010314941406,0.0,492.0,0.0,0.05833333358168602,0.9333333373069763,0.0,0.05833333358168602,0.9333333373069763,0.0,-0.15875770151615143,3.7499840259552,-0.24999892711639404,-0.15875770151615143,3.7499840259552,-0.24999892711639404,290.4375,504.0,106.0,0.0625,290.4375,504.0,106.0,0.0625,0.0,681.0,681.0,681.0,1.0,69.01198083581403,2.9975394611246884,0.0110362833365798,6.001514939591289,2.132738271728158,80.65634830808267,14.850867406028412,0.0007100484679006498,0.38612333137690846,15543.0,80.65634830808267,192.70646794757528,2.0,2.0,2.0,,0.05833333358168602,0.0,0.9333333373069763,0.9333333373069763,True,False,False,False,True,False,True,True,True,True
493.0,10621.0,10621.0,0.0,10621.0,10621.0,10621.0,0.8330956101417542,1.0,0.0613461434841156,0.0042610010132193565,0.007823672145605087,0.9996793270111084,2.3896825313568115,0.8432464003562927,-1.2189223525638226e-05,0.00047494343016296625,2.390084981918335,0.8435735702514648,-0.0003271624445915222,0.0018709972500801086,0.002826869487762451,-0.005305886268615723,0.9996753931045532,0.0019366741180419922,0.49127697944641113,0.0,0.0,0.0,0.0,0.0,0.0,1e-06,24.653997898101807,28.380859375,51.57423782348633,0.0,493.0,0.0,0.0,0.0,0.0,0.0,0.0,0.0,0.0,0.0,0.0,0.0,0.0,0.0,226.8125,408.0,111.0,0.0625,226.8125,408.0,111.0,0.0625,0.0,437.0,437.0,437.0,1.0,241.0289927138947,2.49392227595672,0.009766690898686647,4.498670257162303,2.1307661468163133,250.66596710076556,66.41746836976982,0.0009195641557938656,0.4235637187799927,10621.0,250.66596710076556,42.37112888855171,2.0,2.0,2.0,,0.0,0.0,0.0,0.0,False,True,False,False,False,False,False,False,False,False
494.0,11457.0,11457.0,0.0,11457.0,11457.0,11457.0,0.7895745038986206,1.0,0.058809876441955566,0.0041268193162977695,0.00768296280875802,0.9996911883354187,3.245671033859253,0.9471359252929688,0.00034012808464467525,0.00041857807082124054,3.2453038692474365,0.946708083152771,0.00042790547013282776,0.001157175749540329,0.0023665428161621094,-0.0015911459922790527,1.0004286766052246,0.0009938478469848633,0.01483917236328125,0.0,0.0,0.0,0.1269330456852913,0.1269330382347107,0.14142222702503204,1e-06,24.653997898101807,28.380859375,51.61275100708008,0.0,494.0,0.0,0.125,1.0,0.0,0.125,1.0,0.0,-0.1269330531358719,2.561730146408081,-0.3659614622592926,-0.1269330531358719,2.561730146408081,-0.3659614622592926,225.0625,435.0,92.0,0.0625,225.0625,435.0,92.0,0.0625,0.0,491.0,491.0,491.0,1.0,70.01130464905873,2.5786711741238832,0.010063477791845798,4.7375277150422335,2.1035458762198687,79.9432559539564,19.44218401806685,0.0008783693629960547,0.4135050811767682,11457.0,79.9432559539564,143.31415281107266,2.0,2.0,2.0,,0.125,0.0,1.0,1.0,True,False,False,False,True,True,True,True,True,True
495.0,13338.0,13338.0,0.0,13338.0,13338.0,13338.0,0.6825269460678101,1.0,0.061960071325302124,0.0041913921013474464,0.007683145347982645,0.9996635913848877,2.046708822250366,0.6971507668495178,0.0009734740597195923,0.00044705343316309154,2.0443882942199707,0.6960251331329346,0.0011256709694862366,0.0015134960412979126,0.0037432312965393066,-0.002013683319091797,1.0011272430419922,-0.0001646876335144043,-0.23385769128799438,0.0,0.0,0.0,0.01904540638497565,0.019045405089855194,0.16386142373085022,1e-06,24.653997898101807,28.380859375,51.7430419921875,0.0,495.0,0.0,0.125,0.6666666865348816,0.0,0.125,0.6666666865348816,0.0,-0.019045406952500343,2.015556812286377,-0.46512848138809204,-0.019045406952500343,2.015556812286377,-0.46512848138809204,267.625,512.0,129.0,0.125,267.625,512.0,129.0,0.125,0.0,566.0,566.0,566.0,1.0,64.01096181385219,2.7575578740797937,0.009592711925506592,5.296618037857115,2.115600163117051,74.69245504401624,14.94884675708832,0.0007192016738271549,0.39710736526144214,13338.0,74.69245504401624,178.57225327698654,2.0,2.0,2.0,,0.125,0.0,0.6666666865348816,0.6666666865348816,True,False,False,False,True,False,True,True,True,True
496.0,15634.0,15634.0,0.0,15634.0,15634.0,15634.0,0.6616416573524475,1.0,0.05846056342124939,0.00417313864454627,0.007717906031757593,0.9996510148048401,1.9724725484848022,0.6709104776382446,-0.0012318685185164213,0.00041754439007490873,1.9745969772338867,0.6720670461654663,-0.001156676560640335,0.0015563778579235077,0.003197610378265381,-0.004207491874694824,0.9988451600074768,0.00414884090423584,1.6367466449737549,0.0,0.0,0.0,-0.013000324368476868,-0.013000324368476868,0.12744778394699097,1e-06,24.653997898101807,28.380859375,51.757240295410156,0.0,496.0,0.0,0.05416666716337204,0.6000000238418579,0.0,0.05416666716337204,0.6000000238418579,0.0,0.013000277802348137,3.4106967449188232,-0.338466078042984,0.013000277802348137,3.4106967449188232,-0.338466078042984,277.125,510.0,176.0,0.0625,277.125,510.0,176.0,0.0625,0.0,700.0,700.0,700.0,1.0,136.0196494362317,2.9592410568147898,0.01115816319361329,5.886580798774958,2.145061788149178,147.5243619121611,30.676510923823116,0.000713711346655577,0.3765242931287551,15634.0,147.5243619121611,105.9757168060743,2.0,2.0,2.0,,0.05416666716337204,0.0,0.6000000238418579,0.6000000238418579,True,False,False,False,True,False,True,True,True,True
497.0,9885.0,9885.0,0.0,9885.0,9885.0,9885.0,0.70565265417099,1.0,0.05895638465881348,0.0038236859254539013,0.007467895746231079,0.9997028112411499,2.102060079574585,0.7265939116477966,-0.0004951675655320287,0.00039663055213168263,2.1024363040924072,0.7269642353057861,-0.00037034228444099426,0.0017544738948345184,0.0034924745559692383,-0.004204273223876953,0.9996317028999329,0.0025790929794311523,0.5907390117645264,0.0,0.0,0.0,-0.10668597370386124,-0.10668597370386124,0.16969265043735504,1e-06,24.653997898101807,28.380859375,51.63602828979492,0.0,497.0,0.0,0.9000000357627869,1.0,0.20000000298023224,0.9000000357627869,1.0,0.20000000298023224,0.10668595135211945,0.4841204285621643,-3.3888442516326904,0.10668595135211945,0.4841204285621643,-3.3888442516326904,198.8125,300.0,118.0,0.0625,198.8125,300.0,118.0,0.0625,0.0,419.0,419.0,419.0,1.0,41.00644055614248,2.3474077521823347,0.00960273901000619,4.091666064225137,2.113549964968115,50.071449915878475,12.89105330277978,0.0009714455245327455,0.41392676421093955,9885.0,50.071449915878475,197.4178901670931,2.0,2.0,2.0,,0.9000000357627869,0.20000000298023224,1.0,0.7999999970197678,True,False,False,False,True,True,True,True,True,True
498.0,14368.0,14368.0,0.0,14368.0,14368.0,14368.0,0.9464518427848816,1.0,0.1368679702281952,0.00451297452673316,0.008180000819265842,0.9996663331985474,2.9018566608428955,0.9650610089302063,0.0005907173035666347,0.0005369897116906941,2.900161027908325,0.9648387432098389,0.00022227130830287933,0.002893807366490364,0.0050116777420043945,-0.00682300329208374,1.0002281665802002,0.0009808540344238281,0.677608847618103,0.0,0.0,0.0,-0.0298411026597023,-0.029841110110282898,0.18028774857521057,1e-06,24.653997898101807,28.380859375,51.63200759887695,0.0,498.0,0.0,0.008333333767950535,0.06666667014360428,0.0,0.008333333767950535,0.06666667014360428,0.0,0.029841212555766106,2.5616252422332764,-0.3659464418888092,0.029841212555766106,2.5616252422332764,-0.3659464418888092,233.0,470.0,127.0,0.0625,233.0,470.0,127.0,0.0625,0.0,665.0,665.0,665.0,1.0,118.01635355176404,2.873653923626989,0.009478836320340633,5.637278996873647,2.1062646149657667,129.14644434908405,31.6567471973616,0.0006597185634980953,0.39234959610757564,14368.0,129.14644434908405,111.25354687399029,2.0,2.0,2.0,,0.008333333767950535,0.0,0.06666667014360428,0.06666667014360428,True,False,False,False,True,False,True,True,True,True
499.0,8806.0,8806.0,0.0,8806.0,8806.0,8806.0,0.7358444929122925,1.0,0.061050623655319214,0.004243122413754463,0.008070429787039757,0.9996588826179504,2.1753015518188477,0.7587603330612183,0.00043561094207689166,0.0004699822166003287,2.1742873191833496,0.7582868337631226,0.0004734918475151062,0.0012218207120895386,0.0028958916664123535,-0.002111375331878662,1.000474452972412,0.0010122060775756836,-0.032476961612701416,0.0,0.0,0.0,-0.06492098327726126,-0.06492097675800323,0.17376410961151123,1e-06,24.653997898101807,28.380859375,51.776859283447266,0.0,499.0,0.0,0.762499988079071,1.0,0.0,0.762499988079071,1.0,0.0,0.06492102146148682,0.6548448204994202,-2.1023964881896973,0.06492102146148682,0.6548448204994202,-2.1023964881896973,217.375,359.0,152.0,0.0625,217.375,359.0,152.0,0.0625,0.0,333.0,333.0,333.0,1.0,49.008369924966246,2.273043259046972,0.009324797429144382,3.873680613003671,2.107450808864087,57.77480452787131,14.090963175665971,0.001058914084617804,0.4398910530324405,8806.0,57.77480452787131,152.419381977344,2.0,2.0,2.0,,0.762499988079071,0.0,1.0,1.0,True,False,False,False,True,True,True,True,True,True
500.0,17336.0,17336.0,0.0,17336.0,17336.0,17336.0,0.8060896396636963,1.0,0.058628618717193604,0.0044446298852562904,0.007993712089955807,0.9996588826179504,2.34965443611145,0.8321050405502319,0.0007708733901381493,0.0004694810777436942,2.3477747440338135,0.8313977718353271,0.0007072538137435913,0.0013722032308578491,0.003203868865966797,-0.0023734569549560547,1.0007086992263794,0.00033152103424072266,-0.06848275661468506,0.0,0.0,0.0,0.0,0.0,0.0,1e-06,24.653997898101807,28.380859375,51.54489517211914,0.0,500.0,0.0,0.0,0.0,0.0,0.0,0.0,0.0,0.0,0.0,0.0,0.0,0.0,0.0,256.5,512.0,122.0,0.0625,256.5,512.0,122.0,0.0625,0.0,827.0,827.0,827.0,1.0,155.02101946994662,3.1344746202230453,0.00973182125017047,6.419521410949528,2.1441381401382387,216.915655083023,37.773152892287186,0.0005613648621464277,0.3703000352416664,17336.0,216.915655083023,79.92046490772998,2.0,2.0,2.0,49.6834409609437,0.0,0.0,0.0,0.0,False,True,False,False,False,False,False,False,False,False
501.0,22361.0,22361.0,0.0,22361.0,22361.0,22361.0,0.6584434509277344,1.0,0.0640813559293747,0.003950261976569891,0.007617049850523472,0.9996765851974487,2.0724358558654785,0.701593279838562,0.0003271323803346604,0.0004676862445194274,2.0722789764404297,0.7015284299850464,6.485730409622192e-05,0.0018466636538505554,0.004143476486206055,-0.004232466220855713,1.0000672340393066,0.0012220144271850586,0.502078652381897,0.0,0.0,0.0,0.0,0.0,0.0,1e-06,24.653997898101807,28.380859375,51.873619079589844,0.0,501.0,0.0,0.0,0.0,0.0,0.0,0.0,0.0,0.0,0.0,0.0,0.0,0.0,0.0,295.5625,480.0,124.0,0.0625,295.5625,480.0,124.0,0.0625,0.0,1102.0,1102.0,1102.0,1.0,65.00863094860688,3.600855786819011,0.009634578134864569,7.883827753830701,2.1806874787434936,79.18529817089438,13.746802907296866,0.0004308652625045646,0.3525704464840884,22361.0,79.18529817089438,282.3882780834067,2.0,2.0,2.0,,0.0,0.0,0.0,0.0,False,True,False,False,False,False,False,False,False,False
502.0,12033.0,12033.0,0.0,12033.0,12033.0,12033.0,0.8080683946609497,1.0,0.05600583553314209,0.00430699996650219,0.007736878469586372,0.9996821880340576,2.4319686889648438,0.862265944480896,0.00016023757052607834,0.00043945288052782416,2.43149995803833,0.8621329069137573,0.00013298168778419495,0.0016527660191059113,0.002965986728668213,-0.0049440860748291016,1.0001351833343506,0.0014410018920898438,0.39411139488220215,0.0,0.0,0.0,-0.03908972442150116,-0.03908972442150116,0.1499389261007309,1e-06,24.653997898101807,28.380859375,51.66046142578125,0.0,502.0,0.0,0.550000011920929,1.0,0.0,0.550000011920929,1.0,0.0,0.03908976539969444,1.3993788957595825,-1.7103520631790161,0.03908976539969444,1.3993788957595825,-1.7103520631790161,271.0625,489.0,147.0,0.0625,271.0625,489.0,147.0,0.0625,0.0,481.0,481.0,481.0,1.0,50.0077799661085,2.6098310039378703,0.00981579814106226,4.833487011026591,2.124947235919535,60.08597662765533,11.530500338046691,0.0008157398937141411,0.40168594789550327,12033.0,60.08597662765533,200.2630343277413,2.0,2.0,2.0,,0.550000011920929,0.0,1.0,1.0,True,False,False,False,True,True,True,True,True,True
503.0,17354.0,17354.0,0.0,17354.0,17354.0,17354.0,0.6476441621780396,1.0,0.060155391693115234,0.0042451596818864346,0.0077996160835027695,0.999627947807312,1.8132575750350952,0.5867408514022827,0.00033932775841094553,0.00040016198181547225,1.8127336502075195,0.5864353179931641,0.00030555203557014465,0.0015121474862098694,0.00440371036529541,-0.0028937458992004395,1.0003072023391724,0.0009237527847290039,0.25357794761657715,0.0,0.0,0.0,-0.04970620945096016,-0.04970621317625046,0.1465991735458374,1e-06,24.653997898101807,28.380859375,51.63713073730469,0.0,503.0,0.0,0.17083334922790527,0.46666666865348816,0.0,0.17083334922790527,0.46666666865348816,0.0,0.04970628023147583,2.3847339153289795,-1.3771001100540161,0.04970628023147583,2.3847339153289795,-1.3771001100540161,276.625,456.0,165.0,0.0625,276.625,456.0,165.0,0.0625,0.0,808.0,808.0,808.0,1.0,50.00691022584215,3.1306875767186284,0.00919507397338748,6.37768120598048,2.145745131187141,62.1716819498688,11.298443340678299,0.0005298532887742008,0.3675049674991633,17354.0,62.1716819498688,279.1302962334707,2.0,2.0,2.0,,0.17083334922790527,0.0,0.46666666865348816,0.46666666865348816,True,False,False,False,True,False,True,True,True,True
504.0,13572.0,13572.0,0.0,13572.0,13572.0,13572.0,0.6568145155906677,1.0,0.07596072554588318,0.0036105981562286615,0.007279139943420887,0.9997109174728394,2.0224204063415527,0.6907674074172974,0.00011623991304077208,0.00039594987174496055,2.0223424434661865,0.6907062530517578,6.110034883022308e-05,0.001268746331334114,0.0030004382133483887,-0.0032288432121276855,1.000062346458435,0.0013539791107177734,0.26723992824554443,0.0,0.0,0.0,0.07342368736863136,0.07342369109392166,0.12410787492990494,1e-06,24.653997898101807,28.380859375,51.90494918823242,0.0,504.0,0.0,0.004166666883975267,0.06666667014360428,0.0,0.004166666883975267,0.06666667014360428,0.0,-0.07342365384101868,3.749774694442749,-0.2499849945306778,-0.07342365384101868,3.749774694442749,-0.2499849945306778,290.25,512.0,136.0,0.1875,290.25,512.0,136.0,0.1875,0.0,558.0,558.0,558.0,1.0,719.1071625761688,2.8124836781062186,0.009768838994204998,5.464860514737666,2.123565485700965,730.0246819811873,154.8465035693731,0.000719778882567418,0.40265697868683065,13572.0,730.0246819811873,18.591152237712627,2.0,2.0,2.0,,0.004166666883975267,0.0,0.06666667014360428,0.06666667014360428,True,False,False,False,True,False,True,True,True,True
505.0,14618.0,14618.0,0.0,14618.0,14618.0,14618.0,0.7977433800697327,1.0,0.05431663990020752,0.004392149392515421,0.0077916095033288,0.9996724724769592,2.4851105213165283,0.8451916575431824,0.0006984563078731298,0.0004551024758256972,2.4845192432403564,0.8446977734565735,0.000493861734867096,0.0013404861092567444,0.002501964569091797,-0.002057194709777832,1.000495195388794,0.000423431396484375,-0.08192116022109985,0.0,0.0,0.0,0.11006103828549385,0.11006103456020355,0.1174473762512207,1e-06,24.653997898101807,28.380859375,51.765132904052734,0.0,505.0,0.0,0.02500000037252903,0.3333333432674408,0.0,0.02500000037252903,0.3333333432674408,0.0,-0.11006097495555878,3.6755332946777344,-0.298016220331192,-0.11006097495555878,3.6755332946777344,-0.298016220331192,275.625,512.0,96.0,0.0625,275.625,512.0,96.0,0.0625,0.0,638.0,638.0,638.0,1.0,88.01451666792855,2.903244846034795,0.009823960717767477,5.7361308159306645,2.1123926332220435,99.27980436291546,19.95794028751214,0.0006720454725521602,0.3924018891729829,14618.0,99.27980436291546,147.24041907419738,2.0,2.0,2.0,,0.02500000037252903,0.0,0.3333333432674408,0.3333333432674408,True,False,False,False,True,False,True,True,True,True
506.0,12829.0,12829.0,0.0,12829.0,12829.0,12829.0,0.7550813555717468,1.0,0.06429475545883179,0.004595782607793808,0.00804387591779232,0.9996391534805298,2.2064762115478516,0.7746251821517944,9.936167043633759e-05,0.0004619360261131078,2.205972909927368,0.7743597030639648,0.00026547349989414215,0.0019357260316610336,0.005463123321533203,-0.003623664379119873,1.0002682209014893,0.0016531944274902344,0.4646267890930176,0.0,0.0,0.0,-0.11281216144561768,-0.11281216144561768,0.1894136369228363,1e-06,24.653997898101807,28.380859375,51.77846145629883,0.0,506.0,0.0,0.0416666679084301,0.13333334028720856,0.0,0.0416666679084301,0.13333334028720856,0.0,0.11281220614910126,1.436118245124817,-0.6527810096740723,0.11281220614910126,1.436118245124817,-0.6527810096740723,219.8125,335.0,134.0,0.0625,219.8125,335.0,134.0,0.0625,0.0,582.0,582.0,582.0,1.0,140.023436576128,2.644688060041517,0.01027436600998044,4.963890897110105,2.113997809123248,150.25934726558626,39.81331719537333,0.0008008703725918186,0.38692734407281193,12829.0,150.25934726558626,85.3790478493461,2.0,2.0,2.0,,0.0416666679084301,0.0,0.13333334028720856,0.13333334028720856,True,False,False,False,True,False,True,True,True,True
507.0,20684.0,20684.0,0.0,20684.0,20684.0,20684.0,0.8395436406135559,1.0,0.12376505136489868,0.004322535824030638,0.00798366591334343,0.9996687769889832,2.4329919815063477,0.8667975068092346,0.0010383350308984518,0.00046928375377319753,2.431117296218872,0.8660237193107605,0.0007736198604106903,0.0018734000623226166,0.004277944564819336,-0.0037546157836914062,1.0007761716842651,-0.00020229816436767578,0.023773908615112305,0.0,0.0,0.0,0.0,0.0,0.0,1e-06,24.653997898101807,28.380859375,51.68214416503906,0.0,507.0,0.0,0.0,0.0,0.0,0.0,0.0,0.0,0.0,0.0,0.0,0.0,0.0,0.0,253.75,438.0,157.0,0.0625,253.75,438.0,157.0,0.0625,0.0,1039.0,1039.0,1039.0,1.0,106.01640635728836,3.4709546361118555,0.009414808358997107,7.475301367696375,2.111911842599511,119.58625909779221,26.11241535893802,0.00045517348477069745,0.3614050168099195,20684.0,119.58625909779221,172.96301561775223,2.0,2.0,2.0,,0.0,0.0,0.0,0.0,False,True,False,False,False,False,False,False,False,False
508.0,12240.0,12240.0,0.0,12240.0,12240.0,12240.0,0.6968184113502502,1.0,0.059317708015441895,0.0038053859025239944,0.007267244625836611,0.9997043609619141,2.085033416748047,0.712050199508667,0.0008125758031383157,0.0004175700305495411,2.083587646484375,0.7114084959030151,0.0006416402757167816,0.0013918690383434296,0.003505408763885498,-0.0024455785751342773,1.0006431341171265,4.7326087951660156e-05,-0.14928138256072998,0.0,0.0,0.0,0.01645672880113125,0.0164567269384861,0.15100163221359253,1e-06,25.35136604309082,28.380859375,51.59418487548828,0.0,508.0,0.0,0.20000000298023224,0.46666666865348816,0.0,0.20000000298023224,0.46666666865348816,0.0,-0.0164567269384861,1.1744352579116821,-0.880826473236084,-0.0164567269384861,1.1744352579116821,-0.880826473236084,281.0,512.0,136.0,0.125,281.0,512.0,136.0,0.125,0.0,484.0,484.0,484.0,1.0,167.02585457777604,2.7717203106731176,0.009848983027040958,5.101541913114488,2.1549771637655795,177.5663317446597,37.14987868722777,0.0008046554760654378,0.416792639960334,12240.0,177.5663317446597,68.93198659755564,2.0,2.0,2.0,,0.20000000298023224,0.0,0.46666666865348816,0.46666666865348816,True,False,False,False,True,False,True,True,True,True
509.0,11045.0,11045.0,0.0,11045.0,11045.0,11045.0,0.8887112140655518,1.0,0.05142092704772949,0.004594032187014818,0.008135881274938583,0.9996562004089355,2.6199026107788086,0.9387845993041992,-0.0002474042121320963,0.0004765907069668174,2.6214306354522705,0.9391356706619263,-0.00035109743475914,0.0014928244054317474,0.004878997802734375,-0.0038919448852539062,0.9996510744094849,0.002409696578979492,0.6423064470291138,0.0,0.0,0.0,-0.1106139812618494,-0.11061397939920425,0.17099164426326752,1e-06,25.35136604309082,28.380859375,51.6504020690918,0.0,509.0,0.0,0.7750000357627869,1.0,0.13333334028720856,0.7750000357627869,1.0,0.13333334028720856,0.11061397939920425,0.9342576861381531,-2.66436505317688,0.11061397939920425,0.9342576861381531,-2.66436505317688,203.3125,427.0,97.0,0.0625,203.3125,427.0,97.0,0.0625,0.0,487.0,487.0,487.0,1.0,51.00835242588073,2.5284572946839035,0.009496899787336588,4.6002679080702364,2.1255653062835336,60.77481128880754,15.680403450931673,0.0008598370110761963,0.4165023004137833,11045.0,60.77481128880754,181.73647545383787,2.0,2.0,2.0,,0.7750000357627869,0.13333334028720856,1.0,0.8666666597127914,True,False,False,False,True,True,True,True,True,True
510.0,16292.0,16292.0,0.0,16292.0,16292.0,16292.0,0.821018636226654,1.0,0.0585385262966156,0.004020381718873978,0.007481082808226347,0.99970942735672,2.309906482696533,0.8223310112953186,7.307487248908728e-05,0.0004268167249392718,2.3099687099456787,0.822252094745636,7.88755714893341e-05,0.0013556592166423798,0.003684520721435547,-0.004025459289550781,1.0000803470611572,0.0015621185302734375,0.35687899589538574,0.0,0.0,0.0,0.06205769255757332,0.06205769628286362,0.13477882742881775,1e-06,25.35136604309082,28.380859375,51.59146499633789,0.0,510.0,0.0,0.008333333767950535,0.13333334028720856,0.0,0.008333333767950535,0.13333334028720856,0.0,-0.06205769255757332,3.749887466430664,-0.2499925196170807,-0.06205769255757332,3.749887466430664,-0.2499925196170807,319.25,512.0,132.0,0.1875,319.25,512.0,132.0,0.1875,0.0,699.0,699.0,699.0,1.0,131.02028896985576,3.057256259955466,0.009966121055185795,6.174577707890421,2.1042715297080576,142.86919454531744,25.650017417747797,0.000611718699679953,0.3789944578867187,16292.0,142.86919454531744,114.03437985248985,2.0,2.0,2.0,,0.008333333767950535,0.0,0.13333334028720856,0.13333334028720856,True,False,False,False,True,False,True,True,True,True
511.0,16966.0,16966.0,0.0,16966.0,16966.0,16966.0,0.6842553019523621,1.0,0.061968088150024414,0.0037975357845425606,0.007432522717863321,0.9997039437294006,2.085151195526123,0.7105807662010193,3.6240257031749934e-05,0.00042279239278286695,2.0847959518432617,0.7104724645614624,0.00010824762284755707,0.0018322225660085678,0.003750443458557129,-0.0041623711585998535,1.0001106262207031,0.0016204118728637695,0.8431992530822754,0.0,0.0,0.0,0.0,0.0,0.0,1e-06,25.35136604309082,28.380859375,51.62058639526367,0.0,511.0,0.0,0.0,0.0,0.0,0.0,0.0,0.0,0.0,0.0,0.0,0.0,0.0,0.0,259.375,491.0,161.0,0.0625,259.375,491.0,161.0,0.0625,0.0,801.0,801.0,801.0,1.0,67.01185696106404,3.0761155947111547,0.010973806027323008,6.237185071222484,2.1189079033210874,78.96387076191604,16.14743541230459,0.0006468116248569497,0.3676284964766288,16966.0,78.96387076191604,214.85775502513275,2.0,2.0,2.0,,0.0,0.0,0.0,0.0,False,True,False,False,False,False,False,False,False,False
512.0,12088.0,12088.0,0.0,12088.0,12088.0,12088.0,0.5215752124786377,1.0,0.06139558553695679,0.003563424339517951,0.007536518853157759,0.9996606707572937,1.7173165082931519,0.5280237197875977,0.0003505623317323625,0.00034336480894126,1.7176153659820557,0.5279903411865234,3.3404678106307983e-05,0.001313868910074234,0.0019611716270446777,-0.005279064178466797,1.000035047531128,0.0006688833236694336,0.26316189765930176,0.0,0.0,0.0,-0.029592227190732956,-0.029592223465442657,0.13297724723815918,1e-06,25.35136604309082,28.380859375,51.79402160644531,0.0,512.0,0.0,0.8125,1.0,0.0,0.8125,1.0,0.0,0.029592156410217285,0.4651290774345398,-2.015559434890747,0.029592156410217285,0.4651290774345398,-2.015559434890747,306.5,512.0,152.0,0.0625,306.5,512.0,152.0,0.0625,0.0,449.0,449.0,449.0,1.0,52.00857738079503,2.6046088179573417,0.009935352951288223,4.810623674187809,2.1169244279153645,62.05528952507302,10.60533796508871,0.0008219186756525665,0.39796688237821054,12088.0,62.05528952507302,194.7940311376023,2.0,2.0,2.0,,0.8125,0.0,1.0,1.0,True,False,False,False,True,True,True,True,True,True
513.0,15162.0,15162.0,0.0,15162.0,15162.0,15162.0,0.8409334421157837,1.0,0.05753278732299805,0.00456542382016778,0.007828766480088234,0.9996612071990967,2.515110969543457,0.8834347128868103,0.0005752947181463242,0.0004585055576171726,2.5144307613372803,0.8829121589660645,0.0005225762724876404,0.0015664026141166687,0.005271255970001221,-0.0025736093521118164,1.000524640083313,0.0006788969039916992,0.023218870162963867,0.0,0.0,0.0,0.07866879785433412,0.07866880297660828,0.15742097795009613,1e-06,25.35136604309082,28.380859375,51.76681900024414,0.0,513.0,0.0,0.4124999940395355,0.6666666865348816,0.0,0.4124999940395355,0.6666666865348816,0.0,-0.07866884022951126,0.7865260243415833,-1.276492953300476,-0.07866884022951126,0.7865260243415833,-1.276492953300476,287.625,512.0,141.0,0.1875,287.625,512.0,141.0,0.1875,0.0,660.0,660.0,660.0,1.0,106.01455239998177,2.9840313773602247,0.009527065325528383,5.971733147278428,2.1376218390651047,117.61991833196953,23.03662590177787,0.0006283514922522347,0.39386183533032765,15162.0,117.61991833196953,128.9067380340028,2.0,2.0,2.0,,0.4124999940395355,0.0,0.6666666865348816,0.6666666865348816,True,False,False,False,True,False,True,True,True,True
514.0,8617.0,8617.0,0.0,8617.0,8617.0,8617.0,0.6863147020339966,1.0,0.06192666292190552,0.0041220299899578094,0.007795217912644148,0.9996659755706787,2.035518169403076,0.7032569050788879,-0.00029262705356813967,0.00039629329694435,2.036571502685547,0.7036600708961487,-0.0004031434655189514,0.0015714243054389954,0.004693746566772461,-0.004578888416290283,0.9995991587638855,0.002170085906982422,0.40061819553375244,0.0,0.0,0.0,0.0,0.0,0.0,1e-06,25.35136604309082,28.380859375,51.700469970703125,0.0,514.0,0.0,1.0,1.0,1.0,1.0,1.0,1.0,0.0,0.0,0.0,0.0,0.0,0.0,181.5625,287.0,115.0,0.0625,181.5625,287.0,115.0,0.0625,0.0,357.0,357.0,357.0,1.0,35.00718458602205,2.222663226071745,0.009864608757197857,3.7394875837489963,2.1631625867448747,43.64468430308625,12.050665950437883,0.001144784583636748,0.43396629729012376,8617.0,43.64468430308625,197.43526932535664,2.0,2.0,2.0,,1.0,1.0,1.0,0.0,False,False,True,False,True,True,False,False,False,False
515.0,19233.0,19233.0,0.0,19233.0,19233.0,19233.0,0.9071714282035828,1.0,0.059548795223236084,0.004246195312589407,0.00763979647308588,0.9997038245201111,2.5584046840667725,0.9251697063446045,0.000626536610070616,0.00048657716251909733,2.5578019618988037,0.9248014688491821,0.00036823004484176636,0.0017500892281532288,0.004127562046051025,-0.002251267433166504,1.0003702640533447,0.0006935596466064453,0.08243143558502197,0.0,0.0,0.0,0.0,0.0,0.0,1e-06,25.35136604309082,28.380859375,51.608360290527344,0.0,515.0,0.0,0.0,0.0,0.0,0.0,0.0,0.0,0.0,0.0,0.0,0.0,0.0,0.0,211.0625,475.0,111.0,0.0625,211.0625,475.0,111.0,0.0625,0.0,991.0,991.0,991.0,1.0,158.01976972585544,3.314737423323095,0.009746025782078505,6.960695800371468,2.1136867851018906,170.92312856204808,46.79294335974399,0.0005067345594591849,0.361914199572166,19233.0,170.92312856204808,112.52426843461437,2.0,2.0,2.0,,0.0,0.0,0.0,0.0,False,True,False,False,False,False,False,False,False,False
516.0,16333.0,16333.0,0.0,16333.0,16333.0,16333.0,0.9405847787857056,1.0,0.059595465660095215,0.004387938417494297,0.007706526201218367,0.9997000694274902,2.57780122756958,0.9228889346122742,0.0009137957240454853,0.00047424109652638435,2.575399160385132,0.9220713973045349,0.0008175559341907501,0.0016895197331905365,0.004505038261413574,-0.003418445587158203,1.0008200407028198,6.639957427978516e-05,0.07449769973754883,0.0,0.0,0.0,0.0,0.0,0.0,1e-06,25.35136604309082,28.380859375,51.751007080078125,0.0,516.0,0.0,0.0,0.0,0.0,0.0,0.0,0.0,0.0,0.0,0.0,0.0,0.0,0.0,276.8125,512.0,129.0,0.125,276.8125,512.0,129.0,0.125,0.0,744.0,744.0,744.0,1.0,82.01445184554905,3.0597214978188276,0.009379481431096792,6.196656737010926,2.11968409223482,93.90174159826711,18.517600326382716,0.000574265684877046,0.3793948899167897,16333.0,93.90174159826711,173.93713601049348,2.0,2.0,2.0,,0.0,0.0,0.0,0.0,False,True,False,False,False,False,False,False,False,False
517.0,11959.0,11959.0,0.0,11959.0,11959.0,11959.0,0.7699490189552307,1.0,0.05198544263839722,0.0044203088618814945,0.007720852270722389,0.9996567368507385,2.2051334381103516,0.7662959694862366,-0.00012974718993064016,0.00043801721767522395,2.2053370475769043,0.7664977312088013,-0.00020168721675872803,0.0014308467507362366,0.0035225749015808105,-0.0030785202980041504,0.9997997283935547,0.0020177364349365234,0.3356119394302368,0.0,0.0,0.0,0.0980123351328075,0.09801232814788818,0.1206384152173996,1e-06,25.35136604309082,28.380859375,51.70451736450195,0.0,517.0,0.0,0.11250000447034836,1.0,0.0,0.11250000447034836,1.0,0.0,-0.0980122908949852,3.374568462371826,-0.4277622401714325,-0.0980122908949852,3.374568462371826,-0.4277622401714325,258.4375,512.0,82.0,0.0625,258.4375,512.0,82.0,0.0625,0.0,489.0,489.0,489.0,1.0,65.01091647194698,2.6460015042684972,0.010326971299946308,4.91148562496528,2.1078735790215433,75.18883972708136,15.722107973868678,0.0008635313404085883,0.4106936721268735,11959.0,75.18883972708136,159.0528600176368,2.0,2.0,2.0,,0.11250000447034836,0.0,1.0,1.0,True,False,False,False,True,True,True,True,True,True
518.0,18027.0,18027.0,0.0,18027.0,18027.0,18027.0,0.8827927708625793,1.0,0.05359286069869995,0.004683720879256725,0.00804606731981039,0.9996477961540222,2.432772159576416,0.8693204522132874,0.0006220052600838244,0.0004913117736577988,2.431011199951172,0.8685657978057861,0.0007546134293079376,0.0013189949095249176,0.0028023719787597656,-0.0020793676376342773,1.0007559061050415,0.0007152557373046875,0.21175789833068848,0.0,0.0,0.0,-0.02266363985836506,-0.02266363799571991,0.14804904162883759,1e-06,25.35136604309082,28.380859375,51.68355941772461,0.0,518.0,0.0,0.2874999940395355,0.6000000238418579,0.0,0.2874999940395355,0.6000000238418579,0.0,0.022663675248622894,1.038781762123108,-0.9556790590286255,0.022663675248622894,1.038781762123108,-0.9556790590286255,304.6875,512.0,187.0,0.125,304.6875,512.0,187.0,0.125,0.0,822.0,822.0,822.0,1.0,237.03831938188523,3.240227404050529,0.009761880151927471,6.752573440782726,2.1314152721315622,249.67411260399967,48.62324500141236,0.000541514403501829,0.374581097286444,18027.0,249.67411260399967,72.20211904224152,2.0,2.0,2.0,,0.2874999940395355,0.0,0.6000000238418579,0.6000000238418579,True,False,False,False,True,False,True,True,True,True
519.0,19072.0,19072.0,0.0,19072.0,19072.0,19072.0,0.7799320220947266,1.0,0.060665518045425415,0.004271370824426413,0.007807894144207239,0.999667763710022,2.155673027038574,0.7491969466209412,0.00036148884100839496,0.0004831287369597703,2.1546623706817627,0.7487589716911316,0.00043798238039016724,0.001322668045759201,0.0037246346473693848,-0.001853644847869873,1.0004392862319946,0.0012227296829223633,0.0841437578201294,0.0,0.0,0.0,-0.07530686631798744,-0.07530686259269714,0.16029761731624603,1e-06,25.35136604309082,28.380859375,51.62795639038086,0.0,519.0,0.0,0.125,0.46666666865348816,0.0,0.125,0.46666666865348816,0.0,0.07530684769153595,1.9301756620407104,-0.7061618566513062,0.07530684769153595,1.9301756620407104,-0.7061618566513062,276.0,494.0,119.0,0.0625,276.0,494.0,119.0,0.0625,0.0,916.0,916.0,916.0,1.0,183.02757399296388,3.319481967948377,0.009590093046426773,6.936853163875639,2.124566623941064,195.92368262121454,41.44646150202986,0.0005028362545316051,0.36371923048844584,19072.0,195.92368262121454,97.34402571879225,2.0,2.0,2.0,,0.125,0.0,0.46666666865348816,0.46666666865348816,True,False,False,False,True,False,True,True,True,True
520.0,15504.0,15504.0,0.0,15504.0,15504.0,15504.0,0.7241842150688171,1.0,0.058329999446868896,0.003882479155436158,0.00748620368540287,0.9996917247772217,2.010039806365967,0.6931520700454712,0.0006829437334090471,0.0003987193922512233,2.0084891319274902,0.6923810243606567,0.0007709413766860962,0.001172862946987152,0.003735184669494629,-0.001370251178741455,1.0007721185684204,0.0002218484878540039,-0.13604843616485596,0.0,0.0,0.0,0.0,0.0,0.0,1e-06,25.35136604309082,28.380859375,51.62501907348633,0.0,520.0,0.0,0.0,0.0,0.0,0.0,0.0,0.0,0.0,0.0,0.0,0.0,0.0,0.0,289.0,512.0,133.0,0.0625,289.0,512.0,133.0,0.0625,0.0,680.0,680.0,680.0,1.0,234.02958555100486,2.958827469032258,0.009674177970737219,5.87867173878476,2.2066873759031296,245.59088765457273,50.61193459148029,0.0006239794872766524,0.3791712937812668,15504.0,245.59088765457273,63.12937808102477,2.0,2.0,2.0,,0.0,0.0,0.0,0.0,False,True,False,False,False,False,False,False,False,False
521.0,14279.0,14279.0,0.0,14279.0,14279.0,14279.0,0.9014358520507812,1.0,0.06232491135597229,0.004139716271311045,0.007823306135833263,0.9997048377990723,2.81762433052063,0.9936433434486389,0.0008426595013588667,0.0004636314988601953,2.8147127628326416,0.9924022555351257,0.0012411028146743774,0.001839950680732727,0.0039008259773254395,-0.0022464990615844727,1.0012435913085938,0.00016379356384277344,-0.06735628843307495,0.0,0.0,0.0,-0.14589333860203624,-0.14589333534240723,0.18607696890830994,1e-06,25.35136604309082,28.380859375,51.65150833129883,0.0,521.0,0.0,0.11666668206453323,0.46666666865348816,0.0,0.11666668206453323,0.46666666865348816,0.0,0.14589326083660126,2.5617189407348633,-0.8539064526557922,0.14589326083660126,2.5617189407348633,-0.8539064526557922,270.4375,512.0,131.0,0.0625,270.4375,512.0,131.0,0.0625,0.0,622.0,622.0,622.0,1.0,57.0099835251458,2.8956079608760774,0.009739820845425129,5.715598849579692,2.0962715353816748,68.22946413606405,13.175406407475341,0.0006821080499632417,0.4002800510945929,14279.0,68.22946413606405,209.27908757314347,2.0,2.0,2.0,,0.11666668206453323,0.0,0.46666666865348816,0.46666666865348816,True,False,False,False,True,False,True,True,True,True
522.0,16150.0,16150.0,0.0,16150.0,16150.0,16150.0,0.894097626209259,1.0,0.061068952083587646,0.0041130720637738705,0.007487395778298378,0.9997137784957886,2.667616605758667,0.9280270934104919,4.616041769622825e-05,0.0004423161153681576,2.6666905879974365,0.9278446435928345,0.00018255040049552917,0.0011168606579303741,0.00420224666595459,-0.0024985671043395996,1.0001835823059082,0.0016793012619018555,0.3547685146331787,0.0,0.0,0.0,0.0,0.0,0.0,1e-06,25.35136604309082,28.380859375,50.90515899658203,0.0,522.0,0.0,0.0,0.0,0.0,0.0,0.0,0.0,0.0,0.0,0.0,0.0,0.0,0.0,278.375,512.0,141.0,0.0625,278.375,512.0,141.0,0.0625,0.0,731.0,731.0,731.0,1.0,629.088972331956,3.038553141988814,0.009537877049297094,6.046822181902826,2.413033221848309,641.1000376823358,141.2413498724643,0.000590580622247498,0.3744162341735496,16150.0,641.1000376823358,25.191076354299486,2.0,2.0,2.0,,0.0,0.0,0.0,0.0,False,True,False,False,False,False,False,False,False,False
523.0,17773.0,17773.0,0.0,17773.0,17773.0,17773.0,0.6455457210540771,1.0,0.062139809131622314,0.0039821527898311615,0.007774362340569496,0.9996559023857117,1.9078459739685059,0.638042688369751,-5.6663051509531215e-05,0.0003908596117980778,1.907509684562683,0.6378467679023743,0.00019592233002185822,0.0012932587414979935,0.0027120113372802734,-0.0017178058624267578,1.000197172164917,0.001682877540588379,0.5636247396469116,0.0,0.0,0.0,0.0,0.0,0.0,1e-06,25.35136604309082,28.380859375,50.82402420043945,0.0,523.0,0.0,0.0,0.0,0.0,0.0,0.0,0.0,0.0,0.0,0.0,0.0,0.0,0.0,324.8125,512.0,139.0,0.0625,324.8125,512.0,139.0,0.0625,0.0,786.0,786.0,786.0,1.0,63.01009438512847,3.1768641751259565,0.009957616683095694,6.516197945922613,2.103772778995335,75.31820219475776,12.124320643665282,0.0005602665100487084,0.36663466752504437,17773.0,75.31820219475776,235.97217514622278,2.0,2.0,2.0,,0.0,0.0,0.0,0.0,False,True,False,False,False,False,False,False,False,False
524.0,12122.0,12122.0,0.0,12122.0,12122.0,12122.0,0.7833152413368225,1.0,0.05481666326522827,0.0038664848543703556,0.007199733518064022,0.9997290372848511,2.353740692138672,0.8060072064399719,0.0011962532298639417,0.00040899193845689297,2.3512418270111084,0.8049879670143127,0.0010191593319177628,0.0023489054292440414,0.0054062604904174805,-0.00414276123046875,1.0010231733322144,-0.0007624030113220215,-0.04516404867172241,0.0,0.0,0.0,0.05097907781600952,0.05097907781600952,0.1653028428554535,1e-06,25.35136604309082,28.380859375,50.9827995300293,0.0,524.0,0.0,0.574999988079071,1.0,0.0,0.574999988079071,1.0,0.0,-0.05097906291484833,0.9360482692718506,-1.266418218612671,-0.05097906291484833,0.9360482692718506,-1.266418218612671,259.625,466.0,135.0,0.0625,259.625,466.0,135.0,0.0625,0.0,498.0,498.0,498.0,1.0,253.03835100773722,2.602568496018648,0.009518940933048725,4.804503565188497,2.1289945649914443,263.0893508940935,60.914383969123065,0.0007852615849734965,0.39634578165224366,12122.0,263.0893508940935,46.07560115528851,2.0,2.0,2.0,,0.574999988079071,0.0,1.0,1.0,True,False,False,False,True,True,True,True,True,True
525.0,10507.0,10507.0,0.0,10507.0,10507.0,10507.0,0.8196446895599365,1.0,0.06208416819572449,0.00452787522226572,0.008138466626405716,0.9996496438980103,2.4981141090393066,0.8740687966346741,0.001020293915644288,0.0004883739748038352,2.494715452194214,0.8728913068771362,0.0011775195598602295,0.0019441545009613037,0.005031585693359375,-0.0030054450035095215,1.0011805295944214,-8.881092071533203e-05,-0.17280012369155884,0.0,0.0,0.0,-0.023136958479881287,-0.023136958479881287,0.193756565451622,1e-06,25.35136604309082,28.380859375,50.95582962036133,0.0,525.0,0.0,0.03333333507180214,0.13333334028720856,0.0,0.03333333507180214,0.13333334028720856,0.0,0.023136958479881287,2.371652126312256,-0.790550708770752,0.023136958479881287,2.371652126312256,-0.790550708770752,215.6875,338.0,72.0,0.0625,215.6875,338.0,72.0,0.0625,0.0,441.0,441.0,441.0,1.0,568.077010308858,2.4437938081100583,0.009736104868352413,4.3149559567682445,2.1423581447452307,577.4932365990244,164.6122892810368,0.0009266303291474648,0.41067440342326494,10507.0,577.4932365990244,18.194152475062513,2.0,2.0,2.0,,0.03333333507180214,0.0,0.13333334028720856,0.13333334028720856,True,False,False,False,True,False,True,True,True,True
526.0,16572.0,16572.0,0.0,16572.0,16572.0,16572.0,0.9559008479118347,1.0,0.056563228368759155,0.004673495423048735,0.008018252439796925,0.9996684193611145,2.6020312309265137,0.934600293636322,0.0015076316194608808,0.0005147521733306348,2.598339080810547,0.9332787990570068,0.0013215765357017517,0.0016977041959762573,0.0036096572875976562,-0.0021877288818359375,1.0013236999511719,-0.0009683370590209961,-0.336039662361145,0.0,0.0,0.0,0.00980299711227417,0.00980299711227417,0.19715186953544617,1e-06,25.35136604309082,28.380859375,50.96055603027344,0.0,526.0,0.0,0.09583333879709244,0.20000000298023224,0.0,0.09583333879709244,0.20000000298023224,0.0,-0.009802951477468014,1.144898772239685,-1.0533069372177124,-0.009802951477468014,1.144898772239685,-1.0533069372177124,234.75,348.0,89.0,0.0625,234.75,348.0,89.0,0.0625,0.0,801.0,801.0,801.0,1.0,77.01317182229832,3.007388852071017,0.009741459041833878,6.042951763607562,2.128629975952208,88.70444526569918,20.504039356309455,0.0005878263964418222,0.36464830820706984,16572.0,88.70444526569918,186.8226552836374,2.0,2.0,2.0,,0.09583333879709244,0.0,0.20000000298023224,0.20000000298023224,True,False,False,False,True,False,True,True,True,True
527.0,11284.0,11284.0,0.0,11284.0,11284.0,11284.0,0.8667880892753601,1.0,0.057540327310562134,0.004318430554121733,0.007668395061045885,0.9996999502182007,2.512390613555908,0.8976057171821594,0.0004677817632909864,0.0005160898435860872,2.511693000793457,0.8972223401069641,0.00038332492113113403,0.0019245520234107971,0.004065215587615967,-0.0032375454902648926,1.0003858804702759,0.0011394023895263672,0.20245778560638428,0.0,0.0,0.0,0.08987759798765182,0.08987760543823242,0.14642253518104553,1e-06,25.35136604309082,28.380859375,50.89976501464844,0.0,527.0,0.0,0.1833333522081375,0.8666666746139526,0.0,0.1833333522081375,0.8666666746139526,0.0,-0.08987753093242645,2.3113036155700684,-0.6201059222221375,-0.08987753093242645,2.3113036155700684,-0.6201059222221375,229.25,378.0,123.0,0.0625,229.25,378.0,123.0,0.0625,0.0,476.0,476.0,476.0,1.0,55.01005702605471,2.527066940907389,0.009509489871561527,4.581614019349217,2.1136075258255005,64.74275341583416,14.99728926555472,0.0008427410378909542,0.40602747424222063,11284.0,64.74275341583416,174.28977614721384,2.0,2.0,2.0,,0.1833333522081375,0.0,0.8666666746139526,0.8666666746139526,True,False,False,False,True,False,True,True,True,True
528.0,13322.0,13322.0,0.0,13322.0,13322.0,13322.0,0.7668058276176453,1.0,0.06213769316673279,0.004321512300521135,0.007897891104221344,0.9996580481529236,2.3217086791992188,0.8040481209754944,-0.00020085560390725732,0.00043049949454143643,2.322035551071167,0.804295539855957,-0.0002473704516887665,0.0012372694909572601,0.002548515796661377,-0.003271043300628662,0.9997539520263672,0.0021361112594604492,0.3370218276977539,0.0,0.0,0.0,0.0,0.0,0.0,1e-06,25.35136604309082,28.380859375,51.05727005004883,0.0,528.0,0.0,0.0,0.0,0.0,0.0,0.0,0.0,0.0,0.0,0.0,0.0,0.0,0.0,209.625,412.0,113.0,0.0625,209.625,412.0,113.0,0.0625,0.0,623.0,623.0,623.0,1.0,1819.2165333912708,2.7717729760333896,0.009957554750144482,5.307811660692096,2.1296202270314097,1829.946907593403,542.4020672007367,0.0007474519404101848,0.3984245354070031,13322.0,1829.946907593403,7.279992629687825,2.0,2.0,2.0,,0.0,0.0,0.0,0.0,False,True,False,False,False,False,False,False,False,False
529.0,12228.0,12228.0,0.0,12228.0,12228.0,12228.0,0.9612076878547668,1.0,0.062050312757492065,0.004411899484694004,0.00784455519169569,0.9996908903121948,3.27872896194458,0.9800779819488525,0.00018386107694823295,0.0005099045811221004,3.2811551094055176,0.9799481630325317,0.00012976676225662231,0.002052322030067444,0.004634082317352295,-0.004621982574462891,1.0001329183578491,0.0016794204711914062,0.39223039150238037,0.0,0.0,0.0,-0.019490674138069153,-0.019490674138069153,0.1734030693769455,1e-06,25.35136604309082,28.380859375,50.91594314575195,0.0,529.0,0.0,0.04583333432674408,0.20000000298023224,0.0,0.04583333432674408,0.20000000298023224,0.0,0.019490676000714302,2.648221969604492,-0.7873092293739319,0.019490676000714302,2.648221969604492,-0.7873092293739319,221.25,378.0,83.0,0.0625,221.25,378.0,83.0,0.0625,0.0,543.0,543.0,543.0,1.0,185.02892753109336,2.613517030607909,0.010057169012725353,4.836790991015732,2.1222672858275473,195.11600812990218,52.268058624602645,0.0008224704786330842,0.39555045723059634,12228.0,195.11600812990218,62.67040883626,2.0,2.0,2.0,,0.04583333432674408,0.0,0.20000000298023224,0.20000000298023224,True,False,False,False,True,False,True,True,True,True
530.0,15122.0,15122.0,0.0,15122.0,15122.0,15122.0,0.5493417382240295,1.0,0.06197303533554077,0.003729060757905245,0.007693808060139418,0.99964839220047,1.8029890060424805,0.5751769542694092,0.0002220864116679877,0.0004012207791674882,1.8029589653015137,0.5750561356544495,0.00012084841728210449,0.0012067034840583801,0.002814352512359619,-0.004314124584197998,1.0001221895217896,0.0011664628982543945,0.5683244466781616,0.0,0.0,0.0,0.0,0.0,0.0,1e-06,25.35136604309082,28.380859375,50.9683837890625,0.0,530.0,0.0,0.0,0.0,0.0,0.0,0.0,0.0,0.0,0.0,0.0,0.0,0.0,0.0,313.125,512.0,175.0,0.125,313.125,512.0,175.0,0.125,0.0,632.0,632.0,632.0,1.0,512.0655921683647,2.931502945255488,0.010061569977551699,5.801206666044891,2.422626633197069,523.7315925750881,102.20870103160972,0.0006653597392905501,0.3836269452483065,15122.0,523.7315925750881,28.87356847359163,2.0,2.0,2.0,,0.0,0.0,0.0,0.0,False,True,False,False,False,False,False,False,False,False
531.0,21934.0,21934.0,0.0,21934.0,21934.0,21934.0,0.809522807598114,1.0,0.05275315046310425,0.00393629539757967,0.0073745944537222385,0.9997225999832153,2.6541926860809326,0.902141273021698,-9.354265057481825e-05,0.0004436314047779888,2.651240348815918,0.9016289710998535,0.0005122628062963486,0.001625237986445427,0.00523531436920166,-0.003840923309326172,1.0005147457122803,0.0019731521606445312,1.2550938129425049,0.0,0.0,0.0,0.0,0.0,0.0,1e-06,25.35136604309082,28.380859375,50.82606887817383,0.0,531.0,0.0,0.0,0.0,0.0,0.0,0.0,0.0,0.0,0.0,0.0,0.0,0.0,0.0,267.875,512.0,80.0,0.125,267.875,512.0,80.0,0.125,0.0,1103.0,1103.0,1103.0,1.0,265.03832522174343,3.5765442750416696,0.009753506164997816,7.824230466969311,2.1365933818742633,279.0903919809498,61.83815334151737,0.0004446752149629715,0.3567169903788325,21934.0,279.0903919809498,78.59102509518556,2.0,2.0,2.0,,0.0,0.0,0.0,0.0,False,True,False,False,False,False,False,False,False,False
532.0,18582.0,18582.0,0.0,18582.0,18582.0,18582.0,0.8173863291740417,1.0,0.06025323271751404,0.004391196183860302,0.007839279249310493,0.9996745586395264,2.3221261501312256,0.8293339610099792,5.108176628709771e-05,0.0004853297141380608,2.3220467567443848,0.8291804194450378,0.00015354156494140625,0.0015472471714019775,0.002701878547668457,-0.0044536590576171875,1.0001552104949951,0.001843571662902832,0.5049978494644165,0.0,0.0,0.0,0.0,0.0,0.0,1e-06,25.35136604309082,28.380859375,51.00008773803711,0.0,532.0,0.0,0.0,0.0,0.0,0.0,0.0,0.0,0.0,0.0,0.0,0.0,0.0,0.0,263.375,483.0,85.0,0.0625,263.375,483.0,85.0,0.0625,0.0,898.0,898.0,898.0,1.0,79.01245886599645,3.2382171130739152,0.009948925115168095,6.710823517292738,2.162613894790411,91.6344078509137,18.749990238727207,0.0005354065824544233,0.36114645986937566,18582.0,91.6344078509137,202.78408990466036,2.0,2.0,2.0,,0.0,0.0,0.0,0.0,False,True,False,False,False,False,False,False,False,False
533.0,9272.0,9272.0,0.0,9272.0,9272.0,9272.0,0.760233461856842,1.0,0.06213939189910889,0.004356873221695423,0.0080374451354146,0.99965900182724,2.2825376987457275,0.7830654382705688,0.00045706916716881096,0.0004596161306835711,2.280970573425293,0.7824987173080444,0.0005667302757501602,0.0016384627670049667,0.005222022533416748,-0.002939194440841675,1.0005687475204468,0.0009250640869140625,0.10853815078735352,0.0,0.0,0.0,-0.09869661647826433,-0.09869661927223206,0.15985789895057678,1e-06,25.35136604309082,28.380859375,50.96116256713867,0.0,533.0,0.0,0.7249999642372131,1.0,0.0,0.7249999642372131,1.0,0.0,0.09869661182165146,0.6469827890396118,-1.705681562423706,0.09869661182165146,0.6469827890396118,-1.705681562423706,234.5,349.0,167.0,0.0625,234.5,349.0,167.0,0.0625,0.0,345.0,345.0,345.0,1.0,45.00798615021631,2.2946152230724692,0.011126348748803139,3.9309199349954724,2.127400681376457,53.87259053438902,11.995731916368953,0.0011999944724766112,0.42395598953790686,9272.0,53.87259053438902,172.10978547766908,2.0,2.0,2.0,,0.7249999642372131,0.0,1.0,1.0,True,False,False,False,True,True,True,True,True,True
534.0,15457.0,15457.0,0.0,15457.0,15457.0,15457.0,0.9183958172798157,1.0,0.060225069522857666,0.004257527645677328,0.007570016197860241,0.9997163414955139,2.7573838233947754,0.9353468418121338,0.0002672071277629584,0.00048054696526378393,2.756397247314453,0.9348663687705994,0.00048046186566352844,0.0015586502850055695,0.003788888454437256,-0.0035019516944885254,1.000482439994812,0.0013855695724487305,0.848515510559082,0.0,0.0,0.0,-0.04204746335744858,-0.042047470808029175,0.16414299607276917,1e-06,25.35136604309082,28.380859375,50.89434051513672,0.0,534.0,0.0,0.10000000149011612,0.7333333492279053,0.0,0.10000000149011612,0.7333333492279053,0.0,0.042047400027513504,3.1095895767211914,-0.4909878373146057,0.042047400027513504,3.1095895767211914,-0.4909878373146057,314.0625,512.0,75.0,0.125,314.0625,512.0,75.0,0.125,0.0,652.0,652.0,652.0,1.0,90.01520317420363,2.9661545869894326,0.011722550727427006,5.918110060039908,2.1221429430879653,101.5345105137676,17.913473268498237,0.0007583975368717737,0.382875723622948,15457.0,101.5345105137676,152.23395397079403,2.0,2.0,2.0,,0.10000000149011612,0.0,0.7333333492279053,0.7333333492279053,True,False,False,False,True,False,True,True,True,True
535.0,14973.0,14973.0,0.0,14973.0,14973.0,14973.0,1.0260984897613525,1.0,0.05577975511550903,0.00436949310824275,0.007696916349232197,0.999717652797699,3.3156790733337402,1.0778058767318726,-0.00042298625339753926,0.0004999377997592092,3.3185176849365234,1.0783655643463135,-0.0005596727132797241,0.0018292814493179321,0.0034515857696533203,-0.0077097415924072266,0.9994437098503113,0.0028541088104248047,1.0274434089660645,0.0,0.0,0.0,0.0,0.0,0.0,1e-06,25.35136604309082,28.380859375,51.0970573425293,0.0,535.0,0.0,0.0,0.0,0.0,0.0,0.0,0.0,0.0,0.0,0.0,0.0,0.0,0.0,245.8125,478.0,150.0,0.0625,245.8125,478.0,150.0,0.0625,0.0,690.0,690.0,690.0,1.0,145.02123422082514,2.8935571224428713,0.010030339937657118,5.682214921806008,2.121207613032311,156.22913985978812,36.87293013496698,0.0006698951404299151,0.3794974234826693,14973.0,156.22913985978812,95.83999510870959,2.0,2.0,2.0,,0.0,0.0,0.0,0.0,False,True,False,False,False,False,False,False,False,False
536.0,12339.0,12339.0,0.0,12339.0,12339.0,12339.0,0.8646342754364014,1.0,0.05966275930404663,0.0044060866348445415,0.007842283695936203,0.9996774792671204,2.4841651916503906,0.8857854604721069,0.0010803400073200464,0.0004801514733117074,2.479473352432251,0.8842252492904663,0.0015601925551891327,0.002332109957933426,0.013040781021118164,-0.0017924308776855469,1.0015673637390137,-0.0002415776252746582,-0.1143983006477356,0.0,0.0,0.0,0.015349488705396652,0.01534949243068695,0.18658380210399628,1e-06,25.35136604309082,28.380859375,50.88340377807617,0.0,536.0,0.0,0.03333333507180214,0.3333333432674408,0.0,0.03333333507180214,0.3333333432674408,0.0,-0.015349489636719227,3.5575201511383057,-0.39528003334999084,-0.015349489636719227,3.5575201511383057,-0.39528003334999084,201.1875,327.0,61.0,0.0625,201.1875,327.0,61.0,0.0625,0.0,570.0,570.0,570.0,1.0,57.009420440066606,2.6034509879536927,0.010022236034274101,4.851122320163995,2.1665429268032312,67.14285723958164,17.710289046308358,0.0008122405409088339,0.3931536040330655,12339.0,67.14285723958164,183.7723401607936,2.0,2.0,2.0,,0.03333333507180214,0.0,0.3333333432674408,0.3333333432674408,True,False,False,False,True,False,True,True,True,True
537.0,13066.0,13066.0,0.0,13066.0,13066.0,13066.0,0.6699868440628052,1.0,0.05550423264503479,0.003914643544703722,0.007445968221873045,0.999686062335968,1.9677144289016724,0.6691523194313049,0.00023922645777929574,0.0004184936115052551,1.9668071269989014,0.6687050461769104,0.00044731423258781433,0.0016655586659908295,0.005212843418121338,-0.0048288702964782715,1.0004500150680542,0.0012063980102539062,0.9902700185775757,0.0,0.0,0.0,0.0,0.0,0.0,1e-06,25.35136604309082,28.380859375,50.854366302490234,0.0,537.0,0.0,0.0,0.0,0.0,0.0,0.0,0.0,0.0,0.0,0.0,0.0,0.0,0.0,306.625,481.0,143.0,0.0625,306.625,481.0,143.0,0.0625,0.0,510.0,510.0,510.0,1.0,789.1105338009074,2.68234725529328,0.0101767941378057,5.0438745720312,2.1267539649270475,799.4812258509919,160.84601178167702,0.0007788760246292438,0.38603050451792437,13066.0,799.4812258509919,16.34309797092753,2.0,2.0,2.0,,0.0,0.0,0.0,0.0,False,True,False,False,False,False,False,False,False,False
538.0,10895.0,10895.0,0.0,10895.0,10895.0,10895.0,0.88487708568573,1.0,0.06961187720298767,0.004233264364302158,0.007704873103648424,0.9997001886367798,2.5616180896759033,0.9142382740974426,0.0005980923306196928,0.00046184859820641577,2.5602145195007324,0.9136207699775696,0.0006174109876155853,0.0013079233467578888,0.0038555264472961426,-0.0026559829711914062,1.000618815422058,0.0006514787673950195,0.029346466064453125,0.0,0.0,0.0,0.16303996741771698,0.16303996741771698,0.15393312275409698,1e-06,25.35136604309082,28.380859375,51.039527893066406,0.0,538.0,0.0,0.06666667014360428,0.2666666805744171,0.0,0.06666667014360428,0.2666666805744171,0.0,-0.16303996741771698,1.677037000656128,-0.5590122938156128,-0.16303996741771698,1.677037000656128,-0.5590122938156128,274.9375,512.0,98.0,0.125,274.9375,512.0,98.0,0.125,0.0,406.0,406.0,406.0,1.0,57.01022666413337,2.5693977479822934,0.011120620183646679,4.7125736442394555,2.1053624218329787,66.91002864204347,12.959815108918702,0.0010207085987743625,0.432544620857224,10895.0,66.91002864204347,162.8305983589736,2.0,2.0,2.0,,0.06666667014360428,0.0,0.2666666805744171,0.2666666805744171,True,False,False,False,True,False,True,True,True,True
539.0,16812.0,16812.0,0.0,16812.0,16812.0,16812.0,0.7783747911453247,1.0,0.05783155560493469,0.0044803437776863575,0.007845058105885983,0.9996579885482788,2.203216552734375,0.7738582491874695,0.0002523028524592519,0.00046434730757027864,2.203558921813965,0.7739227414131165,-6.454996764659882e-05,0.0010175984352827072,0.002644956111907959,-0.0035272836685180664,0.9999364614486694,0.0013532638549804688,0.1355832815170288,0.0,0.0,0.0,-0.05695416033267975,-0.05695416033267975,0.14996041357517242,1e-06,25.35136604309082,28.380859375,50.921913146972656,0.0,539.0,0.0,0.05000000074505806,0.800000011920929,0.0,0.05000000074505806,0.800000011920929,0.0,0.05695410072803497,3.749981164932251,-0.24999874830245972,0.05695410072803497,3.749981164932251,-0.24999874830245972,312.75,512.0,137.0,0.0625,312.75,512.0,137.0,0.0625,0.0,738.0,738.0,738.0,1.0,263.0425687688403,3.1077980883419514,0.009592256043106318,6.327163243666291,2.1371410018764436,275.127816028893,52.566460585299815,0.000570560078700114,0.37634803971367425,16812.0,275.127816028893,61.106144201117274,2.0,2.0,2.0,,0.05000000074505806,0.0,0.800000011920929,0.800000011920929,True,False,False,False,True,False,True,True,True,True
540.0,16634.0,16634.0,0.0,16634.0,16634.0,16634.0,0.836435854434967,1.0,0.058477044105529785,0.00420609163120389,0.0075913770124316216,0.9997020363807678,2.6030945777893066,0.919583261013031,0.0007606976432725787,0.0004464511584956199,2.6003618240356445,0.9186723232269287,0.0009109713137149811,0.0019475631415843964,0.0035480260848999023,-0.0024216771125793457,1.0009132623672485,0.00026237964630126953,0.345011830329895,0.0,0.0,0.0,0.0,0.0,0.0,1e-06,25.35136604309082,28.380859375,50.89569854736328,0.0,540.0,0.0,0.0,0.0,0.0,0.0,0.0,0.0,0.0,0.0,0.0,0.0,0.0,0.0,273.625,512.0,139.0,0.0625,273.625,512.0,139.0,0.0625,0.0,766.0,766.0,766.0,1.0,223.0287642693147,3.0673147668130696,0.009531909134238958,6.214356333017349,2.1034070448949933,234.9297856213525,50.94307087010386,0.0005730377019501598,0.3735936234830678,16634.0,234.9297856213525,70.80413390752337,2.0,2.0,2.0,,0.0,0.0,0.0,0.0,False,True,False,False,False,False,False,False,False,False
541.0,9509.0,9509.0,0.0,9509.0,9509.0,9509.0,0.7205518484115601,1.0,0.05882862210273743,0.004223978146910667,0.00775048416107893,0.9996715188026428,2.211812973022461,0.7598199844360352,0.0005490888725034893,0.00045043506543152034,2.210927724838257,0.7593666315078735,0.00045332126319408417,0.001124335452914238,0.0025722384452819824,-0.002015829086303711,1.000454306602478,0.0007014274597167969,-0.08339756727218628,0.0,0.0,0.0,0.01547161489725113,0.01547161489725113,0.16212424635887146,1e-06,25.35136604309082,28.380859375,50.935768127441406,0.0,541.0,0.0,0.09583333879709244,1.0,0.0,0.09583333879709244,1.0,0.0,-0.01547160092741251,3.6602933406829834,-0.3879573941230774,-0.01547160092741251,3.6602933406829834,-0.3879573941230774,267.3125,512.0,149.0,0.0625,267.3125,512.0,149.0,0.0625,0.0,327.0,327.0,327.0,1.0,159.02528641931713,2.4059140640310943,0.010089316871017218,4.235383742023259,2.1478440132923424,168.32808291492984,37.18150255303183,0.0010610281702615645,0.4454079022003638,9509.0,168.32808291492984,56.490870895296105,2.0,2.0,2.0,,0.09583333879709244,0.0,1.0,1.0,True,False,False,False,True,True,True,True,True,True
542.0,10617.0,10617.0,0.0,10617.0,10617.0,10617.0,0.778856098651886,1.0,0.05654388666152954,0.004108143039047718,0.00762980105355382,0.999699056148529,2.3675858974456787,0.8385167121887207,0.00012940105807501823,0.0004722094163298607,2.3670809268951416,0.8381555080413818,0.00036118924617767334,0.0023493096232414246,0.00483095645904541,-0.0055065155029296875,1.000365138053894,0.0016349554061889648,0.9511814117431641,0.0,0.0,0.0,0.0,0.0,0.0,1e-06,25.35136604309082,28.380859375,50.98105239868164,0.0,542.0,0.0,0.0,0.0,0.0,0.0,0.0,0.0,0.0,0.0,0.0,0.0,0.0,0.0,253.5625,512.0,148.0,0.0625,253.5625,512.0,148.0,0.0625,0.0,410.0,410.0,410.0,1.0,159.02628449117765,2.502888551913202,0.010545443743467331,4.5200242209248245,2.1117764837108552,168.67262458894402,39.197999628094074,0.000993260218844055,0.42573459743099035,10617.0,168.67262458894402,62.94441688966232,2.0,2.0,2.0,,0.0,0.0,0.0,0.0,False,True,False,False,False,False,False,False,False,False
543.0,13726.0,13726.0,0.0,13726.0,13726.0,13726.0,0.8530019521713257,1.0,0.06211385130882263,0.004236884415149689,0.00775538757443428,0.9997022151947021,2.5841922760009766,0.9357569217681885,0.0004445808590389788,0.0004560895904432982,2.582306146621704,0.9350605607032776,0.0006963424384593964,0.0013610683381557465,0.0032520294189453125,-0.0022707581520080566,1.0006977319717407,0.0009331703186035156,0.11268973350524902,0.0,0.0,0.0,0.08694325387477875,0.08694325387477875,0.1598309427499771,1e-06,25.35136604309082,28.380859375,51.16324996948242,0.0,543.0,0.0,0.14166668057441711,1.0,0.0,0.14166668057441711,1.0,0.0,-0.08694326132535934,2.545466423034668,-0.4201255440711975,-0.08694326132535934,2.545466423034668,-0.4201255440711975,210.875,512.0,105.0,0.0625,210.875,512.0,105.0,0.0625,0.0,647.0,647.0,647.0,1.0,74.01233715517446,2.79314519232139,0.010272290091961622,5.3772354973480105,2.103938200045377,84.79850826319307,21.936080958854316,0.0007483819096577024,0.39175546388955346,13726.0,84.79850826319307,161.866054971132,2.0,2.0,2.0,,0.14166668057441711,0.0,1.0,1.0,True,False,False,False,True,True,True,True,True,True
544.0,10609.0,10609.0,0.0,10609.0,10609.0,10609.0,0.8475328683853149,1.0,0.06210911273956299,0.004290873184800148,0.00793396309018135,0.9996732473373413,2.3862197399139404,0.8500698208808899,0.0005003539263270795,0.0004505720571614802,2.3847134113311768,0.8494288325309753,0.0006409715861082077,0.002009419724345207,0.0043340325355529785,-0.004680037498474121,1.0006442070007324,0.0008037090301513672,0.42715883255004883,0.0,0.0,0.0,0.09460389614105225,0.09460389614105225,0.18736833333969116,1e-06,25.35136604309082,28.380859375,50.952911376953125,0.0,544.0,0.0,0.7083333730697632,1.0,0.0,0.7083333730697632,1.0,0.0,-0.09460385888814926,0.6433112621307373,-1.5623277425765991,-0.09460385888814926,0.6433112621307373,-1.5623277425765991,204.0625,348.0,112.0,0.0625,204.0625,348.0,112.0,0.0625,0.0,459.0,459.0,459.0,1.0,63.01123366924003,2.4706565947271883,0.009436246007680893,4.405165665782988,2.113196690566838,72.51273510884494,19.298999592416546,0.0008894566884419731,0.4152291135623516,10609.0,72.51273510884494,146.30533497426907,2.0,2.0,2.0,,0.7083333730697632,0.0,1.0,1.0,True,False,False,False,True,True,True,True,True,True
545.0,18771.0,18771.0,0.0,18771.0,18771.0,18771.0,0.6608803868293762,1.0,0.057705044746398926,0.0040367403998970985,0.007666932884603739,0.9996650815010071,1.9917185306549072,0.6752887964248657,0.001102937152609229,0.0003856246476061642,1.9891811609268188,0.6740942597389221,0.0011945869773626328,0.0017930436879396439,0.004868686199188232,-0.001643538475036621,1.001197338104248,-0.000666499137878418,0.025013208389282227,0.0,0.0,0.0,-0.08923901850357652,-0.08923902362585068,0.13301268219947815,1e-06,25.35136604309082,28.380859375,51.01268768310547,0.0,545.0,0.0,0.19166667759418488,0.4000000059604645,0.0,0.19166667759418488,0.4000000059604645,0.0,0.08923893421888351,1.0465176105499268,-0.9627962708473206,0.08923893421888351,1.0465176105499268,-0.9627962708473206,336.1875,512.0,127.0,0.0625,336.1875,512.0,127.0,0.0625,0.0,837.0,837.0,837.0,1.0,56.009298058692366,3.255161387845874,0.009993334766477346,6.758867511060089,2.125820524059236,68.66074094502255,10.4125856216197,0.00053238158683487,0.36006965590858714,18771.0,68.66074094502255,273.38767018302576,2.0,2.0,2.0,,0.19166667759418488,0.0,0.4000000059604645,0.4000000059604645,True,False,False,False,True,False,True,True,True,True
546.0,12660.0,12660.0,0.0,12660.0,12660.0,12660.0,0.7626892924308777,1.0,0.0573386549949646,0.004189674276858568,0.007823272608220577,0.9996781349182129,4.518871307373047,0.9724242091178894,-3.538508508427185e-06,0.00045083777513355017,4.520812511444092,0.9724864959716797,-6.225332617759705e-05,0.0019231177866458893,0.0027360916137695312,-0.005274355411529541,0.9999405145645142,0.0018157958984375,0.9061955213546753,0.0,0.0,0.0,0.14815395325422287,0.14815396070480347,0.1619175523519516,1e-06,25.35136604309082,28.380859375,50.89168167114258,0.0,546.0,0.0,0.12083334475755692,0.5333333611488342,0.0,0.12083334475755692,0.5333333611488342,0.0,-0.14815399050712585,3.3093018531799316,-0.9693915247917175,-0.14815399050712585,3.3093018531799316,-0.9693915247917175,241.25,512.0,55.0,0.125,241.25,512.0,55.0,0.125,0.0,550.0,550.0,550.0,1.0,493.07739649992436,2.717475365847349,0.009447711985558271,5.193367972038686,2.4630831792019308,503.9683344364166,127.74025816060217,0.0007462647697913326,0.4102186391815708,12660.0,503.9683344364166,25.12062591027186,2.0,2.0,2.0,,0.12083334475755692,0.0,0.5333333611488342,0.5333333611488342,True,False,False,False,True,False,True,True,True,True
547.0,13827.0,13827.0,0.0,13827.0,13827.0,13827.0,0.9465979337692261,1.0,0.057635366916656494,0.00422243308275938,0.007440320681780577,0.9997180700302124,2.5629518032073975,0.9039678573608398,0.0009038115967996418,0.000436756934504956,2.560466766357422,0.9029200077056885,0.0010478273034095764,0.0011566132307052612,0.0038784146308898926,-0.000519871711730957,1.0010490417480469,-6.312131881713867e-05,-0.2719218134880066,0.0,0.0,0.0,0.10980063490569592,0.10980063676834106,0.1805807203054428,1e-06,25.35136604309082,28.380859375,51.08221435546875,0.0,547.0,0.0,0.29999998211860657,0.6000000238418579,0.0,0.29999998211860657,0.6000000238418579,0.0,-0.10980064421892166,0.9682427644729614,-0.9682425856590271,-0.10980064421892166,0.9682427644729614,-0.9682425856590271,212.1875,426.0,98.0,0.0625,212.1875,426.0,98.0,0.0625,0.0,652.0,652.0,652.0,1.0,60.01023341109976,2.773633122909814,0.009338116738945246,5.316137849818915,2.107336915563792,70.72050850093365,17.6760628604123,0.0006753537816551129,0.38447514643949626,13827.0,70.72050850093365,195.51612810896935,2.0,2.0,2.0,,0.29999998211860657,0.0,0.6000000238418579,0.6000000238418579,True,False,False,False,True,False,True,True,True,True
548.0,12173.0,12173.0,0.0,12173.0,12173.0,12173.0,0.7067601680755615,1.0,0.05654257535934448,0.004305391106754541,0.007782173343002796,0.999663770198822,2.0800700187683105,0.7190499305725098,0.0001479804195696488,0.0004931322182528675,2.0801737308502197,0.7190094590187073,4.048086702823639e-05,0.0013078618794679642,0.0032257437705993652,-0.002840280532836914,1.0000417232513428,0.0016821622848510742,0.606484055519104,0.0,0.0,0.0,0.15999385714530945,0.15999385714530945,0.15874165296554565,1e-06,25.35136604309082,28.380859375,50.96736526489258,0.0,548.0,0.0,0.38333332538604736,1.0,0.0,0.38333332538604736,1.0,0.0,-0.15999385714530945,1.281920075416565,-0.7968692183494568,-0.15999385714530945,1.281920075416565,-0.7968692183494568,273.8125,415.0,141.0,0.0625,273.8125,415.0,141.0,0.0625,0.0,487.0,487.0,487.0,1.0,61.00971461785957,2.5969232763163745,0.01063749985769391,4.786943894810975,2.111762181855738,71.02048347098753,13.925979141259889,0.0008738601706805151,0.39324274170795814,12173.0,71.02048347098753,171.40125503331407,2.0,2.0,2.0,,0.38333332538604736,0.0,1.0,1.0,True,False,False,False,True,True,True,True,True,True
549.0,15208.0,15208.0,0.0,15208.0,15208.0,15208.0,0.7120762467384338,1.0,0.0592498779296875,0.004067745991051197,0.007711158134043217,0.9996808171272278,2.1000759601593018,0.718174934387207,0.000596487894654274,0.0004330288211349398,2.098691940307617,0.7175419926643372,0.0006329268217086792,0.0011527501046657562,0.0031137168407440186,-0.0010153651237487793,1.000633955001831,0.0005450248718261719,-0.06657660007476807,0.0,0.0,0.0,-0.06104045733809471,-0.06104046106338501,0.1428333818912506,1e-06,25.35136604309082,28.380859375,50.897796630859375,0.0,549.0,0.0,0.03750000149011612,0.13333334028720856,0.0,0.03750000149011612,0.13333334028720856,0.0,0.061040427535772324,1.7660659551620483,-0.6910693049430847,0.061040427535772324,1.7660659551620483,-0.6910693049430847,336.5,512.0,180.0,0.0625,336.5,512.0,180.0,0.0625,0.0,614.0,614.0,614.0,1.0,59.010426200926304,2.924943916965276,0.010267224162817001,5.7813044912181795,2.2211614600382745,70.45136344293132,10.960331760944706,0.0006751199475813389,0.3801489013162927,15208.0,70.45136344293132,215.86523321609158,2.0,2.0,2.0,,0.03750000149011612,0.0,0.13333334028720856,0.13333334028720856,True,False,False,False,True,False,True,True,True,True
550.0,14332.0,14332.0,0.0,14332.0,14332.0,14332.0,0.71025550365448,1.0,0.052226096391677856,0.003865133970975876,0.007310432381927967,0.9997130036354065,2.0661284923553467,0.717568576335907,0.0012021471047773957,0.0004135038470849395,2.0633480548858643,0.7162202596664429,0.0013483092188835144,0.0018454566597938538,0.0045032501220703125,-0.001253366470336914,1.0013508796691895,-0.0007564425468444824,-0.21603864431381226,0.0,0.0,0.0,0.0,0.0,0.0,1e-06,25.35136604309082,28.380859375,51.142032623291016,0.0,550.0,0.0,0.0,0.0,0.0,0.0,0.0,0.0,0.0,0.0,0.0,0.0,0.0,0.0,294.75,512.0,179.0,0.0625,294.75,512.0,179.0,0.0625,0.0,601.0,601.0,601.0,1.0,166.02893226407468,2.834545752964914,0.009933172259479761,5.495109518058598,2.112612805329263,176.98466356890276,35.205456374909815,0.0006930764903348982,0.3834154003669131,14332.0,176.98466356890276,80.97876793951889,2.0,2.0,2.0,,0.0,0.0,0.0,0.0,False,True,False,False,False,False,False,False,False,False
551.0,13593.0,13593.0,0.0,13593.0,13593.0,13593.0,0.8113518357276917,1.0,0.056608885526657104,0.004160786047577858,0.007638415787369013,0.9996905326843262,2.198850393295288,0.7791085839271545,0.0011551623465493321,0.0004237086686771363,2.1962826251983643,0.7780095934867859,0.001098915934562683,0.0017970353364944458,0.004084348678588867,-0.0033928751945495605,1.0011014938354492,-0.0006167888641357422,-0.22912108898162842,0.0,0.0,0.0,0.008232749998569489,0.008232749998569489,0.16367223858833313,1e-06,25.35136604309082,28.380859375,50.94385528564453,0.0,551.0,0.0,0.06666667014360428,0.20000000298023224,0.0,0.06666667014360428,0.20000000298023224,0.0,-0.008232727646827698,1.4141985177993774,-0.7070993185043335,-0.008232727646827698,1.4141985177993774,-0.7070993185043335,241.5625,512.0,116.0,0.0625,241.5625,512.0,116.0,0.0625,0.0,608.0,608.0,608.0,1.0,260.04242664016783,2.797554907388985,0.009945539757609367,5.398182145319879,2.132873652037233,270.88144329888746,67.28135230017278,0.0007316662809982614,0.39712956266606925,13593.0,270.88144329888746,50.180624536179984,2.0,2.0,2.0,,0.06666667014360428,0.0,0.20000000298023224,0.20000000298023224,True,False,False,False,True,False,True,True,True,True
552.0,9437.0,9437.0,0.0,9437.0,9437.0,9437.0,0.8716472387313843,1.0,0.06127578020095825,0.0041700988076627254,0.007558482699096203,0.9997130036354065,2.4568681716918945,0.8831128478050232,0.0011063077254220843,0.0004997342475689948,2.4537551403045654,0.8819597959518433,0.001153014600276947,0.0017283186316490173,0.003828883171081543,-0.002523660659790039,1.001154899597168,-0.0002200603485107422,-0.2341483235359192,0.0,0.0,0.0,0.07583320885896683,0.07583320885896683,0.17961442470550537,1e-06,25.35136604309082,28.380859375,51.31560516357422,0.0,552.0,0.0,0.1041666641831398,0.3333333432674408,0.0,0.1041666641831398,0.3333333432674408,0.0,-0.07583320140838623,2.008477210998535,-0.9129440188407898,-0.07583320140838623,2.008477210998535,-0.9129440188407898,217.8125,332.0,126.0,0.0625,217.8125,332.0,126.0,0.0625,0.0,372.0,372.0,372.0,1.0,559.076783424709,2.4354576957412064,0.010928751900792122,4.153602691367269,2.4360583857633173,568.6237613982521,160.42375421082036,0.0011580748013979149,0.4401401601533611,9437.0,568.6237613982521,16.596211134044616,2.0,2.0,2.0,,0.1041666641831398,0.0,0.3333333432674408,0.3333333432674408,True,False,False,False,True,False,True,True,True,True
553.0,13999.0,13999.0,0.0,13999.0,13999.0,13999.0,0.9622471332550049,1.0,0.05738198757171631,0.004230097867548466,0.007594170980155468,0.9997223019599915,2.776608943939209,0.9767937660217285,0.0009076402056962252,0.0004844916984438896,2.774310350418091,0.976003110408783,0.000790674239397049,0.0019687674939632416,0.0056915283203125,-0.0061356425285339355,1.0007942914962769,0.0001220703125,0.27081894874572754,0.0,0.0,0.0,-0.19666730612516403,-0.19666729867458344,0.1641933023929596,1e-06,25.35136604309082,28.380859375,51.07002639770508,0.0,553.0,0.0,0.11057692766189575,0.1538461595773697,0.0,0.11057692766189575,0.1538461595773697,0.0,0.1966673880815506,0.8940409421920776,-2.284771203994751,0.1966673880815506,0.8940409421920776,-2.284771203994751,268.9375,449.0,142.0,0.0625,268.9375,449.0,142.0,0.0625,0.0,606.0,606.0,606.0,1.0,178.02882047975436,2.829543933738023,0.01023771520704031,5.49612140096724,2.103960590902716,188.97451567510143,41.37318626069123,0.0007313176089035153,0.39260814350791057,13999.0,188.97451567510143,74.07877167981786,2.0,2.0,2.0,,0.11057692766189575,0.0,0.1538461595773697,0.1538461595773697,True,False,False,False,True,False,True,True,True,True
554.0,14147.0,14147.0,0.0,14147.0,14147.0,14147.0,0.7323610782623291,1.0,0.11075705289840698,0.004372930154204369,0.008220719173550606,0.9996330142021179,2.2653045654296875,0.7706557512283325,0.0009669740684330463,0.0004251862410455942,2.2638466358184814,0.7699052095413208,0.0007504932582378387,0.0017513670027256012,0.005559206008911133,-0.004988372325897217,1.0007532835006714,-0.00023424625396728516,-0.09845173358917236,0.0,0.0,0.0,0.04126591607928276,0.04126591607928276,0.14289052784442902,1e-06,25.35136604309082,28.380859375,50.976139068603516,0.0,554.0,0.0,0.125,1.0,0.0,0.125,1.0,0.0,-0.04126596078276634,2.561730146408081,-0.3659614622592926,-0.04126596078276634,2.561730146408081,-0.3659614622592926,303.1875,465.0,118.0,0.0625,303.1875,465.0,118.0,0.0625,0.0,581.0,581.0,581.0,1.0,65.0119696110487,2.845111956819892,0.010050162672996521,5.539919967297465,2.1165201677940786,76.02392004523426,13.401766565872748,0.0007104094629954422,0.3915968026646967,14147.0,76.02392004523426,186.08616855829757,2.0,2.0,2.0,,0.125,0.0,1.0,1.0,True,False,False,False,True,True,True,True,True,True
555.0,13037.0,13037.0,0.0,13037.0,13037.0,13037.0,0.6922615170478821,1.0,0.0620076060295105,0.004003093112260103,0.007475924678146839,0.9996903538703918,2.167569398880005,0.7448992133140564,0.001163527020253241,0.0004445781814865768,2.165377140045166,0.7438592910766602,0.0010398663580417633,0.001345176249742508,0.0034827589988708496,-0.0011513233184814453,1.0010411739349365,-0.0005486607551574707,-0.28442031145095825,0.0,0.0,0.0,0.0,0.0,0.0,1e-06,25.35136604309082,28.380859375,51.01606369018555,0.0,555.0,0.0,0.0,0.0,0.0,0.0,0.0,0.0,0.0,0.0,0.0,0.0,0.0,0.0,316.8125,512.0,113.0,0.0625,316.8125,512.0,113.0,0.0625,0.0,498.0,498.0,498.0,1.0,135.02229963988066,2.757122708018869,0.009582685306668282,5.2495132042095065,2.1043008477427065,145.643429919146,26.636871106703623,0.0007350376088569672,0.4026626681145591,13037.0,145.643429919146,89.51313497105565,2.0,2.0,2.0,,0.0,0.0,0.0,0.0,False,True,False,False,False,False,False,False,False,False
556.0,15555.0,15555.0,0.0,15555.0,15555.0,15555.0,0.7700545191764832,1.0,0.05932199954986572,0.004312559030950069,0.00790913961827755,0.9996547698974609,2.2841994762420654,0.7988197207450867,0.00048295018495991826,0.0004374554264359176,2.2828874588012695,0.7982428073883057,0.0005768705159425735,0.0017844047397375107,0.0037927627563476562,-0.005405426025390625,1.0005794763565063,0.0007826089859008789,0.34589433670043945,0.0,0.0,0.0,-0.15101145952939987,-0.15101146697998047,0.1730438768863678,1e-06,25.35136604309082,28.380859375,51.02203369140625,0.0,556.0,0.0,0.02083333395421505,0.20000000298023224,0.0,0.02083333395421505,0.20000000298023224,0.0,0.15101146697998047,3.0776634216308594,-0.3578678369522095,0.15101146697998047,3.0776634216308594,-0.3578678369522095,270.1875,512.0,151.0,0.125,270.1875,512.0,151.0,0.125,0.0,702.0,702.0,702.0,1.0,55.00858936039731,2.9987659668549895,0.010010419879108667,6.018215684220195,2.109619275201112,66.64546155231073,12.724633208511985,0.0006435499761561342,0.3868991118110058,15555.0,66.64546155231073,233.39923886326025,2.0,2.0,2.0,,0.02083333395421505,0.0,0.20000000298023224,0.20000000298023224,True,False,False,False,True,False,True,True,True,True
557.0,13276.0,13276.0,0.0,13276.0,13276.0,13276.0,0.6880862712860107,1.0,0.06099432706832886,0.004464925732463598,0.008014969527721405,0.9996189475059509,1.98591148853302,0.6711649298667908,0.000103846745332703,0.000416631402913481,1.9859225749969482,0.6711722612380981,-7.329508662223816e-06,0.0015402864664793015,0.0041498541831970215,-0.0029953718185424805,0.9999945163726807,0.0014632940292358398,0.4770822525024414,0.0,0.0,0.0,0.041025370359420776,0.041025370359420776,0.166010320186615,1e-06,25.35136604309082,28.380859375,51.05442810058594,0.0,557.0,0.0,0.008333333767950535,0.06666667014360428,0.0,0.008333333767950535,0.06666667014360428,0.0,-0.041025303304195404,2.5616252422332764,-0.3659464418888092,-0.041025303304195404,2.5616252422332764,-0.3659464418888092,278.75,426.0,163.0,0.0625,278.75,426.0,163.0,0.0625,0.0,551.0,551.0,551.0,1.0,56.011004557833076,2.7145425798371434,0.00982913002371788,5.13970546843484,2.143495572730899,66.52207158878446,12.558521201307865,0.0007403683356220157,0.3871426234132902,13276.0,66.52207158878446,199.57285879591154,2.0,2.0,2.0,,0.008333333767950535,0.0,0.06666667014360428,0.06666667014360428,True,False,False,False,True,False,True,True,True,True
558.0,16653.0,16653.0,0.0,16653.0,16653.0,16653.0,0.879084587097168,1.0,0.06205707788467407,0.004234299063682556,0.007716226391494274,0.9997007250785828,2.4781014919281006,0.883002519607544,0.000547573494259268,0.00048087220056913793,2.4759092330932617,0.8822383284568787,0.0007643066346645355,0.0014520548284053802,0.003266572952270508,-0.002991974353790283,1.0007658004760742,0.0008263587951660156,0.4971965551376343,0.0,0.0,0.0,0.04291170835494995,0.04291170835494995,0.137762650847435,1e-06,25.35136604309082,28.380859375,51.08361053466797,0.0,558.0,0.0,0.5,1.0,0.0,0.5,1.0,0.0,-0.042911697179079056,0.9682439565658569,-0.9682439565658569,-0.042911697179079056,0.9682439565658569,-0.9682439565658569,387.8125,512.0,168.0,0.3125,387.8125,512.0,168.0,0.3125,0.0,653.0,653.0,653.0,1.0,121.01980061270297,3.0907762199640274,0.009939337614923716,6.2693330883048475,2.1129563809372485,133.0072990967892,19.503593974649956,0.0005968496736277977,0.3764686896237823,16653.0,133.0072990967892,125.20365508573809,2.0,2.0,2.0,,0.5,0.0,1.0,1.0,True,False,False,False,True,True,True,True,True,True
559.0,17296.0,17296.0,0.0,17296.0,17296.0,17296.0,0.7577455639839172,1.0,0.05594488978385925,0.004430265165865421,0.00788972619920969,0.9996594786643982,2.3045971393585205,0.8205960988998413,-0.00013439686154015362,0.00048400068772025406,2.3042235374450684,0.820460319519043,0.0001357104629278183,0.001662006601691246,0.0030357837677001953,-0.004747509956359863,1.0001379251480103,0.0022079944610595703,0.7118449211120605,0.0,0.0,0.0,-0.17194015718996525,-0.1719401478767395,0.17228329181671143,1e-06,25.35136604309082,28.380859375,51.10651779174805,0.0,559.0,0.0,0.34583333134651184,1.0,0.0,0.34583333134651184,1.0,0.0,0.1719401329755783,1.5432322025299072,-0.8158488273620605,0.1719401329755783,1.5432322025299072,-0.8158488273620605,258.0,512.0,86.0,0.0625,258.0,512.0,86.0,0.0625,0.0,823.0,823.0,823.0,1.0,63.011336042080075,3.169233710039407,0.009720510803163052,6.514322843402624,2.1044032373465598,75.3133990704082,15.264374041201568,0.0005620091814964762,0.37663753719950416,17296.0,75.3133990704082,229.65368996067352,2.0,2.0,2.0,,0.34583333134651184,0.0,1.0,1.0,True,False,False,False,True,True,True,True,True,True
560.0,10930.0,10930.0,0.0,10930.0,10930.0,10930.0,0.9652024507522583,1.0,0.061634987592697144,0.0044651757925748825,0.007652597967535257,0.9997004270553589,2.8317911624908447,1.013778567314148,0.0006970867398194969,0.0004962136154063046,2.8302266597747803,1.01328444480896,0.0004939883947372437,0.0020721927285194397,0.004941999912261963,-0.003532230854034424,1.0004971027374268,0.0005859136581420898,0.26606953144073486,0.0,0.0,0.0,0.05384550988674164,0.05384550988674164,0.1597849279642105,1e-06,25.35136604309082,28.380859375,51.21349334716797,0.0,560.0,0.0,0.008333333767950535,0.06666667014360428,0.0,0.008333333767950535,0.06666667014360428,0.0,-0.05384551361203194,2.5616252422332764,-0.3659464418888092,-0.05384551361203194,2.5616252422332764,-0.3659464418888092,225.125,358.0,115.0,0.0625,225.125,358.0,115.0,0.0625,0.0,458.0,458.0,458.0,1.0,67.0132351689972,2.5072741392068565,0.009554003830999136,4.530536792241037,2.130322630982846,76.69221303192899,18.60445174042121,0.0008741083102469474,0.41450473853989356,10930.0,76.69221303192899,142.51772856586567,2.0,2.0,2.0,,0.008333333767950535,0.0,0.06666667014360428,0.06666667014360428,True,False,False,False,True,False,True,True,True,True
561.0,19417.0,19417.0,0.0,19417.0,19417.0,19417.0,0.8944817781448364,1.0,0.05931204557418823,0.004126865416765213,0.007603434380143881,0.9997068643569946,2.4753143787384033,0.8896921873092651,0.0005758645129390061,0.0004315521800890565,2.4722297191619873,0.8885350227355957,0.0011572688817977905,0.0018211379647254944,0.004960358142852783,-0.0018680095672607422,1.0011601448059082,0.0005693435668945312,0.11397802829742432,0.0,0.0,0.0,0.007924597710371017,0.007924586534500122,0.16970594227313995,1e-06,25.35136604309082,28.380859375,51.01974105834961,0.0,561.0,0.0,0.004166666883975267,0.06666667014360428,0.0,0.004166666883975267,0.06666667014360428,0.0,-0.007924593053758144,3.749774694442749,-0.2499849945306778,-0.007924593053758144,3.749774694442749,-0.2499849945306778,238.5625,457.0,122.0,0.0625,238.5625,457.0,122.0,0.0625,0.0,975.0,975.0,975.0,1.0,188.03112205583602,3.341752687934786,0.009983875788748264,7.0651018735952675,2.1772024342790246,201.12840028712526,49.26149385796071,0.00051418220058445,0.3638616611008533,19417.0,201.12840028712526,96.54031937946523,2.0,2.0,2.0,,0.004166666883975267,0.0,0.06666667014360428,0.06666667014360428,True,False,False,False,True,False,True,True,True,True
562.0,15375.0,15375.0,0.0,15375.0,15375.0,15375.0,0.5965896248817444,1.0,0.05602210760116577,0.003975515719503164,0.00782327726483345,0.9996451139450073,1.8828456401824951,0.6209340691566467,0.0014517700765281916,0.00043102356721647084,1.8800060749053955,0.6194243431091309,0.0015098098665475845,0.002018274739384651,0.00517040491104126,-0.0030066967010498047,1.0015127658843994,-0.0011886358261108398,-0.18202072381973267,0.0,0.0,0.0,0.19784976541996002,0.19784976541996002,0.1408228874206543,1e-06,25.35136604309082,28.380859375,51.11723709106445,0.0,562.0,0.0,0.38750001788139343,1.0,0.0,0.38750001788139343,1.0,0.0,-0.1978498250246048,1.819539189338684,-1.151137113571167,-0.1978498250246048,1.819539189338684,-1.151137113571167,304.9375,512.0,106.0,0.125,304.9375,512.0,106.0,0.125,0.0,656.0,656.0,656.0,1.0,138.01796577079222,2.9618110000155866,0.009498978033661842,5.903144435025752,2.115802433807403,149.51146044395864,28.28816679048826,0.0006178197095064613,0.38394435349760986,15375.0,149.51146044395864,102.834926194591,2.0,2.0,2.0,,0.38750001788139343,0.0,1.0,1.0,True,False,False,False,True,True,True,True,True,True
563.0,12483.0,12483.0,0.0,12483.0,12483.0,12483.0,0.8214863538742065,1.0,0.05631899833679199,0.004395391792058945,0.007818887941539288,0.9996744394302368,2.2281556129455566,0.7935850620269775,0.00012475783296395093,0.000499931164085865,2.228105068206787,0.7934049963951111,0.00017999112606048584,0.0016433373093605042,0.00425565242767334,-0.0041304826736450195,1.0001821517944336,0.0017561912536621094,1.9134023189544678,0.0,0.0,0.0,0.015183669049292803,0.015183668583631516,0.157261461019516,1e-06,25.35136604309082,28.380859375,51.07670211791992,0.0,563.0,0.0,0.07083333283662796,0.4000000059604645,0.0,0.07083333283662796,0.4000000059604645,0.0,-0.015183652751147747,2.49088454246521,-0.536013126373291,-0.015183652751147747,2.49088454246521,-0.536013126373291,293.1875,512.0,158.0,0.125,293.1875,512.0,158.0,0.125,0.0,487.0,487.0,487.0,1.0,85.01450769323856,2.708997485693544,0.010162956081330776,5.168842907063663,2.138781331013888,95.54328909423202,18.12289654513719,0.0008141437219683391,0.41407056853830515,12483.0,95.54328909423202,130.65281840662112,2.0,2.0,2.0,,0.07083333283662796,0.0,0.4000000059604645,0.4000000059604645,True,False,False,False,True,False,True,True,True,True
564.0,10665.0,10665.0,0.0,10665.0,10665.0,10665.0,0.943976104259491,1.0,0.06216073036193848,0.004367402754724026,0.007728810887783766,0.9997016191482544,2.6053357124328613,0.9371205568313599,2.4851655325619504e-05,0.0004884690861217678,2.6036226749420166,0.9367918372154236,0.0003287084400653839,0.0015664063394069672,0.0074615478515625,-0.003796875476837158,1.0003316402435303,0.0019069910049438477,0.4109005928039551,0.0,0.0,0.0,-0.12109227478504181,-0.1210922822356224,0.19734402000904083,1e-06,25.35136604309082,28.380859375,51.071189880371094,0.0,564.0,0.0,0.125,1.0,0.0,0.125,1.0,0.0,0.12109225243330002,2.561730146408081,-0.3659614622592926,0.12109225243330002,2.561730146408081,-0.3659614622592926,238.5625,512.0,123.0,0.0625,238.5625,512.0,123.0,0.0625,0.0,428.0,428.0,428.0,1.0,79.01425568619743,2.515035090968013,0.00951030571013689,4.550686219707131,2.12697111396119,88.71956782927737,20.700617156457277,0.0008917304932148983,0.4266935039575369,10665.0,88.71956782927737,120.21023389702042,2.0,2.0,2.0,,0.125,0.0,1.0,1.0,True,False,False,False,True,True,True,True,True,True
565.0,13006.0,13006.0,0.0,13006.0,13006.0,13006.0,0.8059062361717224,1.0,0.05969052016735077,0.0039293416775763035,0.007418323308229446,0.9997224807739258,2.5262186527252197,0.8719475269317627,0.0005722353816963732,0.0005143326125107706,2.5239531993865967,0.8711797595024109,0.0007678642868995667,0.001891590654850006,0.004007935523986816,-0.0045882463455200195,1.0007705688476562,0.0009053945541381836,0.21230006217956543,0.0,0.0,0.0,0.0,0.0,0.0,1e-06,25.35136604309082,28.380859375,51.114349365234375,0.0,565.0,0.0,0.0,0.0,0.0,0.0,0.0,0.0,0.0,0.0,0.0,0.0,0.0,0.0,272.875,512.0,147.0,0.0625,272.875,512.0,147.0,0.0625,0.0,540.0,540.0,540.0,1.0,65.01089249225333,2.7600530330091715,0.009718877263367176,5.250337938778102,2.1243789489381015,75.65851034969091,14.890263969824401,0.0007472610536188817,0.40368583259865465,13006.0,75.65851034969091,171.90399255664346,2.0,2.0,2.0,,0.0,0.0,0.0,0.0,False,True,False,False,False,False,False,False,False,False
566.0,12108.0,12108.0,0.0,12108.0,12108.0,12108.0,0.6535859107971191,1.0,0.06144356727600098,0.004078583791851997,0.007730541750788689,0.9996554255485535,2.0376503467559814,0.6932005286216736,-0.0005587560590356588,0.0004291149671189487,2.0393192768096924,0.6938183307647705,-0.0006177369505167007,0.0016392599791288376,0.0029505491256713867,-0.004362583160400391,0.9993841648101807,0.0028390884399414062,0.6718364953994751,0.0,0.0,0.0,0.11261393129825592,0.11261393874883652,0.1709797978401184,1e-06,25.35136604309082,28.380859375,51.185340881347656,0.0,566.0,0.0,0.4375,1.0,0.0,0.4375,1.0,0.0,-0.11261391639709473,1.0978854894638062,-0.8539109230041504,-0.11261391639709473,1.0978854894638062,-0.8539109230041504,227.75,475.0,57.0,0.0625,227.75,475.0,57.0,0.0625,0.0,529.0,529.0,529.0,1.0,56.01091237505898,2.650937878061086,0.009335965849459171,4.929592521395534,2.1128195906057954,66.2138949772343,15.370722386130346,0.0007710576354029709,0.40713516033990205,12108.0,66.2138949772343,182.86192051023397,2.0,2.0,2.0,,0.4375,0.0,1.0,1.0,True,False,False,False,True,True,True,True,True,True
567.0,11797.0,11797.0,0.0,11797.0,11797.0,11797.0,1.0925240516662598,1.0,0.07964998483657837,0.004678268916904926,0.00786502193659544,0.9996894001960754,2.9431681632995605,1.0339444875717163,0.0009428184712305665,0.0005574417300522327,2.940359592437744,1.032804012298584,0.0011405982077121735,0.002342578023672104,0.00597912073135376,-0.0035376548767089844,1.0011444091796875,0.0003451108932495117,0.08829653263092041,0.0,0.0,0.0,0.08937174687162042,0.08937174826860428,0.16608673334121704,1e-06,25.35136604309082,28.380859375,51.01823425292969,0.0,567.0,0.0,0.104166679084301,0.7333333492279053,0.0,0.104166679084301,0.7333333492279053,0.0,-0.08937174081802368,3.2314794063568115,-0.5350132584571838,-0.08937174081802368,3.2314794063568115,-0.5350132584571838,247.3125,400.0,141.0,0.0625,247.3125,400.0,141.0,0.0625,0.0,490.0,490.0,490.0,1.0,70.01354185678065,2.573089418001473,0.00928405812010169,4.711167161818594,2.115025144070387,79.92368882475421,17.693591573611485,0.0007869846672969136,0.3993529848112735,11797.0,79.92368882475421,147.6032972635542,2.0,2.0,2.0,,0.104166679084301,0.0,0.7333333492279053,0.7333333492279053,True,False,False,False,True,False,True,True,True,True
568.0,19181.0,19181.0,0.0,19181.0,19181.0,19181.0,0.6707296371459961,1.0,0.06239980459213257,0.003930515144020319,0.0075683752074837685,0.9996827840805054,2.1119887828826904,0.7208499312400818,0.0006523671909235418,0.0003980920009780675,2.110675096511841,0.7203337550163269,0.0005162525922060013,0.0012244079262018204,0.002409219741821289,-0.0015799403190612793,1.0005173683166504,0.0002893209457397461,-0.0972592830657959,0.0,0.0,0.0,0.019019715487957,0.019019722938537598,0.14796824753284454,1e-06,25.35136604309082,28.380859375,51.140869140625,0.0,568.0,0.0,0.2678571343421936,0.7142857313156128,0.0,0.2678571343421936,0.7142857313156128,0.0,-0.01901967264711857,1.620957612991333,-0.9725744724273682,-0.01901967264711857,1.620957612991333,-0.9725744724273682,293.8125,495.0,116.0,0.0625,293.8125,495.0,116.0,0.0625,0.0,905.0,905.0,905.0,1.0,69.01276215026155,3.307805540971458,0.009953356347978115,6.911804731935263,2.1039632512256503,81.8465349720791,14.680442916456403,0.000518917488555243,0.36034642260232846,19181.0,81.8465349720791,234.3532320157885,2.0,2.0,2.0,,0.2678571343421936,0.0,0.7142857313156128,0.7142857313156128,True,False,False,False,True,False,True,True,True,True
569.0,13028.0,13028.0,0.0,13028.0,13028.0,13028.0,0.7473021149635315,1.0,0.05242419242858887,0.0039631337858736515,0.007562926970422268,0.9997069835662842,2.362725257873535,0.8370288014411926,0.0005233477568253875,0.00044224210432730615,2.3612985610961914,0.8364742398262024,0.0005545727908611298,0.0013766996562480927,0.0035207271575927734,-0.0015878081321716309,1.0005558729171753,0.0007208585739135742,0.0498579740524292,0.0,0.0,0.0,-0.017914898693561554,-0.01791490614414215,0.15352614223957062,1e-06,25.35136604309082,28.380859375,51.066349029541016,0.0,569.0,0.0,0.06666667014360428,0.13333334028720856,0.0,0.06666667014360428,0.13333334028720856,0.0,0.017914868891239166,1.9364354610443115,-1.9364354610443115,0.017914868891239166,1.9364354610443115,-1.9364354610443115,297.25,512.0,137.0,0.125,297.25,512.0,137.0,0.125,0.0,517.0,517.0,517.0,1.0,68.01169153582305,2.759086200967431,0.00948379235342145,5.279672774951905,2.118707860354334,78.6815491579473,14.300187454966999,0.0007279545865383366,0.4052558163150065,13028.0,78.6815491579473,165.57884458842148,2.0,2.0,2.0,,0.06666667014360428,0.0,0.13333334028720856,0.13333334028720856,True,False,False,False,True,False,True,True,True,True
570.0,9795.0,9795.0,0.0,9795.0,9795.0,9795.0,0.6932757496833801,1.0,0.06098988652229309,0.00392409460619092,0.007402362301945686,0.9997057914733887,2.0959649085998535,0.7246153354644775,0.0006817498942837119,0.0004302150337025523,2.094532012939453,0.7238820791244507,0.0007332563400268555,0.001806698739528656,0.003445923328399658,-0.0034558773040771484,1.0007352828979492,0.00035250186920166016,0.09344518184661865,0.0,0.0,0.0,0.00945628434419632,0.009456291794776917,0.17306354641914368,1e-06,25.35136604309082,28.380859375,51.16587448120117,0.0,570.0,0.0,0.15000000596046448,0.8666666746139526,0.0,0.15000000596046448,0.8666666746139526,0.0,-0.009456251747906208,3.301821231842041,-0.6910788416862488,-0.009456251747906208,3.301821231842041,-0.6910788416862488,249.1875,363.0,166.0,0.0625,249.1875,363.0,166.0,0.0625,0.0,363.0,363.0,363.0,1.0,58.010827333666384,2.374077399726957,0.009264448657631874,4.157544700894505,2.1081497319974005,67.16184195596725,14.549994314940152,0.0009458344724483791,0.42445581428223633,9795.0,67.16184195596725,145.8417416011582,2.0,2.0,2.0,,0.15000000596046448,0.0,0.8666666746139526,0.8666666746139526,True,False,False,False,True,False,True,True,True,True
571.0,11962.0,11962.0,0.0,11962.0,11962.0,11962.0,0.8274185061454773,1.0,0.19876225292682648,0.0041328719817101955,0.008165579289197922,0.9996681213378906,2.5275092124938965,0.8852759599685669,0.0007941639632917941,0.0006004703463986516,2.5260465145111084,0.8845983743667603,0.0006776861846446991,0.001799214631319046,0.005874812602996826,-0.003950297832489014,1.000680685043335,0.0006847381591796875,0.21611011028289795,0.0,0.0,0.0,0.1435151845216751,0.1435151845216751,0.25035250186920166,1e-06,25.35136604309082,28.380859375,51.31229019165039,0.0,571.0,0.0,0.38333332538604736,1.0,0.0,0.38333332538604736,1.0,0.0,-0.1435151845216751,1.2487818002700806,-0.7762697339057922,-0.1435151845216751,1.2487818002700806,-0.7762697339057922,213.625,410.0,104.0,0.0625,213.625,410.0,104.0,0.0625,0.0,534.0,534.0,534.0,1.0,52.00879320083186,2.6499584051780403,0.010358255822211504,4.943364886101335,2.126393706072122,62.24215730885044,15.216147805977723,0.0008659300971586276,0.4132557169454385,11962.0,62.24215730885044,192.18485536488754,2.0,2.0,2.0,,0.38333332538604736,0.0,1.0,1.0,True,False,False,False,True,True,True,True,True,True
572.0,7790.0,7790.0,0.0,7790.0,7790.0,7790.0,0.7073537111282349,1.0,0.05915039777755737,0.004041665233671665,0.007724693976342678,0.9996833205223083,2.165536403656006,0.758048415184021,0.0005467799492180347,0.00042878719978034496,2.1638619899749756,0.7573496699333191,0.000698823481798172,0.0014193616807460785,0.00484544038772583,-0.002011239528656006,1.0007007122039795,0.0006211996078491211,-0.025333106517791748,0.0,0.0,0.0,0.1406627893447876,0.1406627893447876,0.19453702867031097,1e-06,25.35136604309082,28.380859375,51.12671661376953,0.0,572.0,0.0,0.8374999761581421,1.0,0.0,0.8374999761581421,1.0,0.0,-0.1406627893447876,0.45214420557022095,-2.3302812576293945,-0.1406627893447876,0.45214420557022095,-2.3302812576293945,205.875,303.0,123.0,0.0625,205.875,303.0,123.0,0.0625,0.0,281.0,281.0,281.0,1.0,47.0074352780357,2.167096635326743,0.009660673793405294,3.5440938528627157,2.12536000367254,55.35635330667719,14.270623945973194,0.0012401378425423999,0.4549542814971394,7790.0,55.35635330667719,140.72458777844304,2.0,2.0,2.0,,0.8374999761581421,0.0,1.0,1.0,True,False,False,False,True,True,True,True,True,True
573.0,15304.0,15304.0,0.0,15304.0,15304.0,15304.0,0.5560003519058228,1.0,0.06239071488380432,0.003678341628983617,0.007423838134855032,0.9996814727783203,1.7966535091400146,0.5763453841209412,0.001022994052618742,0.00041494457400403917,1.7946281433105469,0.5751886963844299,0.001156724989414215,0.001486748456954956,0.004307568073272705,-0.0021514296531677246,1.0011584758758545,-0.00038373470306396484,-0.28144127130508423,0.0,0.0,0.0,-0.09805520251393318,-0.09805519878864288,0.1517978459596634,1e-06,25.35136604309082,28.380859375,51.192012786865234,0.0,573.0,0.0,0.25,1.0,0.0,0.25,1.0,0.0,0.09805525839328766,1.6770472526550293,-0.5590157508850098,0.09805525839328766,1.6770472526550293,-0.5590157508850098,276.5,512.0,116.0,0.0625,276.5,512.0,116.0,0.0625,0.0,680.0,680.0,680.0,1.0,48.009212280623615,2.9476081230677664,0.010662207379937172,5.857616000343114,2.1584534030407667,59.48729092394933,10.851991925999913,0.0006966941570790102,0.38275065344636133,15304.0,59.48729092394933,257.2650353092256,2.0,2.0,2.0,,0.25,0.0,1.0,1.0,True,False,False,False,True,True,True,True,True,True
574.0,29904.0,29904.0,0.0,29904.0,29904.0,29904.0,0.8222565054893494,1.0,0.062086790800094604,0.004184084944427013,0.0077218106016516685,0.9996972680091858,2.4983766078948975,0.8737949132919312,0.00018813293718267232,0.0004644444852601737,2.4958930015563965,0.873143196105957,0.000651780515909195,0.0013398416340351105,0.0037947893142700195,-0.0018674731254577637,1.0006533861160278,0.0014832019805908203,0.2607100009918213,0.0,0.0,0.0,-0.12104877084493637,-0.12104877084493637,0.16191940009593964,1e-06,25.35136604309082,28.380859375,51.018280029296875,0.0,574.0,0.0,0.125,1.0,0.0,0.125,1.0,0.0,0.12104872614145279,2.561730146408081,-0.3659614622592926,0.12104872614145279,2.561730146408081,-0.3659614622592926,325.0,512.0,116.0,0.0625,325.0,512.0,116.0,0.0625,0.0,1544.0,1544.0,1544.0,1.0,306.0525220721029,4.454579376149923,0.00985787296667695,10.85200131777674,2.479814992751926,324.3494292399846,58.85625424463517,0.00032965064762830896,0.3628946401075689,29904.0,324.3494292399846,92.19686333369242,2.0,2.0,2.0,,0.125,0.0,1.0,1.0,True,False,False,False,True,True,True,True,True,True
575.0,14498.0,14498.0,0.0,14498.0,14498.0,14498.0,0.9556793570518494,1.0,0.0588553249835968,0.004035526886582375,0.0077547975815832615,0.9997129440307617,2.9500842094421387,0.8889383673667908,-0.000127549865283072,0.00044694248936139047,2.9506754875183105,0.8888512849807739,8.699111640453339e-05,0.001583227887749672,0.0023688971996307373,-0.002711951732635498,1.0000884532928467,0.0020543336868286133,0.6319031715393066,0.0,0.0,0.0,0.027440549805760384,0.027440547943115234,0.18388685584068298,1e-06,25.35136604309082,28.380859375,51.09941864013672,0.0,575.0,0.0,0.40416666865348816,1.0,0.0,0.40416666865348816,1.0,0.0,-0.02744055539369583,2.277785062789917,-1.545071005821228,-0.02744055539369583,2.277785062789917,-1.545071005821228,260.125,472.0,129.0,0.0625,260.125,472.0,129.0,0.0625,0.0,646.0,646.0,646.0,1.0,53.00966464495286,2.8691438739188015,0.009383501019328833,5.606770216021687,2.128016714937985,64.12472726870328,12.736584489416835,0.0006472272740604796,0.3867271496773132,14498.0,64.12472726870328,226.09063020648347,2.0,2.0,2.0,,0.40416666865348816,0.0,1.0,1.0,True,False,False,False,True,True,True,True,True,True
576.0,10921.0,10921.0,0.0,10921.0,10921.0,10921.0,0.5877292156219482,1.0,0.06479054689407349,0.003992829006165266,0.007803740445524454,0.999631941318512,1.8685609102249146,0.6016219258308411,0.0010253204964101315,0.0004127511929254979,1.866950273513794,0.6006541848182678,0.0009677447378635406,0.002102423459291458,0.003751307725906372,-0.003965139389038086,1.0009709596633911,-0.0003979802131652832,0.04183650016784668,0.0,0.0,0.0,0.01711675338447094,0.01711675338447094,0.17083631455898285,1e-06,25.35136604309082,28.380859375,51.10093688964844,0.0,576.0,0.0,0.34166669845581055,1.0,0.0,0.34166669845581055,1.0,0.0,-0.017116732895374298,2.935457944869995,-1.5234657526016235,-0.017116732895374298,2.935457944869995,-1.5234657526016235,221.5625,489.0,82.0,0.0625,221.5625,489.0,82.0,0.0625,0.0,461.0,461.0,461.0,1.0,41.00817552395165,2.5032459846697748,0.010021439753472805,4.508851449936628,2.122559177223593,50.65215054806322,11.567891544133046,0.0009176302310660934,0.41286067667215715,10921.0,50.65215054806322,215.60782477808507,2.0,2.0,2.0,,0.34166669845581055,0.0,1.0,1.0,True,False,False,False,True,True,True,True,True,True
577.0,12147.0,12147.0,0.0,12147.0,12147.0,12147.0,0.8711597323417664,1.0,0.06216311454772949,0.004348617047071457,0.007840811274945736,0.9996766448020935,2.3897383213043213,0.8488476276397705,0.0001805260981200263,0.00042948618647642434,2.3897855281829834,0.8489327430725098,-8.519738912582397e-05,0.0018447786569595337,0.0036773681640625,-0.005112886428833008,0.9999174475669861,0.0013622045516967773,0.46076297760009766,0.0,0.0,0.0,0.0,0.0,0.0,1e-06,25.35136604309082,28.380859375,51.162967681884766,0.0,577.0,0.0,0.0,0.0,0.0,0.0,0.0,0.0,0.0,0.0,0.0,0.0,0.0,0.0,251.1875,458.0,127.0,0.0625,251.1875,458.0,127.0,0.0625,0.0,508.0,508.0,508.0,1.0,154.02711940091103,2.636893328744918,0.010177813936024904,4.895910548977554,2.126121857203543,164.19847661908716,38.32473734782559,0.0008378870450337453,0.4030551205217382,12147.0,164.19847661908716,73.97754382447162,2.0,2.0,2.0,,0.0,0.0,0.0,0.0,False,True,False,False,False,False,False,False,False,False
578.0,8356.0,8356.0,0.0,8356.0,8356.0,8356.0,0.636328935623169,1.0,0.05096626281738281,0.003923977725207806,0.007557825651019812,0.9996736645698547,1.8154995441436768,0.5868359208106995,0.0007023941725492477,0.00041303879697807133,1.81492018699646,0.5865877270698547,0.0002481527626514435,0.0017496086657047272,0.003110170364379883,-0.0036977529525756836,1.000250220298767,0.0002473592758178711,-0.01822274923324585,0.0,0.0,0.0,0.048131778836250305,0.048131778836250305,0.18552392721176147,1e-06,25.35136604309082,28.380859375,51.2899169921875,0.0,578.0,0.0,0.7833333611488342,1.0,0.06666667014360428,0.7833333611488342,1.0,0.06666667014360428,-0.0481317862868309,0.6570441722869873,-2.173300266265869,-0.0481317862868309,0.6570441722869873,-2.173300266265869,178.25,289.0,67.0,0.0625,178.25,289.0,67.0,0.0625,0.0,344.0,344.0,344.0,1.0,45.009005344007164,2.2191643030382693,0.009731353726238012,3.7361687310039997,2.121701516676694,53.60103764012456,15.781558676019342,0.0011645947494301116,0.4471240702494016,8356.0,53.60103764012456,155.89250447168362,2.0,2.0,2.0,,0.7833333611488342,0.06666667014360428,1.0,0.9333333298563957,True,False,False,False,True,True,True,True,True,True
579.0,16197.0,16197.0,0.0,16197.0,16197.0,16197.0,0.7846662402153015,1.0,0.05442357063293457,0.0039183879271149635,0.007502954453229904,0.9997105002403259,2.3269896507263184,0.8266285061836243,0.0004900443600490689,0.0004582901601679623,2.326122283935547,0.8262855410575867,0.0003430414944887161,0.0010517183691263199,0.003060281276702881,-0.0027809739112854004,1.0003440380096436,0.0008525848388671875,-0.016264915466308594,0.0,0.0,0.0,-0.13555642263963819,-0.1355564296245575,0.15826480090618134,1e-06,25.35136604309082,28.380859375,51.22667694091797,0.0,579.0,0.0,0.23333334922790527,0.9333333373069763,0.0,0.23333334922790527,0.9333333373069763,0.0,0.13555635511875153,2.1027991771698,-0.7009330987930298,0.13555635511875153,2.1027991771698,-0.7009330987930298,323.3125,512.0,196.0,0.0625,323.3125,512.0,196.0,0.0625,0.0,689.0,689.0,689.0,1.0,91.01402840903029,3.031704820226878,0.009649871848523617,6.091693042777479,2.122923161368817,102.77197954012081,17.5940514999092,0.0005957814316554681,0.3761000829028511,16197.0,102.77197954012081,157.60132355606623,2.0,2.0,2.0,,0.23333334922790527,0.0,0.9333333373069763,0.9333333373069763,True,False,False,False,True,False,True,True,True,True
580.0,15814.0,15814.0,0.0,15814.0,15814.0,15814.0,0.8055642247200012,1.0,0.056524068117141724,0.004368671681731939,0.007758215069770813,0.999679446220398,2.2660136222839355,0.8027222752571106,0.000247887714067474,0.00047230362542904913,2.265261173248291,0.8024869561195374,0.00023525580763816833,0.0015876330435276031,0.0028401613235473633,-0.0036326050758361816,1.0002371072769165,0.0013937950134277344,0.2882176637649536,0.0,0.0,0.0,0.011967822909355164,0.011967822909355164,0.15305131673812866,1e-06,25.35136604309082,28.380859375,51.22024917602539,0.0,580.0,0.0,0.008333333767950535,0.06666667014360428,0.0,0.008333333767950535,0.06666667014360428,0.0,-0.011967782862484455,2.5616252422332764,-0.3659464418888092,-0.011967782862484455,2.5616252422332764,-0.3659464418888092,271.375,433.0,187.0,0.0625,271.375,433.0,187.0,0.0625,0.0,717.0,717.0,717.0,1.0,283.0452762302011,2.9952657790854573,0.010022236965596676,5.917258297093213,2.4200320770032704,294.89298839401454,65.18776513823148,0.0006337572382443832,0.37417846826187,15814.0,294.89298839401454,53.6262326416201,2.0,2.0,2.0,,0.008333333767950535,0.0,0.06666667014360428,0.06666667014360428,True,False,False,False,True,False,True,True,True,True
581.0,12533.0,12533.0,0.0,12533.0,12533.0,12533.0,0.6608383059501648,1.0,0.058483779430389404,0.004397916607558727,0.008210769854485989,0.9996052980422974,2.217590093612671,0.7297031879425049,-0.0002531972131691873,0.00043268519220873713,2.2165584564208984,0.7297179698944092,-1.4826655387878418e-05,0.0014497824013233185,0.004006147384643555,-0.0032703280448913574,0.9999868869781494,0.0022454261779785156,0.757500171661377,0.0,0.0,0.0,0.07947336509823799,0.07947336882352829,0.14946705102920532,1e-06,25.35136604309082,28.380859375,51.17313003540039,0.0,581.0,0.0,0.19583332538604736,1.0,0.0,0.19583332538604736,1.0,0.0,-0.07947343587875366,2.012392282485962,-0.49006444215774536,-0.07947343587875366,2.012392282485962,-0.49006444215774536,269.3125,443.0,58.0,0.0625,269.3125,443.0,58.0,0.0625,0.0,514.0,514.0,514.0,1.0,62.01132106874138,2.679124663118273,0.010303583927452564,5.0451894197613,2.1554227210581303,72.40521248010918,14.391116516301086,0.0008221163270926804,0.4025524152047634,12533.0,72.40521248010918,173.09527271179553,2.0,2.0,2.0,,0.19583332538604736,0.0,1.0,1.0,True,False,False,False,True,True,True,True,True,True
582.0,15510.0,15510.0,0.0,15510.0,15510.0,15510.0,0.7778739929199219,1.0,0.06210389733314514,0.004140949342399836,0.007688922341912985,0.9996979832649231,2.4080982208251953,0.8537375926971436,0.0009185553644783795,0.00048000813694670796,2.405758857727051,0.8527156710624695,0.0010219216346740723,0.0016088634729385376,0.005331814289093018,-0.00324934720993042,1.0010241270065308,8.058547973632812e-05,-0.04886287450790405,0.0,0.0,0.0,-0.20924912951886654,-0.2092491239309311,0.15015026926994324,1e-06,25.35136604309082,28.380859375,51.37288284301758,0.0,582.0,0.0,0.40909093618392944,0.8181818127632141,0.0,0.40909093618392944,0.8181818127632141,0.0,0.2092490792274475,1.6617282629013062,-1.6617285013198853,0.2092490792274475,1.6617282629013062,-1.6617285013198853,280.375,512.0,134.0,0.0625,280.375,512.0,134.0,0.0625,0.0,689.0,689.0,689.0,1.0,61.01072971941903,2.971436236985028,0.009393548127263784,5.926850511692464,2.1278696600347757,72.5485267569311,13.60025183223786,0.0006056446245818043,0.3821309162922285,15510.0,72.5485267569311,213.78793882286817,2.0,2.0,2.0,,0.40909093618392944,0.0,0.8181818127632141,0.8181818127632141,True,False,False,False,True,False,True,True,True,True
583.0,10772.0,10772.0,0.0,10772.0,10772.0,10772.0,0.7274001240730286,1.0,0.060413628816604614,0.004345894791185856,0.008073678240180016,0.9996469020843506,2.2222442626953125,0.78526771068573,-0.000162257652846165,0.0004613405035343021,2.2214624881744385,0.7851148843765259,0.00015289708971977234,0.001874443143606186,0.00823599100112915,-0.004560351371765137,1.0001567602157593,0.0021709203720092773,1.0123467445373535,0.0,0.0,0.0,-0.14485707879066467,-0.14485707879066467,0.1833847016096115,1e-06,25.35136604309082,28.380859375,51.044830322265625,0.0,583.0,0.0,0.0625,1.0,0.0,0.0625,1.0,0.0,0.1448569893836975,3.7499847412109375,-0.24999898672103882,0.1448569893836975,3.7499847412109375,-0.24999898672103882,272.25,512.0,100.0,0.0625,272.25,512.0,100.0,0.0625,0.0,401.0,401.0,401.0,1.0,55.01081899693236,2.5451103700324893,0.009473427198827267,4.632260017096996,2.1171753238886595,64.81724244402722,12.628746326201185,0.0008794492386583055,0.43002785156860346,10772.0,64.81724244402722,166.19034679394355,2.0,2.0,2.0,,0.0625,0.0,1.0,1.0,True,False,False,False,True,True,True,True,True,True
584.0,21056.0,21056.0,0.0,21056.0,21056.0,21056.0,0.721640408039093,1.0,0.061369240283966064,0.004118448588997126,0.007644010242074728,0.9996731281280518,2.0825271606445312,0.7134713530540466,-0.00017072910850401968,0.00045094569213688374,2.082465410232544,0.71360844373703,-0.00013710930943489075,0.0015553273260593414,0.0032752156257629395,-0.0030177831649780273,0.9998646378517151,0.00215911865234375,0.486017107963562,0.0,0.0,0.0,0.0,0.0,0.0,1e-06,25.35136604309082,28.380859375,51.109493255615234,0.0,584.0,0.0,0.0,0.0,0.0,0.0,0.0,0.0,0.0,0.0,0.0,0.0,0.0,0.0,258.0,442.0,142.0,0.0625,258.0,442.0,142.0,0.0625,0.0,1058.0,1058.0,1058.0,1.0,153.02282594610006,3.4837013129144907,0.009453616105020046,7.524662467185408,2.11730261426419,166.6602430609055,37.0694830295785,0.00044897492899981223,0.35736428890508204,21056.0,166.6602430609055,126.34086938361867,2.0,2.0,2.0,,0.0,0.0,0.0,0.0,False,True,False,False,False,False,False,False,False,False
585.0,15134.0,15134.0,0.0,15134.0,15134.0,15134.0,0.8359774947166443,1.0,0.07497024536132812,0.004376932978630066,0.007912961766123772,0.9996692538261414,2.3052964210510254,0.8229956030845642,0.0005306322709657252,0.0004940088838338852,2.3040146827697754,0.8225014209747314,0.0004942659288644791,0.0020204242318868637,0.004486203193664551,-0.004730820655822754,1.0004974603652954,0.0009130239486694336,0.6852344274520874,0.0,0.0,0.0,-0.10691585391759872,-0.10691585391759872,0.1635526567697525,1e-06,25.35136604309082,28.380859375,51.27178192138672,0.0,585.0,0.0,0.09583333879709244,0.4000000059604645,0.0,0.09583333879709244,0.4000000059604645,0.0,0.10691583901643753,1.9763798713684082,-0.6226950287818909,0.10691583901643753,1.9763798713684082,-0.6226950287818909,247.875,422.0,116.0,0.0625,247.875,422.0,116.0,0.0625,0.0,698.0,698.0,698.0,1.0,124.02136729331687,2.9080060836859047,0.010408850852400064,5.727591990027577,2.1139894132502377,135.28491231799126,31.27114656916714,0.0006877792290471828,0.3784585694481021,15134.0,135.28491231799126,111.86761140390199,2.0,2.0,2.0,,0.09583333879709244,0.0,0.4000000059604645,0.4000000059604645,True,False,False,False,True,False,True,True,True,True
586.0,9594.0,9594.0,0.0,9594.0,9594.0,9594.0,0.6612728238105774,1.0,0.053574442863464355,0.003948968835175037,0.007557983510196209,0.9996722340583801,2.067425489425659,0.6832747459411621,0.0008812753949314356,0.0003822983126156032,2.066026210784912,0.682464063167572,0.000810667872428894,0.0012642741203308105,0.004026889801025391,-0.0019687414169311523,1.0008121728897095,-0.00023508071899414062,-0.18939387798309326,0.0,0.0,0.0,0.0,0.0,0.0,1e-06,25.35136604309082,28.380859375,51.21329116821289,0.0,586.0,0.0,0.0,0.0,0.0,0.0,0.0,0.0,0.0,0.0,0.0,0.0,0.0,0.0,245.625,512.0,111.0,0.0625,245.625,512.0,111.0,0.0625,0.0,354.0,354.0,354.0,1.0,185.03314154036343,2.4060318623669446,0.009606990031898022,4.240596684627235,2.1059858459047973,194.29884658986703,47.08222431052505,0.0010013539745568087,0.4420050744868913,9594.0,194.29884658986703,49.37754478929749,2.0,2.0,2.0,,0.0,0.0,0.0,0.0,False,True,False,False,False,False,False,False,False,False
587.0,11053.0,11053.0,0.0,11053.0,11053.0,11053.0,0.6839996576309204,1.0,0.06327420473098755,0.0038417926989495754,0.007476078346371651,0.9997020959854126,2.252739429473877,0.7870277166366577,0.0004720229480881244,0.00041567839798517525,2.2511584758758545,0.7862855195999146,0.0007421895861625671,0.0022566430270671844,0.007030963897705078,-0.003142833709716797,1.0007463693618774,0.0007171630859375,0.338753342628479,0.0,0.0,0.0,0.0,0.0,0.0,1e-06,25.35136604309082,28.380859375,51.15131759643555,0.0,587.0,0.0,0.0,0.0,0.0,0.0,0.0,0.0,0.0,0.0,0.0,0.0,0.0,0.0,284.8125,512.0,174.0,0.25,284.8125,512.0,174.0,0.25,0.0,406.0,406.0,406.0,1.0,78.01464764401317,2.6191794900223613,0.009746391791850328,4.862291425932199,2.1205262928269804,88.130155836232,17.119738346283338,0.0008817870073147859,0.4399069416386681,11053.0,88.130155836232,125.41677584843097,2.0,2.0,2.0,,0.0,0.0,0.0,0.0,False,True,False,False,False,False,False,False,False,False
588.0,16817.0,16817.0,0.0,16817.0,16817.0,16817.0,0.7005736231803894,1.0,0.0700552761554718,0.00398871349170804,0.007633286062628031,0.9996724724769592,2.170323371887207,0.748469352722168,0.00048732091090641916,0.0003958464367315173,2.1688225269317627,0.7479251623153687,0.0005441568791866302,0.0017526932060718536,0.0038270950317382812,-0.0031669139862060547,1.0005462169647217,0.000613093376159668,0.17751526832580566,0.0,0.0,0.0,0.0,0.0,0.0,1e-06,25.35136604309082,28.380859375,51.27830505371094,0.0,588.0,0.0,0.0,0.0,0.0,0.0,0.0,0.0,0.0,0.0,0.0,0.0,0.0,0.0,273.0625,512.0,109.0,0.125,273.0625,512.0,109.0,0.125,0.0,778.0,778.0,778.0,1.0,58.01059424690902,3.128182322718203,0.009440926369279623,6.384865946136415,2.12187558086589,70.15648609912023,13.277773917809343,0.0005613918278693954,0.3796673572061851,16817.0,70.15648609912023,239.70698840646307,2.0,2.0,2.0,,0.0,0.0,0.0,0.0,False,True,False,False,False,False,False,False,False,False
589.0,8521.0,8521.0,0.0,8521.0,8521.0,8521.0,0.7859283685684204,1.0,0.06024250388145447,0.004222242161631584,0.0077530210837721825,0.9996810555458069,2.2089922428131104,0.7865270376205444,0.0008316354942508042,0.0004469329142011702,2.2071104049682617,0.7857287526130676,0.000798352062702179,0.001379653811454773,0.003343343734741211,-0.002090930938720703,1.0007997751235962,0.00012218952178955078,-0.13113296031951904,0.0,0.0,0.0,0.06134672090411186,0.06134672462940216,0.1803177148103714,1e-06,25.35136604309082,28.380859375,51.201786041259766,0.0,589.0,0.0,0.4750000238418579,1.0,0.0,0.4750000238418579,1.0,0.0,-0.06134672090411186,1.4255446195602417,-1.2897785902023315,-0.06134672090411186,1.4255446195602417,-1.2897785902023315,192.5625,338.0,64.0,0.0625,192.5625,338.0,64.0,0.0625,0.0,340.0,340.0,340.0,1.0,60.01081578899175,2.2338670529425144,0.009632756002247334,3.7835855670273304,2.12599820503965,68.66681759711355,19.477707169422832,0.0011304724800196377,0.44403069675241524,8521.0,68.66681759711355,124.09196025356773,2.0,2.0,2.0,,0.4750000238418579,0.0,1.0,1.0,True,False,False,False,True,True,True,True,True,True
590.0,18578.0,18578.0,0.0,18578.0,18578.0,18578.0,0.8105103969573975,1.0,0.05630594491958618,0.004256256856024265,0.007616178132593632,0.9996949434280396,2.357314348220825,0.8413668870925903,0.0005766780814155936,0.0004502532829064876,2.356454610824585,0.840989351272583,0.00037743523716926575,0.0012553520500659943,0.0025482177734375,-0.0028045177459716797,1.0003786087036133,0.0006461143493652344,0.0020983219146728516,0.0,0.0,0.0,0.0,0.0,0.0,1e-06,25.35136604309082,28.380859375,51.1602783203125,0.0,590.0,0.0,0.0,0.0,0.0,0.0,0.0,0.0,0.0,0.0,0.0,0.0,0.0,0.0,349.125,512.0,162.0,0.25,349.125,512.0,162.0,0.25,0.0,812.0,812.0,812.0,1.0,732.1262719649822,3.287754110991955,0.009433890227228403,6.883933490142226,2.4604060603305697,745.2743198680691,131.06449551825673,0.0005077990218122728,0.3705422268350859,18578.0,745.2743198680691,24.927733996374297,2.0,2.0,2.0,,0.0,0.0,0.0,0.0,False,True,False,False,False,False,False,False,False,False
591.0,12342.0,12342.0,0.0,12342.0,12342.0,12342.0,0.8075193762779236,1.0,0.06098255515098572,0.004320967942476273,0.007804667577147484,0.9996804594993591,2.29132080078125,0.810812771320343,0.0001321858580922708,0.0004769364313688129,2.2905192375183105,0.8103204965591431,0.0004922635853290558,0.0019244365394115448,0.005734443664550781,-0.004065752029418945,1.000495433807373,0.0016474723815917969,0.4864981174468994,0.0,0.0,0.0,0.10578473564237356,0.10578473657369614,0.12772296369075775,1e-06,25.35136604309082,28.380859375,51.09327697753906,0.0,591.0,0.0,0.04583333432674408,0.46666666865348816,0.0,0.04583333432674408,0.46666666865348816,0.0,-0.10578475147485733,3.477084159851074,-0.3786923289299011,-0.10578475147485733,3.477084159851074,-0.3786923289299011,247.375,479.0,107.0,0.0625,247.375,479.0,107.0,0.0625,0.0,524.0,524.0,524.0,1.0,338.05527849914506,2.676091800443828,0.009705655742436647,5.061980546917766,2.1327787740156054,348.4384189127013,85.41063125294215,0.0007863924600904754,0.4101426468090882,12342.0,348.4384189127013,35.42089313375112,2.0,2.0,2.0,,0.04583333432674408,0.0,0.46666666865348816,0.46666666865348816,True,False,False,False,True,False,True,True,True,True
592.0,12684.0,12684.0,0.0,12684.0,12684.0,12684.0,0.783393383026123,1.0,0.07892853021621704,0.004809295292943716,0.00826517678797245,0.9996136426925659,2.2560882568359375,0.792387843132019,0.00013721032883040607,0.00048346639960072935,2.255002737045288,0.792158305644989,0.00022946298122406006,0.0015275701880455017,0.004146218299865723,-0.0027017593383789062,1.0002310276031494,0.001661062240600586,0.41999268531799316,0.0,0.0,0.0,-0.04732088651508093,-0.0473208874464035,0.1570490151643753,1e-06,25.35136604309082,28.380859375,51.17022705078125,0.0,592.0,0.0,0.05416666716337204,0.2666666805744171,0.0,0.05416666716337204,0.2666666805744171,0.0,0.047320932149887085,2.4009368419647217,-0.61200350522995,0.047320932149887085,2.4009368419647217,-0.61200350522995,289.75,431.0,147.0,0.0625,289.75,431.0,147.0,0.0625,0.0,503.0,503.0,503.0,1.0,293.0545393032953,2.6664723232388496,0.011618874967098236,5.005741816014051,2.1279766131192446,303.3682997128926,63.21279967715602,0.000916026093274853,0.3946500958699189,12684.0,303.3682997128926,41.81056495357004,2.0,2.0,2.0,,0.05416666716337204,0.0,0.2666666805744171,0.2666666805744171,True,False,False,False,True,False,True,True,True,True
593.0,17282.0,17282.0,0.0,17282.0,17282.0,17282.0,0.8157036900520325,1.0,0.061378419399261475,0.004365470260381699,0.0077489279210567474,0.9996784329414368,2.357449531555176,0.8318260908126831,0.0011081112315878272,0.0004935311735607684,2.3547441959381104,0.8306052088737488,0.001220937818288803,0.0016368292272090912,0.004837691783905029,-0.002208232879638672,1.0012234449386597,-0.00024312734603881836,-0.20794826745986938,0.0,0.0,0.0,0.0764340627938509,0.07643406093120575,0.16010893881320953,1e-06,25.35136604309082,28.380859375,51.328372955322266,0.0,593.0,0.0,0.06666667014360428,0.800000011920929,0.0,0.06666667014360428,0.800000011920929,0.0,-0.07643405348062515,3.626574754714966,-0.3296886384487152,-0.07643405348062515,3.626574754714966,-0.3296886384487152,270.125,442.0,142.0,0.0625,270.125,442.0,142.0,0.0625,0.0,810.0,810.0,810.0,1.0,385.0568063701503,3.0958559033460915,0.010533580090850592,6.288646808825433,2.11826829938218,397.076838103123,89.0922735701412,0.0006095116358552594,0.3638842037278922,17282.0,397.076838103123,43.52306239406432,2.0,2.0,2.0,,0.06666667014360428,0.0,0.800000011920929,0.800000011920929,True,False,False,False,True,False,True,True,True,True
594.0,12942.0,12942.0,0.0,12942.0,12942.0,12942.0,0.801476240158081,1.0,0.06677645444869995,0.004131100606173277,0.007599588483572006,0.999695360660553,2.4992313385009766,0.8410511016845703,-0.0002805975964292884,0.0004731830267701298,2.500405788421631,0.8413404226303101,-0.0002893581986427307,0.0013144537806510925,0.0029056668281555176,-0.003952443599700928,0.9997121691703796,0.002466440200805664,1.0507023334503174,0.0,0.0,0.0,-0.18916749767959118,-0.18916749954223633,0.18198317289352417,1e-06,25.35136604309082,28.380859375,51.12153625488281,0.0,594.0,0.0,0.08749999850988388,0.46666666865348816,0.0,0.08749999850988388,0.46666666865348816,0.0,0.18916748464107513,2.0155537128448486,-0.46512776613235474,0.18916748464107513,2.0155537128448486,-0.46512776613235474,274.875,512.0,90.0,0.125,274.875,512.0,90.0,0.125,0.0,534.0,534.0,534.0,1.0,269.0379488491453,2.794248728081584,0.009260545019060373,5.398028736002743,2.1181256962008774,279.86670379526913,61.17279419034682,0.0007155420351615186,0.41709385999093984,12942.0,279.86670379526913,46.24344312665168,2.0,2.0,2.0,,0.08749999850988388,0.0,0.46666666865348816,0.46666666865348816,True,False,False,False,True,False,True,True,True,True
595.0,16336.0,16336.0,0.0,16336.0,16336.0,16336.0,0.6727086305618286,1.0,0.05893969535827637,0.0041352505795657635,0.007823017425835133,0.9996562600135803,2.063257932662964,0.7069875001907349,0.00022898620227351785,0.0004492639272939414,2.0632240772247314,0.7069064974784851,8.094683289527893e-05,0.0011857673525810242,0.002189457416534424,-0.0037169456481933594,1.0000821352005005,0.0013446807861328125,0.534885048866272,0.0,0.0,0.0,0.0,0.0,0.0,1e-06,25.35136604309082,28.380859375,51.08530044555664,0.0,595.0,0.0,0.0,0.0,0.0,0.0,0.0,0.0,0.0,0.0,0.0,0.0,0.0,0.0,343.0,512.0,138.0,0.0625,343.0,512.0,138.0,0.0625,0.0,678.0,678.0,678.0,1.0,163.0245399903506,3.007156598381698,0.00948290340602398,6.020438970066607,2.1106802551075816,174.6734023168683,29.70563775334377,0.0005804911487526922,0.3685381347983966,16336.0,174.6734023168683,93.52311103647875,2.0,2.0,2.0,,0.0,0.0,0.0,0.0,False,True,False,False,False,False,False,False,False,False
596.0,16339.0,16339.0,0.0,16339.0,16339.0,16339.0,0.8288775086402893,1.0,0.05824458599090576,0.00441775843501091,0.00782419741153717,0.9996678829193115,2.3375802040100098,0.8333202600479126,0.0012536132708191872,0.0004553756443783641,2.333585739135742,0.831839382648468,0.0014808624982833862,0.00229712575674057,0.006241559982299805,-0.0030106306076049805,1.0014854669570923,-0.0006891489028930664,-0.022031128406524658,0.0,0.0,0.0,-0.23166657984256744,-0.23166656494140625,0.16464903950691223,1e-06,25.35136604309082,28.380859375,51.07643508911133,0.0,596.0,0.0,0.38749998807907104,0.6000000238418579,0.0,0.38749998807907104,0.6000000238418579,0.0,0.23166663944721222,0.8132379055023193,-1.482962965965271,0.23166663944721222,0.8132379055023193,-1.482962965965271,259.1875,512.0,74.0,0.125,259.1875,512.0,74.0,0.125,0.0,762.0,762.0,762.0,1.0,131.02182744117454,3.061298373620957,0.009580095764249563,6.201019464060664,2.1108025796711445,142.90714448690414,31.59436398388583,0.0005863330536905296,0.3795225818018645,16339.0,142.90714448690414,114.33298215189856,2.0,2.0,2.0,,0.38749998807907104,0.0,0.6000000238418579,0.6000000238418579,True,False,False,False,True,False,True,True,True,True
597.0,15645.0,15645.0,0.0,15645.0,15645.0,15645.0,0.9321445822715759,1.0,0.059680402278900146,0.004144773818552494,0.007593967020511627,0.9997204542160034,3.0999062061309814,0.997089147567749,-0.0004854302678722888,0.0005025695427320898,3.10080623626709,0.9974480271339417,-0.00035887956619262695,0.0011725425720214844,0.0019660592079162598,-0.0027506351470947266,0.9996420741081238,0.002988576889038086,0.5434064865112305,0.0,0.0,0.0,-0.17364058271050453,-0.17364057898521423,0.18321572244167328,1e-06,25.35136604309082,28.380859375,51.255496978759766,0.0,597.0,0.0,0.0833333358168602,0.5333333611488342,0.0,0.0833333358168602,0.5333333611488342,0.0,0.17364062368869781,2.527290105819702,-0.468016654253006,0.17364062368869781,2.527290105819702,-0.468016654253006,223.8125,503.0,120.0,0.0625,223.8125,503.0,120.0,0.0625,0.0,754.0,754.0,754.0,1.0,163.02453713631257,2.958408697042614,0.009221279993653297,5.892867809627205,2.111506642308086,174.49994051316753,45.52486376328193,0.0005894074780219429,0.37666141320723584,15645.0,174.49994051316753,89.65619102213648,2.0,2.0,2.0,,0.0833333358168602,0.0,0.5333333611488342,0.5333333611488342,True,False,False,False,True,False,True,True,True,True
598.0,13921.0,13921.0,0.0,13921.0,13921.0,13921.0,0.8231568932533264,1.0,0.061636537313461304,0.004321768414229155,0.007741525303572416,0.9996841549873352,2.3828470706939697,0.850900411605835,0.0004385913780424744,0.00046205040416680276,2.3812003135681152,0.8503589630126953,0.0005414485931396484,0.0016176030039787292,0.005742132663726807,-0.004003167152404785,1.0005444288253784,0.0009725093841552734,0.46967005729675293,0.0,0.0,0.0,0.0,0.0,0.0,1e-06,25.35136604309082,28.380859375,51.31724548339844,0.0,598.0,0.0,0.0,0.0,0.0,0.0,0.0,0.0,0.0,0.0,0.0,0.0,0.0,0.0,294.0625,452.0,154.0,0.0625,294.0625,452.0,154.0,0.0625,0.0,576.0,576.0,576.0,1.0,65.0127385458909,2.79500452009961,0.01062554307281971,5.365498528815806,2.1089298161678016,75.79515139712021,13.817797778085207,0.0007632744108052374,0.38542479195573637,13921.0,75.79515139712021,183.66610189961202,2.0,2.0,2.0,,0.0,0.0,0.0,0.0,False,True,False,False,False,False,False,False,False,False
599.0,18971.0,18971.0,0.0,18971.0,18971.0,18971.0,0.847311794757843,1.0,0.060543209314346313,0.00463144900277257,0.00808839499950409,0.9996464848518372,2.3986318111419678,0.8535763025283813,-8.363536471733823e-05,0.0005023273406550288,2.3985774517059326,0.853591799736023,-1.5541911125183105e-05,0.0013498291373252869,0.005018115043640137,-0.003665924072265625,0.9999864101409912,0.002180933952331543,0.4045438766479492,0.0,0.0,0.0,0.0,0.0,0.0,1e-06,25.35136604309082,28.380859375,51.29076385498047,0.0,599.0,0.0,0.0,0.0,0.0,0.0,0.0,0.0,0.0,0.0,0.0,0.0,0.0,0.0,252.6875,512.0,115.0,0.0625,252.6875,512.0,115.0,0.0625,0.0,933.0,933.0,933.0,1.0,583.0854530767538,3.2917293049395084,0.009624063037335873,6.89018808118999,2.1307191499508917,595.9148024078459,144.2209876519302,0.0005073039395570014,0.36319582948658424,18971.0,595.9148024078459,31.83508770607143,2.0,2.0,2.0,,0.0,0.0,0.0,0.0,False,True,False,False,False,False,False,False,False,False
600.0,13373.0,13373.0,0.0,13373.0,13373.0,13373.0,0.8288173675537109,1.0,0.06052273511886597,0.004023007582873106,0.007469803560525179,0.9997222423553467,2.464210033416748,0.8825652003288269,0.0002236916043329984,0.00045696579036302865,2.4632928371429443,0.8822055459022522,0.0003595687448978424,0.0017277412116527557,0.003744840621948242,-0.003102719783782959,1.0003615617752075,0.0013796091079711914,0.20420479774475098,0.0,0.0,0.0,0.0,0.0,0.0,1e-06,25.35136604309082,28.380859375,51.17957305908203,0.0,600.0,0.0,0.0,0.0,0.0,0.0,0.0,0.0,0.0,0.0,0.0,0.0,0.0,0.0,232.8125,512.0,136.0,0.0625,232.8125,512.0,136.0,0.0625,0.0,603.0,603.0,603.0,1.0,56.010183269158006,2.773710888810456,0.010164670180529356,5.326258601155132,2.141656002961099,116.27892545890063,15.036290810512217,0.0007600889987683658,0.3982844987029935,13373.0,116.27892545890063,115.00794273100463,2.0,2.0,2.0,49.516219954006374,0.0,0.0,0.0,0.0,False,True,False,False,False,False,False,False,False,False
601.0,14018.0,14018.0,0.0,14018.0,14018.0,14018.0,0.5577558279037476,1.0,0.06210219860076904,0.0037769146729260683,0.007569461595267057,0.9996528029441833,1.8265326023101807,0.5879059433937073,0.00016402914479840547,0.00037287556915543973,1.8256423473358154,0.5875457525253296,0.00036022625863552094,0.0013357680290937424,0.004007577896118164,-0.0031178295612335205,1.000361680984497,0.0011644363403320312,0.7150007486343384,0.0,0.0,0.0,-0.08035174570977688,-0.08035174757242203,0.13042093813419342,1e-06,25.35136604309082,28.380859375,51.30843734741211,0.0,601.0,0.0,0.6083333492279053,1.0,0.0,0.6083333492279053,1.0,0.0,0.08035176247358322,1.1555168628692627,-1.7947391271591187,0.08035176247358322,1.1555168628692627,-1.7947391271591187,313.125,512.0,127.0,0.125,313.125,512.0,127.0,0.125,0.0,563.0,563.0,563.0,1.0,56.0109853069298,2.8261000108905137,0.010265670716762543,5.457951331976801,2.1047371961176395,66.91331128589809,11.179837386612734,0.0007323206389472494,0.38935306976578693,14018.0,66.91331128589809,209.49493801174773,2.0,2.0,2.0,,0.6083333492279053,0.0,1.0,1.0,True,False,False,False,True,True,True,True,True,True
602.0,15639.0,15639.0,0.0,15639.0,15639.0,15639.0,0.5610702037811279,1.0,0.06133738160133362,0.0034734962973743677,0.007291640155017376,0.9996891021728516,1.7734097242355347,0.5630873441696167,0.00011284919310128316,0.0003544067149050534,1.7731208801269531,0.5629088878631592,0.00017844326794147491,0.0010474827140569687,0.002675086259841919,-0.002148449420928955,1.0001791715621948,0.001191854476928711,0.34192562103271484,0.0,0.0,0.0,0.0,0.0,0.0,1e-06,25.35136604309082,28.380859375,51.33979415893555,0.0,602.0,0.0,0.0,0.0,0.0,0.0,0.0,0.0,0.0,0.0,0.0,0.0,0.0,0.0,388.4375,512.0,264.0,0.25,388.4375,512.0,264.0,0.25,0.0,589.0,589.0,589.0,1.0,1472.1964359008707,2.9480517697520554,0.009455209132283926,5.845806479919702,2.1339853797107935,1483.6448548310436,236.87794624310067,0.000604591670329556,0.3737966928780422,15639.0,1483.6448548310436,10.54093231886074,2.0,2.0,2.0,,0.0,0.0,0.0,0.0,False,True,False,False,False,False,False,False,False,False
603.0,13195.0,13195.0,0.0,13195.0,13195.0,13195.0,0.9596543312072754,1.0,0.060808926820755005,0.004389364272356033,0.007767338305711746,0.9996944665908813,2.7013165950775146,0.956283450126648,0.00017956318333745003,0.0004336805723141879,2.7025845050811768,0.9566683173179626,-0.00038479268550872803,0.0015887618064880371,0.002286672592163086,-0.005413055419921875,0.9996175765991211,0.0013753175735473633,0.3356572389602661,0.0,0.0,0.0,0.0,0.0,0.0,1e-06,25.35136604309082,28.380859375,51.17044448852539,0.0,603.0,0.0,0.0,0.0,0.0,0.0,0.0,0.0,0.0,0.0,0.0,0.0,0.0,0.0,253.6875,477.0,108.0,0.0625,253.6875,477.0,108.0,0.0625,0.0,571.0,571.0,571.0,1.0,152.02650523697957,2.794619623105973,0.010440545156598091,5.372936737257987,2.0998781081289053,162.80679401243106,37.45417719560965,0.0007912501066008405,0.4071949024068198,13195.0,162.80679401243106,81.04698627621462,2.0,2.0,2.0,,0.0,0.0,0.0,0.0,False,True,False,False,False,False,False,False,False,False
604.0,22193.0,22193.0,0.0,22193.0,22193.0,22193.0,0.9462342858314514,1.0,0.06235334277153015,0.004331756848841906,0.0076731666922569275,0.9997092485427856,2.6892943382263184,0.9494693279266357,0.0004489952407311648,0.0005132860969752073,2.687840700149536,0.9486935138702393,0.0007757842540740967,0.0018611997365951538,0.006293535232543945,-0.003895699977874756,1.0007792711257935,0.0011521577835083008,0.23439490795135498,0.0,0.0,0.0,0.0,0.0,0.0,1e-06,25.35136604309082,28.380859375,51.302093505859375,0.0,604.0,0.0,0.0,0.0,0.0,0.0,0.0,0.0,0.0,0.0,0.0,0.0,0.0,0.0,258.0625,512.0,122.0,0.0625,258.0625,512.0,122.0,0.0625,0.0,1129.0,1129.0,1129.0,1.0,119.01996763190255,3.5900854389183223,0.009270556271076202,7.840159146115184,2.1107922829687595,133.0720326108858,28.825373609082718,0.00041772433970514136,0.3532717138789341,22193.0,133.0720326108858,166.77433691040298,2.0,2.0,2.0,,0.0,0.0,0.0,0.0,False,True,False,False,False,False,False,False,False,False
605.0,12198.0,12198.0,0.0,12198.0,12198.0,12198.0,0.7737841010093689,1.0,0.07715389132499695,0.00463529210537672,0.008363374508917332,0.999622106552124,2.2226359844207764,0.784515380859375,0.0005069137550890446,0.0004703881568275392,2.2213947772979736,0.7838559150695801,0.0006595253944396973,0.002135820686817169,0.003845393657684326,-0.00397104024887085,1.0006625652313232,0.000868678092956543,0.7072198390960693,0.0,0.0,0.0,0.0844789668917656,0.0844789668917656,0.15520550310611725,1e-06,25.35136604309082,28.380859375,51.368412017822266,0.0,605.0,0.0,0.04583333432674408,0.20000000298023224,0.0,0.04583333432674408,0.20000000298023224,0.0,-0.0844789668917656,1.9343490600585938,-0.5750767588615417,-0.0844789668917656,1.9343490600585938,-0.5750767588615417,259.375,432.0,142.0,0.0625,259.375,432.0,142.0,0.0625,0.0,503.0,503.0,503.0,1.0,52.008998460136354,2.6093687219545245,0.009148774668574333,4.81586640374735,2.121864330023527,62.066019925288856,12.532288785575025,0.0007500225175089632,0.39480787044985655,12198.0,62.066019925288856,196.53266013646726,2.0,2.0,2.0,,0.04583333432674408,0.0,0.20000000298023224,0.20000000298023224,True,False,False,False,True,False,True,True,True,True
606.0,26477.0,26477.0,0.0,26477.0,26477.0,26477.0,1.0420304536819458,1.0,0.0713576078414917,0.005062890704721212,0.008318591862916946,0.9996376633644104,3.026517391204834,1.07211172580719,0.0007346051861532032,0.0006056755664758384,3.023852825164795,1.0712502002716064,0.0008616559207439423,0.0015690065920352936,0.004424452781677246,-0.0015995502471923828,1.000863790512085,0.0009473562240600586,-0.002386629581451416,0.0,0.0,0.0,0.0,0.0,0.0,1e-06,25.35136604309082,28.380859375,51.19434356689453,0.0,606.0,0.0,0.0,0.0,0.0,0.0,0.0,0.0,0.0,0.0,0.0,0.0,0.0,0.0,297.8125,512.0,130.0,0.0625,297.8125,512.0,130.0,0.0625,0.0,1357.0,1357.0,1357.0,1.0,291.04268226772547,4.004241465125233,0.009639020077884197,9.44476172933355,2.1590111711993814,307.16077703004703,61.079261756080896,0.0003640525768736714,0.35671570530398267,26477.0,307.16077703004703,86.1991568585268,2.0,2.0,2.0,,0.0,0.0,0.0,0.0,False,True,False,False,False,False,False,False,False,False
607.0,14846.0,14846.0,0.0,14846.0,14846.0,14846.0,0.7363412976264954,1.0,0.058642566204071045,0.004056511912494898,0.007715270854532719,0.9996858835220337,2.319183349609375,0.8169417381286621,0.00031973302247934043,0.00043042891775257885,2.317493438720703,0.8164286613464355,0.0005130432546138763,0.0013782121241092682,0.006372690200805664,-0.002193450927734375,1.0005152225494385,0.0010808706283569336,0.05739414691925049,0.0,0.0,0.0,-0.10263996571302414,-0.10263995826244354,0.16401346027851105,1e-06,25.35136604309082,28.380859375,51.35795593261719,0.0,607.0,0.0,0.5208333730697632,1.0,0.0,0.5208333730697632,1.0,0.0,0.10263992100954056,0.9951710104942322,-1.0817078351974487,0.10263992100954056,0.9951710104942322,-1.0817078351974487,257.875,512.0,85.0,0.0625,257.875,512.0,85.0,0.0625,0.0,670.0,670.0,670.0,1.0,56.01134235877544,2.923557977657765,0.009361864067614079,5.776343473698944,2.128412513062358,67.34896299615502,13.575216276969325,0.0006305984149005846,0.38908416231300985,14846.0,67.34896299615502,220.43398056251533,2.0,2.0,2.0,,0.5208333730697632,0.0,1.0,1.0,True,False,False,False,True,True,True,True,True,True
608.0,17129.0,17129.0,0.0,17129.0,17129.0,17129.0,0.7288833856582642,1.0,0.05601900815963745,0.004257397260516882,0.007748262491077185,0.9996672868728638,2.200338125228882,0.769965648651123,-0.00020880690135527402,0.00044556710054166615,2.2001795768737793,0.7699360251426697,2.964027225971222e-05,0.0018289592117071152,0.004048466682434082,-0.004167020320892334,1.0000321865081787,0.0022066831588745117,0.8672807216644287,0.0,0.0,0.0,-0.13533592969179153,-0.13533593714237213,0.15628500282764435,1e-06,25.35136604309082,28.380859375,51.17600631713867,0.0,608.0,0.0,0.23750001192092896,0.6000000238418579,0.0,0.23750001192092896,0.6000000238418579,0.0,0.13533592224121094,1.9904658794403076,-1.30409836769104,0.13533592224121094,1.9904658794403076,-1.30409836769104,288.5625,512.0,160.0,0.0625,288.5625,512.0,160.0,0.0625,0.0,782.0,782.0,782.0,1.0,68.01262677228078,3.1310782907530665,0.010354150086641312,6.386225943919271,2.0969239971600473,80.13964836904779,14.730913314334153,0.0006044807102948982,0.37283121863035035,17129.0,80.13964836904779,213.7393955251706,2.0,2.0,2.0,,0.23750001192092896,0.0,0.6000000238418579,0.6000000238418579,True,False,False,False,True,False,True,True,True,True
609.0,16302.0,16302.0,0.0,16302.0,16302.0,16302.0,0.7010922431945801,1.0,0.06135067343711853,0.004527613520622253,0.008195247501134872,0.9996055364608765,2.026431083679199,0.6866731643676758,-0.00017112906789407134,0.00044558176887221634,2.027161121368408,0.6868755221366882,-0.00020240619778633118,0.0012342371046543121,0.0022621750831604004,-0.0032712817192077637,0.9997987747192383,0.002128005027770996,0.7562828063964844,0.0,0.0,0.0,0.13124333694577217,0.13124333322048187,0.15019884705543518,1e-06,25.35136604309082,28.380859375,51.39259338378906,0.0,609.0,0.0,0.36666667461395264,0.6666666865348816,0.0,0.36666667461395264,0.6666666865348816,0.0,-0.13124333322048187,1.0767277479171753,-1.3160005807876587,-0.13124333322048187,1.0767277479171753,-1.3160005807876587,280.875,453.0,122.0,0.0625,280.875,453.0,122.0,0.0625,0.0,738.0,738.0,738.0,1.0,75.01423687720671,3.010694576893002,0.010378049220889807,6.032011345028877,2.1105952160432935,86.68705651676282,16.692086532533757,0.0006366120243460806,0.3700166448919689,16302.0,86.68705651676282,188.05575659207733,2.0,2.0,2.0,,0.36666667461395264,0.0,0.6666666865348816,0.6666666865348816,True,False,False,False,True,False,True,True,True,True
610.0,21533.0,21533.0,0.0,21533.0,21533.0,21533.0,0.8337942361831665,1.0,0.04943227767944336,0.004070513881742954,0.007368260994553566,0.9997207522392273,2.3664846420288086,0.8453686833381653,0.00044937041820958257,0.00045275184675119817,2.3652243614196777,0.8448110818862915,0.0005576536059379578,0.0014159008860588074,0.004089236259460449,-0.0034373998641967773,1.0005593299865723,0.0009055137634277344,1.1771290302276611,0.0,0.0,0.0,0.049256833270192146,0.049256831407547,0.1471111923456192,1e-06,25.35136604309082,28.380859375,51.3654670715332,0.0,610.0,0.0,0.38750001788139343,0.9333333373069763,0.0,0.38750001788139343,0.9333333373069763,0.0,-0.04925684630870819,1.2771779298782349,-0.9066988229751587,-0.04925684630870819,1.2771779298782349,-0.9066988229751587,334.8125,512.0,142.0,0.125,334.8125,512.0,142.0,0.125,0.0,1011.0,1011.0,1011.0,1.0,92.01480208802968,3.5453387363813818,0.01006491482257843,7.705394581891596,2.0969144855625927,105.87323890067637,17.17655443121704,0.00046741814064823437,0.3578412010352295,21533.0,105.87323890067637,203.38472897953855,2.0,2.0,2.0,,0.38750001788139343,0.0,0.9333333373069763,0.9333333373069763,True,False,False,False,True,False,True,True,True,True
611.0,13516.0,13516.0,0.0,13516.0,13516.0,13516.0,0.6659578680992126,1.0,0.07850798964500427,0.003951968625187874,0.007553017698228359,0.999673068523407,1.9616419076919556,0.6636836528778076,0.0003673647006507963,0.00038268626667559147,1.9605792760849,0.6631419658660889,0.0005415827035903931,0.0020171552896499634,0.003335297107696533,-0.004603207111358643,1.0005443096160889,0.0008008480072021484,0.8576464653015137,0.0,0.0,0.0,0.0,0.0,0.0,1e-06,25.35136604309082,28.380859375,51.169368743896484,0.0,611.0,0.0,0.0,0.0,0.0,0.0,0.0,0.0,0.0,0.0,0.0,0.0,0.0,0.0,281.75,512.0,153.0,0.125,281.75,512.0,153.0,0.125,0.0,563.0,563.0,563.0,1.0,49.009532753843814,2.785950788296759,0.009410920087248087,5.35709838103503,2.111015318892896,59.77666557626799,10.871679847791441,0.0006962799709417051,0.39635235136394126,13516.0,59.77666557626799,226.108296100176,2.0,2.0,2.0,,0.0,0.0,0.0,0.0,False,True,False,False,False,False,False,False,False,False
612.0,10782.0,10782.0,0.0,10782.0,10782.0,10782.0,0.7660913467407227,1.0,0.05675095319747925,0.004076955374330282,0.007594766095280647,0.9996941685676575,2.228878974914551,0.7860286831855774,-0.0002953046059701592,0.00041912056622095406,2.2296316623687744,0.7863650321960449,-0.00033638253808021545,0.0011496059596538544,0.0013669729232788086,-0.0028003454208374023,0.9996646046638489,0.0022711753845214844,0.615126371383667,0.0,0.0,0.0,-0.026630815118551254,-0.026630818843841553,0.16368022561073303,1e-06,25.35136604309082,28.380859375,51.16840362548828,0.0,612.0,0.0,0.6291666626930237,0.8666666746139526,0.3333333432674408,0.6291666626930237,0.8666666746139526,0.3333333432674408,0.026630805805325508,1.7531557083129883,-2.1837551593780518,0.026630805805325508,1.7531557083129883,-2.1837551593780518,260.875,439.0,138.0,0.0625,260.875,439.0,138.0,0.0625,0.0,413.0,413.0,413.0,1.0,61.01209708722308,2.518985942006111,0.010298148263245821,4.554579398129135,2.1176176629960537,70.71742296777666,14.617177069291587,0.0009551241201303859,0.4224243552336427,10782.0,70.71742296777666,152.46596308964712,2.0,2.0,2.0,,0.6291666626930237,0.3333333432674408,0.8666666746139526,0.5333333313465118,True,False,False,False,True,False,True,True,True,True
613.0,10186.0,10186.0,0.0,10186.0,10186.0,10186.0,0.7155816555023193,1.0,0.05492401123046875,0.004019482992589474,0.007744316477328539,0.9996821880340576,2.27988338470459,0.7829686999320984,0.0008913605706766248,0.0004579848609864712,2.277628183364868,0.7820566296577454,0.000912059098482132,0.002031378448009491,0.004194855690002441,-0.0027843117713928223,1.0009148120880127,4.363059997558594e-05,0.37081336975097656,0.0,0.0,0.0,-0.0729110836982727,-0.0729110836982727,0.15287910401821136,1e-06,25.35136604309082,28.380859375,51.37963104248047,0.0,613.0,0.0,0.17500001192092896,0.6000000238418579,0.0,0.17500001192092896,0.6000000238418579,0.0,0.0729110836982727,2.073777437210083,-0.8539084196090698,0.0729110836982727,2.073777437210083,-0.8539084196090698,296.625,497.0,131.0,0.0625,296.625,497.0,131.0,0.0625,0.0,340.0,340.0,340.0,1.0,137.01989801926538,2.452567039988935,0.009396025910973549,4.36197645496577,2.1189752547070384,146.46453267196193,28.870606409453305,0.0009224451120138965,0.428232520613172,10186.0,146.46453267196193,69.54584713565902,2.0,2.0,2.0,,0.17500001192092896,0.0,0.6000000238418579,0.6000000238418579,True,False,False,False,True,False,True,True,True,True
614.0,19797.0,19797.0,0.0,19797.0,19797.0,19797.0,0.709721565246582,1.0,0.05440731346607208,0.004490237217396498,0.008242899551987648,0.9996179938316345,2.0908405780792236,0.7296409010887146,-4.3836887925863266e-05,0.0004781416500918567,2.0916178226470947,0.7299410104751587,-0.00030020996928215027,0.0016708485782146454,0.003815948963165283,-0.005779445171356201,0.9997022151947021,0.002003192901611328,0.3588215112686157,0.0,0.0,0.0,0.0,0.0,0.0,1e-06,25.35136604309082,28.380859375,51.28191375732422,0.0,614.0,0.0,0.0,0.0,0.0,0.0,0.0,0.0,0.0,0.0,0.0,0.0,0.0,0.0,239.3125,512.0,117.0,0.0625,239.3125,512.0,117.0,0.0625,0.0,998.0,998.0,998.0,1.0,199.02627533022314,3.3821545280516148,0.01081079663708806,7.141467659268528,2.1104058171622455,212.17360350489616,51.97865639337246,0.0005460825699392868,0.3607348416057245,19797.0,212.17360350489616,93.30566890967265,2.0,2.0,2.0,,0.0,0.0,0.0,0.0,False,True,False,False,False,False,False,False,False,False
615.0,20429.0,20429.0,0.0,20429.0,20429.0,20429.0,0.7434589266777039,1.0,0.05654364824295044,0.004026393871754408,0.007395872846245766,0.9997079372406006,2.187110424041748,0.7638416290283203,4.602348053595051e-05,0.00041924085235223174,2.187260150909424,0.7638163566589355,2.5287270545959473e-05,0.0015221312642097473,0.0024309158325195312,-0.0031166672706604004,1.000026822090149,0.001586318016052246,0.42216241359710693,0.0,0.0,0.0,0.09424160793423653,0.09424160420894623,0.14264920353889465,1e-06,25.35136604309082,28.380859375,51.254886627197266,0.0,615.0,0.0,0.12916666269302368,1.0,0.0,0.12916666269302368,1.0,0.0,-0.09424161165952682,2.558685779571533,-0.37951797246932983,-0.09424161165952682,2.558685779571533,-0.37951797246932983,222.8125,472.0,125.0,0.0625,222.8125,472.0,125.0,0.0625,0.0,1054.0,1054.0,1054.0,1.0,82.01438400521874,3.440305233001709,0.009578533936291933,7.300824065692723,2.1140571828000247,95.37917915405706,23.00543730861676,0.00046886944717274134,0.35737549883463327,20429.0,95.37917915405706,214.18720711574744,2.0,2.0,2.0,,0.12916666269302368,0.0,1.0,1.0,True,False,False,False,True,True,True,True,True,True
616.0,35353.0,35353.0,0.0,35353.0,35353.0,35353.0,0.9829381704330444,1.0,0.06061229109764099,0.004425445105880499,0.007749113719910383,0.999704897403717,3.6647040843963623,1.1023430824279785,0.0016763388412073255,0.0005578657728619874,3.6599154472351074,1.1005984544754028,0.0017446987330913544,0.0019914917647838593,0.006016373634338379,-0.0012096166610717773,1.0017484426498413,-0.001125037670135498,-0.3622778058052063,0.0,0.0,0.0,0.0,0.0,0.0,1e-06,25.35136604309082,28.380859375,51.177799224853516,0.0,616.0,0.0,0.0,0.0,0.0,0.0,0.0,0.0,0.0,0.0,0.0,0.0,0.0,0.0,272.5625,470.0,85.0,0.0625,272.5625,470.0,85.0,0.0625,0.0,1937.0,1937.0,1937.0,1.0,134.0213547470048,5.157048301305622,0.010006338823586702,12.084213549736887,2.1249124072492123,153.89834807720035,30.731794255217796,0.0002830407270553193,0.3418157879030602,35353.0,153.89834807720035,229.71656578318695,2.0,2.0,2.0,,0.0,0.0,0.0,0.0,False,True,False,False,False,False,False,False,False,False
617.0,18990.0,18990.0,0.0,18990.0,18990.0,18990.0,0.6441870927810669,1.0,0.05838596820831299,0.003679378656670451,0.007180109620094299,0.999710202217102,2.0429325103759766,0.6829763054847717,-4.2047962779179215e-05,0.0003866111801471561,2.0428264141082764,0.6829774975776672,-1.1827796697616577e-06,0.0011331010609865189,0.003103494644165039,-0.0027015209197998047,0.9999998807907104,0.0016342401504516602,0.3510044813156128,0.0,0.0,0.0,0.0,0.0,0.0,1e-06,25.35136604309082,28.380859375,51.36116027832031,0.0,617.0,0.0,0.0,0.0,0.0,0.0,0.0,0.0,0.0,0.0,0.0,0.0,0.0,0.0,279.875,512.0,139.0,0.125,279.875,512.0,139.0,0.125,0.0,907.0,907.0,907.0,1.0,68.01235797069967,3.33796348888427,0.00993082718923688,7.04289161413908,2.10820539528504,81.0139615139924,15.188110310562678,0.000522950352250494,0.3708737026929479,18990.0,81.0139615139924,234.40404153943422,2.0,2.0,2.0,,0.0,0.0,0.0,0.0,False,True,False,False,False,False,False,False,False,False
618.0,13435.0,13435.0,0.0,13435.0,13435.0,13435.0,0.7877581119537354,1.0,0.053511857986450195,0.0042405989952385426,0.007747618481516838,0.9996755123138428,2.266218900680542,0.8036073446273804,0.0002912381605710834,0.00041521081584505737,2.2653985023498535,0.8032624125480652,0.00034494511783123016,0.0016725119203329086,0.003897726535797119,-0.0026797056198120117,1.0003468990325928,0.0010758638381958008,0.24080216884613037,0.0,0.0,0.0,-0.06657867319881916,-0.06657867133617401,0.1669350564479828,1e-06,25.35136604309082,28.380859375,51.23908233642578,0.0,618.0,0.0,0.5,1.0,0.0,0.5,1.0,0.0,0.06657866388559341,0.9682439565658569,-0.9682439565658569,0.06657866388559341,0.9682439565658569,-0.9682439565658569,222.6875,393.0,119.0,0.0625,222.6875,393.0,119.0,0.0625,0.0,617.0,617.0,617.0,1.0,49.010455686133355,2.760071850847453,0.009458872023969889,5.278918284922838,2.130711952224374,59.6927958172746,13.755390313256624,0.0007040470430941488,0.392922834754212,13435.0,59.6927958172746,225.06903582009846,2.0,2.0,2.0,,0.5,0.0,1.0,1.0,True,False,False,False,True,True,True,True,True,True
619.0,16411.0,16411.0,0.0,16411.0,16411.0,16411.0,0.8429860472679138,1.0,0.04767203330993652,0.0037596896290779114,0.007051404565572739,0.9997538328170776,2.780813694000244,0.942823052406311,0.0004048068658448756,0.0004631135961972177,2.780168294906616,0.942218542098999,0.0006045643240213394,0.0018444862216711044,0.004834771156311035,-0.003850102424621582,1.0006071329116821,0.0010453462600708008,0.949405312538147,0.0,0.0,0.0,0.0,0.0,0.0,1e-06,25.35136604309082,28.380859375,51.33493423461914,0.0,619.0,0.0,0.0,0.0,0.0,0.0,0.0,0.0,0.0,0.0,0.0,0.0,0.0,0.0,365.6875,512.0,144.0,0.25,365.6875,512.0,144.0,0.25,0.0,660.0,660.0,660.0,1.0,968.1263264762238,3.0736978761851788,0.009409976191818714,6.235920530278236,2.480822319164872,980.433635528665,165.4633953984317,0.0005733944422532883,0.37998418928025324,16411.0,980.433635528665,16.738511823037296,2.0,2.0,2.0,,0.0,0.0,0.0,0.0,False,True,False,False,False,False,False,False,False,False
620.0,10758.0,10758.0,0.0,10758.0,10758.0,10758.0,0.6984895467758179,1.0,0.06359608471393585,0.003984350711107254,0.0076469359919428825,0.9996827244758606,2.090879440307617,0.7251569628715515,0.0007926449179649353,0.00045681814663112164,2.0888595581054688,0.7243053913116455,0.0008516237139701843,0.0013281777501106262,0.0032922029495239258,-0.0014908909797668457,1.0008529424667358,0.0002390146255493164,-0.2080526351928711,0.0,0.0,0.0,-0.05102451890707016,-0.05102452635765076,0.14812873303890228,1e-06,25.35136604309082,28.380859375,51.27400207519531,0.0,620.0,0.0,0.12916667759418488,0.4000000059604645,0.0,0.12916667759418488,0.4000000059604645,0.0,0.051024530082941055,1.6683756113052368,-0.7956869602203369,0.051024530082941055,1.6683756113052368,-0.7956869602203369,279.375,512.0,122.0,0.125,279.375,512.0,122.0,0.125,0.0,393.0,393.0,393.0,1.0,55.01101629110053,2.5480920667760074,0.009549136273562908,4.655687865801156,2.1067114300094545,64.83299727691337,12.306715053937479,0.000887631183636634,0.43276518551786164,10758.0,64.83299727691337,165.93402205439693,2.0,2.0,2.0,,0.12916667759418488,0.0,0.4000000059604645,0.4000000059604645,True,False,False,False,True,False,True,True,True,True
621.0,10603.0,10603.0,0.0,10603.0,10603.0,10603.0,0.6726596355438232,1.0,0.06143683195114136,0.003859153715893626,0.007487211376428604,0.9996989369392395,2.1324496269226074,0.7193530797958374,0.0010308831697329879,0.00041343006887473166,2.129542112350464,0.7182708978652954,0.0010821782052516937,0.0017680935561656952,0.004975557327270508,-0.0023276209831237793,1.001084804534912,-0.00040656328201293945,-0.018617093563079834,0.0,0.0,0.0,-0.041322916746139526,-0.041322916746139526,0.14871905744075775,1e-06,25.35136604309082,28.380859375,51.29939651489258,0.0,621.0,0.0,0.0208333358168602,0.13333334028720856,0.0,0.0208333358168602,0.13333334028720856,0.0,0.04132285714149475,2.802715301513672,-0.5190213918685913,0.04132285714149475,2.802715301513672,-0.5190213918685913,267.6875,440.0,146.0,0.0625,267.6875,440.0,146.0,0.0625,0.0,395.0,395.0,395.0,1.0,70.01256617717445,2.4588910760357976,0.009836073033511639,4.38130197674036,2.121130232233554,79.48509762436152,16.346618299597115,0.000927668870462288,0.4132134279675903,10603.0,79.48509762436152,133.39607444540988,2.0,2.0,2.0,,0.0208333358168602,0.0,0.13333334028720856,0.13333334028720856,True,False,False,False,True,False,True,True,True,True
622.0,12519.0,12519.0,0.0,12519.0,12519.0,12519.0,0.7450805902481079,1.0,0.061455756425857544,0.004453213419765234,0.00803377665579319,0.9996348023414612,2.1281821727752686,0.7454628944396973,0.0013774065300822258,0.0004485213430598378,2.1255710124969482,0.7441669702529907,0.0012959614396095276,0.0020761117339134216,0.005355894565582275,-0.0030084848403930664,1.0012989044189453,-0.0009652376174926758,-0.17286837100982666,0.0,0.0,0.0,0.0,0.0,0.0,1e-06,25.35136604309082,28.380859375,51.20445251464844,0.0,622.0,0.0,0.0,0.0,0.0,0.0,0.0,0.0,0.0,0.0,0.0,0.0,0.0,0.0,299.4375,512.0,83.0,0.0625,299.4375,512.0,83.0,0.0625,0.0,483.0,483.0,483.0,1.0,142.02524339128286,2.6855898648500443,0.009590017143636942,5.048472549766302,2.1237144600600004,152.39550395682454,29.64417520168709,0.000766036995258163,0.4032648414223422,12519.0,152.39550395682454,82.14809279115467,2.0,2.0,2.0,,0.0,0.0,0.0,0.0,False,True,False,False,False,False,False,False,False,False
623.0,14609.0,14609.0,0.0,14609.0,14609.0,14609.0,0.6280185580253601,1.0,0.07092487812042236,0.0037423502653837204,0.00752227334305644,0.9996823072433472,1.9734247922897339,0.6646040081977844,0.0004605694848578423,0.0003852341615129262,1.9716533422470093,0.6639658212661743,0.0006381645798683167,0.0015951767563819885,0.0049544572830200195,-0.003202676773071289,1.0006402730941772,0.0006184577941894531,0.19805407524108887,0.0,0.0,0.0,-0.1130137238651514,-0.11301371455192566,0.14287687838077545,1e-06,25.35136604309082,28.380859375,51.41858673095703,0.0,623.0,0.0,0.16250000894069672,0.6666666865348816,0.0,0.16250000894069672,0.6666666865348816,0.0,0.11301380395889282,2.424518346786499,-0.7814564108848572,0.11301380395889282,2.424518346786499,-0.7814564108848572,319.0625,512.0,109.0,0.1875,319.0625,512.0,109.0,0.1875,0.0,594.0,594.0,594.0,1.0,90.01727964961901,2.9085124041885138,0.00944873970001936,5.753076836001128,2.113818916026503,101.30450984369963,17.63315957876964,0.0006467752549811322,0.39380360298453887,14609.0,101.30450984369963,144.20878224019725,2.0,2.0,2.0,,0.16250000894069672,0.0,0.6666666865348816,0.6666666865348816,True,False,False,False,True,False,True,True,True,True
624.0,11418.0,11418.0,0.0,11418.0,11418.0,11418.0,1.0631797313690186,1.0,0.05977660417556763,0.00467710429802537,0.008069523610174656,0.99968022108078,3.1037368774414062,1.067004680633545,0.0005437757936306298,0.0005470455507747829,3.1022539138793945,1.0665626525878906,0.0004420168697834015,0.0018848292529582977,0.004449784755706787,-0.003011941909790039,1.0004442930221558,0.0011005401611328125,0.15888118743896484,0.0,0.0,0.0,0.11628662794828415,0.11628663539886475,0.1481054276227951,1e-06,25.35136604309082,28.380859375,51.29252624511719,0.0,624.0,0.0,0.012500000186264515,0.20000000298023224,0.0,0.012500000186264515,0.20000000298023224,0.0,-0.11628665030002594,3.749925136566162,-0.24999500811100006,-0.11628665030002594,3.749925136566162,-0.24999500811100006,220.625,405.0,118.0,0.0625,220.625,405.0,118.0,0.0625,0.0,493.0,493.0,493.0,1.0,68.0121430689469,2.567263865377754,0.00977309886366129,4.693959248252213,2.188546194229275,77.97353731933981,19.266896053526033,0.0008559378931215002,0.4111017032976189,11418.0,77.97353731933981,146.43429543586947,2.0,2.0,2.0,,0.012500000186264515,0.0,0.20000000298023224,0.20000000298023224,True,False,False,False,True,False,True,True,True,True
625.0,10433.0,10433.0,0.0,10433.0,10433.0,10433.0,0.9286119341850281,1.0,0.061264753341674805,0.004585474729537964,0.007846992462873459,0.9996721148490906,2.545997142791748,0.9089999198913574,0.0005075072986073792,0.0005024434067308903,2.5450189113616943,0.9085753560066223,0.00042450055480003357,0.0013853199779987335,0.0024649500846862793,-0.0033637285232543945,1.0004258155822754,0.000995039939880371,0.03827512264251709,0.0,0.0,0.0,-0.06973090022802353,-0.06973090022802353,0.17426012456417084,1e-06,25.35136604309082,28.380859375,51.388206481933594,0.0,625.0,0.0,0.7791666984558105,1.0,0.0,0.7791666984558105,1.0,0.0,0.06973088532686234,0.5933876633644104,-2.093651056289673,0.06973088532686234,0.5933876633644104,-2.093651056289673,210.0625,402.0,125.0,0.0625,210.0625,402.0,125.0,0.0625,0.0,442.0,442.0,442.0,1.0,69.01470222882926,2.4547557760961354,0.009843120351433754,4.359452478121966,2.1129090399481356,78.45575036806986,20.53397864588791,0.0009434602081312905,0.4178522455786414,10433.0,78.45575036806986,132.97941771067494,2.0,2.0,2.0,,0.7791666984558105,0.0,1.0,1.0,True,False,False,False,True,True,True,True,True,True
626.0,8652.0,8652.0,0.0,8652.0,8652.0,8652.0,0.9043519496917725,1.0,0.10849034786224365,0.004317042883485556,0.007899369113147259,0.9996901750564575,2.8307087421417236,0.9933950901031494,-0.00019530790450517088,0.00045489295735023916,2.8315987586975098,0.9935668706893921,-0.00017181411385536194,0.0013056136667728424,0.0025292634963989258,-0.002230048179626465,0.9998292922973633,0.002221822738647461,0.3798644542694092,0.0,0.0,0.0,0.0,0.0,0.0,1e-06,25.35136604309082,28.380859375,51.26585388183594,0.0,626.0,0.0,0.0,0.0,0.0,0.0,0.0,0.0,0.0,0.0,0.0,0.0,0.0,0.0,230.75,383.0,108.0,0.0625,230.75,383.0,108.0,0.0625,0.0,310.0,310.0,310.0,1.0,62.0115164751187,2.2633123518899083,0.009307953994721174,3.84393048658967,2.322742728050798,70.95413858117536,16.79618539412749,0.0010758153022100293,0.4442823031194718,8652.0,70.95413858117536,121.93791895735082,2.0,2.0,2.0,,0.0,0.0,0.0,0.0,False,True,False,False,False,False,False,False,False,False
627.0,14132.0,14132.0,0.0,14132.0,14132.0,14132.0,0.6977028250694275,1.0,0.05367708206176758,0.0041046710684895515,0.007624507416039705,0.9996652007102966,2.1699562072753906,0.7383506298065186,-0.000105790670204442,0.00041740754386410117,2.170274019241333,0.7384154796600342,-6.486475467681885e-05,0.0009457170963287354,0.0018414855003356934,-0.0022677183151245117,0.9999357461929321,0.0018868446350097656,0.6466152667999268,0.0,0.0,0.0,0.01406683400273323,0.014066830277442932,0.1506541222333908,1e-06,25.35136604309082,28.380859375,51.31178283691406,0.0,627.0,0.0,0.02083333395421505,0.2666666805744171,0.0,0.02083333395421505,0.2666666805744171,0.0,-0.014066800475120544,3.6348187923431396,-0.3080354630947113,-0.014066800475120544,3.6348187923431396,-0.3080354630947113,268.25,512.0,82.0,0.0625,268.25,512.0,82.0,0.0625,0.0,615.0,615.0,615.0,1.0,59.01275268802419,2.880499835126102,0.009470859076827765,5.658322574105114,2.2725662430748343,70.33395466813818,13.74947639515941,0.0006701711772451008,0.40039078503432735,14132.0,70.33395466813818,200.92713493333406,2.0,2.0,2.0,,0.02083333395421505,0.0,0.2666666805744171,0.2666666805744171,True,False,False,False,True,False,True,True,True,True
628.0,8170.0,8170.0,0.0,8170.0,8170.0,8170.0,0.7912757396697998,1.0,0.05628257989883423,0.003794485703110695,0.007330678403377533,0.9997289180755615,2.5478720664978027,0.8689584732055664,0.00018902857846114784,0.00041378705645911396,2.5471086502075195,0.868713915348053,0.0002446472644805908,0.001768551766872406,0.0044727325439453125,-0.0034546852111816406,1.0002470016479492,0.0012845993041992188,0.2457813024520874,0.0,0.0,0.0,0.0,0.0,0.0,1e-06,26.718815803527832,28.380859375,51.278865814208984,0.0,628.0,0.0,0.0,0.0,0.0,0.0,0.0,0.0,0.0,0.0,0.0,0.0,0.0,0.0,201.625,512.0,92.0,0.0625,201.625,512.0,92.0,0.0625,0.0,309.0,309.0,309.0,1.0,150.02299594692886,2.3984619099646807,0.009639434982091188,4.045036098919809,2.2115901722572744,159.1891840430908,46.50433848323895,0.0011798574029487378,0.4951084576401235,8170.0,159.1891840430908,51.322582304263015,2.0,2.0,2.0,,0.0,0.0,0.0,0.0,False,True,False,False,False,False,False,False,False,False
629.0,10905.0,10905.0,0.0,10905.0,10905.0,10905.0,0.8155120015144348,1.0,0.06208968162536621,0.004055183380842209,0.007411832921206951,0.9997122287750244,2.2020750045776367,0.7805907130241394,-0.0005382727249525487,0.0004176796937827021,2.2036144733428955,0.7812429070472717,-0.0006521251052618027,0.0015581082552671432,0.0026546120643615723,-0.005516648292541504,0.9993501305580139,0.002749204635620117,0.8753948211669922,0.0,0.0,0.0,0.0493730753660202,0.0493730753660202,0.14833080768585205,1e-06,26.718815803527832,28.380859375,51.40604019165039,0.0,629.0,0.0,0.10000000149011612,0.8666666746139526,0.0,0.10000000149011612,0.8666666746139526,0.0,-0.04937306046485901,2.7946343421936035,-0.36451753973960876,-0.04937306046485901,2.7946343421936035,-0.36451753973960876,230.5625,396.0,169.0,0.0625,230.5625,396.0,169.0,0.0625,0.0,451.0,451.0,451.0,1.0,62.01219224417582,2.494235070887953,0.010204617865383625,4.470717421267182,2.115225347224623,71.60535376239568,16.810027715959833,0.0009357742196592045,0.40996950217947564,10905.0,71.60535376239568,152.29308182996337,2.0,2.0,2.0,,0.10000000149011612,0.0,0.8666666746139526,0.8666666746139526,True,False,False,False,True,False,True,True,True,True
630.0,22364.0,22364.0,0.0,22364.0,22364.0,22364.0,0.8228064179420471,1.0,0.0922674834728241,0.004795522894710302,0.008532724343240261,0.999610960483551,2.3368453979492188,0.8073595762252808,0.0004380871541798115,0.0005963006406091154,2.3350746631622314,0.8067252039909363,0.0006344076246023178,0.0016289930790662766,0.004191577434539795,-0.0033458471298217773,1.0006364583969116,0.0015331506729125977,0.10253250598907471,0.0,0.0,0.0,0.0,0.0,0.0,1e-06,26.718815803527832,28.380859375,51.35590362548828,0.0,630.0,0.0,0.0,0.0,0.0,0.0,0.0,0.0,0.0,0.0,0.0,0.0,0.0,0.0,244.75,512.0,115.0,0.125,244.75,512.0,115.0,0.125,0.0,1153.0,1153.0,1153.0,1.0,86.01630208827555,3.6485526650212705,0.010309083852916956,7.993812261149287,2.1219039112329483,100.2943273037672,21.965347826423788,0.00046096779882476107,0.35744107767614414,22364.0,100.2943273037672,222.98369809356083,2.0,2.0,2.0,,0.0,0.0,0.0,0.0,False,True,False,False,False,False,False,False,False,False
631.0,19000.0,19000.0,0.0,19000.0,19000.0,19000.0,0.9336864352226257,1.0,0.05660295486450195,0.004151966422796249,0.00746753066778183,0.9997290372848511,2.8822903633117676,0.9819642305374146,-0.00047623401042073965,0.0005155325052328408,2.8819355964660645,0.982196033000946,-0.0002317577600479126,0.0025240033864974976,0.004644632339477539,-0.004613697528839111,0.9997726082801819,0.0030231475830078125,2.155501365661621,0.0,0.0,0.0,0.0,0.0,0.0,1e-06,26.718815803527832,28.380859375,51.57502365112305,0.0,631.0,0.0,0.0,0.0,0.0,0.0,0.0,0.0,0.0,0.0,0.0,0.0,0.0,0.0,277.5,499.0,143.0,0.0625,277.5,499.0,143.0,0.0625,0.0,910.0,910.0,910.0,1.0,86.0156917781569,3.2883590022102,0.009794996120035648,6.8784247930161655,2.115877555217594,98.81279948493466,19.372903553638942,0.0005155261115808236,0.3620223575271666,19000.0,98.81279948493466,192.282782180428,2.0,2.0,2.0,,0.0,0.0,0.0,0.0,False,True,False,False,False,False,False,False,False,False
632.0,12327.0,12327.0,0.0,12327.0,12327.0,12327.0,0.7128552794456482,1.0,0.05187821388244629,0.004252821207046509,0.007819132879376411,0.9996588826179504,2.0123276710510254,0.6853972673416138,0.0008187745115719736,0.0004257113905623555,2.010498046875,0.6845836043357849,0.0008136257529258728,0.001961946487426758,0.004118382930755615,-0.003524482250213623,1.0008161067962646,6.0677528381347656e-05,0.04750871658325195,0.0,0.0,0.0,0.039157167077064514,0.039157167077064514,0.16810427606105804,1e-06,26.718815803527832,28.380859375,51.449134826660156,0.0,632.0,0.0,0.7291666865348816,1.0,0.0,0.7291666865348816,1.0,0.0,-0.039157137274742126,0.6120089888572693,-1.6477166414260864,-0.039157137274742126,0.6120089888572693,-1.6477166414260864,244.4375,375.0,153.0,0.0625,244.4375,375.0,153.0,0.0625,0.0,526.0,526.0,526.0,1.0,59.009788528084755,2.592777644749731,0.009884163737297058,4.834024332929403,2.139347678050399,69.08737248694524,15.088158662256394,0.0008018304321649272,0.39214929284735967,12327.0,69.08737248694524,178.42623848995433,2.0,2.0,2.0,,0.7291666865348816,0.0,1.0,1.0,True,False,False,False,True,True,True,True,True,True
633.0,14382.0,14382.0,0.0,14382.0,14382.0,14382.0,0.7508016228675842,1.0,0.055848777294158936,0.004066880326718092,0.0076344930566847324,0.9996921420097351,2.508274555206299,0.8087373971939087,0.00016074665472842753,0.00045546720502898097,2.507781505584717,0.808753252029419,-1.5741214156150818e-05,0.001299368217587471,0.002063542604446411,-0.0023195743560791016,0.99998539686203,0.0015044212341308594,0.4306635856628418,0.0,0.0,0.0,0.12280986458063126,0.12280985713005066,0.14122672379016876,1e-06,26.718815803527832,28.380859375,51.53127670288086,0.0,633.0,0.0,0.02083333395421505,0.06666667014360428,0.0,0.02083333395421505,0.06666667014360428,0.0,-0.12280990183353424,1.4360957145690918,-0.6527708172798157,-0.12280990183353424,1.4360957145690918,-0.6527708172798157,311.875,512.0,175.0,0.1875,311.875,512.0,175.0,0.1875,0.0,587.0,587.0,587.0,1.0,516.0766527839005,2.9348837886936963,0.009827485773712397,5.677667416166514,2.1214271862991154,527.3258908232674,103.42217490659328,0.0006833184378884993,0.39477592936771755,14382.0,527.3258908232674,27.27345698415576,2.0,2.0,2.0,,0.02083333395421505,0.0,0.06666667014360428,0.06666667014360428,True,False,False,False,True,False,True,True,True,True
634.0,12816.0,12816.0,0.0,12816.0,12816.0,12816.0,0.9420007467269897,1.0,0.06215554475784302,0.004540800582617521,0.007804915774613619,0.999688982963562,2.935063362121582,1.0186880826950073,3.9369184378301725e-05,0.0005541564314626157,2.9335033893585205,1.018835425376892,-0.00014733895659446716,0.0026837103068828583,0.007874846458435059,-0.0078064799308776855,0.9998591542243958,0.0021528005599975586,0.6622457504272461,0.0,0.0,0.0,-0.11470192112028599,-0.11470191180706024,0.19812558591365814,1e-06,26.718815803527832,28.380859375,51.51493835449219,0.0,634.0,0.0,0.12916667759418488,0.3333333432674408,0.0,0.12916667759418488,0.3333333432674408,0.0,0.11470196396112442,1.3522276878356934,-0.855491042137146,0.11470196396112442,1.3522276878356934,-0.855491042137146,211.0,479.0,92.0,0.0625,211.0,479.0,92.0,0.0625,0.0,590.0,590.0,590.0,1.0,53.01107787899673,2.7059995071031153,0.00910867564380169,5.130327041260898,2.109190364833921,63.466521641239524,15.702333494963487,0.0007107268760769108,0.4003064170771612,12816.0,63.466521641239524,201.93323453970999,2.0,2.0,2.0,,0.12916667759418488,0.0,0.3333333432674408,0.3333333432674408,True,False,False,False,True,False,True,True,True,True
635.0,18025.0,18025.0,0.0,18025.0,18025.0,18025.0,0.919043242931366,1.0,0.06126433610916138,0.004226717632263899,0.007732977159321308,0.9997029304504395,2.614931583404541,0.9121860861778259,-0.00010152241884497926,0.0004392065748106688,2.6143574714660645,0.912100076675415,8.595362305641174e-05,0.0012296102941036224,0.003208160400390625,-0.0024728775024414062,1.0000872611999512,0.0019632577896118164,0.9980502128601074,0.0,0.0,0.0,0.0,0.0,0.0,1e-06,26.718815803527832,28.380859375,51.62186050415039,0.0,635.0,0.0,0.0,0.0,0.0,0.0,0.0,0.0,0.0,0.0,0.0,0.0,0.0,0.0,325.5625,512.0,144.0,0.125,325.5625,512.0,144.0,0.125,0.0,801.0,801.0,801.0,1.0,84.01689475774765,3.2380371750332415,0.009300420992076397,6.6740865260362625,2.1141877439804375,96.55429378757253,16.129179258542454,0.0005159734253579138,0.3702683232197649,18025.0,96.55429378757253,186.68253158846045,2.0,2.0,2.0,,0.0,0.0,0.0,0.0,False,True,False,False,False,False,False,False,False,False
636.0,10075.0,10075.0,0.0,10075.0,10075.0,10075.0,0.8691376447677612,1.0,0.07054710388183594,0.004731523338705301,0.008166680112481117,0.999639093875885,2.3931493759155273,0.8581501841545105,0.0007402871269732714,0.0004958758363500237,2.3899621963500977,0.857007622718811,0.0011426135897636414,0.0020241737365722656,0.009004712104797363,-0.0035887956619262695,1.0011467933654785,0.0005066394805908203,0.27268826961517334,0.0,0.0,0.0,-0.01675947941839695,-0.01675947941839695,0.17005909979343414,1e-06,26.718815803527832,28.380859375,51.49955368041992,0.0,636.0,0.0,0.03750000149011612,0.13333334028720856,0.0,0.03750000149011612,0.13333334028720856,0.0,0.016759434714913368,2.284763813018799,-0.8940380215644836,0.016759434714913368,2.284763813018799,-0.8940380215644836,259.6875,512.0,115.0,0.0625,259.6875,512.0,115.0,0.0625,0.0,370.0,370.0,370.0,1.0,93.0161705929786,2.425352622754872,0.009423548821359873,4.2903470252640545,2.1106427828781307,102.35371435806155,22.38656331960977,0.0009353398333855953,0.4258408958078466,10075.0,102.35371435806155,98.43316447466546,2.0,2.0,2.0,,0.03750000149011612,0.0,0.13333334028720856,0.13333334028720856,True,False,False,False,True,False,True,True,True,True
637.0,10929.0,10929.0,0.0,10929.0,10929.0,10929.0,0.8160231709480286,1.0,0.05284157395362854,0.00463454332202673,0.008101515471935272,0.9996517300605774,2.501451253890991,0.8664407730102539,0.0008572973310947418,0.0005234293057583272,2.4982542991638184,0.8655562400817871,0.000884614884853363,0.0020158663392066956,0.0047092437744140625,-0.003106057643890381,1.0008875131607056,0.0003719329833984375,0.10394108295440674,0.0,0.0,0.0,-0.04291591653600335,-0.04291591793298721,0.19547221064567566,1e-06,26.718815803527832,28.380859375,51.52772521972656,0.0,637.0,0.0,0.02500000037252903,0.20000000298023224,0.0,0.02500000037252903,0.20000000298023224,0.0,0.04291596636176109,2.965846300125122,-0.4236923158168793,0.04291596636176109,2.965846300125122,-0.4236923158168793,205.0625,321.0,128.0,0.0625,205.0625,321.0,128.0,0.0625,0.0,478.0,478.0,478.0,1.0,53.00968825863674,2.496811735909432,0.00951316487044096,4.487238565925509,2.1060441732406616,62.61105584632605,16.156564540882883,0.0008704515390649611,0.4105808917490629,10929.0,62.61105584632605,174.5538364154787,2.0,2.0,2.0,,0.02500000037252903,0.0,0.20000000298023224,0.20000000298023224,True,False,False,False,True,False,True,True,True,True
638.0,9130.0,9130.0,0.0,9130.0,9130.0,9130.0,0.8348315954208374,1.0,0.05818527936935425,0.004352313466370106,0.007816842757165432,0.999679446220398,13.687990188598633,1.102097988128662,0.0005569675122387707,0.0004830871184822172,13.693732261657715,1.1015483140945435,0.0005497746169567108,0.001521717756986618,0.005531907081604004,-0.002636730670928955,1.0005519390106201,0.0008193254470825195,-0.0009331107139587402,0.0,0.0,0.0,0.12361635081470013,0.12361635267734528,0.1707928478717804,1e-06,26.718815803527832,28.380859375,51.53013610839844,0.0,638.0,0.0,0.5916666984558105,0.9333333373069763,0.0,0.5916666984558105,0.9333333373069763,0.0,-0.12361632287502289,0.9574812650680542,-1.658077597618103,-0.12361632287502289,0.9574812650680542,-1.658077597618103,215.625,383.0,3.0,0.0625,215.625,383.0,3.0,0.0625,0.0,355.0,355.0,355.0,1.0,65.01436502672732,2.3479310972616076,0.009543188847601414,4.073523418977857,2.1058837841264904,74.05210370616987,18.844743486007918,0.0010452561716978548,0.44616904917610695,9130.0,74.05210370616987,123.29156827504559,2.0,2.0,2.0,,0.5916666984558105,0.0,0.9333333373069763,0.9333333373069763,True,False,False,False,True,False,True,True,True,True
639.0,12696.0,12696.0,0.0,12696.0,12696.0,12696.0,0.7798839211463928,1.0,0.056359440088272095,0.004392503295093775,0.00793245155364275,0.9996628761291504,2.5880699157714844,0.8289158344268799,0.0005983231239952147,0.0004812815459445119,2.5852091312408447,0.828519344329834,0.00039643608033657074,0.0019817743450403214,0.0049746036529541016,-0.0035074949264526367,1.0003995895385742,0.0007321834564208984,0.24218356609344482,0.0,0.0,0.0,0.2358084786683321,0.23580846190452576,0.17375387251377106,1e-06,26.718815803527832,28.380859375,51.48453903198242,0.0,639.0,0.0,0.5833333134651184,1.0,0.0,0.5833333134651184,1.0,0.0,-0.23580855131149292,0.8510410785675049,-1.1914573907852173,-0.23580855131149292,0.8510410785675049,-1.1914573907852173,236.5,397.0,113.0,0.0625,236.5,397.0,113.0,0.0625,0.0,557.0,557.0,557.0,1.0,55.01216768659651,2.683478563092649,0.009574775584042072,5.042097031138837,2.118906046729535,65.36732427217066,14.538099282927197,0.0007541568670480524,0.39714059791578743,12696.0,65.36732427217066,194.22548102378371,2.0,2.0,2.0,,0.5833333134651184,0.0,1.0,1.0,True,False,False,False,True,True,True,True,True,True
640.0,19021.0,19021.0,0.0,19021.0,19021.0,19021.0,0.6006956696510315,1.0,0.05867338180541992,0.003862205659970641,0.007505436427891254,0.9996770620346069,1.884261131286621,0.6301282644271851,0.00046654464676976204,0.0003935464774258435,1.8832192420959473,0.6296085119247437,0.000519677996635437,0.001231856644153595,0.004656612873077393,-0.0031604766845703125,1.000521183013916,0.0006427764892578125,0.10556662082672119,0.0,0.0,0.0,-0.014705734327435493,-0.014705736190080643,0.15981782972812653,1e-06,26.718815803527832,28.380859375,51.475685119628906,0.0,640.0,0.0,0.0416666679084301,0.20000000298023224,0.0,0.0416666679084301,0.20000000298023224,0.0,0.014705785550177097,2.945770025253296,-0.7752026915550232,0.014705785550177097,2.945770025253296,-0.7752026915550232,299.8125,512.0,177.0,0.0625,299.8125,512.0,177.0,0.0625,0.0,889.0,889.0,889.0,1.0,61.01223714230582,3.3084729318507016,0.009812912438064814,6.936354509089142,2.123643125873059,73.8925334601663,12.71883200798537,0.0005158988716715637,0.364668235586412,19021.0,73.8925334601663,257.4143706989525,2.0,2.0,2.0,,0.0416666679084301,0.0,0.20000000298023224,0.20000000298023224,True,False,False,False,True,False,True,True,True,True
641.0,15117.0,15117.0,0.0,15117.0,15117.0,15117.0,0.6000734567642212,1.0,0.06018596887588501,0.004259211476892233,0.007995078340172768,0.9996035099029541,1.7655270099639893,0.5624860525131226,0.0006157290772534907,0.0004130498564336449,1.7645374536514282,0.5618749260902405,0.0006111301481723785,0.0013896897435188293,0.0040934085845947266,-0.0017741918563842773,1.0006126165390015,0.00042307376861572266,0.15746450424194336,0.0,0.0,0.0,-0.0282110758125782,-0.028211072087287903,0.13188573718070984,1e-06,26.718815803527832,28.380859375,51.576751708984375,0.0,641.0,0.0,0.02083333395421505,0.20000000298023224,0.0,0.02083333395421505,0.20000000298023224,0.0,0.028211068361997604,3.3881094455718994,-0.3939661979675293,0.028211068361997604,3.3881094455718994,-0.3939661979675293,323.8125,512.0,206.0,0.0625,323.8125,512.0,206.0,0.0625,0.0,621.0,621.0,621.0,1.0,108.02039804589003,2.923634300008416,0.010331114754080772,5.781196739990264,2.1078143673948944,119.34436422586441,20.849333728216568,0.0006834103826209415,0.38243016074553576,15117.0,119.34436422586441,126.66706214455522,2.0,2.0,2.0,,0.02083333395421505,0.0,0.20000000298023224,0.20000000298023224,True,False,False,False,True,False,True,True,True,True
642.0,12840.0,12840.0,0.0,12840.0,12840.0,12840.0,0.6569228768348694,1.0,0.06214645504951477,0.003979085478931665,0.0077542816288769245,0.9996620416641235,1.9987133741378784,0.675128161907196,0.00015508264186792076,0.0004436508461367339,1.9984407424926758,0.6749863624572754,0.0001418180763721466,0.0014614500105381012,0.002379119396209717,-0.003577113151550293,1.00014328956604,0.0014687776565551758,0.41204535961151123,0.0,0.0,0.0,0.08899787440896034,0.08899787068367004,0.12033314257860184,1e-06,26.718815803527832,28.380859375,51.45396423339844,0.0,642.0,0.0,0.0625,1.0,0.0,0.0625,1.0,0.0,-0.08899790048599243,3.7499847412109375,-0.24999898672103882,-0.08899790048599243,3.7499847412109375,-0.24999898672103882,279.5,512.0,128.0,0.0625,279.5,512.0,128.0,0.0625,0.0,523.0,523.0,523.0,1.0,78.01520565524697,2.716015095822513,0.010277081280946732,5.13324285345152,2.1005975850857794,88.47779452800751,17.44526065636113,0.00080039573839149,0.3997852689603988,12840.0,88.47779452800751,145.12115800914904,2.0,2.0,2.0,,0.0625,0.0,1.0,1.0,True,False,False,False,True,True,True,True,True,True
643.0,17199.0,17199.0,0.0,17199.0,17199.0,17199.0,0.6163458228111267,1.0,0.056809425354003906,0.003611754160374403,0.007226631045341492,0.9997074007987976,2.035703659057617,0.6767027974128723,0.000422019133111462,0.0003796621167566627,2.0343093872070312,0.6761310696601868,0.00057174451649189,0.0015397574752569199,0.0038314461708068848,-0.0030292272567749023,1.0005733966827393,0.0006749629974365234,0.2706875801086426,0.0,0.0,0.0,0.0,0.0,0.0,1e-06,26.718815803527832,28.380859375,51.6007194519043,0.0,643.0,0.0,0.0,0.0,0.0,0.0,0.0,0.0,0.0,0.0,0.0,0.0,0.0,0.0,347.9375,512.0,138.0,0.1875,347.9375,512.0,138.0,0.1875,0.0,727.0,727.0,727.0,1.0,255.041920337826,3.138353444170207,0.009933540597558022,6.401854918338358,2.1165668182075024,267.2120487578213,45.813170529517876,0.0005775650094515973,0.37222250818875274,17199.0,267.2120487578213,64.36461259869212,2.0,2.0,2.0,,0.0,0.0,0.0,0.0,False,True,False,False,False,False,False,False,False,False
644.0,24090.0,24090.0,0.0,24090.0,24090.0,24090.0,0.821820080280304,1.0,0.057283759117126465,0.0042391447350382805,0.007723863236606121,0.9996793866157532,2.2723658084869385,0.815057635307312,0.00018844834994524717,0.00042642527841962874,2.271681547164917,0.8147754073143005,0.0002821795642375946,0.0013920851051807404,0.0039871931076049805,-0.002491474151611328,1.0002837181091309,0.0013301372528076172,0.26119542121887207,0.0,0.0,0.0,0.0,0.0,0.0,1e-06,26.718815803527832,28.380859375,51.492919921875,0.0,644.0,0.0,0.0,0.0,0.0,0.0,0.0,0.0,0.0,0.0,0.0,0.0,0.0,0.0,246.625,512.0,96.0,0.125,246.625,512.0,96.0,0.125,0.0,1259.0,1259.0,1259.0,1.0,173.03259383514524,3.7640853291377425,0.009724896866828203,8.356399440206587,2.1042724130675197,187.76837111683562,43.8501251482882,0.00040369019787580754,0.34688250063124065,24090.0,187.76837111683562,128.29636778928233,2.0,2.0,2.0,,0.0,0.0,0.0,0.0,False,True,False,False,False,False,False,False,False,False
645.0,15792.0,15792.0,0.0,15792.0,15792.0,15792.0,0.8454505801200867,1.0,0.051704615354537964,0.004386940039694309,0.007870864123106003,0.9996773600578308,2.417620897293091,0.8684958815574646,0.000495679909363389,0.0004647378227673471,2.416806221008301,0.8682025074958801,0.0002934113144874573,0.0016985833644866943,0.005225718021392822,-0.002907097339630127,1.000295639038086,0.0008643865585327148,0.2959250211715698,0.0,0.0,0.0,-0.22798539698123932,-0.22798539698123932,0.16513648629188538,1e-06,26.718815803527832,28.380859375,51.5477294921875,0.0,645.0,0.0,0.18333333730697632,0.46666666865348816,0.0,0.18333333730697632,0.46666666865348816,0.0,0.22798553109169006,1.3136591911315918,-0.8500148057937622,0.22798553109169006,1.3136591911315918,-0.8500148057937622,287.0,512.0,119.0,0.0625,287.0,512.0,119.0,0.0625,0.0,700.0,700.0,700.0,1.0,163.02835221402347,2.9871224081143737,0.009804945904761553,5.968343383166939,2.122062754817307,174.61808557109907,35.502689942078284,0.0006208805664109393,0.37793461139608275,15792.0,174.61808557109907,90.43736763206,2.0,2.0,2.0,,0.18333333730697632,0.0,0.46666666865348816,0.46666666865348816,True,False,False,False,True,False,True,True,True,True
646.0,15777.0,15777.0,0.0,15777.0,15777.0,15777.0,0.8919280171394348,1.0,0.058479130268096924,0.003986290190368891,0.0074051758274436,0.9997375011444092,2.94657039642334,0.9686021208763123,0.0004848369280807674,0.0004575576167553663,2.9445977210998535,0.9681462645530701,0.0004559531807899475,0.0012606829404830933,0.004545807838439941,-0.0017650127410888672,1.0004572868347168,0.0008609294891357422,0.06465458869934082,0.0,0.0,0.0,0.0,0.0,0.0,1e-06,26.718815803527832,28.380859375,51.676151275634766,0.0,646.0,0.0,0.0,0.0,0.0,0.0,0.0,0.0,0.0,0.0,0.0,0.0,0.0,0.0,349.0625,512.0,157.0,0.125,349.0625,512.0,157.0,0.125,0.0,637.0,637.0,637.0,1.0,430.0656307511963,2.966274263802916,0.009661119896918535,5.898712913971394,2.142643818166107,441.58614813536406,77.00369395724195,0.0006123546870075765,0.3738805168264812,15777.0,441.58614813536406,35.72802287078015,2.0,2.0,2.0,,0.0,0.0,0.0,0.0,False,True,False,False,False,False,False,False,False,False
647.0,17046.0,17046.0,0.0,17046.0,17046.0,17046.0,0.8649206161499023,1.0,0.05325073003768921,0.004139195661991835,0.007611936889588833,0.9997122287750244,2.445964813232422,0.8797588348388672,0.00025353507953695953,0.0004620646359398961,2.445953369140625,0.8795822858810425,0.00017655640840530396,0.0019116699695587158,0.004492819309234619,-0.0033499598503112793,1.0001790523529053,0.0013473033905029297,0.30170512199401855,0.0,0.0,0.0,0.0,0.0,0.0,1e-06,26.718815803527832,28.380859375,51.554588317871094,0.0,647.0,0.0,0.0,0.0,0.0,0.0,0.0,0.0,0.0,0.0,0.0,0.0,0.0,0.0,228.375,397.0,98.0,0.0625,228.375,397.0,98.0,0.0625,0.0,837.0,837.0,837.0,1.0,59.01180559815839,3.1091797361150384,0.009889201261103153,6.322285579983145,2.1182181602343917,71.07389366673306,16.149919430256812,0.0005801479092516223,0.3708955520346794,17046.0,71.07389366673306,239.83489746501076,2.0,2.0,2.0,,0.0,0.0,0.0,0.0,False,True,False,False,False,False,False,False,False,False
648.0,18978.0,18978.0,0.0,18978.0,18978.0,18978.0,0.7476369142532349,1.0,0.08343005180358887,0.0040914686396718025,0.007761968765407801,0.99968421459198,2.2687084674835205,0.8018608689308167,0.0013206548755988479,0.00043795895180664957,2.26546573638916,0.8004036545753479,0.0014572665095329285,0.00197678804397583,0.003925621509552002,-0.0030533671379089355,1.0014595985412598,-0.0008962750434875488,-0.17037856578826904,0.0,0.0,0.0,0.03799955174326897,0.037999555468559265,0.16126221418380737,1e-06,26.718815803527832,28.380859375,51.63602066040039,0.0,648.0,0.0,0.004166666883975267,0.06666667014360428,0.0,0.004166666883975267,0.06666667014360428,0.0,-0.03799952566623688,3.749774694442749,-0.2499849945306778,-0.03799952566623688,3.749774694442749,-0.2499849945306778,277.125,512.0,131.0,0.0625,277.125,512.0,131.0,0.0625,0.0,909.0,909.0,909.0,1.0,274.04271778138354,3.2976041892543435,0.00990952318534255,6.9108644081279635,2.162122370209545,286.92775382101536,61.804852905138375,0.0005221584563885841,0.364151354627883,18978.0,286.92775382101536,66.1420854109443,2.0,2.0,2.0,,0.004166666883975267,0.0,0.06666667014360428,0.06666667014360428,True,False,False,False,True,False,True,True,True,True
649.0,15655.0,15655.0,0.0,15655.0,15655.0,15655.0,0.9270187020301819,1.0,0.061999619007110596,0.004035063087940216,0.0074547515250742435,0.9997332096099854,3.040322780609131,1.0085031986236572,-9.516147838439792e-05,0.0004686531610786915,3.0378715991973877,1.008583426475525,-8.019432425498962e-05,0.0017369426786899567,0.005067110061645508,-0.0034235119819641113,0.9999221563339233,0.0020647048950195312,0.6146326065063477,0.0,0.0,0.0,0.0,0.0,0.0,1e-06,26.718815803527832,28.380859375,51.62368392944336,0.0,649.0,0.0,0.0,0.0,0.0,0.0,0.0,0.0,0.0,0.0,0.0,0.0,0.0,0.0,269.4375,512.0,136.0,0.0625,269.4375,512.0,136.0,0.0625,0.0,709.0,709.0,709.0,1.0,72.01342038298026,2.9670389629900455,0.00931055610999465,5.903681850992143,2.1450205501168966,83.54038897994906,16.704574433537523,0.0005947337023311818,0.3771115842217913,15655.0,83.54038897994906,187.39438720781433,2.0,2.0,2.0,,0.0,0.0,0.0,0.0,False,True,False,False,False,False,False,False,False,False
650.0,16559.0,16559.0,0.0,16559.0,16559.0,16559.0,0.7629263997077942,1.0,0.06026411056518555,0.004246865399181843,0.007906777784228325,0.9996665120124817,2.1953632831573486,0.7720093131065369,1.1394765806471696e-06,0.0004594213387463242,2.19474720954895,0.771782398223877,0.00022689253091812134,0.0014969706535339355,0.0037103891372680664,-0.0031337738037109375,1.0002286434173584,0.0018396377563476562,0.5360251665115356,0.0,0.0,0.0,0.07243650779128075,0.07243651151657104,0.1316128820180893,1e-06,26.718815803527832,28.380859375,51.46510696411133,0.0,650.0,0.0,0.12083334475755692,0.8666666746139526,0.0,0.12083334475755692,0.8666666746139526,0.0,-0.07243647426366806,3.338545799255371,-0.5408817529678345,-0.07243647426366806,3.338545799255371,-0.5408817529678345,262.9375,512.0,58.0,0.125,262.9375,512.0,58.0,0.125,0.0,772.0,772.0,772.0,1.0,149.02357782702893,3.082591786980629,0.009756147395819426,6.267890735063702,2.237129274290055,161.12241023173556,35.4227663006962,0.0005891749136916134,0.3785186747426597,16559.0,161.12241023173556,102.7727922899359,2.0,2.0,2.0,,0.12083334475755692,0.0,0.8666666746139526,0.8666666746139526,True,False,False,False,True,False,True,True,True,True
651.0,14485.0,14485.0,0.0,14485.0,14485.0,14485.0,0.7328340411186218,1.0,0.058210015296936035,0.00414187740534544,0.007796060759574175,0.9996692538261414,2.5324747562408447,0.7626957893371582,0.0007641527336090803,0.0004214520158711821,2.5289242267608643,0.7623291611671448,0.0003666449338197708,0.0013952124863862991,0.005261898040771484,-0.003364086151123047,1.0003684759140015,0.00015795230865478516,0.01670384407043457,0.0,0.0,0.0,-0.07857614010572433,-0.07857613265514374,0.15535102784633636,1e-06,26.718815803527832,28.380859375,51.53599166870117,0.0,651.0,0.0,0.01666666753590107,0.13333334028720856,0.0,0.01666666753590107,0.13333334028720856,0.0,0.0785762146115303,2.5616815090179443,-0.36595451831817627,0.0785762146115303,2.5616815090179443,-0.36595451831817627,280.3125,512.0,120.0,0.0625,280.3125,512.0,120.0,0.0625,0.0,625.0,625.0,625.0,1.0,60.010960690211505,2.9017867646180093,0.009649205952882767,5.732694542966783,2.1152885472401977,71.27579032024369,13.380370276524305,0.0006661516018559038,0.3957676591623599,14485.0,71.27579032024369,203.22468449551494,2.0,2.0,2.0,,0.01666666753590107,0.0,0.13333334028720856,0.13333334028720856,True,False,False,False,True,False,True,True,True,True
652.0,15620.0,15620.0,0.0,15620.0,15620.0,15620.0,0.7693016529083252,1.0,0.07191997766494751,0.004342474043369293,0.007891322486102581,0.9996585249900818,2.290283441543579,0.797845184803009,0.0002438884403090924,0.0004945876426063478,2.2892754077911377,0.797561764717102,0.00028342753648757935,0.0018202736973762512,0.0056343674659729,-0.0028696060180664062,1.0002861022949219,0.00150299072265625,0.49017012119293213,0.0,0.0,0.0,0.18342690914869308,0.18342691659927368,0.16620191931724548,1e-06,26.718815803527832,28.380859375,51.60768508911133,0.0,652.0,0.0,0.6458332538604736,1.0,0.0,0.6458332538604736,1.0,0.0,-0.1834269016981125,0.9225167632102966,-1.6822359561920166,-0.1834269016981125,0.9225167632102966,-1.6822359561920166,267.25,479.0,82.0,0.0625,267.25,479.0,82.0,0.0625,0.0,709.0,709.0,709.0,1.0,316.32026175316423,2.9513800269924104,0.009563143830746412,5.858890973962843,2.148439230863005,327.79633481102064,73.97573941842008,0.0006122371210465052,0.3750890508298875,15620.0,327.79633481102064,47.65153951158471,2.0,2.0,2.0,,0.6458332538604736,0.0,1.0,1.0,True,False,False,False,True,True,True,True,True,True
653.0,16429.0,16429.0,0.0,16429.0,16429.0,16429.0,0.656679630279541,1.0,0.05820426344871521,0.0039338041096925735,0.007640830706804991,0.9996713399887085,1.9599056243896484,0.6605219841003418,0.00022681333939544857,0.0004067972768098116,1.9593884944915771,0.6602979302406311,0.00022412464022636414,0.0007499605417251587,0.0021907687187194824,-0.001871943473815918,1.0002245903015137,0.0011725425720214844,0.07250559329986572,0.0,0.0,0.0,0.023249857127666473,0.02324986457824707,0.13727165758609772,1e-06,26.718815803527832,28.380859375,51.42040252685547,0.0,653.0,0.0,0.15416666865348816,0.6666666865348816,0.0,0.15416666865348816,0.6666666865348816,0.0,-0.023249894380569458,2.1747066974639893,-0.6541800498962402,-0.023249894380569458,2.1747066974639893,-0.6541800498962402,273.8125,512.0,138.0,0.0625,273.8125,512.0,138.0,0.0625,0.0,753.0,753.0,753.0,1.0,941.1240173573606,3.0215307399630547,0.009610222186893225,6.076393155846745,2.135203881189227,952.8721763412468,214.819451576663,0.0005849547864686363,0.36985776102299256,16429.0,952.8721763412468,17.24155706076192,2.0,2.0,2.0,,0.15416666865348816,0.0,0.6666666865348816,0.6666666865348816,True,False,False,False,True,False,True,True,True,True
654.0,12791.0,12791.0,0.0,12791.0,12791.0,12791.0,0.8432763814926147,1.0,0.060728609561920166,0.004286476410925388,0.007859598845243454,0.999681293964386,2.339109420776367,0.8308795690536499,0.001294160378165543,0.00046265788841992617,2.336196184158325,0.8296985626220703,0.0011810939759016037,0.0019258279353380203,0.004597723484039307,-0.0038687586784362793,1.0011836290359497,-0.0007342696189880371,-0.24523872137069702,0.0,0.0,0.0,0.030365316662937403,0.030365318059921265,0.18413634598255157,1e-06,26.718815803527832,28.380859375,51.5000114440918,0.0,654.0,0.0,0.25416669249534607,1.0,0.0,0.25416669249534607,1.0,0.0,-0.030365319922566414,2.2332167625427246,-0.7610405087471008,-0.030365319922566414,2.2332167625427246,-0.7610405087471008,225.4375,394.0,133.0,0.0625,225.4375,394.0,133.0,0.0625,0.0,574.0,574.0,574.0,1.0,223.03196256188676,2.6753683551214635,0.00978023698553443,5.027226330712438,2.118095736950636,233.36408385727555,61.83309192178729,0.0007646186369739997,0.39302840518430443,12791.0,233.36408385727555,54.811347952853446,2.0,2.0,2.0,,0.25416669249534607,0.0,1.0,1.0,True,False,False,False,True,True,True,True,True,True
655.0,8892.0,8892.0,0.0,8892.0,8892.0,8892.0,0.7099451422691345,1.0,0.09163075685501099,0.004391715861856937,0.008314684964716434,0.9996184706687927,2.453728437423706,0.7909411191940308,-0.0004696095420513302,0.00047293107490986586,2.4567677974700928,0.7916091680526733,-0.0006681382656097412,0.0013013742864131927,0.0022113919258117676,-0.0036101341247558594,0.9993333220481873,0.0028390884399414062,0.559196949005127,0.0,0.0,0.0,0.07341405749320984,0.07341405749320984,0.16073746979236603,1e-06,26.718815803527832,28.380859375,51.663848876953125,0.0,655.0,0.0,0.5,1.0,0.0,0.5,1.0,0.0,-0.07341402024030685,0.9682439565658569,-0.9682439565658569,-0.07341402024030685,0.9682439565658569,-0.9682439565658569,235.75,449.0,97.0,0.0625,235.75,449.0,97.0,0.0625,0.0,320.0,320.0,320.0,1.0,58.01120896777138,2.320252022240311,0.010050431359559298,4.002986458130181,2.1037352411076427,66.95348568214104,15.379429736948934,0.0011302779306746847,0.4501784140947122,8892.0,66.95348568214104,132.8086194378947,2.0,2.0,2.0,,0.5,0.0,1.0,1.0,True,False,False,False,True,True,True,True,True,True
656.0,11035.0,11035.0,0.0,11035.0,11035.0,11035.0,0.7706690430641174,1.0,0.05720895528793335,0.004334297962486744,0.007942183874547482,0.9996694326400757,2.583921194076538,0.8587832450866699,0.0005006750579923391,0.0004550594894681126,2.5842437744140625,0.858527421951294,0.0002558138221502304,0.0016625281423330307,0.004955649375915527,-0.0032221078872680664,1.000257968902588,0.0008223056793212891,0.1312241554260254,0.0,0.0,0.0,0.10892466688528657,0.10892466455698013,0.12081801891326904,1e-06,26.718815803527832,28.380859375,51.81694030761719,0.0,656.0,0.0,0.02500000037252903,0.2666666805744171,0.0,0.02500000037252903,0.2666666805744171,0.0,-0.10892470926046371,3.537585973739624,-0.3659571707248688,-0.10892470926046371,3.537585973739624,-0.3659571707248688,276.6875,465.0,109.0,0.0625,276.6875,465.0,109.0,0.0625,0.0,413.0,413.0,413.0,1.0,499.07904418883845,2.619817477185279,0.00961178308352828,4.673351412173361,2.2558305067941546,509.16319369804114,112.73527088069538,0.0008710270125535369,0.4235026200428963,11035.0,509.16319369804114,21.672815585614185,2.0,2.0,2.0,,0.02500000037252903,0.0,0.2666666805744171,0.2666666805744171,True,False,False,False,True,False,True,True,True,True
657.0,14829.0,14829.0,0.0,14829.0,14829.0,14829.0,0.8791630268096924,1.0,0.0904805064201355,0.0044733742251992226,0.007978925481438637,0.9996660947799683,2.4521429538726807,0.8797308206558228,9.091289939533453e-06,0.000514109677169472,2.4525086879730225,0.8798568248748779,-0.00012606754899024963,0.0013453178107738495,0.002516031265258789,-0.003905177116394043,0.9998754262924194,0.0020416975021362305,0.2715247869491577,0.0,0.0,0.0,0.0,0.0,0.0,1e-06,26.718815803527832,28.380859375,51.40079116821289,0.0,657.0,0.0,0.0,0.0,0.0,0.0,0.0,0.0,0.0,0.0,0.0,0.0,0.0,0.0,250.8125,433.0,152.0,0.0625,250.8125,433.0,152.0,0.0625,0.0,676.0,676.0,676.0,1.0,101.01729000918567,2.8841176070272923,0.00965659087523818,5.650311085861176,2.1033139331266284,112.16711643198505,25.172511838820252,0.000651196363560468,0.38103116095901113,14829.0,112.16711643198505,132.20452189293718,2.0,2.0,2.0,,0.0,0.0,0.0,0.0,False,True,False,False,False,False,False,False,False,False
658.0,14950.0,14950.0,0.0,14950.0,14950.0,14950.0,0.821223258972168,1.0,0.06931951642036438,0.004501635208725929,0.008198000490665436,0.9996549487113953,2.5199925899505615,0.8668326139450073,0.0005955686210654676,0.0004764610202983022,2.5180306434631348,0.8662980198860168,0.0005345772951841354,0.001673983410000801,0.004380702972412109,-0.0038156509399414062,1.0005369186401367,0.0007103681564331055,0.10784673690795898,0.0,0.0,0.0,0.027220183983445168,0.02722018212080002,0.17689479887485504,1e-06,26.718815803527832,28.380859375,51.504432678222656,0.0,658.0,0.0,0.05833333358168602,0.20000000298023224,0.0,0.05833333358168602,0.20000000298023224,0.0,-0.027220234274864197,2.400923252105713,-0.9886153936386108,-0.027220234274864197,2.400923252105713,-0.9886153936386108,213.375,298.0,84.0,0.0625,213.375,298.0,84.0,0.0625,0.0,721.0,721.0,721.0,1.0,58.01133082713932,2.8720075180754066,0.00990974809974432,5.632711920887232,2.1229290473274887,69.14968102518469,16.99218829148779,0.0006628594046651719,0.3767700281529921,14950.0,69.14968102518469,216.19767117298963,2.0,2.0,2.0,,0.05833333358168602,0.0,0.20000000298023224,0.20000000298023224,True,False,False,False,True,False,True,True,True,True
659.0,10599.0,10599.0,0.0,10599.0,10599.0,10599.0,0.7233917117118835,1.0,0.060031741857528687,0.004198005422949791,0.007860017940402031,0.9996685981750488,2.320016622543335,0.7961462736129761,0.0004143927071709186,0.00044716300908476114,2.3175220489501953,0.7953810691833496,0.0007651522755622864,0.0023001283407211304,0.005460858345031738,-0.005997657775878906,1.0007693767547607,0.0009615421295166016,1.2847394943237305,0.0,0.0,0.0,-0.05987341329455376,-0.059873417019844055,0.15195073187351227,1e-06,26.718815803527832,28.380859375,51.43460464477539,0.0,659.0,0.0,0.104166679084301,0.20000000298023224,0.0,0.104166679084301,0.20000000298023224,0.0,0.059873420745134354,1.3945595026016235,-1.515825867652893,0.059873420745134354,1.3945595026016235,-1.515825867652893,269.4375,512.0,97.0,0.0625,269.4375,512.0,97.0,0.0625,0.0,393.0,393.0,393.0,1.0,77.01465979078785,2.516153779346496,0.009860196150839329,4.546152282040566,2.111049406696111,86.70070733176544,17.864685639245614,0.0009302949477157589,0.42892275516940903,10599.0,86.70070733176544,122.24813760102663,2.0,2.0,2.0,,0.104166679084301,0.0,0.20000000298023224,0.20000000298023224,True,False,False,False,True,False,True,True,True,True
660.0,8584.0,8584.0,0.0,8584.0,8584.0,8584.0,0.6743048429489136,1.0,0.06212824583053589,0.004248347599059343,0.007787847425788641,0.9996563792228699,2.0368781089782715,0.6986101865768433,0.001054777530953288,0.0004627253510989249,2.0351336002349854,0.6977500915527344,0.0008601229637861252,0.002063451334834099,0.0036581754684448242,-0.004385590553283691,1.000862956047058,-0.0002701878547668457,-0.11529374122619629,0.0,0.0,0.0,-0.20352918282151222,-0.20352917909622192,0.15400852262973785,1e-06,26.718815803527832,28.380859375,51.52363586425781,0.0,660.0,0.0,0.8958333730697632,1.0,0.13333334028720856,0.8958333730697632,1.0,0.13333334028720856,0.20352914929389954,0.3656269311904907,-2.6763904094696045,0.20352914929389954,0.3656269311904907,-2.6763904094696045,197.5,403.0,51.0,0.0625,197.5,403.0,51.0,0.0625,0.0,339.0,339.0,339.0,1.0,37.00765699706972,2.307284974027425,0.00986606813967228,3.93354455800727,2.1258423291146755,45.88514470681548,11.71128385983219,0.0011493555614716076,0.4582414443158516,8584.0,45.88514470681548,187.07579664067157,2.0,2.0,2.0,,0.8958333730697632,0.13333334028720856,1.0,0.8666666597127914,True,False,False,False,True,True,True,True,True,True
661.0,21795.0,21795.0,0.0,21795.0,21795.0,21795.0,0.6993976831436157,1.0,0.06450134515762329,0.004183190409094095,0.007820800878107548,0.9996613264083862,2.0652499198913574,0.7006736397743225,0.00037137960316613317,0.0004329726507421583,2.064056158065796,0.7002142071723938,0.00045940279960632324,0.0012373514473438263,0.0025252103805541992,-0.002543926239013672,1.0004605054855347,0.0009864568710327148,0.05142498016357422,0.0,0.0,0.0,-0.033245839178562164,-0.033245839178562164,0.14689940214157104,1e-06,26.718815803527832,28.380859375,51.592403411865234,0.0,661.0,0.0,0.3125,0.5,0.0,0.3125,0.5,0.0,0.03324585035443306,1.2710899114608765,-2.118483304977417,0.03324585035443306,1.2710899114608765,-2.118483304977417,247.1875,502.0,150.0,0.0625,247.1875,502.0,150.0,0.0625,0.0,1115.0,1115.0,1115.0,1.0,68.01343748439103,3.5487792869098485,0.009643401019275188,7.720903590787202,2.143721321132034,81.94743690919131,17.196823637014166,0.000442459326417765,0.35425113974706135,21795.0,81.94743690919131,265.963168856053,2.0,2.0,2.0,,0.3125,0.0,0.5,0.5,True,False,False,False,True,False,True,True,True,True
662.0,15665.0,15665.0,0.0,15665.0,15665.0,15665.0,0.7157107591629028,1.0,0.0631515383720398,0.0038508388679474592,0.007498447317630053,0.9997028112411499,2.140259027481079,0.7390956282615662,0.0003082038019783795,0.0004010933043900877,2.1393089294433594,0.7387204766273499,0.0003751292824745178,0.0010141544044017792,0.0026090145111083984,-0.0017682909965515137,1.0003758668899536,0.0009877681732177734,0.12972474098205566,0.0,0.0,0.0,0.0,0.0,0.0,1e-06,26.718815803527832,28.380859375,51.42401123046875,0.0,662.0,0.0,0.0,0.0,0.0,0.0,0.0,0.0,0.0,0.0,0.0,0.0,0.0,0.0,292.0625,479.0,105.0,0.0625,292.0625,479.0,105.0,0.0625,0.0,687.0,687.0,687.0,1.0,125.02386958990246,2.979017016943544,0.009536070749163628,5.942613712977618,2.140674734953791,136.59652607981116,26.754519492810285,0.0006087501276197656,0.37935612594814033,15665.0,136.59652607981116,114.68080814037096,2.0,2.0,2.0,,0.0,0.0,0.0,0.0,False,True,False,False,False,False,False,False,False,False
663.0,12283.0,12283.0,0.0,12283.0,12283.0,12283.0,0.613937497138977,1.0,0.06150713562965393,0.0036750936415046453,0.007424382492899895,0.9996906518936157,1.9799699783325195,0.6567222476005554,0.0004845941730309278,0.0004077236517332494,1.9791492223739624,0.656150221824646,0.0005720183253288269,0.0012792199850082397,0.0053002238273620605,-0.0018863081932067871,1.0005736351013184,0.0006595849990844727,-0.038764238357543945,0.0,0.0,0.0,0.0,0.0,0.0,1e-06,26.718815803527832,28.380859375,51.39085006713867,0.0,663.0,0.0,0.0,0.0,0.0,0.0,0.0,0.0,0.0,0.0,0.0,0.0,0.0,0.0,252.6875,512.0,65.0,0.0625,252.6875,512.0,65.0,0.0625,0.0,515.0,515.0,515.0,1.0,78.01464751781896,2.6922451560385525,0.010484744794666767,5.065604930277914,2.119085207115859,88.4061666871421,19.296227434533503,0.0008535980456457516,0.4124077937212337,12283.0,88.4061666871421,138.93827161930835,2.0,2.0,2.0,,0.0,0.0,0.0,0.0,False,True,False,False,False,False,False,False,False,False
664.0,15770.0,15770.0,0.0,15770.0,15770.0,15770.0,0.8682814240455627,1.0,0.05678433179855347,0.004265349358320236,0.007743059191852808,0.9996939897537231,2.4373364448547363,0.879529595375061,0.0003907899954356253,0.0004700818099081516,2.4368176460266113,0.879204511642456,0.0003250613808631897,0.001249171793460846,0.0036652088165283203,-0.0019389986991882324,1.00032639503479,0.0010987520217895508,0.15576982498168945,0.0,0.0,0.0,0.0,0.0,0.0,1e-06,26.718815803527832,28.380859375,51.6455078125,0.0,664.0,0.0,0.0,0.0,0.0,0.0,0.0,0.0,0.0,0.0,0.0,0.0,0.0,0.0,301.625,467.0,171.0,0.0625,301.625,467.0,171.0,0.0625,0.0,684.0,684.0,684.0,1.0,81.01610495476052,2.972443087026477,0.010274018626660109,5.905114884953946,2.1146603520028293,92.52260503917933,16.787423322577812,0.0006514913523563798,0.3744524340490771,15770.0,92.52260503917933,170.44483338230788,2.0,2.0,2.0,,0.0,0.0,0.0,0.0,False,True,False,False,False,False,False,False,False,False
665.0,15237.0,15237.0,0.0,15237.0,15237.0,15237.0,0.6097800135612488,1.0,0.06124413013458252,0.0039595067501068115,0.007896522991359234,0.9996384382247925,1.892241358757019,0.6193575859069824,-5.6893706641858444e-05,0.00039069988997653127,1.89231276512146,0.6193483471870422,9.158626198768616e-06,0.0010557491332292557,0.0030626654624938965,-0.0018287301063537598,1.0000101327896118,0.0016852617263793945,0.29015541076660156,0.0,0.0,0.0,0.0,0.0,0.0,1e-06,26.718815803527832,28.380859375,51.49504470825195,0.0,665.0,0.0,0.0,0.0,0.0,0.0,0.0,0.0,0.0,0.0,0.0,0.0,0.0,0.0,328.3125,512.0,163.0,0.0625,328.3125,512.0,163.0,0.0625,0.0,624.0,624.0,624.0,1.0,1354.2020089072175,2.940643602050841,0.009486118331551552,5.827289903070778,2.4540909179486334,1365.9418791118078,257.7959278330892,0.0006225712628175856,0.3824433880075328,15237.0,1365.9418791118078,11.154940215983224,2.0,2.0,2.0,,0.0,0.0,0.0,0.0,False,True,False,False,False,False,False,False,False,False
666.0,13004.0,13004.0,0.0,13004.0,13004.0,13004.0,0.9376694560050964,1.0,0.060356318950653076,0.004428741987794638,0.008010798133909702,0.9996805787086487,2.7822265625,0.9726362824440002,0.0009777782252058387,0.0005196640267968178,2.780541181564331,0.9719768166542053,0.000659547746181488,0.00161009281873703,0.004804015159606934,-0.001917123794555664,1.0006616115570068,0.00012946128845214844,-0.09437686204910278,0.0,0.0,0.0,0.09540778771042824,0.09540778398513794,0.1533220261335373,1e-06,26.718815803527832,28.380859375,51.53595733642578,0.0,666.0,0.0,0.008333333767950535,0.13333334028720856,0.0,0.008333333767950535,0.13333334028720856,0.0,-0.09540779888629913,3.749887466430664,-0.2499925196170807,-0.09540779888629913,3.749887466430664,-0.2499925196170807,258.75,472.0,122.0,0.0625,258.75,472.0,122.0,0.0625,0.0,554.0,554.0,554.0,1.0,533.0844309828244,2.7614206802099943,0.009833788964897394,5.278514361009002,2.1929689939133823,543.8288235389628,128.76435530986097,0.0007562126241846658,0.40591466941010473,13004.0,543.8288235389628,23.911935956936873,2.0,2.0,2.0,,0.008333333767950535,0.0,0.13333334028720856,0.13333334028720856,True,False,False,False,True,False,True,True,True,True
667.0,11327.0,11327.0,0.0,11327.0,11327.0,11327.0,0.6987000703811646,1.0,0.04888814687728882,0.004026985727250576,0.0076590939424932,0.9996686577796936,2.060082197189331,0.6988964676856995,-0.00011696745787048712,0.0003911546082235873,2.060340404510498,0.699032187461853,-0.00013567134737968445,0.0017746947705745697,0.002935051918029785,-0.0039795637130737305,0.9998664259910583,0.0018012523651123047,0.5172003507614136,0.0,0.0,0.0,-0.0345987007021904,-0.034598708152770996,0.1730993688106537,1e-06,26.718815803527832,28.380859375,51.58094787597656,0.0,667.0,0.0,0.03333333507180214,0.2666666805744171,0.0,0.03333333507180214,0.2666666805744171,0.0,0.03459872677922249,2.5617096424102783,-0.3659585118293762,0.03459872677922249,2.5617096424102783,-0.3659585118293762,243.9375,447.0,165.0,0.0625,243.9375,447.0,165.0,0.0625,0.0,464.0,464.0,464.0,1.0,87.0183628750965,2.56941987387836,0.010344439186155796,4.70097232516855,2.1530095040798187,96.95470723323524,22.29525054447771,0.0009132549824451131,0.4150236007035005,11327.0,96.95470723323524,116.82774692673406,2.0,2.0,2.0,,0.03333333507180214,0.0,0.2666666805744171,0.2666666805744171,True,False,False,False,True,False,True,True,True,True
668.0,23124.0,23124.0,0.0,23124.0,23124.0,23124.0,0.7353147864341736,1.0,0.06195220351219177,0.003925385419279337,0.007538687903434038,0.9997028112411499,2.2802774906158447,0.8006677627563477,0.00023475356283597648,0.00042021830449812114,2.2800471782684326,0.8005084991455078,0.0001593455672264099,0.0015072859823703766,0.003300905227661133,-0.0024526119232177734,1.0001609325408936,0.0012135505676269531,0.4422173500061035,0.0,0.0,0.0,0.10060201212763786,0.10060201585292816,0.13344182074069977,1e-06,26.718815803527832,28.380859375,51.570594787597656,0.0,668.0,0.0,0.0625,1.0,0.0,0.0625,1.0,0.0,-0.10060203075408936,3.7499847412109375,-0.24999898672103882,-0.10060203075408936,3.7499847412109375,-0.24999898672103882,311.25,512.0,159.0,0.1875,311.25,512.0,159.0,0.1875,0.0,1134.0,1134.0,1134.0,1.0,85.01664875634015,3.6846761642955244,0.010035408195108175,8.152516628615558,2.1657419516704977,99.53291491931304,17.071616216132558,0.00043398236443124784,0.3525565053025237,23124.0,99.53291491931304,232.32515614302676,2.0,2.0,2.0,,0.0625,0.0,1.0,1.0,True,False,False,False,True,True,True,True,True,True
669.0,26236.0,26236.0,0.0,26236.0,26236.0,26236.0,0.7022092342376709,1.0,0.06042081117630005,0.004458407871425152,0.008059287443757057,0.9996303915977478,2.028881788253784,0.6993270516395569,0.0003709738375619054,0.00046804946032352746,2.0280041694641113,0.6988940834999084,0.00043291226029396057,0.0015368349850177765,0.005385637283325195,-0.003376185894012451,1.0004348754882812,0.001135110855102539,0.17917394638061523,0.0,0.0,0.0,-0.031490955501794815,-0.03149095177650452,0.17553262412548065,1e-06,26.718815803527832,28.380859375,51.44131088256836,0.0,669.0,0.0,0.008333333767950535,0.06666667014360428,0.0,0.008333333767950535,0.06666667014360428,0.0,0.0314909853041172,2.5616252422332764,-0.3659464418888092,0.0314909853041172,2.5616252422332764,-0.3659464418888092,252.75,468.0,110.0,0.0625,252.75,468.0,110.0,0.0625,0.0,1387.0,1387.0,1387.0,1.0,81.01775065716356,3.938219027593732,0.010759530123323202,9.24645549384877,2.124674181919545,96.840277235955,20.034062971603255,0.0004101055848194543,0.3524338883156263,26236.0,96.840277235955,270.9203313831392,2.0,2.0,2.0,,0.008333333767950535,0.0,0.06666667014360428,0.06666667014360428,True,False,False,False,True,False,True,True,True,True
670.0,19985.0,19985.0,0.0,19985.0,19985.0,19985.0,0.8481528759002686,1.0,0.06000036001205444,0.004260678309947252,0.007679755799472332,0.9996914267539978,2.4767043590545654,0.8855828046798706,0.0004479343187995255,0.0004401341429911554,2.4757800102233887,0.8852196931838989,0.00036311522126197815,0.001911807805299759,0.004868984222412109,-0.005158424377441406,1.0003658533096313,0.0008641481399536133,0.4229929447174072,0.0,0.0,0.0,-0.06701955385506153,-0.06701955199241638,0.1569114625453949,1e-06,26.718815803527832,28.38671875,51.51679992675781,0.0,670.0,0.0,0.11666667461395264,0.8666666746139526,0.0,0.11666667461395264,0.8666666746139526,0.0,0.06701957434415817,3.2208516597747803,-0.5010214447975159,0.06701957434415817,3.2208516597747803,-0.5010214447975159,271.0625,512.0,128.0,0.125,271.0625,512.0,128.0,0.125,0.0,978.0,978.0,978.0,1.0,80.0153371822089,3.398374803829938,0.009835992939770222,7.235349305905402,2.119326317217201,93.2798619940877,18.449466724050932,0.0004921687735686876,0.36203899454117594,19985.0,93.2798619940877,214.24774407649423,2.0,2.0,2.0,,0.11666667461395264,0.0,0.8666666746139526,0.8666666746139526,True,False,False,False,True,False,True,True,True,True
671.0,10380.0,10380.0,0.0,10380.0,10380.0,10380.0,0.7909345030784607,1.0,0.06141236424446106,0.004388093017041683,0.007960009388625622,0.999670147895813,2.463613510131836,0.836477518081665,0.0005634375847876072,0.0005053182831034064,2.4613494873046875,0.83589768409729,0.0005797185003757477,0.0016914717853069305,0.0050095319747924805,-0.0027827024459838867,1.0005818605422974,0.000891566276550293,0.08827722072601318,0.0,0.0,0.0,-0.026012733578681946,-0.026012733578681946,0.15072274208068848,1e-06,26.718815803527832,28.38671875,51.43917465209961,0.0,671.0,0.0,0.46666669845581055,0.6666666865348816,0.0,0.46666669845581055,0.6666666865348816,0.0,0.026012713089585304,0.8473953604698181,-1.9772560596466064,0.026012713089585304,0.8473953604698181,-1.9772560596466064,249.75,427.0,123.0,0.0625,249.75,427.0,123.0,0.0625,0.0,399.0,399.0,399.0,1.0,64.0133836241439,2.443967665079981,0.009462499991059303,4.34154489915818,2.1159962718375027,73.42676307680085,16.019365271307283,0.0009116088623371197,0.41826058758749324,10380.0,73.42676307680085,141.36534915944776,2.0,2.0,2.0,,0.46666669845581055,0.0,0.6666666865348816,0.6666666865348816,True,False,False,False,True,False,True,True,True,True
672.0,13751.0,13751.0,0.0,13751.0,13751.0,13751.0,0.7093901634216309,1.0,0.0750044584274292,0.004064080771058798,0.007933140732347965,0.9996705651283264,2.2682271003723145,0.777681827545166,0.00010945691610686481,0.00046154417213983834,2.267479419708252,0.777475118637085,0.00020680949091911316,0.0011664517223834991,0.0019626617431640625,-0.0034856796264648438,1.000207781791687,0.0016334056854248047,0.605170488357544,0.0,0.0,0.0,0.0,0.0,0.0,1e-06,26.718815803527832,28.38671875,51.49760818481445,0.0,672.0,0.0,0.0,0.0,0.0,0.0,0.0,0.0,0.0,0.0,0.0,0.0,0.0,0.0,269.4375,512.0,129.0,0.0625,269.4375,512.0,129.0,0.0625,0.0,590.0,590.0,590.0,1.0,74.01549796108156,2.8249268042854965,0.009720806032419205,5.445773916784674,2.126845367718488,84.92701714299619,17.16898584112307,0.0007069162993541709,0.39602748285831385,13751.0,84.92701714299619,161.91549476942893,2.0,2.0,2.0,,0.0,0.0,0.0,0.0,False,True,False,False,False,False,False,False,False,False
673.0,20656.0,20656.0,0.0,20656.0,20656.0,20656.0,0.8889814019203186,1.0,0.05733758211135864,0.004012731835246086,0.007245110347867012,0.9997406601905823,2.7040324211120605,0.9575148820877075,0.00023183602024801075,0.0004488503618631512,2.7035911083221436,0.9571502804756165,0.0003646537661552429,0.001940220594406128,0.004957675933837891,-0.005066990852355957,1.0003677606582642,0.001335740089416504,0.24663984775543213,0.0,0.0,0.0,0.0,0.0,0.0,1e-06,26.718815803527832,28.38671875,51.65560531616211,0.0,673.0,0.0,0.0,0.0,0.0,0.0,0.0,0.0,0.0,0.0,0.0,0.0,0.0,0.0,209.0,387.0,85.0,0.0625,209.0,387.0,85.0,0.0625,0.0,1082.0,1082.0,1082.0,1.0,74.01415004674345,3.4525462142191827,0.010066926013678312,7.417492161039263,2.1100023733451962,87.50990983191878,22.13341807617926,0.000487360864333768,0.3590962510185546,20656.0,87.50990983191878,236.0418384577724,2.0,2.0,2.0,,0.0,0.0,0.0,0.0,False,True,False,False,False,False,False,False,False,False
674.0,15559.0,15559.0,0.0,15559.0,15559.0,15559.0,0.765821635723114,1.0,0.06100335717201233,0.004780448507517576,0.008524827659130096,0.9995781183242798,2.0842642784118652,0.7205305695533752,0.0006000174907967448,0.0004928965936414897,2.0824356079101562,0.7197457551956177,0.0007847808301448822,0.0017909519374370575,0.005080461502075195,-0.002790689468383789,1.0007870197296143,0.0007702112197875977,0.051570892333984375,0.0,0.0,0.0,0.0,0.0,0.0,1e-06,26.718815803527832,28.38671875,51.44293212890625,0.0,674.0,0.0,0.0,0.0,0.0,0.0,0.0,0.0,0.0,0.0,0.0,0.0,0.0,0.0,223.4375,483.0,106.0,0.0625,223.4375,483.0,106.0,0.0625,0.0,749.0,749.0,749.0,1.0,52.011521469336,2.9521570368669927,0.009477621875703335,5.867204512935132,2.1351541774347425,63.4782595122233,14.54867733408,0.0006091408108299591,0.37709393360338916,15559.0,63.4782595122233,245.10753948765682,2.0,2.0,2.0,,0.0,0.0,0.0,0.0,False,True,False,False,False,False,False,False,False,False
675.0,8570.0,8570.0,0.0,8570.0,8570.0,8570.0,0.5348166823387146,1.0,0.062006354331970215,0.003789568552747369,0.0076611340045928955,0.9996404051780701,1.7623803615570068,0.5523889660835266,0.0003128582320641726,0.0003792238130699843,1.762380838394165,0.5521982312202454,0.00019073672592639923,0.0015179980546236038,0.00264739990234375,-0.002699911594390869,1.0001922845840454,0.00089263916015625,0.17605090141296387,0.0,0.0,0.0,0.0,0.0,0.0,1e-06,26.718815803527832,28.38671875,51.52423095703125,0.0,675.0,0.0,1.0,1.0,1.0,1.0,1.0,1.0,0.0,0.0,0.0,0.0,0.0,0.0,201.625,288.0,131.0,0.0625,201.625,288.0,131.0,0.0625,0.0,334.0,334.0,334.0,1.0,35.00778241129592,2.586958169005811,0.00947219505906105,3.758236692287028,2.1436604158952832,44.007243593689054,10.851761441815226,0.0011052736358297607,0.43853403643955985,8570.0,44.007243593689054,194.7406676756505,2.0,2.0,2.0,,1.0,1.0,1.0,0.0,False,False,True,False,True,True,False,False,False,False
676.0,13981.0,13981.0,0.0,13981.0,13981.0,13981.0,0.7277377843856812,1.0,0.11289459466934204,0.003985208924859762,0.007689275313168764,0.9996909499168396,2.18876051902771,0.7669806480407715,4.860223998548463e-05,0.00043406616896390915,2.1891350746154785,0.7669695615768433,1.109391450881958e-05,0.001458674669265747,0.0037786364555358887,-0.0038377046585083008,1.000012993812561,0.0016461610794067383,0.5249208211898804,0.0,0.0,0.0,-0.00650904537178576,-0.006509065628051758,0.16097907721996307,1e-06,26.718815803527832,28.38671875,51.46063995361328,0.0,676.0,0.0,0.22083336114883423,0.8666666746139526,0.0,0.22083336114883423,0.8666666746139526,0.0,0.006509003229439259,1.9520255327224731,-0.667466938495636,0.006509003229439259,1.9520255327224731,-0.667466938495636,268.8125,440.0,172.0,0.0625,268.8125,440.0,172.0,0.0625,0.0,605.0,605.0,605.0,1.0,70.0133254560642,2.7983128908090293,0.010546534322202206,5.3813812313601375,2.1890207873657346,80.8953050673008,16.27838304023813,0.0007543476376655608,0.38490674711108913,13981.0,80.8953050673008,172.82832407107577,2.0,2.0,2.0,,0.22083336114883423,0.0,0.8666666746139526,0.8666666746139526,True,False,False,False,True,False,True,True,True,True
677.0,16507.0,16507.0,0.0,16507.0,16507.0,16507.0,0.9332680106163025,1.0,0.07761374115943909,0.004425974562764168,0.007790162693709135,0.9997013807296753,2.59751558303833,0.9382132887840271,-0.00013911865244153887,0.0005454191705211997,2.5982041358947754,0.9384570121765137,-0.00024372152984142303,0.001277850940823555,0.002120494842529297,-0.00299227237701416,0.9997574090957642,0.0024704933166503906,0.35654306411743164,0.0,0.0,0.0,0.0,0.0,0.0,1e-06,26.718815803527832,28.38671875,51.617637634277344,0.0,677.0,0.0,0.0,0.0,0.0,0.0,0.0,0.0,0.0,0.0,0.0,0.0,0.0,0.0,247.6875,417.0,135.0,0.0625,247.6875,417.0,135.0,0.0625,0.0,784.0,784.0,784.0,1.0,79.01578688295558,3.0129895540885627,0.009429975878447294,6.051533215679228,2.1081134229898453,90.70027564512566,19.938376705262574,0.0005712713320680495,0.36660405983396305,16507.0,90.70027564512566,181.995036758051,2.0,2.0,2.0,,0.0,0.0,0.0,0.0,False,True,False,False,False,False,False,False,False,False
678.0,17695.0,17695.0,0.0,17695.0,17695.0,17695.0,0.6712947487831116,1.0,0.06872174143791199,0.004344398155808449,0.007932457141578197,0.9996318221092224,2.053978443145752,0.7070658206939697,0.0010342223104089499,0.0004597098450176418,2.051910877227783,0.7060772180557251,0.0009886641055345535,0.0016491580754518509,0.005529880523681641,-0.0013807415962219238,1.0009909868240356,-0.0002365708351135254,-0.15908032655715942,0.0,0.0,0.0,0.07235246524214745,0.07235246896743774,0.1807846575975418,1e-06,26.718815803527832,28.38671875,51.499996185302734,0.0,678.0,0.0,0.5166667103767395,1.0,0.4000000059604645,0.5166667103767395,1.0,0.4000000059604645,-0.07235246151685715,2.595902442932129,-0.6265974044799805,-0.07235246151685715,2.595902442932129,-0.6265974044799805,224.9375,512.0,112.0,0.0625,224.9375,512.0,112.0,0.0625,0.0,881.0,881.0,881.0,1.0,55.012333780992776,3.170624863822013,0.010441789869219065,6.531007511075586,2.128988075070083,67.35556887183338,15.28544978632753,0.0005900983254715493,0.36908773727468697,17695.0,67.35556887183338,262.7102746867254,2.0,2.0,2.0,,0.5166667103767395,0.4000000059604645,1.0,0.5999999940395355,True,False,False,False,True,True,True,True,True,True
679.0,11025.0,11025.0,0.0,11025.0,11025.0,11025.0,0.8399026989936829,1.0,0.07433849573135376,0.004111842252314091,0.007737793028354645,0.999705970287323,2.5190985202789307,0.8893047571182251,0.0003404396411497146,0.0004296348197385669,2.51762056350708,0.888890266418457,0.00041440874338150024,0.0020590126514434814,0.003864884376525879,-0.0027399659156799316,1.0004169940948486,0.0010405778884887695,0.3161884546279907,0.0,0.0,0.0,-0.015014095231890678,-0.015014095231890678,0.16288413107395172,1e-06,26.718815803527832,28.38671875,51.556182861328125,0.0,679.0,0.0,0.04583333432674408,0.3333333432674408,0.0,0.04583333432674408,0.3333333432674408,0.0,0.015014031901955605,2.7297143936157227,-0.43517184257507324,0.015014031901955605,2.7297143936157227,-0.43517184257507324,230.0625,378.0,148.0,0.0625,230.0625,378.0,148.0,0.0625,0.0,459.0,459.0,459.0,1.0,153.02836248930544,2.4911636761389673,0.01001487160101533,4.471944438293576,2.1201905668713152,162.62665541796014,41.572497280441574,0.0009083783765093269,0.4056185431558799,11025.0,162.62665541796014,67.79331451947466,2.0,2.0,2.0,,0.04583333432674408,0.0,0.3333333432674408,0.3333333432674408,True,False,False,False,True,False,True,True,True,True
680.0,13924.0,13924.0,0.0,13924.0,13924.0,13924.0,0.8878067135810852,1.0,0.061345696449279785,0.0043074386194348335,0.007751280441880226,0.9996952414512634,2.5253005027770996,0.9067182540893555,0.0007505929679609835,0.0004812099796254188,2.523955821990967,0.9060686230659485,0.0006496645510196686,0.0014636851847171783,0.0034605860710144043,-0.002736032009124756,1.0006513595581055,0.00042819976806640625,0.08691835403442383,0.0,0.0,0.0,0.0,0.0,0.0,1e-06,26.718815803527832,28.38671875,51.57892608642578,0.0,680.0,0.0,0.0,0.0,0.0,0.0,0.0,0.0,0.0,0.0,0.0,0.0,0.0,0.0,255.25,399.0,152.0,0.0625,255.25,399.0,152.0,0.0625,0.0,615.0,615.0,615.0,1.0,61.0137422750704,2.772579784039408,0.010049262549728155,5.290672254282981,2.111654498614371,71.70103402715176,14.939701830330655,0.0007217223893800744,0.37996784359975444,13924.0,71.70103402715176,194.1952468178807,2.0,2.0,2.0,,0.0,0.0,0.0,0.0,False,True,False,False,False,False,False,False,False,False
681.0,9437.0,9437.0,0.0,9437.0,9437.0,9437.0,0.5103682279586792,1.0,0.05984842777252197,0.003716876031830907,0.007633651606738567,0.9996314644813538,1.7302638292312622,0.5285203456878662,0.0007356927380897105,0.0003586206294130534,1.7290363311767578,0.5277253985404968,0.0007949406281113625,0.00162429828196764,0.0034029483795166016,-0.0020014941692352295,1.0007965564727783,-3.30805778503418e-05,-0.1056089997291565,0.0,0.0,0.0,0.3427405320107937,0.342740535736084,0.15011239051818848,1e-06,26.718815803527832,28.38671875,51.44106674194336,0.0,681.0,0.0,0.5625,1.0,0.0,0.5625,1.0,0.0,-0.3427404463291168,0.8539109230041504,-1.0978854894638062,-0.3427404463291168,0.8539109230041504,-1.0978854894638062,252.8125,492.0,113.0,0.0625,252.8125,492.0,113.0,0.0625,0.0,337.0,337.0,337.0,1.0,141.02201353106648,2.470064312685281,0.009841383900493383,4.40958639094606,2.107354687061161,150.51938018482178,34.86329135502262,0.0010428508954639592,0.46726569788556327,9437.0,150.51938018482178,62.69624541645314,2.0,2.0,2.0,,0.5625,0.0,1.0,1.0,True,False,False,False,True,True,True,True,True,True
682.0,16333.0,16333.0,0.0,16333.0,16333.0,16333.0,0.7317520976066589,1.0,0.06214582920074463,0.004019866231828928,0.007456599734723568,0.9996960163116455,2.078361749649048,0.723504364490509,0.00037764408625662327,0.00042114354437217116,2.076404571533203,0.7226436138153076,0.0008607804775238037,0.002139553427696228,0.004907190799713135,-0.0029503703117370605,1.0008642673492432,0.0009311437606811523,0.5719789266586304,0.0,0.0,0.0,0.0036651454865932465,0.003665141761302948,0.1524585485458374,1e-06,26.718815803527832,28.38671875,51.48017120361328,0.0,682.0,0.0,0.008333333767950535,0.06666667014360428,0.0,0.008333333767950535,0.06666667014360428,0.0,-0.0036651412956416607,2.5616252422332764,-0.3659464418888092,-0.0036651412956416607,2.5616252422332764,-0.3659464418888092,280.8125,512.0,99.0,0.125,280.8125,512.0,99.0,0.125,0.0,740.0,740.0,740.0,1.0,70.01434533810243,3.0674537369050086,0.009637738112360239,6.219602247700095,2.1304207830689847,81.94534088484943,15.582983605186385,0.0005900776411167721,0.3807997457723685,16333.0,81.94534088484943,199.31578566438972,2.0,2.0,2.0,,0.008333333767950535,0.0,0.06666667014360428,0.06666667014360428,True,False,False,False,True,False,True,True,True,True
683.0,11987.0,11987.0,0.0,11987.0,11987.0,11987.0,0.8161650896072388,1.0,0.07975843548774719,0.004543012008070946,0.008055773563683033,0.9996492266654968,2.4594643115997314,0.8618484735488892,0.00111066282261163,0.0004880811320617795,2.456516981124878,0.8606554269790649,0.001193080097436905,0.001993287354707718,0.005862295627593994,-0.002008974552154541,1.0011965036392212,-0.000268399715423584,-0.175503671169281,0.0,0.0,0.0,0.0,0.0,0.0,1e-06,26.718815803527832,28.38671875,51.53217315673828,0.0,683.0,0.0,0.0,0.0,0.0,0.0,0.0,0.0,0.0,0.0,0.0,0.0,0.0,0.0,267.1875,497.0,130.0,0.0625,267.1875,497.0,130.0,0.0625,0.0,482.0,482.0,482.0,1.0,345.048752379138,2.652468755375594,0.009352282155305147,4.9515468892641366,2.141267716884613,355.308783845976,80.71315845126036,0.0007802020651793732,0.4130764068794641,11987.0,355.308783845976,33.7368524083443,2.0,2.0,2.0,,0.0,0.0,0.0,0.0,False,True,False,False,False,False,False,False,False,False
684.0,16096.0,16096.0,0.0,16096.0,16096.0,16096.0,0.7944678068161011,1.0,0.05135941505432129,0.00382654694840312,0.007377163972705603,0.9997274875640869,2.5246119499206543,0.8656598329544067,0.00010053194273496047,0.00040974278817884624,2.524951934814453,0.8655827045440674,7.702596485614777e-05,0.0014018584042787552,0.0058762431144714355,-0.004109561443328857,1.0000791549682617,0.0014412403106689453,0.17295300960540771,0.0,0.0,0.0,0.14733760803937912,0.14733761548995972,0.1395472288131714,1e-06,26.718815803527832,28.38671875,51.62239456176758,0.0,684.0,0.0,0.04583333432674408,0.7333333492279053,0.0,0.04583333432674408,0.7333333492279053,0.0,-0.14733761548995972,3.7499794960021973,-0.24999864399433136,-0.14733761548995972,3.7499794960021973,-0.24999864399433136,263.0,510.0,108.0,0.0625,263.0,510.0,108.0,0.0625,0.0,743.0,743.0,743.0,1.0,45.00912254489958,3.0233010137453675,0.01051351660862565,6.090609420090914,2.12273575598374,56.75837540719658,10.696084254966632,0.0006531757336372795,0.37839273236151305,16096.0,56.75837540719658,283.5881028046327,2.0,2.0,2.0,,0.04583333432674408,0.0,0.7333333492279053,0.7333333492279053,True,False,False,False,True,False,True,True,True,True
685.0,9975.0,9975.0,0.0,9975.0,9975.0,9975.0,0.6406118869781494,1.0,0.05920395255088806,0.0038121307734400034,0.007401811424642801,0.9996870160102844,1.9033704996109009,0.5857757925987244,0.0004114328767172992,0.0003742581175174564,1.9023890495300293,0.5852684378623962,0.0005073715001344681,0.0012193117290735245,0.00408598780632019,-0.0019265711307525635,1.0005086660385132,0.0006734132766723633,0.0641869306564331,0.0,0.0,0.0,-0.02143547311425209,-0.021435469388961792,0.14248554408550262,1e-06,26.718815803527832,28.38671875,51.570465087890625,0.0,685.0,0.0,0.550000011920929,1.0,0.0,0.550000011920929,1.0,0.0,0.02143554389476776,1.1137109994888306,-1.361202359199524,0.02143554389476776,1.1137109994888306,-1.361202359199524,284.4375,481.0,169.0,0.0625,284.4375,481.0,169.0,0.0625,0.0,339.0,339.0,339.0,1.0,59.012086847797036,2.423027406912297,0.009873010218143463,4.2838268438354135,2.1267219237051904,68.35749028716236,12.966839562249403,0.0009897754604655102,0.42945632519653265,9975.0,68.35749028716236,145.92402322110001,2.0,2.0,2.0,,0.550000011920929,0.0,1.0,1.0,True,False,False,False,True,True,True,True,True,True
686.0,13689.0,13689.0,0.0,13689.0,13689.0,13689.0,0.8465162515640259,1.0,0.061372458934783936,0.004300226457417011,0.0076903002336621284,0.9996947050094604,2.595231533050537,0.9125256538391113,0.00013863903586752713,0.0004543830582406372,2.5937271118164062,0.912112295627594,0.00041327252984046936,0.001360613852739334,0.0036734342575073242,-0.002424955368041992,1.0004148483276367,0.001544952392578125,0.21796953678131104,0.0,0.0,0.0,-0.16636833176016808,-0.16636832058429718,0.21447709202766418,1e-06,26.718815803527832,28.38671875,51.51463317871094,0.0,686.0,0.0,0.05416666716337204,0.8666666746139526,0.0,0.05416666716337204,0.8666666746139526,0.0,0.16636836528778076,3.7499825954437256,-0.24999885261058807,0.16636836528778076,3.7499825954437256,-0.24999885261058807,227.5625,379.0,107.0,0.0625,227.5625,379.0,107.0,0.0625,0.0,628.0,628.0,628.0,1.0,215.04112962307408,2.762935713864863,0.009501978754997253,5.260658843908459,2.1531695276498795,225.7269737343304,59.06100786132219,0.0006941324242090185,0.38429825728018546,13689.0,225.7269737343304,60.64405938526108,2.0,2.0,2.0,,0.05416666716337204,0.0,0.8666666746139526,0.8666666746139526,True,False,False,False,True,False,True,True,True,True
687.0,10889.0,10889.0,0.0,10889.0,10889.0,10889.0,0.7863306403160095,1.0,0.060287147760391235,0.004233495332300663,0.007887295447289944,0.9996814131736755,2.3906614780426025,0.8485900163650513,0.0010352125391364098,0.00046945433132350445,2.387986660003662,0.8475728631019592,0.001017160713672638,0.001592010259628296,0.00494074821472168,-0.0017243623733520508,1.0010194778442383,-0.0001919269561767578,-0.16546159982681274,0.0,0.0,0.0,-0.2126156911253929,-0.21261568367481232,0.19669900834560394,1e-06,26.718815803527832,28.38671875,51.46586227416992,0.0,687.0,0.0,0.09166666865348816,1.0,0.0,0.09166666865348816,1.0,0.0,0.2126156985759735,3.3799335956573486,-0.3410942256450653,0.2126156985759735,3.3799335956573486,-0.3410942256450653,248.5625,512.0,111.0,0.125,248.5625,512.0,111.0,0.125,0.0,432.0,432.0,432.0,1.0,296.0526583287865,2.570852179080248,0.01032043807208538,4.711762003134936,2.1480116532184184,305.99634710373357,74.44120149076855,0.0009477856618684342,0.43270842163053874,10889.0,305.99634710373357,35.58539212335303,2.0,2.0,2.0,,0.09166666865348816,0.0,1.0,1.0,True,False,False,False,True,True,True,True,True,True
688.0,15719.0,15719.0,0.0,15719.0,15719.0,15719.0,0.976718544960022,1.0,0.056694090366363525,0.004511752165853977,0.007805566303431988,0.9996911883354187,2.809034585952759,1.0040092468261719,-0.0004778603033628315,0.0004737629205919802,2.8102738857269287,1.0045479536056519,-0.0005388222634792328,0.0012867115437984467,0.0024983882904052734,-0.0031834840774536133,0.9994624853134155,0.002854466438293457,0.8673121929168701,0.0,0.0,0.0,0.0,0.0,0.0,1e-06,26.718815803527832,28.38671875,51.49863052368164,0.0,688.0,0.0,0.0,0.0,0.0,0.0,0.0,0.0,0.0,0.0,0.0,0.0,0.0,0.0,229.4375,407.0,128.0,0.0625,229.4375,407.0,128.0,0.0625,0.0,753.0,753.0,753.0,1.0,74.01438607368618,2.9619817840866745,0.010885831899940968,5.887644721195102,2.128102683927864,85.50583388796076,20.16191393998534,0.0006925269991692199,0.3745559336595904,15719.0,85.50583388796076,183.83540964698128,2.0,2.0,2.0,,0.0,0.0,0.0,0.0,False,True,False,False,False,False,False,False,False,False
689.0,17199.0,17199.0,0.0,17199.0,17199.0,17199.0,0.8102266192436218,1.0,0.08714425563812256,0.004435433074831963,0.008018620312213898,0.9996637105941772,2.323730230331421,0.8301891684532166,0.00037955865263938904,0.0004895821330137551,2.3227503299713135,0.8298080563545227,0.0003810301423072815,0.001742050051689148,0.004221200942993164,-0.0024338960647583008,1.0003830194473267,0.0012030601501464844,0.46381676197052,0.0,0.0,0.0,0.0,0.0,0.0,1e-06,26.718815803527832,28.38671875,51.59014129638672,0.0,689.0,0.0,0.0,0.0,0.0,0.0,0.0,0.0,0.0,0.0,0.0,0.0,0.0,0.0,328.9375,512.0,91.0,0.1875,328.9375,512.0,91.0,0.1875,0.0,746.0,746.0,746.0,1.0,92.01808570465073,3.1456236629746854,0.010214401874691248,6.410037668887526,2.1329621099866927,104.21993116661906,17.48396080270772,0.0005938951028950083,0.3726982771607376,17199.0,104.21993116661906,165.02601572921324,2.0,2.0,2.0,,0.0,0.0,0.0,0.0,False,True,False,False,False,False,False,False,False,False
690.0,9002.0,9002.0,0.0,9002.0,9002.0,9002.0,0.6784441471099854,1.0,0.06009572744369507,0.003961481619626284,0.007615286391228437,0.999678373336792,2.0707247257232666,0.7025514841079712,0.00014403481327462941,0.0004246136813890189,2.070169448852539,0.7023423910140991,0.00020914897322654724,0.001888219267129898,0.006747782230377197,-0.003987312316894531,1.0002124309539795,0.001412034034729004,0.5454425811767578,0.0,0.0,0.0,-0.0034703481942415237,-0.0034703463315963745,0.17841650545597076,1e-06,26.718815803527832,28.38671875,51.632381439208984,0.0,690.0,0.0,0.22083333134651184,1.0,0.0,0.22083333134651184,1.0,0.0,0.0034703065175563097,2.194563627243042,-0.6219885945320129,0.0034703065175563097,2.194563627243042,-0.6219885945320129,212.625,319.0,127.0,0.0625,212.625,319.0,127.0,0.0625,0.0,350.0,350.0,350.0,1.0,58.012588338926435,2.2873735218308866,0.010413927026093006,3.9034424680285156,2.118693958967924,66.83420532289892,17.05249510256509,0.0011568459260267725,0.43361946989874645,9002.0,66.83420532289892,134.6915094824313,2.0,2.0,2.0,,0.22083333134651184,0.0,1.0,1.0,True,False,False,False,True,True,True,True,True,True
691.0,10758.0,10758.0,0.0,10758.0,10758.0,10758.0,0.8585229516029358,1.0,0.08520245552062988,0.004414534196257591,0.008028797805309296,0.9996678829193115,2.5300536155700684,0.8905893564224243,-0.00010645863221725449,0.00046681074309162796,2.5307397842407227,0.8906731009483337,-8.378922939300537e-05,0.001737244427204132,0.0050220489501953125,-0.0034492015838623047,0.9999187588691711,0.002083420753479004,0.5059225559234619,0.0,0.0,0.0,-0.006595250219106674,-0.006595250219106674,0.16682741045951843,1e-06,26.718815803527832,28.38671875,51.631866455078125,0.0,691.0,0.0,0.02500000223517418,0.13333334028720856,0.0,0.02500000223517418,0.13333334028720856,0.0,0.006595222745090723,2.2606799602508545,-0.5216954350471497,0.006595222745090723,2.2606799602508545,-0.5216954350471497,260.375,480.0,162.0,0.0625,260.375,480.0,162.0,0.0625,0.0,412.0,412.0,412.0,1.0,227.04072367912158,2.5043659494258463,0.009783091954886913,4.495682215783745,2.1227880138903856,236.67667744122446,54.49849344193989,0.0009093783189149389,0.4178920074162247,10758.0,236.67667744122446,45.45441534969836,2.0,2.0,2.0,,0.02500000223517418,0.0,0.13333334028720856,0.13333334028720856,True,False,False,False,True,False,True,True,True,True
692.0,19028.0,19028.0,0.0,19028.0,19028.0,19028.0,0.6541701555252075,1.0,0.14301270246505737,0.0043196361511945724,0.008145431987941265,0.9996144771575928,1.9137223958969116,0.6411361694335938,-0.00039116773405112326,0.00044628159957937896,1.9146655797958374,0.6416637897491455,-0.0005276352167129517,0.0011309757828712463,0.0013527870178222656,-0.0028463006019592285,0.9994734525680542,0.002582550048828125,0.591705322265625,0.0,0.0,0.0,0.08573340345174074,0.08573339879512787,0.16136223077774048,1e-06,26.718815803527832,28.38671875,51.65751647949219,0.0,692.0,0.0,0.5666666626930237,1.0,0.0,0.5666666626930237,1.0,0.0,-0.08573343604803085,0.9013859629631042,-1.1787354946136475,-0.08573343604803085,0.9013859629631042,-1.1787354946136475,263.25,380.0,126.0,0.0625,263.25,380.0,126.0,0.0625,0.0,926.0,926.0,926.0,1.0,77.0159648838453,3.2795311640948057,0.01040863897651434,6.783774226903915,2.1236128988675773,89.71424677129835,18.284891947731552,0.0005470169737499653,0.3565153577309184,19028.0,89.71424677129835,212.0956334672978,2.0,2.0,2.0,,0.5666666626930237,0.0,1.0,1.0,True,False,False,False,True,True,True,True,True,True
693.0,14984.0,14984.0,0.0,14984.0,14984.0,14984.0,0.6191978454589844,1.0,0.06126606464385986,0.0036900010891258717,0.007267332635819912,0.999696671962738,1.9484195709228516,0.634689211845398,0.001085813739337027,0.0003828355111181736,1.9462517499923706,0.6335921287536621,0.0010970570147037506,0.0015690326690673828,0.004671335220336914,-0.0025257766246795654,1.0010991096496582,-0.0006421208381652832,-0.2388075590133667,0.0,0.0,0.0,-0.062080444768071175,-0.062080442905426025,0.153542622923851,1e-06,26.718815803527832,28.38671875,51.73875427246094,0.0,693.0,0.0,0.1458333283662796,0.3333333432674408,0.0,0.1458333283662796,0.3333333432674408,0.0,0.062080465257167816,1.0978811979293823,-0.8539075255393982,0.062080465257167816,1.0978811979293823,-0.8539075255393982,252.5,418.0,72.0,0.0625,252.5,418.0,72.0,0.0625,0.0,684.0,684.0,684.0,1.0,57.01091926405206,2.909761895891279,0.009950867854058743,5.744781303219497,2.1345592620782554,68.3115951269865,14.111613679220808,0.00066409956313793,0.3833943742137945,14984.0,68.3115951269865,219.34782773181897,2.0,2.0,2.0,,0.1458333283662796,0.0,0.3333333432674408,0.3333333432674408,True,False,False,False,True,False,True,True,True,True
694.0,14108.0,14108.0,0.0,14108.0,14108.0,14108.0,0.7201727628707886,1.0,0.058992743492126465,0.004196397960186005,0.007747880183160305,0.9996730089187622,2.1235268115997314,0.7381525039672852,-0.00013377431605476886,0.0004209667386021465,2.124542236328125,0.7385604977607727,-0.000407954677939415,0.0012936647981405258,0.00279158353805542,-0.0032345056533813477,0.9995933771133423,0.001955866813659668,0.527192234992981,0.0,0.0,0.0,0.0,0.0,0.0,1e-06,26.718815803527832,28.38671875,51.48256301879883,0.0,694.0,0.0,0.0,0.0,0.0,0.0,0.0,0.0,0.0,0.0,0.0,0.0,0.0,0.0,293.75,512.0,196.0,0.0625,293.75,512.0,196.0,0.0625,0.0,588.0,588.0,588.0,1.0,726.1242125579156,2.8438351419754326,0.00918352510780096,5.513139153830707,2.1407872261479497,737.1366546237841,154.4945133101948,0.0006509445072158321,0.3907810571187062,14108.0,737.1366546237841,19.138920729970167,2.0,2.0,2.0,,0.0,0.0,0.0,0.0,False,True,False,False,False,False,False,False,False,False
695.0,15952.0,15952.0,0.0,15952.0,15952.0,15952.0,0.7143117785453796,1.0,0.06045520305633545,0.004110043402761221,0.007897418923676014,0.9996547698974609,2.144902467727661,0.7254365086555481,-0.0004097442433703691,0.0004055079189129174,2.1453092098236084,0.7256928086280823,-0.0002562347799539566,0.0011169817298650742,0.0028162896633148193,-0.0026147961616516113,0.9997447729110718,0.0024466514587402344,0.47253572940826416,0.0,0.0,0.0,0.0,0.0,0.0,1e-06,26.718815803527832,28.38671875,51.58492660522461,0.0,695.0,0.0,0.0,0.0,0.0,0.0,0.0,0.0,0.0,0.0,0.0,0.0,0.0,0.0,256.0,495.0,145.0,0.0625,256.0,495.0,145.0,0.0625,0.0,741.0,741.0,741.0,1.0,1817.2668624259531,2.9930883729830384,0.009452661033719778,5.979056121781468,2.1476543522439897,1828.9039779291488,443.6686675844612,0.0005925690216725037,0.37481545397326155,15952.0,1828.9039779291488,8.72216376174232,2.0,2.0,2.0,,0.0,0.0,0.0,0.0,False,True,False,False,False,False,False,False,False,False
696.0,19730.0,19730.0,0.0,19730.0,19730.0,19730.0,0.6790308952331543,1.0,0.05410322546958923,0.004203911405056715,0.007910085842013359,0.9996492862701416,2.0583856105804443,0.7091678380966187,0.0004187577869743109,0.0004489901475608349,2.056673288345337,0.7085261344909668,0.0006418824195861816,0.001713000237941742,0.005056262016296387,-0.0028684139251708984,1.0006440877914429,0.0009588003158569336,0.9547991752624512,0.0,0.0,0.0,-0.046997688710689545,-0.04699768126010895,0.1587105095386505,1e-06,26.718815803527832,28.38671875,51.523128509521484,0.0,696.0,0.0,0.02916666865348816,0.2666666805744171,0.0,0.02916666865348816,0.2666666805744171,0.0,0.04699772223830223,2.9457883834838867,-0.36176350712776184,0.04699772223830223,2.9457883834838867,-0.36176350712776184,342.125,512.0,138.0,0.125,342.125,512.0,138.0,0.125,0.0,891.0,891.0,891.0,1.0,129.02428986504674,3.408204840030521,0.00990881072357297,7.262428837828338,2.117539467755705,142.32834964431822,23.57038543387774,0.0005022205131055737,0.3680906658808078,19730.0,142.32834964431822,138.62312075778098,2.0,2.0,2.0,,0.02916666865348816,0.0,0.2666666805744171,0.2666666805744171,True,False,False,False,True,False,True,True,True,True
697.0,15314.0,15314.0,0.0,15314.0,15314.0,15314.0,0.8308060169219971,1.0,0.05846518278121948,0.004262592643499374,0.007815731689333916,0.9996848702430725,2.302277088165283,0.8171324133872986,7.292054215213284e-05,0.00045893824426457286,2.3023881912231445,0.8170880079269409,4.4383108615875244e-05,0.0011137723922729492,0.0026450157165527344,-0.004430294036865234,1.000045657157898,0.0016887187957763672,0.4111771583557129,0.0,0.0,0.0,0.08672300912439823,0.08672301471233368,0.1421942561864853,1e-06,26.718815803527832,28.38671875,51.548519134521484,0.0,697.0,0.0,0.3958333134651184,1.0,0.0,0.3958333134651184,1.0,0.0,-0.08672303706407547,1.3973315954208374,-0.9154930114746094,-0.08672303706407547,1.3973315954208374,-0.9154930114746094,308.125,512.0,131.0,0.125,308.125,512.0,131.0,0.125,0.0,649.0,649.0,649.0,1.0,67.0140494639054,2.969602689612657,0.010059976018965244,5.91005225200206,2.1212411471642554,78.5252325059846,13.593113481522392,0.0006569136750009955,0.3859247911716116,15314.0,78.5252325059846,195.0201166081601,2.0,2.0,2.0,,0.3958333134651184,0.0,1.0,1.0,True,False,False,False,True,True,True,True,True,True
698.0,8936.0,8936.0,0.0,8936.0,8936.0,8936.0,0.7450660467147827,1.0,0.060334354639053345,0.004495494067668915,0.00806822907179594,0.999642550945282,2.0991921424865723,0.7326347827911377,-0.00042882529669441283,0.000500828493386507,2.099762201309204,0.7330176830291748,-0.0003829393535852432,0.0024029184132814407,0.004353880882263184,-0.005513370037078857,0.9996211528778076,0.0028721094131469727,0.6983752250671387,0.0,0.0,0.0,0.02027016133069992,0.020270168781280518,0.23102378845214844,1e-06,26.718815803527832,28.38671875,51.586090087890625,0.0,698.0,0.0,0.9375,1.0,0.0,0.9375,1.0,0.0,-0.02027013525366783,0.24999898672103882,-3.7499847412109375,-0.02027013525366783,0.24999898672103882,-3.7499847412109375,166.5,266.0,87.0,0.0625,166.5,266.0,87.0,0.0625,0.0,392.0,392.0,392.0,1.0,37.00864548003301,2.2754606711678207,0.009382433257997036,3.870031539350748,2.1241943067871034,45.78915074421093,13.892134189201581,0.0010499589590417452,0.4330832071789109,8936.0,45.78915074421093,195.1553993634566,2.0,2.0,2.0,,0.9375,0.0,1.0,1.0,True,False,False,False,True,True,True,True,True,True
699.0,9449.0,9449.0,0.0,9449.0,9449.0,9449.0,0.754355788230896,1.0,0.07031607627868652,0.004495207220315933,0.008168458007276058,0.9996312260627747,2.2073371410369873,0.7762914896011353,-0.0002164650650229305,0.0005256058648228645,2.205657482147217,0.7759140729904175,0.000377485528588295,0.0022624600678682327,0.011525750160217285,-0.004918932914733887,1.000383973121643,0.002633810043334961,0.681328296661377,0.0,0.0,0.0,-0.19746988825500011,-0.19746989011764526,0.1448168158531189,1e-06,26.718815803527832,28.38671875,51.596893310546875,0.0,699.0,0.0,0.42500001192092896,0.6000000238418579,0.0,0.42500001192092896,0.6000000238418579,0.0,0.19746991991996765,1.1244192123413086,-2.7307324409484863,0.19746991991996765,1.1244192123413086,-2.7307324409484863,222.5625,424.0,44.0,0.0625,222.5625,424.0,44.0,0.0625,0.0,368.0,368.0,368.0,1.0,49.00972636509687,2.35444539738819,0.009362645912915468,4.08668053522706,2.1299940338358283,58.09467554697767,13.76291108258828,0.0009908610342803967,0.43249873375246695,9449.0,58.09467554697767,162.64829626872023,2.0,2.0,2.0,,0.42500001192092896,0.0,0.6000000238418579,0.6000000238418579,True,False,False,False,True,False,True,True,True,True
700.0,16476.0,16476.0,0.0,16476.0,16476.0,16476.0,0.8030908107757568,1.0,0.06185656785964966,0.004428789485245943,0.007974625565111637,0.9996622800827026,2.3045032024383545,0.8142269253730774,0.0008080214029178023,0.00047439878107979894,2.301866054534912,0.8130303621292114,0.0011965855956077576,0.001998990774154663,0.006054043769836426,-0.0025900602340698242,1.0011998414993286,0.0002859830856323242,0.0032775402069091797,0.0,0.0,0.0,0.0,0.0,0.0,1e-06,26.718815803527832,28.38671875,51.55855941772461,0.0,700.0,0.0,0.0,0.0,0.0,0.0,0.0,0.0,0.0,0.0,0.0,0.0,0.0,0.0,224.75,512.0,115.0,0.0625,224.75,512.0,115.0,0.0625,0.0,805.0,805.0,805.0,1.0,74.01453902386129,3.0433831638656557,0.009804637636989355,6.140577579848468,2.1644504978321493,136.4743020730093,20.582463577269547,0.0005950860425460886,0.3726983236130413,16476.0,136.4743020730093,120.72602497124973,2.0,2.0,2.0,50.59906295221299,0.0,0.0,0.0,0.0,False,True,False,False,False,False,False,False,False,False
701.0,10989.0,10989.0,0.0,10989.0,10989.0,10989.0,0.8257554769515991,1.0,0.05327519774436951,0.004287415649741888,0.007710684090852737,0.9996911287307739,2.604492664337158,0.8868715763092041,0.0011633210815489292,0.0005039204843342304,2.5999419689178467,0.8855060338973999,0.0013655666261911392,0.001895541325211525,0.005311191082000732,-0.0025641322135925293,1.001368522644043,-0.00031316280364990234,-0.19005447626113892,0.0,0.0,0.0,0.15565483504906297,0.15565483272075653,0.15413425862789154,1e-06,24.0188570022583,27.97265625,51.18616485595703,0.0,701.0,0.0,0.03750000149011612,0.2666666805744171,0.0,0.03750000149011612,0.2666666805744171,0.0,-0.15565484762191772,2.51877760887146,-0.4121635854244232,-0.15565484762191772,2.51877760887146,-0.4121635854244232,222.8125,452.0,112.0,0.0625,222.8125,452.0,112.0,0.0625,0.0,464.0,464.0,464.0,1.0,564.0382683626376,3.9774550129659474,0.012211464811116457,5.637489600107074,2.1693654120899737,576.5808739010245,158.21550304702316,0.0011112444090560067,0.5130120666218103,10989.0,576.5808739010245,19.058904825702502,2.0,2.0,2.0,,0.03750000149011612,0.0,0.2666666805744171,0.2666666805744171,True,False,False,False,True,False,True,True,True,True
702.0,10083.0,10083.0,0.0,10083.0,10083.0,10083.0,0.7373570799827576,1.0,0.060136497020721436,0.004292820114642382,0.008030207827687263,0.999646008014679,2.3739826679229736,0.7999128699302673,0.000560201529879123,0.00042929089977405965,2.3716483116149902,0.7993168830871582,0.0005960594862699509,0.0020035412162542343,0.006456434726715088,-0.006060242652893066,1.000599980354309,0.0006012916564941406,1.0971081256866455,0.0,0.0,0.0,-0.15010098600760102,-0.150100976228714,0.1568482518196106,1e-06,24.036683082580566,27.97265625,51.00102615356445,0.0,702.0,0.0,0.17916665971279144,1.0,0.0,0.17916665971279144,1.0,0.0,0.1501009613275528,2.317373037338257,-0.5058225393295288,0.1501009613275528,2.317373037338257,-0.5058225393295288,277.1875,512.0,109.0,0.0625,277.1875,512.0,109.0,0.0625,0.0,353.0,353.0,353.0,1.0,183.0126107740216,2.501500687096268,0.009726872202008963,4.495750123169273,2.1119335857219994,192.63740534894168,41.26552666832505,0.000964680373104132,0.4458742559921921,10083.0,192.63740534894168,52.34185947290841,2.0,2.0,2.0,,0.17916665971279144,0.0,1.0,1.0,True,False,False,False,True,True,True,True,True,True
703.0,12693.0,12693.0,0.0,12693.0,12693.0,12693.0,0.8518486618995667,1.0,0.05299121141433716,0.004241297021508217,0.007668042555451393,0.99969881772995,2.645977020263672,0.8730592131614685,0.0013828282244503498,0.00043177875340916216,2.641608238220215,0.8716877102851868,0.0013714544475078583,0.0015978552401065826,0.0038243532180786133,-0.0015943646430969238,1.0013734102249146,-0.001041412353515625,-0.3402978181838989,0.0,0.0,0.0,0.0,0.0,0.0,1e-06,24.036683082580566,28.052734375,51.02107238769531,0.0,703.0,0.0,0.0,0.0,0.0,0.0,0.0,0.0,0.0,0.0,0.0,0.0,0.0,0.0,230.3125,346.0,135.0,0.0625,230.3125,346.0,135.0,0.0625,0.0,563.0,563.0,563.0,1.0,71.00484782271087,2.621296002995223,0.010089884977787733,4.900509987957776,2.0712009430862963,81.11164019210264,19.268615420002952,0.0007949172754894613,0.3860797280357501,12693.0,81.11164019210264,156.4880203376265,2.0,2.0,2.0,,0.0,0.0,0.0,0.0,False,True,False,False,False,False,False,False,False,False
704.0,15905.0,15905.0,0.0,15905.0,15905.0,15905.0,0.5363046526908875,1.0,0.06168699264526367,0.003293584333732724,0.007123778108507395,0.9997029304504395,1.8114981651306152,0.5723651051521301,-0.00014378075138665736,0.00033982624881900847,1.8112938404083252,0.5723905563354492,-2.555176615715027e-05,0.001406494528055191,0.003163576126098633,-0.0038950741291046143,0.9999762773513794,0.0016536712646484375,1.0618667602539062,0.0,0.0,0.0,0.08070041239261627,0.08070041239261627,0.14692236483097076,1e-06,24.03670597076416,28.052734375,51.05099105834961,0.0,704.0,0.0,0.15833336114883423,0.2666666805744171,0.0,0.15833336114883423,0.2666666805744171,0.0,-0.08070046454668045,1.1538538932800293,-1.686402440071106,-0.08070046454668045,1.1538538932800293,-1.686402440071106,318.0625,512.0,123.0,0.125,318.0625,512.0,123.0,0.125,0.0,676.0,676.0,676.0,1.0,353.0217196899466,2.986790338996798,0.009924891870468855,5.966578774154186,2.0943599259480834,364.5844602813013,69.3695656690797,0.0006240108060653162,0.3751385585761827,15905.0,364.5844602813013,43.62500800974411,2.0,2.0,2.0,,0.15833336114883423,0.0,0.2666666805744171,0.2666666805744171,True,False,False,False,True,False,True,True,True,True
705.0,17874.0,17874.0,0.0,17874.0,17874.0,17874.0,0.8561164736747742,1.0,0.05674499273300171,0.004614284262061119,0.007980513386428356,0.9996601939201355,2.6255199909210205,0.9249446988105774,0.0004376466094981879,0.0004905116511508822,2.624967098236084,0.9245742559432983,0.0003703385591506958,0.0017726495862007141,0.003934919834136963,-0.0028468966484069824,1.0003724098205566,0.0010838508605957031,0.39538657665252686,0.0,0.0,0.0,0.0,0.0,0.0,1e-06,24.03670597076416,28.052734375,51.14295959472656,0.0,705.0,0.0,0.0,0.0,0.0,0.0,0.0,0.0,0.0,0.0,0.0,0.0,0.0,0.0,244.125,505.0,94.0,0.0625,244.125,505.0,94.0,0.0625,0.0,873.0,873.0,873.0,1.0,88.00617401301861,3.1907588923349977,0.009371991734951735,6.576870497316122,2.071629713755101,100.3647992531769,22.531022532774863,0.0005243365634414085,0.3679573960678148,17874.0,100.3647992531769,178.09032781415368,2.0,2.0,2.0,,0.0,0.0,0.0,0.0,False,True,False,False,False,False,False,False,False,False
706.0,18103.0,18103.0,0.0,18103.0,18103.0,18103.0,0.8008596301078796,1.0,0.06042897701263428,0.004304875619709492,0.007990875281393528,0.9996688961982727,2.3166749477386475,0.8099791407585144,0.0011027910513803363,0.00047131843166425824,2.3141191005706787,0.8088046908378601,0.0011745095252990723,0.0020489320158958435,0.005506038665771484,-0.0035332441329956055,1.0011779069900513,-0.0003262162208557129,0.11551320552825928,0.0,0.0,0.0,-0.03816674090921879,-0.03816673904657364,0.1599961370229721,1e-06,24.03670597076416,28.052734375,51.14662170410156,0.0,706.0,0.0,0.3125,1.0,0.0,0.3125,1.0,0.0,0.03816668689250946,1.4361376762390137,-0.652789831161499,0.03816668689250946,1.4361376762390137,-0.652789831161499,276.4375,512.0,153.0,0.0625,276.4375,512.0,153.0,0.0625,0.0,855.0,855.0,855.0,1.0,68.00499057909474,3.242391320876777,0.009458298794925213,6.690477008931339,2.088276669383049,80.53774480707943,15.375308744990898,0.0005224713470101758,0.3695783576717306,18103.0,80.53774480707943,224.77659441997076,2.0,2.0,2.0,,0.3125,0.0,1.0,1.0,True,False,False,False,True,True,True,True,True,True
707.0,14062.0,14062.0,0.0,14062.0,14062.0,14062.0,0.8767213225364685,1.0,0.056241393089294434,0.004366770852357149,0.007833190262317657,0.9996810555458069,2.4546399116516113,0.8680210113525391,0.0007648837054148316,0.00046947618830017745,2.4522411823272705,0.8672472238540649,0.000773746520280838,0.001826692372560501,0.0035773515701293945,-0.003884434700012207,1.0007760524749756,0.0003458261489868164,0.3766775131225586,0.0,0.0,0.0,0.0,0.0,0.0,1e-06,24.03670597076416,28.052734375,51.12566375732422,0.0,707.0,0.0,0.0,0.0,0.0,0.0,0.0,0.0,0.0,0.0,0.0,0.0,0.0,0.0,318.875,512.0,200.0,0.0625,318.875,512.0,200.0,0.0625,0.0,560.0,560.0,560.0,1.0,182.0114030870609,2.7767809643410146,0.009460905101150274,5.3140829731710255,2.097657381091267,192.71132757514715,35.67452040122715,0.0006727993956158636,0.3779037813377205,14062.0,192.71132757514715,72.96924460507682,2.0,2.0,2.0,,0.0,0.0,0.0,0.0,False,True,False,False,False,False,False,False,False,False
708.0,20450.0,20450.0,0.0,20450.0,20450.0,20450.0,0.898032009601593,1.0,0.05741879343986511,0.0041148606687784195,0.0074432105757296085,0.9997270107269287,2.551335573196411,0.9103861451148987,9.846169996308163e-05,0.0004679353442043066,2.5514681339263916,0.9104577302932739,-7.155165076255798e-05,0.0012967102229595184,0.0022872090339660645,-0.0054198503494262695,0.9999302625656128,0.0016741752624511719,0.5120136737823486,0.0,0.0,0.0,0.11420145444571972,0.11420145630836487,0.13190290331840515,1e-06,24.165027618408203,28.052734375,51.12082290649414,0.0,708.0,0.0,0.15416668355464935,0.5333333611488342,0.0,0.15416668355464935,0.5333333611488342,0.0,-0.11420142650604248,2.7656092643737793,-1.1244785785675049,-0.11420142650604248,2.7656092643737793,-1.1244785785675049,280.125,512.0,69.0,0.0625,280.125,512.0,69.0,0.0625,0.0,998.0,998.0,998.0,1.0,185.01310412492603,3.456030445639044,0.009896766860038042,7.357019988819957,2.0749827548861504,198.4154106369242,41.279139697663105,0.0004839494797084617,0.35975647867090255,20450.0,198.4154106369242,103.06659111988526,2.0,2.0,2.0,,0.15416668355464935,0.0,0.5333333611488342,0.5333333611488342,True,False,False,False,True,False,True,True,True,True
709.0,12842.0,12842.0,0.0,12842.0,12842.0,12842.0,0.9512261748313904,1.0,0.06124106049537659,0.004673540126532316,0.008061185479164124,0.9996718764305115,2.6795692443847656,0.9488707780838013,0.0008816254558041692,0.000577010097913444,2.677035331726074,0.9477269053459167,0.0011438094079494476,0.002142820507287979,0.00414806604385376,-0.00283205509185791,1.0011467933654785,0.0005408525466918945,-0.048586487770080566,0.0,0.0,0.0,0.0,0.0,0.0,1e-06,24.165027618408203,28.052734375,51.12510299682617,0.0,709.0,0.0,0.0,0.0,0.0,0.0,0.0,0.0,0.0,0.0,0.0,0.0,0.0,0.0,214.625,423.0,129.0,0.0625,214.625,423.0,129.0,0.0625,0.0,588.0,588.0,588.0,1.0,60.00466670515016,2.6740378220565617,0.009184378664940596,5.065095665864646,2.085799894761294,70.3417268069461,17.473694439472965,0.0007151828893428279,0.3944164200174931,12842.0,70.3417268069461,182.56589058788757,2.0,2.0,2.0,,0.0,0.0,0.0,0.0,False,True,False,False,False,False,False,False,False,False
710.0,17399.0,17399.0,0.0,17399.0,17399.0,17399.0,0.8014740943908691,1.0,0.05421757698059082,0.0044440315105021,0.00789680890738964,0.9996700882911682,2.4490580558776855,0.8674675226211548,0.0013033292489126325,0.0004626764275599271,2.4449429512023926,0.866024911403656,0.001442696899175644,0.002139795571565628,0.005595684051513672,-0.0015810728073120117,1.001446008682251,-0.0007576942443847656,-0.19879961013793945,0.0,0.0,0.0,0.0,0.0,0.0,1e-06,24.165027618408203,28.052734375,51.160160064697266,0.0,710.0,0.0,0.0,0.0,0.0,0.0,0.0,0.0,0.0,0.0,0.0,0.0,0.0,0.0,243.4375,426.0,143.0,0.0625,243.4375,426.0,143.0,0.0625,0.0,844.0,844.0,844.0,1.0,74.0053294529207,3.1136680147610605,0.01062517799437046,6.327482118271291,2.0788084836676717,86.03919536620378,19.00008458354832,0.0006106775098781804,0.363669298136174,17399.0,86.03919536620378,202.22178887128842,2.0,2.0,2.0,,0.0,0.0,0.0,0.0,False,True,False,False,False,False,False,False,False,False
711.0,17695.0,17695.0,0.0,17695.0,17695.0,17695.0,0.6874087452888489,1.0,0.06132316589355469,0.0037469903472810984,0.007432174403220415,0.9996987581253052,2.0141186714172363,0.6837859153747559,0.0005655195564031601,0.00040825153701007366,2.012871503829956,0.6831483244895935,0.000637643039226532,0.001519870012998581,0.004797220230102539,-0.003957927227020264,1.0006396770477295,0.0004984140396118164,0.06790304183959961,0.0,0.0,0.0,-0.12076057586818933,-0.12076057493686676,0.14873042702674866,1e-06,24.165027618408203,28.052734375,51.11785888671875,0.0,711.0,0.0,0.0208333358168602,0.06666667014360428,0.0,0.0208333358168602,0.06666667014360428,0.0,0.12076060473918915,1.4360957145690918,-0.6527708768844604,0.12076060473918915,1.4360957145690918,-0.6527708768844604,314.9375,512.0,139.0,0.1875,314.9375,512.0,139.0,0.1875,0.0,791.0,791.0,791.0,1.0,158.0107750510797,3.188844855874777,0.009758124127984047,6.555402652360499,2.0755315497517586,170.34390692785382,31.357565995451417,0.000551462228199155,0.3704663832924837,17695.0,170.34390692785382,103.87809179165069,2.0,2.0,2.0,,0.0208333358168602,0.0,0.06666667014360428,0.06666667014360428,True,False,False,False,True,False,True,True,True,True
712.0,15096.0,15096.0,0.0,15096.0,15096.0,15096.0,0.7492688894271851,1.0,0.06486570835113525,0.004041756968945265,0.007496108766645193,0.9997027516365051,2.218339443206787,0.7808642387390137,0.0002545007155276835,0.0004309476644266397,2.218162775039673,0.7806551456451416,0.00020907074213027954,0.0017102137207984924,0.0044057369232177734,-0.002878904342651367,1.0002110004425049,0.0012145042419433594,0.4896591901779175,0.0,0.0,0.0,0.0,0.0,0.0,1e-06,24.165027618408203,28.380859375,51.21116256713867,0.0,712.0,0.0,0.0,0.0,0.0,0.0,0.0,0.0,0.0,0.0,0.0,0.0,0.0,0.0,353.5,512.0,136.0,0.1875,353.5,512.0,136.0,0.1875,0.0,590.0,590.0,590.0,1.0,60.004363890737295,2.8950821510516107,0.009746329858899117,5.728460570797324,2.0750355538912117,71.21576277026907,10.608975228206736,0.0006456233345852621,0.37946877125048517,15096.0,71.21576277026907,211.97554323327745,2.0,2.0,2.0,,0.0,0.0,0.0,0.0,False,True,False,False,False,False,False,False,False,False
713.0,8702.0,8702.0,0.0,8702.0,8702.0,8702.0,0.740985095500946,1.0,0.08465415239334106,0.004350114613771439,0.007869662716984749,0.9996569156646729,2.2483882904052734,0.7846084237098694,0.0001509197027189657,0.00043462112080305815,2.2478747367858887,0.7843753099441528,0.00023309513926506042,0.001657593995332718,0.003164231777191162,-0.0036584138870239258,1.000234842300415,0.0014418363571166992,0.44320619106292725,0.0,0.0,0.0,-0.007772549986839294,-0.007772549986839294,0.15996180474758148,1e-06,24.165027618408203,28.380859375,51.14618682861328,0.0,713.0,0.0,0.05833333730697632,0.3333333432674408,0.0,0.05833333730697632,0.3333333432674408,0.0,0.007772505749017,2.361947774887085,-0.501019299030304,0.007772505749017,2.361947774887085,-0.501019299030304,242.875,512.0,120.0,0.0625,242.875,512.0,120.0,0.0625,0.0,301.0,301.0,301.0,1.0,772.0497319768183,2.312862851191312,0.009248376823961735,3.9725486119277775,2.1094893547706306,780.9578691702336,198.67466082779677,0.0010627874998806867,0.45650983818981583,8702.0,780.9578691702336,11.142726571467755,2.0,2.0,2.0,,0.05833333730697632,0.0,0.3333333432674408,0.3333333432674408,True,False,False,False,True,False,True,True,True,True
714.0,21047.0,21047.0,0.0,21047.0,21047.0,21047.0,0.8878607749938965,1.0,0.05415529012680054,0.004515232052654028,0.007896478287875652,0.9996874928474426,2.580111026763916,0.9361349940299988,0.0003376811509951949,0.0005632996908389032,2.5790703296661377,0.9357730150222778,0.0003620348870754242,0.001708436757326126,0.004225552082061768,-0.003019988536834717,1.0003641843795776,0.0015742778778076172,0.46241235733032227,0.0,0.0,0.0,0.0,0.0,0.0,1e-06,24.165027618408203,28.380859375,51.13837432861328,0.0,714.0,0.0,0.0,0.0,0.0,0.0,0.0,0.0,0.0,0.0,0.0,0.0,0.0,0.0,258.4375,512.0,145.0,0.0625,258.4375,512.0,145.0,0.0625,0.0,1057.0,1057.0,1057.0,1.0,85.00632922211662,3.472343434114009,0.010412979405373335,7.480602595955133,2.0883392868563533,98.57019819132984,20.557757973909702,0.0004947488670771766,0.35542369914739075,21047.0,98.57019819132984,213.52295507356786,2.0,2.0,2.0,,0.0,0.0,0.0,0.0,False,True,False,False,False,False,False,False,False,False
715.0,18798.0,18798.0,0.0,18798.0,18798.0,18798.0,0.7922889590263367,1.0,0.059462666511535645,0.004460455849766731,0.007939780130982399,0.9996636509895325,2.2987160682678223,0.8222667574882507,0.0009921630844473839,0.0004916154430247843,2.296731472015381,0.82129967212677,0.0009671133011579514,0.002386724576354027,0.00623476505279541,-0.0036499500274658203,1.0009714365005493,-2.2232532501220703e-05,0.15145063400268555,0.0,0.0,0.0,-0.052463348954916,-0.0524633526802063,0.1633644998073578,1e-06,24.165027618408203,28.380859375,51.17333221435547,0.0,715.0,0.0,0.4750000238418579,0.9333333373069763,0.0,0.4750000238418579,0.9333333373069763,0.0,0.0524633452296257,1.6395343542099,-1.6991539001464844,0.0524633452296257,1.6395343542099,-1.6991539001464844,260.875,512.0,113.0,0.0625,260.875,512.0,113.0,0.0625,0.0,914.0,914.0,914.0,1.0,84.00714249769226,3.2867469368502498,0.010292685125023127,6.875261442735791,2.0915504549629986,96.77369728591293,20.126291925656986,0.0005475415004268074,0.36574430485880366,18798.0,96.77369728591293,194.24699610744716,2.0,2.0,2.0,,0.4750000238418579,0.0,0.9333333373069763,0.9333333373069763,True,False,False,False,True,False,True,True,True,True
716.0,14562.0,14562.0,0.0,14562.0,14562.0,14562.0,0.6172248125076294,1.0,0.0586971640586853,0.003969058394432068,0.007680526003241539,0.9996585249900818,1.959289789199829,0.6480168104171753,0.0007637659437023103,0.0004102827806491405,1.957537293434143,0.6472132802009583,0.0008035227656364441,0.0012210234999656677,0.003881096839904785,-0.002116262912750244,1.0008049011230469,0.00010848045349121094,-0.17440903186798096,0.0,0.0,0.0,-0.016950739547610283,-0.01695072650909424,0.16188621520996094,1e-06,24.165027618408203,28.380859375,51.14786911010742,0.0,716.0,0.0,0.2916666567325592,1.0,0.0,0.2916666567325592,1.0,0.0,0.01695076934993267,2.206681489944458,-0.9086334109306335,0.01695076934993267,2.206681489944458,-0.9086334109306335,288.125,512.0,97.0,0.0625,288.125,512.0,97.0,0.0625,0.0,622.0,622.0,622.0,1.0,163.0130683579482,2.8756225439719856,0.009656001348048449,5.654579652938992,2.104890780057758,174.16959638288245,35.3607523553033,0.0006630958211817366,0.3883106477777085,14562.0,174.16959638288245,83.60816297689468,2.0,2.0,2.0,,0.2916666567325592,0.0,1.0,1.0,True,False,False,False,True,True,True,True,True,True
717.0,24740.0,24740.0,0.0,24740.0,24740.0,24740.0,1.015488624572754,1.0,0.059058696031570435,0.004177086986601353,0.007384711876511574,0.999737024307251,3.0067455768585205,1.0736985206604004,-0.00012943673937115818,0.0005105470190756023,3.008090019226074,1.0739375352859497,-0.00023905187845230103,0.001976296305656433,0.0040149688720703125,-0.005234718322753906,0.9997640252113342,0.0023069381713867188,0.9455029964447021,0.0,0.0,0.0,0.0,0.0,0.0,1e-06,24.165027618408203,28.380859375,51.18804168701172,0.0,717.0,0.0,0.0,0.0,0.0,0.0,0.0,0.0,0.0,0.0,0.0,0.0,0.0,0.0,271.25,512.0,121.0,0.0625,271.25,512.0,121.0,0.0625,0.0,1275.0,1275.0,1275.0,1.0,113.00824288791046,3.8576089572161436,0.009523753076791763,8.91552357422188,2.151399069931358,128.4455446419306,26.03876564237568,0.0003849536409374197,0.3603687782628084,24740.0,128.4455446419306,192.61080692964504,2.0,2.0,2.0,,0.0,0.0,0.0,0.0,False,True,False,False,False,False,False,False,False,False
718.0,13726.0,13726.0,0.0,13726.0,13726.0,13726.0,0.7617403268814087,1.0,0.062140434980392456,0.004062032792717218,0.007430247031152248,0.9997026920318604,2.216629981994629,0.7659925818443298,0.0005165708716958761,0.0004323558241594583,2.2164015769958496,0.7660390138626099,-4.6430155634880066e-05,0.002361154183745384,0.0061757564544677734,-0.007774531841278076,0.9999585747718811,0.0006927251815795898,0.22434139251708984,0.0,0.0,0.0,0.0,0.0,0.0,1e-06,24.165027618408203,28.380859375,51.17546081542969,0.0,718.0,0.0,0.0,0.0,0.0,0.0,0.0,0.0,0.0,0.0,0.0,0.0,0.0,0.0,217.875,473.0,84.0,0.0625,217.875,473.0,84.0,0.0625,0.0,640.0,640.0,640.0,1.0,63.00469604693353,2.746140359900892,0.00953846238553524,5.2375787971541286,2.1001908369362354,73.6098905922845,18.07363627278644,0.0006949193053719394,0.38158085364666533,13726.0,73.6098905922845,186.4695068768205,2.0,2.0,2.0,,0.0,0.0,0.0,0.0,False,True,False,False,False,False,False,False,False,False
719.0,10704.0,10704.0,0.0,10704.0,10704.0,10704.0,0.7417371869087219,1.0,0.06042158603668213,0.004426143132150173,0.008116576820611954,0.9996405243873596,2.1340670585632324,0.7440289258956909,0.000985852675512433,0.00045325455721467733,2.132080554962158,0.7431687116622925,0.000860169529914856,0.001942664384841919,0.0069258809089660645,-0.0036887526512145996,1.0008636713027954,-0.00016415119171142578,0.011310577392578125,0.0,0.0,0.0,0.0,0.0,0.0,1e-06,24.165027618408203,28.380859375,51.24409866333008,0.0,719.0,0.0,0.0,0.0,0.0,0.0,0.0,0.0,0.0,0.0,0.0,0.0,0.0,0.0,207.0,451.0,90.0,0.0625,207.0,451.0,90.0,0.0625,0.0,462.0,462.0,462.0,1.0,54.00408794917166,2.483173542190343,0.010347854346036911,4.4661655318923295,2.115021918900311,63.582896477077156,16.305582110257145,0.0009667277976491883,0.4172426692724523,10704.0,63.582896477077156,168.34715926882942,2.0,2.0,2.0,,0.0,0.0,0.0,0.0,False,True,False,False,False,False,False,False,False,False
720.0,10293.0,10293.0,0.0,10293.0,10293.0,10293.0,0.7953584790229797,1.0,0.06201949715614319,0.003964634612202644,0.007505558431148529,0.9997116923332214,2.322047472000122,0.8217601776123047,0.0004971310263499618,0.00041985587449744344,2.3197052478790283,0.8209810256958008,0.0007791593670845032,0.0016667023301124573,0.004643678665161133,-0.002804696559906006,1.0007816553115845,0.0006772279739379883,0.1896655559539795,0.0,0.0,0.0,-0.15888095647096634,-0.15888094902038574,0.20507587492465973,1e-06,24.165027618408203,28.380859375,51.16442108154297,0.0,720.0,0.0,0.05833333358168602,0.8666666746139526,0.0,0.05833333358168602,0.8666666746139526,0.0,0.15888097882270813,3.738872766494751,-0.2698155641555786,0.15888097882270813,3.738872766494751,-0.2698155641555786,238.3125,387.0,117.0,0.0625,238.3125,387.0,117.0,0.0625,0.0,405.0,405.0,405.0,1.0,61.004605344031006,2.436569700948894,0.009409639984369278,4.3097913530655205,2.073018776252866,70.33522092597559,15.999109715193025,0.0009141785664402291,0.4187109057675625,10293.0,70.33522092597559,146.34204406399581,2.0,2.0,2.0,,0.05833333358168602,0.0,0.8666666746139526,0.8666666746139526,True,False,False,False,True,False,True,True,True,True
721.0,17891.0,17891.0,0.0,17891.0,17891.0,17891.0,0.8567435145378113,1.0,0.05757594108581543,0.004118291195482016,0.00749904103577137,0.9997173547744751,2.5338687896728516,0.9017229676246643,0.0005425761337392032,0.0004787611833307892,2.5320310592651367,0.9010111689567566,0.0007118582725524902,0.0019837841391563416,0.004299759864807129,-0.0035004615783691406,1.0007145404815674,0.000835418701171875,0.3250734806060791,0.0,0.0,0.0,0.0,0.0,0.0,1e-06,24.165027618408203,28.380859375,51.18678665161133,0.0,721.0,0.0,0.0,0.0,0.0,0.0,0.0,0.0,0.0,0.0,0.0,0.0,0.0,0.0,273.1875,512.0,95.0,0.0625,273.1875,512.0,95.0,0.0625,0.0,845.0,845.0,845.0,1.0,855.0576444342732,3.1864721942692995,0.009285810869187117,6.5689679477363825,2.1129121868871152,867.4488022960722,195.62060041964614,0.0005190213442058642,0.36716605822683934,17891.0,867.4488022960722,20.624848351446055,2.0,2.0,2.0,,0.0,0.0,0.0,0.0,False,True,False,False,False,False,False,False,False,False
722.0,6721.0,6721.0,0.0,6721.0,6721.0,6721.0,0.5755108594894409,1.0,0.04153558611869812,0.0034694320056587458,0.007129650097340345,0.999705970287323,2.047079563140869,0.6520577073097229,0.0010891881538555026,0.0003466974594630301,2.0452206134796143,0.6510053277015686,0.0010523796081542969,0.0015606917440891266,0.00341951847076416,-0.002815723419189453,1.001054048538208,-0.0008013248443603516,-0.21349811553955078,0.0,0.0,0.0,0.0,0.0,0.0,1e-06,24.165027618408203,28.380859375,51.24056625366211,0.0,722.0,0.0,1.0,1.0,1.0,1.0,1.0,1.0,0.0,0.0,0.0,0.0,0.0,0.0,166.0625,230.0,99.0,0.0625,166.0625,230.0,99.0,0.0625,0.0,254.0,254.0,254.0,1.0,35.00286058196798,2.0180726340040565,0.010011655744165182,3.132540342397988,2.097386585082859,42.763949397951365,13.17382784417312,0.001489608055968633,0.4660824791545883,6721.0,42.763949397951365,157.16509103160556,2.0,2.0,2.0,,1.0,1.0,1.0,0.0,False,False,True,False,True,True,False,False,False,False
723.0,20813.0,20813.0,0.0,20813.0,20813.0,20813.0,0.8733604550361633,1.0,0.05347245931625366,0.0045221964828670025,0.007838998921215534,0.9996719360351562,2.4818215370178223,0.8852909207344055,0.0002950600755866617,0.0005217046709731221,2.481313705444336,0.8850088119506836,0.00028218701481819153,0.0013833679258823395,0.006798446178436279,-0.0032979846000671387,1.0002844333648682,0.0014951229095458984,0.23635458946228027,0.0,0.0,0.0,0.033840361982584,0.033840361982584,0.16192840039730072,1e-06,24.165027618408203,28.380859375,51.22846603393555,0.0,723.0,0.0,0.01666666753590107,0.06666667014360428,0.0,0.01666666753590107,0.06666667014360428,0.0,-0.033840328454971313,1.676994800567627,-0.5589982271194458,-0.033840328454971313,1.676994800567627,-0.5589982271194458,248.8125,512.0,124.0,0.0625,248.8125,512.0,124.0,0.0625,0.0,1052.0,1052.0,1052.0,1.0,91.00685035111383,3.4533797120675445,0.009448246099054813,7.38733880687505,2.0965223419480026,104.45791329909116,22.860299008066775,0.00045395887661821044,0.35493868288449765,20813.0,104.45791329909116,199.24770984469862,2.0,2.0,2.0,,0.01666666753590107,0.0,0.06666667014360428,0.06666667014360428,True,False,False,False,True,False,True,True,True,True
724.0,14371.0,14371.0,0.0,14371.0,14371.0,14371.0,0.7495033144950867,1.0,0.05443757772445679,0.004250044003129005,0.007668379228562117,0.999680757522583,2.1891486644744873,0.7717378735542297,0.0006108550005592406,0.000488990917801857,2.1883296966552734,0.7713666558265686,0.00037117302417755127,0.0017907172441482544,0.00418698787689209,-0.002582073211669922,1.0003734827041626,0.0007349252700805664,0.20526254177093506,0.0,0.0,0.0,0.07757719280198216,0.07757719606161118,0.17279712855815887,1e-06,24.165027618408203,28.380859375,51.18827438354492,0.0,724.0,0.0,0.38749998807907104,1.0,0.0,0.38749998807907104,1.0,0.0,-0.07757720351219177,1.267238736152649,-0.8017224669456482,-0.07757720351219177,1.267238736152649,-0.8017224669456482,243.1875,416.0,161.0,0.0625,243.1875,416.0,161.0,0.0625,0.0,655.0,655.0,655.0,1.0,52.003645207732916,2.7996961371973157,0.009310177061706781,5.408127685077488,2.086301173083484,62.8099945592694,13.365110564824702,0.0006478447610957332,0.3763222938610736,14371.0,62.8099945592694,228.80116613350592,2.0,2.0,2.0,,0.38749998807907104,0.0,1.0,1.0,True,False,False,False,True,True,True,True,True,True
725.0,12084.0,12084.0,0.0,12084.0,12084.0,12084.0,0.6454715132713318,1.0,0.06215935945510864,0.003944577649235725,0.007499219384044409,0.9996707439422607,1.9205132722854614,0.639557957649231,0.0006249092984944582,0.0003795457596424967,1.9197183847427368,0.6390781998634338,0.00047975778579711914,0.0014615952968597412,0.0038860440254211426,-0.003683030605316162,1.0004816055297852,0.0002675056457519531,-0.03566402196884155,0.0,0.0,0.0,0.07662197388708591,0.07662197947502136,0.1277603805065155,1e-06,24.165027618408203,28.380859375,51.30381774902344,0.0,725.0,0.0,0.15833333134651184,1.0,0.0,0.15833333134651184,1.0,0.0,-0.07662202417850494,2.5224711894989014,-0.47452425956726074,-0.07662202417850494,2.5224711894989014,-0.47452425956726074,272.25,454.0,138.0,0.0625,272.25,454.0,138.0,0.0625,0.0,483.0,483.0,483.0,1.0,63.00495169404894,2.6544829956255853,0.009473132900893688,4.908126568887383,2.24788781022653,73.32728994917125,14.46394666989186,0.0007839401606168229,0.406167375776844,12084.0,73.32728994917125,164.7953989350533,2.0,2.0,2.0,,0.15833333134651184,0.0,1.0,1.0,True,False,False,False,True,True,True,True,True,True
726.0,11518.0,11518.0,0.0,11518.0,11518.0,11518.0,0.79323410987854,1.0,0.06163138151168823,0.004265780095010996,0.007739722728729248,0.9996848702430725,2.3266944885253906,0.8183279037475586,0.0006264880648814142,0.0004933059099130332,2.3260648250579834,0.8176685571670532,0.0006593428552150726,0.001832772046327591,0.004293352365493774,-0.006014108657836914,1.0006623268127441,0.0007232427597045898,0.07395327091217041,0.0,0.0,0.0,-0.07616806030273438,-0.07616806030273438,0.18106119334697723,1e-06,24.165027618408203,28.380859375,51.24946212768555,0.0,726.0,0.0,0.04583333432674408,0.2666666805744171,0.0,0.04583333432674408,0.2666666805744171,0.0,0.07616810500621796,2.4492011070251465,-0.5083247423171997,0.07616810500621796,2.4492011070251465,-0.5083247423171997,239.875,462.0,122.0,0.0625,239.875,462.0,122.0,0.0625,0.0,480.0,480.0,480.0,1.0,60.00412818789482,2.572132117114961,0.009391419123858213,4.731256497092545,2.111097240820527,69.93474659416825,15.634217870738619,0.0008153689116042901,0.4107706630571753,11518.0,69.93474659416825,164.69638571565895,2.0,2.0,2.0,,0.04583333432674408,0.0,0.2666666805744171,0.2666666805744171,True,False,False,False,True,False,True,True,True,True
727.0,14669.0,14669.0,0.0,14669.0,14669.0,14669.0,0.9029261469841003,1.0,0.07920381426811218,0.0039246161468327045,0.007511786185204983,0.9997291564941406,3.227649688720703,0.9846538305282593,0.0006071224925108254,0.0004238091642037034,3.2246620655059814,0.9839267730712891,0.0007270080968737602,0.0017387298867106438,0.004370629787445068,-0.004549980163574219,1.0007293224334717,0.00048041343688964844,0.323436975479126,0.0,0.0,0.0,0.0,0.0,0.0,1e-06,24.165027618408203,28.380859375,51.34855651855469,0.0,727.0,0.0,0.0,0.0,0.0,0.0,0.0,0.0,0.0,0.0,0.0,0.0,0.0,0.0,292.8125,512.0,151.0,0.125,292.8125,512.0,151.0,0.125,0.0,624.0,624.0,624.0,1.0,85.00652492698282,2.8880005083046854,0.009761125314980745,5.6559620960615575,2.187388519756496,96.2493734806776,18.14440233233358,0.0006654254083428145,0.3855724382072096,14669.0,96.2493734806776,152.40618686151606,2.0,2.0,2.0,,0.0,0.0,0.0,0.0,False,True,False,False,False,False,False,False,False,False
728.0,15060.0,15060.0,0.0,15060.0,15060.0,15060.0,0.6510718464851379,1.0,0.05715745687484741,0.003907780162990093,0.007638880982995033,0.9996727108955383,1.9673497676849365,0.6527715921401978,0.0003646084514912218,0.00040224011172540486,1.966729998588562,0.6524976491928101,0.00027389824390411377,0.001555856317281723,0.003953278064727783,-0.0034456253051757812,1.0002758502960205,0.0008844137191772461,0.11155581474304199,0.0,0.0,0.0,-0.044544546864926815,-0.04454454779624939,0.14421261847019196,1e-06,24.165027618408203,28.380859375,51.31174087524414,0.0,728.0,0.0,0.7958333492279053,1.0,0.0,0.7958333492279053,1.0,0.0,0.04454459995031357,0.7205855846405029,-2.8088135719299316,0.04454459995031357,0.7205855846405029,-2.8088135719299316,258.25,475.0,132.0,0.0625,258.25,475.0,132.0,0.0625,0.0,683.0,683.0,683.0,1.0,61.00422703893855,2.8996693496592343,0.010245725978165865,5.70718997484073,2.082929081749171,72.20371595816687,14.763849719007395,0.0006803270901836563,0.37896347774506844,15060.0,72.20371595816687,208.57652269206488,2.0,2.0,2.0,,0.7958333492279053,0.0,1.0,1.0,True,False,False,False,True,True,True,True,True,True
729.0,12844.0,12844.0,0.0,12844.0,12844.0,12844.0,0.7667274475097656,1.0,0.06236138939857483,0.0043334984220564365,0.007876669988036156,0.9996633529663086,2.2838876247406006,0.8101436495780945,0.0005657349829562008,0.0004601936088874936,2.2821149826049805,0.8094191551208496,0.000724542886018753,0.0015251673758029938,0.004402756690979004,-0.003406822681427002,1.000726342201233,0.0007077455520629883,0.05043435096740723,0.0,0.0,0.0,0.07879550009965897,0.07879549264907837,0.17470292747020721,1e-06,24.165027618408203,28.380859375,51.28840255737305,0.0,729.0,0.0,0.3375000059604645,1.0,0.0,0.3375000059604645,1.0,0.0,-0.07879551500082016,2.649989366531372,-1.3499945402145386,-0.07879551500082016,2.649989366531372,-1.3499945402145386,238.75,512.0,116.0,0.0625,238.75,512.0,116.0,0.0625,0.0,564.0,564.0,564.0,1.0,64.00468492833897,2.7071927557699382,0.010456261690706015,5.125619856175035,2.1024796408601105,74.45136636914685,16.755153122601826,0.0008140969861963574,0.3990672575657922,12844.0,74.45136636914685,172.51530262475666,2.0,2.0,2.0,,0.3375000059604645,0.0,1.0,1.0,True,False,False,False,True,True,True,True,True,True
730.0,13721.0,13721.0,0.0,13721.0,13721.0,13721.0,0.6159226298332214,1.0,0.05694904923439026,0.004389186855405569,0.00817077700048685,0.9995831251144409,1.8208978176116943,0.5960406064987183,0.0004561373498290777,0.0004201053234282881,1.819979190826416,0.5955288410186768,0.0005117319524288177,0.0014965645968914032,0.0023421049118041992,-0.004060268402099609,1.0005131959915161,0.0007679462432861328,0.30117809772491455,0.0,0.0,0.0,0.027129411697387695,0.027129411697387695,0.15032009780406952,1e-06,24.165027618408203,28.380859375,52.357967376708984,0.0,730.0,0.0,0.34583336114883423,1.0,0.0,0.34583336114883423,1.0,0.0,-0.02712938003242016,1.7231004238128662,-0.910938560962677,-0.02712938003242016,1.7231004238128662,-0.910938560962677,274.5625,512.0,85.0,0.0625,274.5625,512.0,85.0,0.0625,0.0,583.0,583.0,583.0,1.0,56.00450022285804,2.8116063619963825,0.01035745581611991,5.396386059001088,2.093667695764452,66.81931849569082,12.748577332769871,0.0007548615856074564,0.3932939333139777,13721.0,66.81931849569082,205.3448060965313,2.0,2.0,2.0,,0.34583336114883423,0.0,1.0,1.0,True,False,False,False,True,True,True,True,True,True
731.0,14907.0,14907.0,0.0,14907.0,14907.0,14907.0,0.689285159111023,1.0,0.05796957015991211,0.0042047565802931786,0.007633111905306578,0.9996675848960876,2.0120604038238525,0.6937745809555054,-0.00016737711848691106,0.0004095395270269364,2.0121395587921143,0.6938319802284241,-5.742162466049194e-05,0.0009664446115493774,0.0029733777046203613,-0.001664280891418457,0.9999433755874634,0.001978635787963867,0.5171644687652588,0.0,0.0,0.0,0.0009149797260761261,0.0009149797260761261,0.12400063872337341,1e-06,24.165027618408203,28.380859375,51.181575775146484,0.0,731.0,0.0,0.0833333358168602,1.0,0.0,0.0833333358168602,1.0,0.0,-0.0009149617399089038,3.5502209663391113,-0.3227473497390747,-0.0009149617399089038,3.5502209663391113,-0.3227473497390747,330.6875,512.0,186.0,0.125,330.6875,512.0,186.0,0.125,0.0,601.0,601.0,601.0,1.0,154.01208655675873,2.901549286209047,0.009820647072046995,5.717491925694048,2.0866155247204006,165.2289067399688,29.108313467540867,0.0006587943296469441,0.3835441018108304,14907.0,165.2289067399688,90.22029071135894,2.0,2.0,2.0,,0.0833333358168602,0.0,1.0,1.0,True,False,False,False,True,True,True,True,True,True
732.0,10511.0,10511.0,0.0,10511.0,10511.0,10511.0,0.5849726796150208,1.0,0.057459890842437744,0.0038457035552710295,0.007650339510291815,0.9996535778045654,1.8306834697723389,0.5943320989608765,0.00038219348061829805,0.00037344370502978563,1.8296570777893066,0.5938271284103394,0.0005049761384725571,0.001058662310242653,0.0035706758499145508,-0.0015197694301605225,1.000506043434143,0.0007303953170776367,0.01639091968536377,0.0,0.0,0.0,-0.11396675650030375,-0.11396675556898117,0.15945680439472198,1e-06,24.165027618408203,28.380859375,51.22019958496094,0.0,732.0,0.0,0.29999998211860657,1.0,0.0,0.29999998211860657,1.0,0.0,0.11396672576665878,1.6742022037506104,-0.7175151109695435,0.11396672576665878,1.6742022037506104,-0.7175151109695435,254.9375,456.0,114.0,0.0625,254.9375,456.0,114.0,0.0625,0.0,402.0,402.0,402.0,1.0,51.00443460419774,2.441768903285265,0.010495675727725029,4.346935322042555,2.1100290548056364,60.420047520659864,12.504151655846467,0.0009985420728498744,0.4135605862470321,10511.0,60.420047520659864,173.965437488375,2.0,2.0,2.0,,0.29999998211860657,0.0,1.0,1.0,True,False,False,False,True,True,True,True,True,True
733.0,11892.0,11892.0,0.0,11892.0,11892.0,11892.0,0.5267233848571777,1.0,0.06137204170227051,0.003807729808613658,0.007536761462688446,0.999650776386261,1.8026659488677979,0.5809798240661621,0.00020092124759685248,0.00042271128040738404,1.8026652336120605,0.5808528661727905,0.00012694112956523895,0.0017410200089216232,0.004677236080169678,-0.004220485687255859,1.0001294612884521,0.0012896060943603516,0.3344770669937134,0.0,0.0,0.0,-0.036851128563284874,-0.03685113042593002,0.1572485864162445,1e-06,24.165027618408203,28.380859375,51.20505905151367,0.0,733.0,0.0,0.9541667103767395,1.0,0.7333333492279053,0.9541667103767395,1.0,0.7333333492279053,0.036851078271865845,0.46046504378318787,-2.21860671043396,0.036851078271865845,0.46046504378318787,-2.21860671043396,263.25,512.0,143.0,0.0625,263.25,512.0,143.0,0.0625,0.0,480.0,480.0,480.0,1.0,59.004758439958096,2.6180929779075086,0.009362705983221531,4.843850334174931,2.1027194731868804,69.08117560623214,14.008727075013793,0.0007873113003045351,0.40732007519129926,11892.0,69.08117560623214,172.14530435592596,2.0,2.0,2.0,,0.9541667103767395,0.7333333492279053,1.0,0.2666666507720947,True,False,False,False,True,True,True,True,True,True
734.0,17310.0,17310.0,0.0,17310.0,17310.0,17310.0,0.6508442759513855,1.0,0.0624118447303772,0.004234614782035351,0.008113163523375988,0.9996258616447449,2.0868635177612305,0.6957039833068848,0.000525567913427949,0.00042856510845012963,2.086843252182007,0.6953975558280945,0.0003064330667257309,0.0018286686390638351,0.0045855045318603516,-0.003627300262451172,1.0003087520599365,0.0006618499755859375,0.25091278553009033,0.0,0.0,0.0,0.006665126420557499,0.006665118038654327,0.15727953612804413,1e-06,24.165027618408203,28.380859375,51.176692962646484,0.0,734.0,0.0,0.2958333492279053,1.0,0.0,0.2958333492279053,1.0,0.0,-0.006665142718702555,1.5529274940490723,-0.6524133682250977,-0.006665142718702555,1.5529274940490723,-0.6524133682250977,264.875,446.0,120.0,0.0625,264.875,446.0,120.0,0.0625,0.0,817.0,817.0,817.0,1.0,71.00543723721057,3.0968798799440265,0.009817380923777819,6.244815007317811,2.2830160376615822,83.14368018507957,16.75446843728423,0.0005671508332627278,0.3607634319652115,17310.0,83.14368018507957,208.19381535033784,2.0,2.0,2.0,,0.2958333492279053,0.0,1.0,1.0,True,False,False,False,True,True,True,True,True,True
735.0,14286.0,14286.0,0.0,14286.0,14286.0,14286.0,0.736788809299469,1.0,0.09449133276939392,0.004361087456345558,0.008220900781452656,0.9996358752250671,2.23006534576416,0.7748972177505493,0.0004590717435348779,0.0004543925169855356,2.229825973510742,0.7746426463127136,0.00025454722344875336,0.0015219394117593765,0.004869401454925537,-0.00251924991607666,1.0002566576004028,0.0009003877639770508,0.10029590129852295,0.0,0.0,0.0,-0.05278415698558092,-0.052784159779548645,0.1715165227651596,1e-06,24.165027618408203,28.380859375,51.189273834228516,0.0,735.0,0.0,0.32083335518836975,1.0,0.0,0.32083335518836975,1.0,0.0,0.052784133702516556,1.5639914274215698,-0.7388180494308472,0.052784133702516556,1.5639914274215698,-0.7388180494308472,261.875,512.0,94.0,0.0625,261.875,512.0,94.0,0.0625,0.0,631.0,631.0,631.0,1.0,61.0047644819133,2.860818048939109,0.010551671031862497,5.589137176051736,2.0892700869590044,72.0545433787629,14.559609661554486,0.000738602200186371,0.39123177768806777,14286.0,72.0545433787629,198.26647051115177,2.0,2.0,2.0,,0.32083335518836975,0.0,1.0,1.0,True,False,False,False,True,True,True,True,True,True
736.0,11431.0,11431.0,0.0,11431.0,11431.0,11431.0,0.6976286172866821,1.0,0.08961910009384155,0.00411777151748538,0.00772914057597518,0.9996721744537354,2.168515920639038,0.7514073848724365,0.000641091144643724,0.00045703526120632887,2.1672873497009277,0.7508090734481812,0.0005983728915452957,0.0011169034987688065,0.004788398742675781,-0.0014572739601135254,1.0005996227264404,0.00054168701171875,-0.02049154043197632,0.0,0.0,0.0,0.0841834768652916,0.0841834768652916,0.1558583825826645,1e-06,24.165027618408203,28.380859375,51.190067291259766,0.0,736.0,0.0,0.23333334922790527,0.800000011920929,0.0,0.23333334922790527,0.800000011920929,0.0,-0.0841834619641304,1.6419134140014648,-0.6760820150375366,-0.0841834619641304,1.6419134140014648,-0.6760820150375366,242.4375,480.0,93.0,0.0625,242.4375,480.0,93.0,0.0625,0.0,472.0,472.0,472.0,1.0,58.00534650683403,2.547791702207178,0.010497460141777992,4.646539233159274,2.098848121240735,67.8105557016097,14.95368561661099,0.0009183326167245204,0.40648580466794454,11431.0,67.8105557016097,168.5725751946411,2.0,2.0,2.0,,0.23333334922790527,0.0,0.800000011920929,0.800000011920929,True,False,False,False,True,False,True,True,True,True
737.0,12967.0,12967.0,0.0,12967.0,12967.0,12967.0,0.8094233274459839,1.0,0.06216788291931152,0.00406371196731925,0.007776185870170593,0.999694287776947,3.1182987689971924,0.938890814781189,8.635685662738979e-05,0.0004119416407775134,3.116089344024658,0.9384426474571228,0.0004481356590986252,0.0014054793864488602,0.003477752208709717,-0.0019249320030212402,1.0004496574401855,0.0014774799346923828,0.42129647731781006,0.0,0.0,0.0,0.0,0.0,0.0,1e-06,24.165027618408203,28.380859375,51.182647705078125,0.0,737.0,0.0,0.0,0.0,0.0,0.0,0.0,0.0,0.0,0.0,0.0,0.0,0.0,0.0,287.4375,512.0,149.0,0.125,287.4375,512.0,149.0,0.125,0.0,523.0,523.0,523.0,1.0,80.00612518005073,2.7581984060816467,0.009671466890722513,5.291065908037126,2.282692776992917,90.85074957134202,17.396417738649866,0.000745852308993793,0.40804086589320016,12967.0,90.85074957134202,142.72859674996357,2.0,2.0,2.0,,0.0,0.0,0.0,0.0,False,True,False,False,False,False,False,False,False,False
738.0,27854.0,27854.0,0.0,27854.0,27854.0,27854.0,0.8027611374855042,1.0,0.06006497144699097,0.004241839051246643,0.007889979518949986,0.9996764063835144,2.29779314994812,0.8136316537857056,0.0005465081194415689,0.0004739266587421298,2.295567750930786,0.8127050399780273,0.0009266659617424011,0.001956552267074585,0.005875945091247559,-0.002178668975830078,1.0009297132492065,0.0007965564727783203,0.33417797088623047,0.0,0.0,0.0,0.0,0.0,0.0,1e-06,24.165027618408203,28.380859375,51.414615631103516,0.0,738.0,0.0,0.0,0.0,0.0,0.0,0.0,0.0,0.0,0.0,0.0,0.0,0.0,0.0,331.875,512.0,177.0,0.125,331.875,512.0,177.0,0.125,0.0,1409.0,1409.0,1409.0,1.0,453.0337725658901,4.176096030976623,0.009816139005124569,9.833346466999501,2.123056701850146,469.6865083388984,85.31709464517705,0.00035241398022275327,0.35303175367988443,27854.0,469.6865083388984,59.30338535485924,2.0,2.0,2.0,,0.0,0.0,0.0,0.0,False,True,False,False,False,False,False,False,False,False
739.0,21575.0,21575.0,0.0,21575.0,21575.0,21575.0,0.5919269323348999,1.0,0.06145429611206055,0.003968699835240841,0.0077149756252765656,0.9996352791786194,1.8441029787063599,0.5972428321838379,0.00023366192181129009,0.0003733431512955576,1.844522476196289,0.597346305847168,-0.00010345503687858582,0.0012414194643497467,0.003274857997894287,-0.0026189088821411133,0.9998977184295654,0.0010274648666381836,0.10978150367736816,0.0,0.0,0.0,-0.1013139858841896,-0.1013139933347702,0.14788684248924255,1e-06,24.165027618408203,28.380859375,51.34714889526367,0.0,739.0,0.0,0.05833333730697632,0.5333333611488342,0.0,0.05833333730697632,0.5333333611488342,0.0,0.10131390392780304,3.30411696434021,-0.4057687520980835,0.10131390392780304,3.30411696434021,-0.4057687520980835,261.4375,512.0,106.0,0.125,261.4375,512.0,106.0,0.125,0.0,1087.0,1087.0,1087.0,1.0,74.00543228210881,3.5465929112397134,0.01015643822029233,7.739448007196188,2.2134426557458937,88.02147836098447,17.691951298615542,0.00047075032307264565,0.3587229667298349,21575.0,88.02147836098447,245.1106298342192,2.0,2.0,2.0,,0.05833333730697632,0.0,0.5333333611488342,0.5333333611488342,True,False,False,False,True,False,True,True,True,True
740.0,15784.0,15784.0,0.0,15784.0,15784.0,15784.0,0.6586010456085205,1.0,0.061408162117004395,0.0041411323472857475,0.007858467288315296,0.9996424913406372,1.959459662437439,0.6569235324859619,0.0005208521615713835,0.00040984517545439303,1.958465337753296,0.6563029289245605,0.000620529055595398,0.0012380219995975494,0.0035862326622009277,-0.002287566661834717,1.0006219148635864,0.0005962848663330078,0.3968806266784668,0.0,0.0,0.0,-0.049570416333153844,-0.04957042634487152,0.13855965435504913,1e-06,24.165027618408203,28.380859375,51.317012786865234,0.0,740.0,0.0,0.25,0.6666666865348816,0.0,0.25,0.6666666865348816,0.0,0.049570340663194656,1.342711091041565,-0.805626630783081,0.049570340663194656,1.342711091041565,-0.805626630783081,311.5,512.0,105.0,0.125,311.5,512.0,105.0,0.125,0.0,675.0,675.0,675.0,1.0,133.00976350996643,3.008442271966487,0.00923004699870944,6.056720301974565,2.0817982903681695,144.6737045450136,26.687352229126493,0.0005847723643379016,0.383725310566052,15784.0,144.6737045450136,109.10068315205812,2.0,2.0,2.0,,0.25,0.0,0.6666666865348816,0.6666666865348816,True,False,False,False,True,False,True,True,True,True
741.0,12417.0,12417.0,0.0,12417.0,12417.0,12417.0,0.6355623602867126,1.0,0.055210381746292114,0.004109028726816177,0.007744023110717535,0.999652087688446,1.944416880607605,0.6464182138442993,3.7768679703731323e-06,0.0003754648787435144,1.9445821046829224,0.6465475559234619,-0.00012939982116222382,0.001483393833041191,0.005354762077331543,-0.00352439284324646,0.9998726844787598,0.0014940500259399414,0.17589569091796875,0.0,0.0,0.0,0.0869508907198906,0.0869508907198906,0.1740967482328415,1e-06,24.165027618408203,28.380859375,51.346492767333984,0.0,741.0,0.0,0.14166666567325592,1.0,0.0,0.14166666567325592,1.0,0.0,-0.08695090562105179,2.5129354000091553,-0.41475632786750793,-0.08695090562105179,2.5129354000091553,-0.41475632786750793,193.0625,507.0,87.0,0.0625,193.0625,507.0,87.0,0.0625,0.0,583.0,583.0,583.0,1.0,43.003591740038246,2.691314024850726,0.01011286722496152,5.123710566200316,2.098657973110676,53.42826044326648,13.921525328597683,0.0008144372412790142,0.4126367533381909,12417.0,53.42826044326648,232.40509604809534,2.0,2.0,2.0,,0.14166666567325592,0.0,1.0,1.0,True,False,False,False,True,True,True,True,True,True
742.0,17898.0,17898.0,0.0,17898.0,17898.0,17898.0,0.7717918753623962,1.0,0.05635803937911987,0.003782820189371705,0.0071806395426392555,0.9997400641441345,2.2983503341674805,0.8097388744354248,0.0008824282558634877,0.00045699981274083257,2.296363592147827,0.809036910533905,0.0007019899785518646,0.0015663765370845795,0.0038269758224487305,-0.0026602745056152344,1.000704050064087,6.16312026977539e-05,-0.020207345485687256,0.0,0.0,0.0,-0.020707860589027405,-0.020707860589027405,0.14984139800071716,1e-06,24.165027618408203,28.380859375,51.32237243652344,0.0,742.0,0.0,0.008333333767950535,0.13333334028720856,0.0,0.008333333767950535,0.13333334028720856,0.0,0.02070777490735054,3.749887466430664,-0.2499925196170807,0.02070777490735054,3.749887466430664,-0.2499925196170807,354.625,512.0,126.0,0.25,354.625,512.0,126.0,0.25,0.0,764.0,764.0,764.0,1.0,66.00551567273214,3.216662595048547,0.00988055020570755,6.591339733917266,2.0886433823034167,78.41426944406703,11.632977735765271,0.0005520477263217986,0.36827241780742354,17898.0,78.41426944406703,228.2492730837295,2.0,2.0,2.0,,0.008333333767950535,0.0,0.13333334028720856,0.13333334028720856,True,False,False,False,True,False,True,True,True,True
743.0,22573.0,22573.0,0.0,22573.0,22573.0,22573.0,0.7167761325836182,1.0,0.05868113040924072,0.004486533347517252,0.008149455301463604,0.999629020690918,2.0925397872924805,0.7238579988479614,-5.374477768782526e-05,0.0004715831018984318,2.0926830768585205,0.7239284515380859,-7.04936683177948e-05,0.0009759478271007538,0.002373218536376953,-0.0018500089645385742,0.9999302625656128,0.002000093460083008,0.34947407245635986,0.0,0.0,0.0,0.0,0.0,0.0,1e-06,24.165027618408203,28.380859375,51.37234115600586,0.0,743.0,0.0,0.0,0.0,0.0,0.0,0.0,0.0,0.0,0.0,0.0,0.0,0.0,0.0,287.8125,415.0,164.0,0.0625,287.8125,415.0,164.0,0.0625,0.0,1123.0,1123.0,1123.0,1.0,90.00655958801508,3.588845416903496,0.009365702047944069,7.835483161266893,2.169648938346654,104.11174588184804,19.545398390448444,0.000414907280731142,0.3471174926357548,22573.0,104.11174588184804,216.81511349946175,2.0,2.0,2.0,,0.0,0.0,0.0,0.0,False,True,False,False,False,False,False,False,False,False
744.0,7803.0,7803.0,0.0,7803.0,7803.0,7803.0,0.7939873337745667,1.0,0.06011652946472168,0.004299018066376448,0.007791693788021803,0.99968421459198,2.351757049560547,0.8277454972267151,0.0007574644405394793,0.00046364328591153026,2.351430892944336,0.8273117542266846,0.0004337076097726822,0.0025573279708623886,0.0065076351165771484,-0.009113192558288574,1.0004396438598633,0.00033402442932128906,0.21259891986846924,0.0,0.0,0.0,-0.017005324363708496,-0.017005324363708496,0.17049309611320496,1e-06,24.165027618408203,28.380859375,51.601783752441406,0.0,744.0,0.0,0.4749999940395355,1.0,0.0,0.4749999940395355,1.0,0.0,0.017005322501063347,2.859684467315674,-2.5873334407806396,0.017005322501063347,2.859684467315674,-2.5873334407806396,191.6875,351.0,85.0,0.0625,191.6875,351.0,85.0,0.0625,0.0,296.0,296.0,296.0,1.0,64.00489029893652,2.2212294000200927,0.010547243058681488,3.621070483699441,2.10099481837824,72.47088538995013,20.86889152231383,0.0013516907674844916,0.4640613204792312,7803.0,72.47088538995013,107.67082474587896,2.0,2.0,2.0,,0.4749999940395355,0.0,1.0,1.0,True,False,False,False,True,True,True,True,True,True
745.0,9158.0,9158.0,0.0,9158.0,9158.0,9158.0,0.7937564253807068,1.0,0.06399118900299072,0.004231863655149937,0.007804113905876875,0.9996808767318726,2.4077694416046143,0.8410981893539429,0.0005746008828282356,0.00048223885823972523,2.404249668121338,0.8402333855628967,0.0008647739887237549,0.0022696927189826965,0.008668899536132812,-0.0047833919525146484,1.000869631767273,0.0007759332656860352,0.3873579502105713,0.0,0.0,0.0,0.05410097911953926,0.05410097911953926,0.17598667740821838,1e-06,24.165027618408203,28.380859375,51.27274703979492,0.0,745.0,0.0,0.06666667014360428,0.2666666805744171,0.0,0.06666667014360428,0.2666666805744171,0.0,-0.05410097911953926,2.37168025970459,-0.7905600666999817,-0.05410097911953926,2.37168025970459,-0.7905600666999817,259.375,512.0,53.0,0.0625,259.375,512.0,53.0,0.0625,0.0,313.0,313.0,313.0,1.0,525.036467928905,2.3908721012994647,0.009275333024561405,4.197825775947422,2.113208706025034,534.2474229447544,126.51481154913374,0.0010128120795546414,0.4583780056723544,9158.0,534.2474229447544,17.141870239675473,2.0,2.0,2.0,,0.06666667014360428,0.0,0.2666666805744171,0.2666666805744171,True,False,False,False,True,False,True,True,True,True
746.0,11897.0,11897.0,0.0,11897.0,11897.0,11897.0,0.7888699173927307,1.0,0.05098527669906616,0.004178087692707777,0.007682315073907375,0.999687910079956,2.3860273361206055,0.8030370473861694,-0.00046166472020559013,0.0004423496138770133,2.3868162631988525,0.8034042119979858,-0.0003671497106552124,0.0012853369116783142,0.002038121223449707,-0.004328310489654541,0.9996342062950134,0.002701282501220703,0.8449177742004395,0.0,0.0,0.0,0.06902611255645752,0.06902611255645752,0.15395064651966095,1e-06,24.165027618408203,28.380859375,51.337738037109375,0.0,746.0,0.0,0.125,1.0,0.0,0.125,1.0,0.0,-0.0690261498093605,2.561730146408081,-0.3659614622592926,-0.0690261498093605,2.561730146408081,-0.3659614622592926,241.5625,512.0,113.0,0.0625,241.5625,512.0,113.0,0.0625,0.0,502.0,502.0,502.0,1.0,156.0105461589992,2.5726553951390088,0.009703922551125288,4.727575241122395,2.0985783911310136,165.91873749205843,40.36495372807224,0.0008156613054656879,0.39737540902096286,11897.0,165.91873749205843,71.70377607634244,2.0,2.0,2.0,,0.125,0.0,1.0,1.0,True,False,False,False,True,True,True,True,True,True
747.0,16962.0,16962.0,0.0,16962.0,16962.0,16962.0,0.5888978838920593,1.0,0.05987772345542908,0.0037775870878249407,0.007434815168380737,0.9996727705001831,1.8251607418060303,0.5928068161010742,-8.366980182472616e-05,0.00035801148624159396,1.8254867792129517,0.5929585099220276,-0.00015173014253377914,0.0012151049450039864,0.0033255815505981445,-0.00356978178024292,0.9998495578765869,0.0016051530838012695,0.5795333385467529,0.0,0.0,0.0,0.08610476367175579,0.08610476553440094,0.12176115065813065,1e-06,24.165027618408203,28.380859375,51.274776458740234,0.0,747.0,0.0,0.02916666865348816,0.2666666805744171,0.0,0.02916666865348816,0.2666666805744171,0.0,-0.08610469847917557,3.257718563079834,-0.4000707268714905,-0.08610469847917557,3.257718563079834,-0.4000707268714905,333.125,512.0,181.0,0.1875,333.125,512.0,181.0,0.1875,0.0,727.0,727.0,727.0,1.0,61.00497878110036,3.0795046356506646,0.010019559878855944,6.251948159188032,2.1198391667567194,72.96724715689197,11.445587013339654,0.0005907062774941601,0.36858555354250866,16962.0,72.96724715689197,232.46046220612956,2.0,2.0,2.0,,0.02916666865348816,0.0,0.2666666805744171,0.2666666805744171,True,False,False,False,True,False,True,True,True,True
748.0,14481.0,14481.0,0.0,14481.0,14481.0,14481.0,0.8014748692512512,1.0,0.0617486834526062,0.004360375460237265,0.00776316225528717,0.9996801018714905,2.271578788757324,0.8107417225837708,0.0006308811134658754,0.0005086595192551613,2.269577741622925,0.8100636601448059,0.0006780326366424561,0.0017663538455963135,0.003304719924926758,-0.005233585834503174,1.0006804466247559,0.0007728338241577148,0.37590670585632324,0.0,0.0,0.0,0.0,0.0,0.0,1e-06,24.165027618408203,28.380859375,51.26530456542969,0.0,748.0,0.0,0.0,0.0,0.0,0.0,0.0,0.0,0.0,0.0,0.0,0.0,0.0,0.0,280.0625,467.0,151.0,0.0625,280.0625,467.0,151.0,0.0625,0.0,625.0,625.0,625.0,1.0,273.02053427370265,2.8631662731058896,0.009223680011928082,5.607674504164606,2.1269274917431176,284.1307219788432,60.92848343532753,0.0006369504876685368,0.38724359534318115,14481.0,284.1307219788432,50.965977558309504,2.0,2.0,2.0,,0.0,0.0,0.0,0.0,False,True,False,False,False,False,False,False,False,False
749.0,13931.0,13931.0,0.0,13931.0,13931.0,13931.0,0.7532739043235779,1.0,0.05540180206298828,0.004058411344885826,0.007497976068407297,0.999702513217926,2.3361892700195312,0.7994914054870605,0.0005826312699355185,0.00044967816211283207,2.3367197513580322,0.7991142272949219,0.00037717074155807495,0.002545677125453949,0.006767332553863525,-0.0046721696853637695,1.0003818273544312,0.0006384849548339844,0.5403354167938232,0.0,0.0,0.0,0.0,0.0,0.0,1e-06,24.165027618408203,28.380859375,51.35443878173828,0.0,749.0,0.0,0.0,0.0,0.0,0.0,0.0,0.0,0.0,0.0,0.0,0.0,0.0,0.0,246.6875,512.0,93.0,0.0625,246.6875,512.0,93.0,0.0625,0.0,624.0,624.0,624.0,1.0,50.00428519677371,2.809130131267011,0.009335166774690151,5.394115258939564,2.0989199527539313,60.81560824485496,12.668934683753156,0.0006701002637779163,0.38720230126620947,13931.0,60.81560824485496,229.0694840033697,2.0,2.0,2.0,,0.0,0.0,0.0,0.0,False,True,False,False,False,False,False,False,False,False
750.0,7602.0,7602.0,0.0,7602.0,7602.0,7602.0,0.7669302821159363,1.0,0.059896647930145264,0.0043683843687176704,0.007923218421638012,0.9996489882469177,2.149212121963501,0.7502873539924622,1.855353957580519e-06,0.0004072069132234901,2.148768663406372,0.7502259612083435,6.134063005447388e-05,0.0022071748971939087,0.007877171039581299,-0.0051457881927490234,1.0000660419464111,0.0016260147094726562,0.41754114627838135,0.0,0.0,0.0,-0.004289370030164719,-0.004289370030164719,0.18370014429092407,1e-06,24.165027618408203,28.380859375,51.30313491821289,0.0,750.0,0.0,0.14166666567325592,0.9333333373069763,0.0,0.14166666567325592,0.9333333373069763,0.0,0.004289337433874607,2.5560710430145264,-0.45740219950675964,0.004289337433874607,2.5560710430145264,-0.45740219950675964,181.125,266.0,86.0,0.0625,181.125,266.0,86.0,0.0625,0.0,294.0,294.0,294.0,1.0,35.003101631999016,2.119512879755348,0.009434763807803392,3.4131779237650335,2.0686600701883435,43.11532915895805,12.078364952380612,0.0012410896879509856,0.4489842046520697,7602.0,43.11532915895805,176.31780038076172,2.0,2.0,2.0,,0.14166666567325592,0.0,0.9333333373069763,0.9333333373069763,True,False,False,False,True,False,True,True,True,True
751.0,14282.0,14282.0,0.0,14282.0,14282.0,14282.0,0.6887989044189453,1.0,0.06073597073554993,0.004421869292855263,0.007908906787633896,0.999631941318512,1.99462890625,0.6788718700408936,-5.224710184847936e-05,0.0004455258895177394,1.9937496185302734,0.6786016225814819,0.000270230695605278,0.0015841368585824966,0.0035576224327087402,-0.0019462108612060547,1.0002719163894653,0.0018848180770874023,0.39543354511260986,0.0,0.0,0.0,0.03579096030443907,0.03579095005989075,0.16767658293247223,1e-06,24.165027618408203,28.380859375,51.28944778442383,0.0,751.0,0.0,0.02083333395421505,0.20000000298023224,0.0,0.02083333395421505,0.20000000298023224,0.0,-0.03579099476337433,3.3881094455718994,-0.3939661979675293,-0.03579099476337433,3.3881094455718994,-0.3939661979675293,222.625,384.0,120.0,0.0625,222.625,384.0,120.0,0.0625,0.0,670.0,670.0,670.0,1.0,65.00592952035367,2.796945813111961,0.010184202808886766,5.374849192798138,2.105079934000969,75.79944894835353,18.249839842884242,0.0007130795973173762,0.37633729119157944,14282.0,75.79944894835353,188.41825630858,2.0,2.0,2.0,,0.02083333395421505,0.0,0.20000000298023224,0.20000000298023224,True,False,False,False,True,False,True,True,True,True
752.0,16166.0,16166.0,0.0,16166.0,16166.0,16166.0,0.7683008909225464,1.0,0.05830666422843933,0.004537335596978664,0.008091653697192669,0.9996408224105835,2.2727513313293457,0.8082461357116699,0.00011527654714882374,0.000479433307191357,2.272892951965332,0.8082507848739624,-4.6603381633758545e-06,0.001400042325258255,0.0018445253372192383,-0.003731369972229004,0.9999968409538269,0.001679539680480957,0.4096074104309082,0.0,0.0,0.0,-0.2361805373802781,-0.23618051409721375,0.19592438638210297,1e-06,24.165027618408203,28.380859375,51.28386688232422,0.0,752.0,0.0,0.0208333358168602,0.13333334028720856,0.0,0.0208333358168602,0.13333334028720856,0.0,0.23618049919605255,2.802715301513672,-0.5190213918685913,0.23618049919605255,2.802715301513672,-0.5190213918685913,288.375,512.0,110.0,0.1875,288.375,512.0,110.0,0.1875,0.0,722.0,722.0,722.0,1.0,161.01141340192407,3.0500278123654425,0.009808434173464775,6.169814105145633,2.100171476136893,172.84282562322915,34.89627511961943,0.0006067322883499181,0.38165372418320137,16166.0,172.84282562322915,93.53006086141754,2.0,2.0,2.0,,0.0208333358168602,0.0,0.13333334028720856,0.13333334028720856,True,False,False,False,True,False,True,True,True,True
753.0,15445.0,15445.0,0.0,15445.0,15445.0,15445.0,0.7091078162193298,1.0,0.058499813079833984,0.004322943277657032,0.007916786707937717,0.9996486902236938,2.1001598834991455,0.7276231050491333,0.0010147662833333015,0.0004326009366195649,2.0974841117858887,0.7264454364776611,0.001177676022052765,0.0016768723726272583,0.005536377429962158,-0.0012595653533935547,1.0011801719665527,-0.0003063082695007324,-0.16031098365783691,0.0,0.0,0.0,-0.14435258507728577,-0.14435257017612457,0.17338769137859344,1e-06,24.165027618408203,28.380859375,51.30610275268555,0.0,753.0,0.0,0.375,1.0,0.0,0.375,1.0,0.0,0.14435261487960815,1.2499974966049194,-0.7499985098838806,0.14435261487960815,1.2499974966049194,-0.7499985098838806,231.3125,421.0,67.0,0.0625,231.3125,421.0,67.0,0.0625,0.0,734.0,734.0,734.0,1.0,142.01119985897094,2.9261642661876976,0.00937191629782319,5.793406047858298,2.087892048060894,153.337358396966,38.37103481733881,0.0006067928972368527,0.37509912902934917,15445.0,153.337358396966,100.72561678032403,2.0,2.0,2.0,,0.375,0.0,1.0,1.0,True,False,False,False,True,True,True,True,True,True
754.0,12835.0,12835.0,0.0,12835.0,12835.0,12835.0,0.6969755291938782,1.0,0.05669781565666199,0.0040513076819479465,0.007602498400956392,0.999679446220398,2.3817527294158936,0.7627454996109009,-0.0005393396131694317,0.00042297615436837077,2.3828837871551514,0.7632519006729126,-0.000506322830915451,0.0017131306231021881,0.0034940242767333984,-0.0057811737060546875,0.9994962215423584,0.0027778148651123047,1.1364152431488037,0.0,0.0,0.0,-0.024151498451828957,-0.024151504039764404,0.17882373929023743,1e-06,24.165027618408203,28.380859375,51.33618927001953,0.0,754.0,0.0,0.30416664481163025,0.7333333492279053,0.0,0.30416664481163025,0.7333333492279053,0.0,0.02415153943002224,1.8383402824401855,-1.3029011487960815,0.02415153943002224,1.8383402824401855,-1.3029011487960815,255.1875,504.0,79.0,0.0625,255.1875,504.0,79.0,0.0625,0.0,547.0,547.0,547.0,1.0,63.005433574318886,2.6828644811175764,0.010303429327905178,5.046551595907658,2.0962677439674735,73.34174973098561,15.431161786509646,0.0008027603683603567,0.3931867234832613,12835.0,73.34174973098561,175.00264238415676,2.0,2.0,2.0,,0.30416664481163025,0.0,0.7333333492279053,0.7333333492279053,True,False,False,False,True,False,True,True,True,True
755.0,17372.0,17372.0,0.0,17372.0,17372.0,17372.0,0.8882351517677307,1.0,0.0899321436882019,0.00431543355807662,0.00786973163485527,0.9996877312660217,2.5329747200012207,0.9054505228996277,0.00020016789494547993,0.00045323348604142666,2.5324885845184326,0.90511155128479,0.0003389306366443634,0.0013614483177661896,0.004197835922241211,-0.002375781536102295,1.000340461730957,0.0014159679412841797,0.19901621341705322,0.0,0.0,0.0,0.0,0.0,0.0,1e-06,24.165027618408203,28.380859375,51.344390869140625,0.0,755.0,0.0,0.0,0.0,0.0,0.0,0.0,0.0,0.0,0.0,0.0,0.0,0.0,0.0,243.75,388.0,110.0,0.0625,243.75,388.0,110.0,0.0625,0.0,842.0,842.0,842.0,1.0,78.00694452598691,3.114876769017428,0.009999633766710758,6.329436318017542,2.1044900119304657,90.06709547294304,20.00178064768895,0.0005756178774298157,0.36434701347096143,17372.0,90.06709547294304,192.87843033884337,2.0,2.0,2.0,,0.0,0.0,0.0,0.0,False,True,False,False,False,False,False,False,False,False
756.0,10579.0,10579.0,0.0,10579.0,10579.0,10579.0,0.7507783770561218,1.0,0.05867207050323486,0.004273322410881519,0.007791879586875439,0.9996704459190369,2.2801883220672607,0.7949403524398804,0.00017654200200922787,0.0004500465583987534,2.278284788131714,0.7946274280548096,0.00031295232474803925,0.0019935909658670425,0.008334875106811523,-0.003347456455230713,1.0003167390823364,0.001452803611755371,0.499436616897583,0.0,0.0,0.0,-0.16367704328149557,-0.16367703676223755,0.13770365715026855,1e-06,24.165027618408203,28.380859375,51.29491424560547,0.0,756.0,0.0,0.8458333611488342,1.0,0.0,0.8458333611488342,1.0,0.0,0.16367703676223755,0.6406510472297668,-3.5149240493774414,0.16367703676223755,0.6406510472297668,-3.5149240493774414,241.1875,471.0,99.0,0.0625,241.1875,471.0,99.0,0.0625,0.0,420.0,420.0,420.0,1.0,52.004094616975635,2.5090072280727327,0.009325354360044003,4.540229196194559,2.10190732171759,61.666759103070945,13.476054578122735,0.0008814967728560357,0.4291737589748142,10579.0,61.666759103070945,171.5510942016276,2.0,2.0,2.0,,0.8458333611488342,0.0,1.0,1.0,True,False,False,False,True,True,True,True,True,True
757.0,18458.0,18458.0,0.0,18458.0,18458.0,18458.0,0.7693538069725037,1.0,0.061132729053497314,0.004223961848765612,0.007801274303346872,0.9996817708015442,2.3069417476654053,0.7976885437965393,0.0007298827986232936,0.0005014000344090164,2.3058083057403564,0.7970902323722839,0.0005982983857393265,0.0016211923211812973,0.003180861473083496,-0.0024802684783935547,1.0006000995635986,0.0005443096160888672,0.05880165100097656,0.0,0.0,0.0,0.0,0.0,0.0,1e-06,24.165027618408203,28.380859375,51.2658576965332,0.0,757.0,0.0,0.0,0.0,0.0,0.0,0.0,0.0,0.0,0.0,0.0,0.0,0.0,0.0,247.625,358.0,146.0,0.0625,247.625,358.0,146.0,0.0625,0.0,906.0,906.0,906.0,1.0,230.0186641169712,3.1750763249583542,0.009367587976157665,6.515273757278919,2.460760712157935,242.67966316780075,58.056199928564155,0.0005075082877970346,0.3529783160298472,18458.0,242.67966316780075,76.05911331448166,2.0,2.0,2.0,,0.0,0.0,0.0,0.0,False,True,False,False,False,False,False,False,False,False
758.0,12245.0,12245.0,0.0,12245.0,12245.0,12245.0,0.5973703265190125,1.0,0.056053757667541504,0.003857953008264303,0.00761690828949213,0.9996611475944519,1.8754348754882812,0.6113716959953308,8.58003186294809e-05,0.0004078298225067556,1.8759477138519287,0.611475944519043,-0.00010426528751850128,0.0011953655630350113,0.0024958550930023193,-0.00366055965423584,0.9998968839645386,0.001465439796447754,0.13814771175384521,0.0,0.0,0.0,0.046797364950180054,0.046797364950180054,0.14667277038097382,1e-06,24.165027618408203,28.380859375,51.38981628417969,0.0,758.0,0.0,0.2291666716337204,1.0,0.0,0.2291666716337204,1.0,0.0,-0.04679730534553528,2.2736058235168457,-0.6759368777275085,-0.04679730534553528,2.2736058235168457,-0.6759368777275085,255.3125,470.0,125.0,0.0625,255.3125,470.0,125.0,0.0625,0.0,510.0,510.0,510.0,1.0,208.01540333172306,2.6110176937654614,0.009357017930597067,4.779393188655376,2.0829166718758643,218.0050353067927,50.92176336149891,0.0007641500964146237,0.3903138577913742,12245.0,218.0050353067927,56.168427407045606,2.0,2.0,2.0,,0.2291666716337204,0.0,1.0,1.0,True,False,False,False,True,True,True,True,True,True
759.0,19399.0,19399.0,0.0,19399.0,19399.0,19399.0,0.6811485290527344,1.0,0.06076589226722717,0.003956757951527834,0.007633289787918329,0.9996795058250427,2.1043472290039062,0.7045358419418335,0.00041405385127291083,0.00042760398355312645,2.103790521621704,0.7041240334510803,0.00041189417243003845,0.0010433010756969452,0.0042383670806884766,-0.0021582841873168945,1.000412940979004,0.0008865594863891602,0.12344324588775635,0.0,0.0,0.0,-0.0927218571305275,-0.0927218496799469,0.14886657893657684,1e-06,24.165027618408203,28.380859375,51.3690185546875,0.0,759.0,0.0,0.004166666883975267,0.06666667014360428,0.0,0.004166666883975267,0.06666667014360428,0.0,0.09272187948226929,3.749774694442749,-0.2499849945306778,0.09272187948226929,3.749774694442749,-0.2499849945306778,330.4375,512.0,153.0,0.125,330.4375,512.0,153.0,0.125,0.0,882.0,882.0,882.0,1.0,82.00697528617457,3.3455123538151383,0.009530524723231792,7.071065624244511,2.1027936981990933,95.03949147602543,15.51106020165965,0.0004912894851915971,0.364506707781046,19399.0,95.03949147602543,204.1151493839124,2.0,2.0,2.0,,0.004166666883975267,0.0,0.06666667014360428,0.06666667014360428,True,False,False,False,True,False,True,True,True,True
760.0,6775.0,6775.0,0.0,6775.0,6775.0,6775.0,0.5887443423271179,1.0,0.05960854887962341,0.003751492127776146,0.007392565719783306,0.9996834397315979,1.8143560886383057,0.5874948501586914,0.0013354356633499265,0.00036411749897524714,1.8117047548294067,0.5861144065856934,0.0013804584741592407,0.0023369304835796356,0.0058487653732299805,-0.0035664141178131104,1.0013844966888428,-0.0012169480323791504,-0.10714775323867798,0.0,0.0,0.0,0.0730961263179779,0.0730961263179779,0.18760964274406433,1e-06,24.165027618408203,28.380859375,51.38692092895508,0.0,760.0,0.0,0.5625,1.0,0.0,0.5625,1.0,0.0,-0.07309616357088089,0.8539109230041504,-1.0978854894638062,-0.07309616357088089,0.8539109230041504,-1.0978854894638062,158.4375,260.0,87.0,0.0625,158.4375,260.0,87.0,0.0625,0.0,265.0,265.0,265.0,1.0,37.00334798358381,2.0671240873634815,0.009727760218083858,3.2796493251807988,2.082807603292167,44.94440679298714,14.59698145309026,0.0014358317665068426,0.484081081207498,6775.0,44.94440679298714,150.74178264729332,2.0,2.0,2.0,,0.5625,0.0,1.0,1.0,True,False,False,False,True,True,True,True,True,True
761.0,19270.0,19270.0,0.0,19270.0,19270.0,19270.0,0.825406014919281,1.0,0.06066739559173584,0.004300170578062534,0.007846403867006302,0.9996788501739502,2.3560962677001953,0.8370474576950073,0.0010646749287843704,0.00048640536260791123,2.3528473377227783,0.8357669711112976,0.0012805759906768799,0.0018481090664863586,0.005662500858306885,-0.00166398286819458,1.0012831687927246,-0.00019121170043945312,-0.20215845108032227,0.0,0.0,0.0,0.0,0.0,0.0,1e-06,24.165027618408203,28.380859375,51.42561340332031,0.0,761.0,0.0,0.0,0.0,0.0,0.0,0.0,0.0,0.0,0.0,0.0,0.0,0.0,0.0,240.375,424.0,143.0,0.0625,240.375,424.0,143.0,0.0625,0.0,964.0,964.0,964.0,1.0,76.0064611332491,3.271371484734118,0.00942599168047309,6.787560558412224,2.090205998159945,88.67272167932242,19.762470393460504,0.0004891536938491484,0.352234590472871,19270.0,88.67272167932242,217.3159866422998,2.0,2.0,2.0,,0.0,0.0,0.0,0.0,False,True,False,False,False,False,False,False,False,False
762.0,8661.0,8661.0,0.0,8661.0,8661.0,8661.0,0.8912560939788818,1.0,0.05998373031616211,0.004514592699706554,0.007981457747519016,0.9996772408485413,2.7325077056884766,0.9560791254043579,0.0008745714440010488,0.0005155983380973339,2.7320399284362793,0.9556688070297241,0.0004103146493434906,0.0019087083637714386,0.005720257759094238,-0.0026606321334838867,1.0004130601882935,0.0003185272216796875,-0.021150946617126465,0.0,0.0,0.0,-0.01490047574043274,-0.01490047574043274,0.206680566072464,1e-06,24.165027618408203,28.380859375,51.47087097167969,0.0,762.0,0.0,0.02083333395421505,0.3333333432674408,0.0,0.02083333395421505,0.3333333432674408,0.0,0.014900531619787216,3.74995493888855,-0.24999700486660004,0.014900531619787216,3.74995493888855,-0.24999700486660004,179.3125,313.0,75.0,0.0625,179.3125,313.0,75.0,0.0625,0.0,362.0,362.0,362.0,1.0,55.00445780996233,2.233680312987417,0.009469278156757355,3.7968838568776846,2.0919405627064407,63.6400516317226,19.171996448226675,0.001093323883703655,0.4383886222004023,8661.0,63.6400516317226,136.0935413773731,2.0,2.0,2.0,,0.02083333395421505,0.0,0.3333333432674408,0.3333333432674408,True,False,False,False,True,False,True,True,True,True
763.0,15288.0,15288.0,0.0,15288.0,15288.0,15288.0,0.6962220668792725,1.0,0.06074148416519165,0.0037700363900512457,0.007473051082342863,0.999703586101532,2.1241817474365234,0.715003490447998,0.0003263413964305073,0.00039892844506539404,2.122739553451538,0.7147271633148193,0.0002763718366622925,0.0016047731041908264,0.005228161811828613,-0.0020779967308044434,1.0002784729003906,0.0009448528289794922,0.610267162322998,0.0,0.0,0.0,0.0,0.0,0.0,1e-06,24.165027618408203,28.380859375,51.403228759765625,0.0,763.0,0.0,0.0,0.0,0.0,0.0,0.0,0.0,0.0,0.0,0.0,0.0,0.0,0.0,359.5,512.0,178.0,0.25,359.5,512.0,178.0,0.25,0.0,596.0,596.0,596.0,1.0,173.01436471706256,2.915937346406281,0.00939757190644741,5.776546692010015,2.0871812971308827,184.30682239029557,30.07899247514996,0.0006147025056545925,0.37784842307757815,15288.0,184.30682239029557,82.9486385893275,2.0,2.0,2.0,,0.0,0.0,0.0,0.0,False,True,False,False,False,False,False,False,False,False
764.0,11267.0,11267.0,0.0,11267.0,11267.0,11267.0,0.6758489012718201,1.0,0.053234249353408813,0.003966828808188438,0.007469939533621073,0.9996904730796814,2.080688238143921,0.7150083780288696,0.001246187137439847,0.0004398625169415027,2.0783019065856934,0.713877260684967,0.0011311322450637817,0.001542598009109497,0.0035700201988220215,-0.0020183920860290527,1.0011329650878906,-0.0007339119911193848,-0.29736757278442383,0.0,0.0,0.0,-0.02268755156546831,-0.022687554359436035,0.16636572778224945,1e-06,24.165027618408203,28.380859375,51.41888427734375,0.0,764.0,0.0,0.3916666507720947,1.0,0.0,0.3916666507720947,1.0,0.0,0.022687658667564392,1.245023250579834,-0.8015902042388916,0.022687658667564392,1.245023250579834,-0.8015902042388916,236.1875,444.0,113.0,0.0625,236.1875,444.0,113.0,0.0625,0.0,468.0,468.0,468.0,1.0,61.005287531763315,2.5521592400036752,0.00948354508727789,4.671163009013981,2.1039184159599245,70.8521261732094,16.143235652755575,0.0008417098684013393,0.41458800115505284,11267.0,70.8521261732094,159.02133935199078,2.0,2.0,2.0,,0.3916666507720947,0.0,1.0,1.0,True,False,False,False,True,True,True,True,True,True
765.0,13769.0,13769.0,0.0,13769.0,13769.0,13769.0,0.8050726056098938,1.0,0.060657382011413574,0.004294524434953928,0.007876969873905182,0.9996756911277771,2.752110719680786,0.8302406072616577,-0.00012158193567302078,0.00044499814976006746,2.75148868560791,0.830259382724762,-1.8775463104248047e-05,0.001524224877357483,0.004113674163818359,-0.0031264424324035645,0.9999829530715942,0.0020303726196289062,0.5071349143981934,0.0,0.0,0.0,0.0,0.0,0.0,1e-06,24.165027618408203,28.380859375,51.42361068725586,0.0,765.0,0.0,0.0,0.0,0.0,0.0,0.0,0.0,0.0,0.0,0.0,0.0,0.0,0.0,249.5625,463.0,161.0,0.0625,249.5625,463.0,161.0,0.0625,0.0,611.0,611.0,611.0,1.0,72.00622558081523,2.7446881611831486,0.009314355440437794,5.207256325054914,2.098155596293509,82.5665250341408,18.033114345308096,0.0006764729058346861,0.3781869652883226,13769.0,82.5665250341408,166.76249841332907,2.0,2.0,2.0,,0.0,0.0,0.0,0.0,False,True,False,False,False,False,False,False,False,False
766.0,11395.0,11395.0,0.0,11395.0,11395.0,11395.0,0.7782285809516907,1.0,0.06136155128479004,0.0038880519568920135,0.007402053102850914,0.9997155666351318,2.2867591381073,0.809878408908844,0.001516356598585844,0.0004153338086325675,2.2830300331115723,0.8082804679870605,0.0015980005264282227,0.0018706470727920532,0.008097946643829346,-0.0010752081871032715,1.0016013383865356,-0.0013782382011413574,-0.3791809678077698,0.0,0.0,0.0,0.02182959020137787,0.02182959020137787,0.17493629455566406,1e-06,24.165027618408203,28.380859375,51.47418975830078,0.0,766.0,0.0,0.008333333767950535,0.13333334028720856,0.0,0.008333333767950535,0.13333334028720856,0.0,-0.02182960696518421,3.749887466430664,-0.2499925196170807,-0.02182960696518421,3.749887466430664,-0.2499925196170807,231.1875,399.0,101.0,0.0625,231.1875,399.0,101.0,0.0625,0.0,481.0,481.0,481.0,1.0,137.0110882599838,2.5232703830115497,0.009668330196291208,4.586573017761111,2.149713615886867,146.78805800015107,37.040034674231904,0.0008484712765503473,0.4025075048495929,11395.0,146.78805800015107,77.62893082207187,2.0,2.0,2.0,,0.008333333767950535,0.0,0.13333334028720856,0.13333334028720856,True,False,False,False,True,False,True,True,True,True
767.0,10401.0,10401.0,0.0,10401.0,10401.0,10401.0,0.706850528717041,1.0,0.06007763743400574,0.004002111963927746,0.007586407009512186,0.9996954202651978,2.2111356258392334,0.7714055180549622,0.0005242103943601251,0.00041541317477822304,2.2104480266571045,0.7710366249084473,0.0003689657896757126,0.001307724043726921,0.0035320520401000977,-0.0025774240493774414,1.0003701448440552,0.0006115436553955078,-0.029461920261383057,0.0,0.0,0.0,0.0,0.0,0.0,1e-06,24.165027618408203,28.380859375,51.380455017089844,0.0,767.0,0.0,0.0,0.0,0.0,0.0,0.0,0.0,0.0,0.0,0.0,0.0,0.0,0.0,281.0625,478.0,165.0,0.0625,281.0625,478.0,165.0,0.0625,0.0,369.0,369.0,369.0,1.0,966.0722489939071,2.4926878209225833,0.010068817995488644,4.475274350028485,2.117579486221075,975.6736392313614,214.82593929150704,0.0009680624935572198,0.4302734688999601,10401.0,975.6736392313614,10.660326959529149,2.0,2.0,2.0,,0.0,0.0,0.0,0.0,False,True,False,False,False,False,False,False,False,False
768.0,16145.0,16145.0,0.0,16145.0,16145.0,16145.0,0.6492674946784973,1.0,0.05797937512397766,0.004104706924408674,0.00799656379967928,0.9996310472488403,2.0713226795196533,0.6846286058425903,0.0004961147205904126,0.00039743416709825397,2.0711865425109863,0.6842823624610901,0.0003463122993707657,0.0014559123665094376,0.002416849136352539,-0.0028510093688964844,1.0003477334976196,0.0005964040756225586,0.15276944637298584,0.0,0.0,0.0,-0.12305770069360733,-0.12305770814418793,0.1245386004447937,1e-06,24.165027618408203,28.380859375,51.41196823120117,0.0,768.0,0.0,0.46666666865348816,0.5333333611488342,0.0,0.46666666865348816,0.5333333611488342,0.0,0.12305769324302673,0.36596065759658813,-2.561723470687866,0.12305769324302673,0.36596065759658813,-2.561723470687866,299.0625,512.0,133.0,0.0625,299.0625,512.0,133.0,0.0625,0.0,710.0,710.0,710.0,1.0,64.00591341778636,2.9955909671261907,0.009235423058271408,6.009315402712673,2.103593959007412,75.63004808919504,13.376366440498717,0.0005720299199920352,0.3722090679908748,16145.0,75.63004808919504,213.4733536194402,2.0,2.0,2.0,,0.46666666865348816,0.0,0.5333333611488342,0.5333333611488342,True,False,False,False,True,False,True,True,True,True
769.0,10766.0,10766.0,0.0,10766.0,10766.0,10766.0,0.8104405403137207,1.0,0.057352930307388306,0.004126496147364378,0.007441244553774595,0.9997050762176514,2.600630521774292,0.8647064566612244,0.0007107665296643972,0.00045941121061332524,2.601907730102539,0.86424320936203,0.0004632323980331421,0.0020099803805351257,0.004028141498565674,-0.00598597526550293,1.0004665851593018,0.0004131793975830078,0.10118746757507324,0.0,0.0,0.0,-0.015832755714654922,-0.015832751989364624,0.19350039958953857,1e-06,24.165027618408203,28.3828125,51.48738479614258,0.0,769.0,0.0,0.48750001192092896,1.0,0.0,0.48750001192092896,1.0,0.0,0.015832750126719475,1.7036018371582031,-1.6204993724822998,0.015832750126719475,1.7036018371582031,-1.6204993724822998,200.875,453.0,106.0,0.0625,200.875,453.0,106.0,0.0625,0.0,472.0,472.0,472.0,1.0,182.01453501498327,2.5011768131516874,0.009800006169825792,4.521413905080408,2.089985383208841,191.64317781385034,56.631778162720366,0.0009102736550088977,0.4199715683708348,10766.0,191.64317781385034,56.17731934322958,2.0,2.0,2.0,,0.48750001192092896,0.0,1.0,1.0,True,False,False,False,True,True,True,True,True,True
770.0,10619.0,10619.0,0.0,10619.0,10619.0,10619.0,0.6201587915420532,1.0,0.06197941303253174,0.0037524544168263674,0.007450832054018974,0.9996879696846008,1.9110841751098633,0.6392201781272888,0.00016460908227600157,0.0003897907736245543,1.9103267192840576,0.6389853954315186,0.00023479200899600983,0.001474199816584587,0.0032255053520202637,-0.0026724934577941895,1.0002363920211792,0.001231074333190918,0.7330267429351807,0.0,0.0,0.0,0.0,0.0,0.0,1e-06,24.165027618408203,28.3828125,51.47441482543945,0.0,770.0,0.0,0.0,0.0,0.0,0.0,0.0,0.0,0.0,0.0,0.0,0.0,0.0,0.0,323.6875,512.0,193.0,0.0625,323.6875,512.0,193.0,0.0625,0.0,340.0,340.0,340.0,1.0,1353.1048041130416,2.4726242907345295,0.010126970708370209,4.432273169979453,2.1298760161735117,1362.6552779790945,261.2675814081949,0.0009536651952509849,0.41739082493449975,10619.0,1362.6552779790945,7.792873349266045,2.0,2.0,2.0,,0.0,0.0,0.0,0.0,False,True,False,False,False,False,False,False,False,False
771.0,10513.0,10513.0,0.0,10513.0,10513.0,10513.0,0.8031140565872192,1.0,0.050774574279785156,0.004362434148788452,0.00800839252769947,0.999664843082428,2.346224308013916,0.8408130407333374,0.0007790939416736364,0.00047422366333194077,2.3441286087036133,0.8401084542274475,0.0007045865058898926,0.0020505040884017944,0.00541234016418457,-0.004974067211151123,1.0007076263427734,0.00033414363861083984,-0.005767643451690674,0.0,0.0,0.0,0.16839172691106796,0.16839173436164856,0.2297292798757553,1e-06,24.165027618408203,28.3828125,51.486236572265625,0.0,771.0,0.0,0.9375,1.0,0.0,0.9375,1.0,0.0,-0.16839170455932617,0.24999898672103882,-3.7499847412109375,-0.16839170455932617,0.24999898672103882,-3.7499847412109375,178.0625,298.0,108.0,0.0625,178.0625,298.0,108.0,0.0625,0.0,479.0,479.0,479.0,1.0,44.004410420078784,2.421210899949074,0.009835038799792528,4.245376371778548,2.0950271850451827,53.2780480501242,15.445563503011156,0.0009355121087979196,0.40382158962984377,10513.0,53.2780480501242,197.3232951422944,2.0,2.0,2.0,,0.9375,0.0,1.0,1.0,True,False,False,False,True,True,True,True,True,True
772.0,11131.0,11131.0,0.0,11131.0,11131.0,11131.0,0.7628437876701355,1.0,0.059183478355407715,0.004546347074210644,0.008109183982014656,0.9996411800384521,2.4361329078674316,0.8374831676483154,0.0006830692873336375,0.00046969219692982733,2.4333395957946777,0.8366499543190002,0.0008332431316375732,0.0018991902470588684,0.00422358512878418,-0.0022002458572387695,1.0008357763290405,0.0005135536193847656,0.12387371063232422,0.0,0.0,0.0,0.0,0.0,0.0,1e-06,24.165027618408203,28.3828125,51.44386291503906,0.0,772.0,0.0,0.0,0.0,0.0,0.0,0.0,0.0,0.0,0.0,0.0,0.0,0.0,0.0,305.6875,512.0,145.0,0.125,305.6875,512.0,145.0,0.125,0.0,390.0,390.0,390.0,1.0,62.00500954501331,2.5661303061060607,0.009908605366945267,4.665277412161231,2.093896740116179,71.84141222201288,12.67736854324541,0.00089018105892959,0.41912473382097126,11131.0,71.84141222201288,154.93849098625262,2.0,2.0,2.0,,0.0,0.0,0.0,0.0,False,True,False,False,False,False,False,False,False,False
773.0,6976.0,6976.0,0.0,6976.0,6976.0,6976.0,0.7579724192619324,1.0,0.05659198760986328,0.0044554914347827435,0.008102547377347946,0.9996470808982849,2.099936008453369,0.7255926728248596,0.0007036080933175981,0.0004954782198183239,2.0982143878936768,0.7248950004577637,0.0006977040320634842,0.0019654985517263412,0.005966305732727051,-0.002567887306213379,1.000700831413269,0.0005685091018676758,-0.022747695446014404,0.0,0.0,0.0,0.0246477872133255,0.0246477872133255,0.239017054438591,1e-06,24.165027618408203,28.3828125,51.470001220703125,0.0,773.0,0.0,0.9375,1.0,0.0,0.9375,1.0,0.0,-0.024647753685712814,0.24999898672103882,-3.7499847412109375,-0.024647753685712814,0.24999898672103882,-3.7499847412109375,142.0,275.0,85.0,0.0625,142.0,275.0,85.0,0.0625,0.0,294.0,294.0,294.0,1.0,38.003616156987846,2.0949159329757094,0.009786434005945921,3.3323584012687206,2.0829223822802305,46.02807975700125,16.726943731068594,0.0014028718471826148,0.4776889910075574,6976.0,46.02807975700125,151.55965742713593,2.0,2.0,2.0,,0.9375,0.0,1.0,1.0,True,False,False,False,True,True,True,True,True,True
774.0,14094.0,14094.0,0.0,14094.0,14094.0,14094.0,0.9233545660972595,1.0,0.06137573719024658,0.004099944606423378,0.007620545104146004,0.9997220635414124,2.5441927909851074,0.8946670889854431,0.0006821629358455539,0.0005020361277274787,2.542863368988037,0.8939982652664185,0.0006688907742500305,0.002017006278038025,0.004523575305938721,-0.0038439035415649414,1.0006717443466187,0.0006406307220458984,0.398914098739624,0.0,0.0,0.0,0.0,0.0,0.0,1e-06,24.165027618408203,28.3828125,50.67837142944336,0.0,774.0,0.0,0.0,0.0,0.0,0.0,0.0,0.0,0.0,0.0,0.0,0.0,0.0,0.0,279.875,512.0,163.0,0.1875,279.875,512.0,163.0,0.1875,0.0,601.0,601.0,601.0,1.0,87.00752779701725,2.871562648098916,0.009543904569000006,5.653452462982386,2.1102786287665367,98.15401831874624,19.42999727490336,0.0006771608180076632,0.40112476677894043,14094.0,98.15401831874624,143.59065722842868,2.0,2.0,2.0,,0.0,0.0,0.0,0.0,False,True,False,False,False,False,False,False,False,False
775.0,14195.0,14195.0,0.0,14195.0,14195.0,14195.0,0.8961828947067261,1.0,0.05907052755355835,0.004446869250386953,0.007815686985850334,0.9996930360794067,2.624004602432251,0.9461363554000854,0.0007105590193532407,0.0005118891131132841,2.6218180656433105,0.9453350305557251,0.0008013211190700531,0.0014368630945682526,0.0033636093139648438,-0.0018236637115478516,1.0008026361465454,0.0006241798400878906,-0.1462634801864624,0.0,0.0,0.0,0.0,0.0,0.0,1e-06,24.165027618408203,28.3828125,50.89596939086914,0.0,775.0,0.0,0.0,0.0,0.0,0.0,0.0,0.0,0.0,0.0,0.0,0.0,0.0,0.0,271.1875,452.0,119.0,0.0625,271.1875,452.0,119.0,0.0625,0.0,616.0,616.0,616.0,1.0,67.0056920540519,2.8711305330507457,0.009804071858525276,5.543550740927458,2.1453251452185214,78.07878467580304,15.44265776770037,0.0006906707896107979,0.39052840725096566,14195.0,78.07878467580304,181.80354700627268,2.0,2.0,2.0,,0.0,0.0,0.0,0.0,False,True,False,False,False,False,False,False,False,False
776.0,5912.0,5912.0,0.0,5912.0,5912.0,5912.0,0.9055246114730835,1.0,0.060716867446899414,0.0043067047372460365,0.007733612321317196,0.9996988773345947,3.315199851989746,0.9875544905662537,0.0013676655944436789,0.0004805752250831574,3.3084537982940674,0.9862563014030457,0.0012981370091438293,0.0018348172307014465,0.004454374313354492,-0.0012445449829101562,1.0013011693954468,-0.0008217096328735352,-0.18567723035812378,0.0,0.0,0.0,-0.039838142693042755,-0.039838142693042755,0.24189460277557373,1e-06,24.165027618408203,28.3828125,50.72458267211914,0.0,776.0,0.0,0.05000000074505806,0.800000011920929,0.0,0.05000000074505806,0.800000011920929,0.0,0.03983809053897858,3.749981164932251,-0.24999874830245972,0.03983809053897858,3.749981164932251,-0.24999874830245972,216.5,435.0,69.0,0.0625,216.5,435.0,69.0,0.0625,0.0,153.0,153.0,153.0,1.0,53.00490972492844,2.080070110037923,0.009104244876652956,3.304628660902381,2.094157529063523,60.992343017831445,15.301648303963175,0.0015399602294744513,0.5589696652405922,5912.0,60.992343017831445,96.93019988216545,2.0,2.0,2.0,,0.05000000074505806,0.0,0.800000011920929,0.800000011920929,True,False,False,False,True,False,True,True,True,True
777.0,18335.0,18335.0,0.0,18335.0,18335.0,18335.0,0.7668864130973816,1.0,0.049353957176208496,0.004120518919080496,0.007558032404631376,0.9996968507766724,3.2838358879089355,0.8698394298553467,0.00035213754745200276,0.00042780902003869414,3.2928285598754883,0.8700191974639893,-0.00017969682812690735,0.0018668733537197113,0.003778994083404541,-0.007169008255004883,0.999823808670044,0.0010058879852294922,0.4230271577835083,0.0,0.0,0.0,-0.20854362286627293,-0.20854361355304718,0.14988462626934052,1e-06,24.165027618408203,28.3828125,50.65811538696289,0.0,777.0,0.0,0.11538462340831757,0.23076923191547394,0.0,0.11538462340831757,0.23076923191547394,0.0,0.20854368805885315,1.552626609802246,-1.5526268482208252,0.20854368805885315,1.552626609802246,-1.5526268482208252,266.9375,512.0,77.0,0.0625,266.9375,512.0,77.0,0.0625,0.0,879.0,879.0,879.0,1.0,71.00636985106394,3.2867855723015964,0.009486652910709381,6.883061002008617,2.1163718928582966,83.80318437796086,16.625232931646906,0.0005174067581515888,0.37540556324017543,18335.0,83.80318437796086,218.78643557632955,2.0,2.0,2.0,,0.11538462340831757,0.0,0.23076923191547394,0.23076923191547394,True,False,False,False,True,False,True,True,True,True
778.0,10511.0,10511.0,0.0,10511.0,10511.0,10511.0,0.8749444484710693,1.0,0.04718726873397827,0.004167535807937384,0.0074478513561189175,0.9997203946113586,124.18121337890625,1.3396998643875122,0.0007712783990427852,0.00048544019227847457,123.10150909423828,1.3380568027496338,0.0016430579125881195,0.002464447170495987,0.008880615234375,-0.0030668973922729492,1.0016487836837769,0.00039947032928466797,0.1289616823196411,0.0,0.0,0.0,0.06442691385746002,0.06442691385746002,0.18281511962413788,1e-06,24.165027618408203,28.3828125,50.510860443115234,0.0,778.0,0.0,0.0625,1.0,0.0,0.0625,1.0,0.0,-0.06442692875862122,3.7499847412109375,-0.24999898672103882,-0.06442692875862122,3.7499847412109375,-0.24999898672103882,220.9375,369.0,9.0,0.0625,220.9375,369.0,9.0,0.0625,0.0,436.0,436.0,436.0,1.0,72.00599210802466,2.4436308816075325,0.009763231035321951,4.365474539808929,2.084977967198938,81.41155269090086,20.36944614088392,0.0009288584373819761,0.4153243782522052,10511.0,81.41155269090086,129.1094402769545,2.0,2.0,2.0,,0.0625,0.0,1.0,1.0,True,False,False,False,True,True,True,True,True,True
779.0,10685.0,10685.0,0.0,10685.0,10685.0,10685.0,0.777683675289154,1.0,0.05814817547798157,0.0046437145210802555,0.007988139986991882,0.999645471572876,2.1497199535369873,0.758963942527771,0.0005501948180608451,0.0005534873926080763,2.1490302085876465,0.7586154341697693,0.0003484785556793213,0.0015158578753471375,0.0032665133476257324,-0.003499627113342285,1.000349998474121,0.0011130571365356445,-0.02884995937347412,0.0,0.0,0.0,0.05746755935251713,0.05746755748987198,0.18144309520721436,1e-06,24.165027618408203,28.3828125,50.61054229736328,0.0,779.0,0.0,0.19166666269302368,1.0,0.0,0.19166666269302368,1.0,0.0,-0.05746755376458168,2.4967658519744873,-0.5920166373252869,-0.05746755376458168,2.4967658519744873,-0.5920166373252869,180.8125,305.0,93.0,0.0625,180.8125,305.0,93.0,0.0625,0.0,487.0,487.0,487.0,1.0,49.00452968897298,2.4588294248096645,0.00965944491326809,4.384406411089003,2.0801929719746113,58.4384759538807,16.939000929475625,0.0009040191776572849,0.4103328414683204,10685.0,58.4384759538807,182.84186617790203,2.0,2.0,2.0,,0.19166666269302368,0.0,1.0,1.0,True,False,False,False,True,True,True,True,True,True
780.0,15232.0,15232.0,0.0,15232.0,15232.0,15232.0,0.7330172061920166,1.0,0.05842798948287964,0.003966795280575752,0.007557363249361515,0.9997007250785828,2.244907855987549,0.7721495628356934,6.648481939919293e-05,0.00042245539953000844,2.2453036308288574,0.7722609043121338,-0.00011134892702102661,0.0011567622423171997,0.0025246143341064453,-0.002645134925842285,0.999889612197876,0.0015544891357421875,0.31707918643951416,0.0,0.0,0.0,0.027060044929385185,0.027060043066740036,0.1608618050813675,1e-06,24.165027618408203,28.3828125,50.51900863647461,0.0,780.0,0.0,0.7291666269302368,1.0,0.46666666865348816,0.7291666269302368,1.0,0.46666666865348816,-0.02705998718738556,1.2251166105270386,-1.18742036819458,-0.02705998718738556,1.2251166105270386,-1.18742036819458,280.0,512.0,162.0,0.0625,280.0,512.0,162.0,0.0625,0.0,672.0,672.0,672.0,1.0,89.00689214235172,2.9232027688995004,0.009739653673022985,5.803364899940789,2.084027065895498,100.32782220188528,19.867609853203508,0.0006394205405083368,0.38099822084695306,15232.0,100.32782220188528,151.82229281673546,2.0,2.0,2.0,,0.7291666269302368,0.46666666865348816,1.0,0.5333333313465118,True,False,False,False,True,True,True,True,True,True
781.0,15969.0,15969.0,0.0,15969.0,15969.0,15969.0,0.6507189273834229,1.0,0.061029523611068726,0.003920515533536673,0.007586387451738119,0.9996790885925293,2.018984794616699,0.6843677163124084,0.0005198200233280659,0.00038655573735013604,2.0181655883789062,0.6841434836387634,0.0002242308109998703,0.0022284816950559616,0.004056334495544434,-0.006238460540771484,1.0002284049987793,0.0005072355270385742,0.8038431406021118,0.0,0.0,0.0,0.0455436110496521,0.0455436110496521,0.15182532370090485,1e-06,24.165027618408203,28.3828125,50.53628158569336,0.0,781.0,0.0,0.4208333492279053,1.0,0.0,0.4208333492279053,1.0,0.0,-0.04554368928074837,1.1711093187332153,-0.8509500622749329,-0.04554368928074837,1.1711093187332153,-0.8509500622749329,281.0625,512.0,146.0,0.0625,281.0625,512.0,146.0,0.0625,0.0,717.0,717.0,717.0,1.0,71.00582265015692,2.996995761990547,0.009221579879522324,6.037508910987526,2.0916661638766527,82.64352487539873,15.789598098767382,0.0005774675859178611,0.3780768307963884,15969.0,82.64352487539873,193.22747939510555,2.0,2.0,2.0,,0.4208333492279053,0.0,1.0,1.0,True,False,False,False,True,True,True,True,True,True
782.0,12250.0,12250.0,0.0,12250.0,12250.0,12250.0,0.790476381778717,1.0,0.060971617698669434,0.004312232602387667,0.007862556725740433,0.9996708035469055,2.2681026458740234,0.8004069924354553,0.0005570324719883502,0.000451316504040733,2.266902208328247,0.7997182607650757,0.0006887037307024002,0.0016235578805208206,0.005905598402023315,-0.002080559730529785,1.0006910562515259,0.0006936788558959961,0.024722933769226074,0.0,0.0,0.0,0.060119397938251495,0.060119397938251495,0.156297504901886,1e-06,24.165027618408203,28.3828125,50.51347732543945,0.0,782.0,0.0,0.02500000037252903,0.4000000059604645,0.0,0.02500000037252903,0.4000000059604645,0.0,-0.06011945381760597,3.749962568283081,-0.24999751150608063,-0.06011945381760597,3.749962568283081,-0.24999751150608063,239.625,439.0,158.0,0.0625,239.625,439.0,158.0,0.0625,0.0,526.0,526.0,526.0,1.0,962.0792679870501,2.593268508091569,0.009453598875552416,4.78704072162509,2.117868669796735,972.0933653698303,250.93355972536517,0.0007717223571879524,0.3907788344183747,12250.0,972.0933653698303,12.601670206173582,2.0,2.0,2.0,,0.02500000037252903,0.0,0.4000000059604645,0.4000000059604645,True,False,False,False,True,False,True,True,True,True
783.0,10939.0,10939.0,0.0,10939.0,10939.0,10939.0,0.7832915782928467,1.0,0.05406904220581055,0.004109041299670935,0.007496189326047897,0.9997039437294006,2.2906415462493896,0.8051072359085083,0.00018142018234357238,0.0004370420065242797,2.2905218601226807,0.8049400448799133,0.0001672450453042984,0.0014738347381353378,0.0035989880561828613,-0.004886806011199951,1.000169038772583,0.0013862848281860352,0.5242456197738647,0.0,0.0,0.0,-0.03673219680786133,-0.03673219680786133,0.18032361567020416,1e-06,24.165027618408203,28.3828125,50.54391860961914,0.0,783.0,0.0,0.15833333134651184,1.0,0.0,0.15833333134651184,1.0,0.0,0.03673212230205536,2.4704225063323975,-0.46473291516304016,0.03673212230205536,2.4704225063323975,-0.46473291516304016,232.6875,343.0,119.0,0.0625,232.6875,343.0,119.0,0.0625,0.0,451.0,451.0,451.0,1.0,226.01924312114716,2.4567496068775654,0.009881135076284409,4.386380218435079,2.0865197950042784,235.46230317745358,60.708902261925104,0.0009032941837722286,0.4009854848190035,10939.0,235.46230317745358,46.45754268255816,2.0,2.0,2.0,,0.15833333134651184,0.0,1.0,1.0,True,False,False,False,True,True,True,True,True,True
784.0,15652.0,15652.0,0.0,15652.0,15652.0,15652.0,0.8132510781288147,1.0,0.060601770877838135,0.004844413138926029,0.0086979940533638,0.9995932579040527,2.2909443378448486,0.8172057271003723,0.0013837394071742892,0.0005597564741037786,2.2878880500793457,0.8158563375473022,0.0013493336737155914,0.0022366009652614594,0.005144715309143066,-0.0045296549797058105,1.0013527870178223,-0.0005397200584411621,-0.18056553602218628,0.0,0.0,0.0,0.0,0.0,0.0,1e-06,24.165027618408203,28.3828125,50.532447814941406,0.0,784.0,0.0,0.0,0.0,0.0,0.0,0.0,0.0,0.0,0.0,0.0,0.0,0.0,0.0,240.25,485.0,111.0,0.0625,240.25,485.0,111.0,0.0625,0.0,738.0,738.0,738.0,1.0,62.00490731326863,2.949059459846467,0.009680664166808128,5.879647634923458,2.0902578588575125,73.4354716478847,16.13030887441952,0.0006184937494766247,0.3756483283237579,15652.0,73.4354716478847,213.13950395865476,2.0,2.0,2.0,,0.0,0.0,0.0,0.0,False,True,False,False,False,False,False,False,False,False
785.0,11477.0,11477.0,0.0,11477.0,11477.0,11477.0,0.7270318269729614,1.0,0.05856943130493164,0.0037576882168650627,0.0073793563060462475,0.9997158646583557,2.4300434589385986,0.8140525817871094,0.00036679371260106564,0.00041517068166285753,2.4296014308929443,0.8136427998542786,0.00040982477366924286,0.0012727770954370499,0.0022085905075073242,-0.003631591796875,1.000411033630371,0.0009267330169677734,0.39988887310028076,0.0,0.0,0.0,-0.05420253239572048,-0.05420253425836563,0.1588590443134308,1e-06,24.165027618408203,28.3828125,50.58523178100586,0.0,785.0,0.0,0.38750001788139343,1.0,0.0,0.38750001788139343,1.0,0.0,0.05420251563191414,1.680315375328064,-1.0630568265914917,0.05420251563191414,1.680315375328064,-1.0630568265914917,281.3125,512.0,136.0,0.0625,281.3125,512.0,136.0,0.0625,0.0,436.0,436.0,436.0,1.0,103.00777990976349,2.591511117760092,0.010258255060762167,4.7756327711977065,2.086822354234755,112.97175308410078,22.88553208392879,0.0008938097987942988,0.41610462413502713,11477.0,112.97175308410078,101.59176685039182,2.0,2.0,2.0,,0.38750001788139343,0.0,1.0,1.0,True,False,False,False,True,True,True,True,True,True
786.0,11128.0,11128.0,0.0,11128.0,11128.0,11128.0,0.8107122182846069,1.0,0.062015801668167114,0.00431159557774663,0.007806139066815376,0.9996737241744995,2.271719217300415,0.8092221021652222,0.0014111442724242806,0.000495716230943799,2.268277645111084,0.8077526688575745,0.0014694929122924805,0.0017540603876113892,0.004367649555206299,-0.0010203719139099121,1.0014718770980835,-0.0008487105369567871,-0.30401843786239624,0.0,0.0,0.0,0.01646639034152031,0.016466394066810608,0.18061158061027527,1e-06,24.165027618408203,28.3828125,50.510196685791016,0.0,786.0,0.0,0.6208333373069763,0.8666666746139526,0.0,0.6208333373069763,0.8666666746139526,0.0,-0.016466429457068443,0.982166051864624,-2.4803853034973145,-0.016466429457068443,0.982166051864624,-2.4803853034973145,184.5,342.0,85.0,0.0625,184.5,342.0,85.0,0.0625,0.0,511.0,511.0,511.0,1.0,269.02297079283744,2.485495628323406,0.00999899860471487,4.484037056099623,2.1028396231122315,278.60687033087015,91.13244268050049,0.000898544087411473,0.402950849757335,11128.0,278.60687033087015,39.941585025468044,2.0,2.0,2.0,,0.6208333373069763,0.0,0.8666666746139526,0.8666666746139526,True,False,False,False,True,False,True,True,True,True
787.0,20893.0,20893.0,0.0,20893.0,20893.0,20893.0,0.7708196640014648,1.0,0.06009522080421448,0.004213274922221899,0.007765742018818855,0.9996753931045532,2.2896945476531982,0.8080246448516846,0.0009875331306830049,0.0004432583518791944,2.2874019145965576,0.8070513010025024,0.0009733922779560089,0.0012721382081508636,0.00464940071105957,-0.0007233619689941406,1.0009753704071045,-0.00020056962966918945,-0.2443646788597107,0.0,0.0,0.0,0.1100960485637188,0.1100960522890091,0.09944123029708862,1e-06,24.165027618408203,28.3828125,50.571346282958984,0.0,787.0,0.0,0.004166666883975267,0.06666667014360428,0.0,0.004166666883975267,0.06666667014360428,0.0,-0.1100960299372673,3.749774694442749,-0.2499849945306778,-0.1100960299372673,3.749774694442749,-0.2499849945306778,328.8125,512.0,154.0,0.1875,328.8125,512.0,154.0,0.1875,0.0,977.0,977.0,977.0,1.0,103.00840669078752,3.4947719792835414,0.010375094134360552,7.584817531052977,2.0890791858546436,116.68892101477832,19.57962491746579,0.0004965823067228523,0.3630315192194982,20893.0,116.68892101477832,179.04870332423386,2.0,2.0,2.0,,0.004166666883975267,0.0,0.06666667014360428,0.06666667014360428,True,False,False,False,True,False,True,True,True,True
788.0,8889.0,8889.0,0.0,8889.0,8889.0,8889.0,0.6073228120803833,1.0,0.05867481231689453,0.0040800427086651325,0.007796799764037132,0.9996308088302612,1.9207382202148438,0.6365237236022949,0.0004266471660230309,0.00041029349085874856,1.919632077217102,0.6359361410140991,0.0005875043570995331,0.0019393153488636017,0.003616511821746826,-0.0032243728637695312,1.0005900859832764,0.0007880926132202148,0.1257188320159912,0.0,0.0,0.0,0.0905720703303814,0.09057207405567169,0.18848009407520294,1e-06,24.165027618408203,28.3828125,50.554691314697266,0.0,788.0,0.0,0.5625,1.0,0.0,0.5625,1.0,0.0,-0.09057209640741348,0.8539109230041504,-1.0978854894638062,-0.09057209640741348,0.8539109230041504,-1.0978854894638062,180.5625,408.0,84.0,0.0625,180.5625,408.0,84.0,0.0625,0.0,375.0,375.0,375.0,1.0,49.00399979297072,2.281004664953798,0.01015100721269846,3.923313132021576,2.0931892064400017,57.813927649986,16.962270610235624,0.0011419740367531173,0.441367210262299,8889.0,57.813927649986,153.75187885201834,2.0,2.0,2.0,,0.5625,0.0,1.0,1.0,True,False,False,False,True,True,True,True,True,True
789.0,25924.0,25924.0,0.0,25924.0,25924.0,25924.0,0.8022283911705017,1.0,0.054351985454559326,0.004628526978194714,0.008083670400083065,0.9996418952941895,2.2457449436187744,0.7975708246231079,0.00014707322407048196,0.0004884537192992866,2.2456936836242676,0.7974656820297241,0.00010516121983528137,0.0014882497489452362,0.0049408674240112305,-0.0038250088691711426,1.0001071691513062,0.0016682147979736328,0.16385114192962646,0.0,0.0,0.0,0.06756814569234848,0.06756815314292908,0.1624658852815628,1e-06,24.165027618408203,28.3828125,50.53237533569336,0.0,789.0,0.0,0.125,1.0,0.0,0.125,1.0,0.0,-0.06756813824176788,2.561730146408081,-0.3659614622592926,-0.06756813824176788,2.561730146408081,-0.3659614622592926,234.25,425.0,81.0,0.0625,234.25,425.0,81.0,0.0625,0.0,1386.0,1386.0,1386.0,1.0,281.0235482431017,3.9311919561587274,0.009949034079909325,9.204599803313613,2.1436939192935824,296.8224369753152,74.97960198588626,0.000383776966514015,0.3550609397976243,25924.0,296.8224369753152,87.33841101828811,2.0,2.0,2.0,,0.125,0.0,1.0,1.0,True,False,False,False,True,True,True,True,True,True
790.0,18136.0,18136.0,0.0,18136.0,18136.0,18136.0,1.0008882284164429,1.0,0.05859699845314026,0.004348312970250845,0.007788822054862976,0.9997063875198364,2.969733238220215,1.0382153987884521,-8.706138032721356e-05,0.0005036322982050478,2.970907688140869,1.038341760635376,-0.00012640655040740967,0.0013153254985809326,0.0023173093795776367,-0.002266407012939453,0.9998747706413269,0.0021914243698120117,0.5405446290969849,0.0,0.0,0.0,0.0,0.0,0.0,1e-06,24.165027618408203,28.3828125,50.539981842041016,0.0,790.0,0.0,0.0,0.0,0.0,0.0,0.0,0.0,0.0,0.0,0.0,0.0,0.0,0.0,288.5,512.0,154.0,0.0625,288.5,512.0,154.0,0.0625,0.0,845.0,845.0,845.0,1.0,413.0335629340261,3.1980651640333235,0.009702491108328104,6.599543069023639,2.421959986910224,425.764687105082,89.47867481239734,0.0005349851735955064,0.3638918763246382,18136.0,425.764687105082,42.596299198303164,2.0,2.0,2.0,,0.0,0.0,0.0,0.0,False,True,False,False,False,False,False,False,False,False
791.0,20917.0,20917.0,0.0,20917.0,20917.0,20917.0,0.768174409866333,1.0,0.06235861778259277,0.0040835547260940075,0.0076089175418019295,0.9996964931488037,2.576376438140869,0.8539041876792908,0.0007407868397422135,0.0004723317688331008,2.5757055282592773,0.8532847166061401,0.0006195381283760071,0.0016037672758102417,0.003611445426940918,-0.0024280548095703125,1.0006213188171387,0.00040709972381591797,-0.07995283603668213,0.0,0.0,0.0,0.0,0.0,0.0,1e-06,24.165027618408203,28.3828125,50.54995346069336,0.0,791.0,0.0,0.0,0.0,0.0,0.0,0.0,0.0,0.0,0.0,0.0,0.0,0.0,0.0,257.3125,512.0,97.0,0.0625,257.3125,512.0,97.0,0.0625,0.0,1050.0,1050.0,1050.0,1.0,92.00783506594598,3.4602155601605773,0.009579857811331749,7.457456968724728,2.0672647510655224,105.50418948801234,22.348271815872234,0.000457993871555756,0.3565261255784638,20917.0,105.50418948801234,198.257529881092,2.0,2.0,2.0,,0.0,0.0,0.0,0.0,False,True,False,False,False,False,False,False,False,False
792.0,17514.0,17514.0,0.0,17514.0,17514.0,17514.0,0.7346395254135132,1.0,0.09177374839782715,0.004044654779136181,0.007801818661391735,0.9996815323829651,2.1593124866485596,0.7558791637420654,8.381440420635045e-05,0.00046208591083996,2.1587398052215576,0.7556469440460205,0.00023217126727104187,0.0011060647666454315,0.005702018737792969,-0.0018647313117980957,1.0002336502075195,0.0016870498657226562,0.2934753894805908,0.0,0.0,0.0,-0.048056043684482574,-0.04805603623390198,0.14599454402923584,1e-06,24.165027618408203,28.3828125,50.53778076171875,0.0,792.0,0.0,0.11250000447034836,0.8666666746139526,0.0,0.11250000447034836,0.8666666746139526,0.0,0.048056039959192276,3.6582279205322266,-0.5457025170326233,0.048056039959192276,3.6582279205322266,-0.5457025170326233,330.625,510.0,154.0,0.0625,330.625,510.0,154.0,0.0625,0.0,764.0,764.0,764.0,1.0,181.02539535705,3.1113371662795544,0.009666559752076864,6.3324095900170505,2.0802684761583805,193.0643631326966,34.22030157978261,0.0005519332963387498,0.36156272639128983,17514.0,193.0643631326966,90.71586136257739,2.0,2.0,2.0,,0.11250000447034836,0.0,0.8666666746139526,0.8666666746139526,True,False,False,False,True,False,True,True,True,True
793.0,15560.0,15560.0,0.0,15560.0,15560.0,15560.0,0.8600063323974609,1.0,0.059529900550842285,0.00471263425424695,0.008100071921944618,0.9996553659439087,2.4681737422943115,0.8805580139160156,-0.0005085296579636633,0.0005240438040345907,2.4697256088256836,0.8809934854507446,-0.0004353933036327362,0.001920495182275772,0.004381418228149414,-0.004826545715332031,0.9995675086975098,0.00311887264251709,2.331827402114868,0.0,0.0,0.0,-0.10009083896875381,-0.10009083151817322,0.18154878914356232,1e-06,24.165027618408203,28.3828125,50.60443878173828,0.0,793.0,0.0,0.05833333730697632,0.2666666805744171,0.0,0.05833333730697632,0.2666666805744171,0.0,0.10009083151817322,2.5951390266418457,-0.726638913154602,0.10009083151817322,2.5951390266418457,-0.726638913154602,251.5,412.0,137.0,0.0625,251.5,412.0,137.0,0.0625,0.0,721.0,721.0,721.0,1.0,68.006022058893,2.9259989270940423,0.00934265786781907,5.796691258903593,2.1021368922665715,79.3420345177874,16.900104885410784,0.00060042788353593,0.3725379986441898,15560.0,79.3420345177874,196.112944349967,2.0,2.0,2.0,,0.05833333730697632,0.0,0.2666666805744171,0.2666666805744171,True,False,False,False,True,False,True,True,True,True
794.0,16742.0,16742.0,0.0,16742.0,16742.0,16742.0,0.7285402417182922,1.0,0.059994637966156006,0.004343693144619465,0.0079286377876997,0.9996435046195984,2.2666614055633545,0.7490167021751404,0.00044633561628870666,0.00042317138286307454,2.264774799346924,0.7484819293022156,0.0005348250269889832,0.0013130530714988708,0.003053903579711914,-0.0031667351722717285,1.0005362033843994,0.0008015632629394531,0.21759557723999023,0.0,0.0,0.0,-0.029953557124827057,-0.029953554272651672,0.14107497036457062,1e-06,24.165027618408203,28.3828125,50.55111312866211,0.0,794.0,0.0,0.17500001192092896,0.800000011920929,0.0,0.17500001192092896,0.800000011920929,0.0,0.029953526332974434,2.3548052310943604,-0.6593455076217651,0.029953526332974434,2.3548052310943604,-0.6593455076217651,353.375,512.0,126.0,0.0625,353.375,512.0,126.0,0.0625,0.0,693.0,693.0,693.0,1.0,59.0050005717203,3.0460728807374835,0.009547865949571133,6.165099478792399,2.0957717983983457,70.8247866728343,10.435974632423116,0.0005702942270679209,0.3682415170703858,16742.0,70.8247866728343,236.38616911530485,2.0,2.0,2.0,,0.17500001192092896,0.0,0.800000011920929,0.800000011920929,True,False,False,False,True,False,True,True,True,True
795.0,15181.0,15181.0,0.0,15181.0,15181.0,15181.0,0.7831135392189026,1.0,0.05322825908660889,0.0040084668435156345,0.007441328372806311,0.9997091293334961,2.27953839302063,0.8011884093284607,0.00014465668937191367,0.0004387824737932533,2.2792701721191406,0.8010618090629578,0.00012651830911636353,0.0015714243054389954,0.0038872957229614258,-0.004989027976989746,1.0001287460327148,0.001470327377319336,0.7089852094650269,0.0,0.0,0.0,0.0,0.0,0.0,1e-06,24.165027618408203,28.3828125,50.58686065673828,0.0,795.0,0.0,0.0,0.0,0.0,0.0,0.0,0.0,0.0,0.0,0.0,0.0,0.0,0.0,285.8125,512.0,150.0,0.125,285.8125,512.0,150.0,0.125,0.0,663.0,663.0,663.0,1.0,87.00752625102177,2.935846580658108,0.010079650674015284,5.8461794829927385,2.0795274060219526,98.38099859002978,19.026356057516242,0.0006639648688502262,0.3850984443049034,15181.0,98.38099859002978,154.3082527883437,2.0,2.0,2.0,,0.0,0.0,0.0,0.0,False,True,False,False,False,False,False,False,False,False
796.0,9855.0,9855.0,0.0,9855.0,9855.0,9855.0,0.6952865719795227,1.0,0.057047247886657715,0.003889198414981365,0.007527146954089403,0.9997004866600037,2.1373634338378906,0.748793363571167,0.00018801074475049973,0.0004650007176678628,2.137115716934204,0.7487207055091858,7.263198494911194e-05,0.0013938136398792267,0.004455268383026123,-0.0035218000411987305,1.0000745058059692,0.0014814138412475586,0.19740331172943115,0.0,0.0,0.0,-0.025604113936424255,-0.025604113936424255,0.156513974070549,1e-06,24.165027618408203,28.3828125,50.596622467041016,0.0,796.0,0.0,0.0833333358168602,0.8666666746139526,0.0,0.0833333358168602,0.8666666746139526,0.0,0.0256041307002306,3.45986008644104,-0.36807021498680115,0.0256041307002306,3.45986008644104,-0.36807021498680115,258.9375,512.0,153.0,0.0625,258.9375,512.0,153.0,0.0625,0.0,357.0,357.0,357.0,1.0,41.00350694404915,2.457096189726144,0.0099402847699821,4.406091030687094,2.0875095422379673,50.46770142484456,9.89705695004807,0.0010086539594096498,0.4470919361427797,9855.0,50.46770142484456,195.2734069863645,2.0,2.0,2.0,,0.0833333358168602,0.0,0.8666666746139526,0.8666666746139526,True,False,False,False,True,False,True,True,True,True
797.0,10974.0,10974.0,0.0,10974.0,10974.0,10974.0,0.48555535078048706,1.0,0.062292665243148804,0.003381402464583516,0.007235439028590918,0.9996747374534607,1.6680787801742554,0.5054687857627869,7.038326202746248e-06,0.00033120662556029856,1.668092966079712,0.5055283308029175,-5.953013896942139e-05,0.0010976418852806091,0.0023564696311950684,-0.0029577016830444336,0.999941349029541,0.001314997673034668,0.25536537170410156,0.0,0.0,0.0,0.06145057454705238,0.06145057454705238,0.12951160967350006,1e-06,24.165027618408203,28.3828125,50.56869125366211,0.0,797.0,0.0,0.34166666865348816,1.0,0.0,0.34166666865348816,1.0,0.0,-0.061450593173503876,1.6022839546203613,-0.8315651416778564,-0.061450593173503876,1.6022839546203613,-0.8315651416778564,276.875,444.0,174.0,0.0625,276.875,444.0,174.0,0.0625,0.0,409.0,409.0,409.0,1.0,49.0045514581725,2.5023654741235077,0.009654960129410028,4.534262531902641,2.086390567943454,58.63819917291403,11.061975498458803,0.000879803182924187,0.413182297421418,10974.0,58.63819917291403,187.14762995431613,2.0,2.0,2.0,,0.34166666865348816,0.0,1.0,1.0,True,False,False,False,True,True,True,True,True,True
798.0,10219.0,10219.0,0.0,10219.0,10219.0,10219.0,0.6928518414497375,1.0,0.06133532524108887,0.004138121847063303,0.00791748147457838,0.9996560215950012,2.1235909461975098,0.7370250821113586,0.0001346463104709983,0.00044999303645454347,2.1225028038024902,0.7364882826805115,0.0005368199199438095,0.0018832776695489883,0.005256354808807373,-0.0035647153854370117,1.000540018081665,0.0015279054641723633,0.581433892250061,0.0,0.0,0.0,-0.08834773674607277,-0.08834773302078247,0.16958783566951752,1e-06,24.165027618408203,28.3828125,50.598731994628906,0.0,798.0,0.0,0.15833334624767303,0.3333333432674408,0.0,0.15833334624767303,0.3333333432674408,0.0,0.08834768831729889,1.5030577182769775,-1.3599094152450562,0.08834768831729889,1.5030577182769775,-1.3599094152450562,218.6875,444.0,105.0,0.0625,218.6875,444.0,105.0,0.0625,0.0,420.0,420.0,420.0,1.0,46.003784066066146,2.4453134001232684,0.009461399167776108,4.357087779790163,2.0869987360201776,55.40381837822497,13.147694788815704,0.000925863505996292,0.4263712476553638,10219.0,55.40381837822497,184.44577105206005,2.0,2.0,2.0,,0.15833334624767303,0.0,0.3333333432674408,0.3333333432674408,True,False,False,False,True,False,True,True,True,True
799.0,16570.0,16570.0,0.0,16570.0,16570.0,16570.0,0.744001567363739,1.0,0.0620502233505249,0.004175364039838314,0.007737870793789625,0.9996815919876099,2.2242016792297363,0.7785111665725708,-0.00015474959218408912,0.00043393022497184575,2.2251386642456055,0.7788711786270142,-0.0003599654883146286,0.0013184528797864914,0.002250075340270996,-0.003779470920562744,0.9996414184570312,0.0020492076873779297,0.7916333675384521,0.0,0.0,0.0,-0.02307916432619095,-0.02307918667793274,0.15747526288032532,1e-06,24.165027618408203,28.3828125,50.60498046875,0.0,799.0,0.0,0.48750001192092896,1.0,0.0,0.48750001192092896,1.0,0.0,0.023079127073287964,1.4012987613677979,-1.3329428434371948,0.023079127073287964,1.4012987613677979,-1.3329428434371948,295.625,512.0,191.0,0.0625,295.625,512.0,191.0,0.0625,0.0,740.0,740.0,740.0,1.0,71.00645760679618,3.045571249909699,0.009654212277382612,6.160578711889684,2.0955865192227066,82.81944612320513,15.011936069090101,0.0005826320022560417,0.37179111115809804,16570.0,82.81944612320513,200.0737843060419,2.0,2.0,2.0,,0.48750001192092896,0.0,1.0,1.0,True,False,False,False,True,True,True,True,True,True
800.0,17114.0,17114.0,0.0,17114.0,17114.0,17114.0,0.701749861240387,1.0,0.09165865182876587,0.003971725702285767,0.007716308813542128,0.9996771216392517,2.160979986190796,0.7476323843002319,0.00014298026508186013,0.0004319982836022973,2.160111904144287,0.7473125457763672,0.0003198515623807907,0.0009217467159032822,0.0025289058685302734,-0.0021227002143859863,1.0003206729888916,0.0014475584030151367,0.20439553260803223,0.0,0.0,0.0,0.04146351292729378,0.04146350920200348,0.16140016913414001,1e-06,24.165027618408203,28.3828125,50.58163833618164,0.0,800.0,0.0,0.0833333358168602,1.0,0.0,0.0833333358168602,1.0,0.0,-0.041463471949100494,3.5502209663391113,-0.3227473497390747,-0.041463471949100494,3.5502209663391113,-0.3227473497390747,265.625,512.0,119.0,0.0625,265.625,512.0,119.0,0.0625,0.0,804.0,804.0,804.0,1.0,175.01362727861851,3.111830265261233,0.009300698060542345,6.338358171284199,2.349581333808601,238.6247041542083,41.17967700673377,0.0005434555370189521,0.370361001009945,17114.0,238.6247041542083,71.71931364214615,2.0,2.0,2.0,51.29865136509761,0.0833333358168602,0.0,1.0,1.0,True,False,False,False,True,True,True,True,True,True
801.0,11542.0,11542.0,0.0,11542.0,11542.0,11542.0,0.6465053558349609,1.0,0.06187787652015686,0.004099993035197258,0.007757383864372969,0.9996524453163147,2.0044972896575928,0.6764014363288879,0.0004218693356961012,0.00043638606439344585,2.0035696029663086,0.6759113073348999,0.0004901997745037079,0.0012954846024513245,0.005329430103302002,-0.002461731433868408,1.0004918575286865,0.0009044408798217773,0.08902490139007568,0.0,0.0,0.0,-0.015147581696510315,-0.015147581696510315,0.13197562098503113,1e-06,24.61508274078369,28.3828125,50.33228302001953,0.0,801.0,0.0,0.008333333767950535,0.13333334028720856,0.0,0.008333333767950535,0.13333334028720856,0.0,0.015147559344768524,3.749887466430664,-0.2499925196170807,0.015147559344768524,3.749887466430664,-0.2499925196170807,274.375,512.0,114.0,0.0625,274.375,512.0,114.0,0.0625,0.0,447.0,447.0,447.0,1.0,145.012013529893,2.587682932149619,0.009384973905980587,4.781819420866668,2.086873337160796,154.98659846326336,33.03234932343804,0.0008131150499030139,0.4142972986368626,11542.0,154.98659846326336,74.47095500154364,2.0,2.0,2.0,,0.008333333767950535,0.0,0.13333334028720856,0.13333334028720856,True,False,False,False,True,False,True,True,True,True
802.0,12504.0,12504.0,0.0,12504.0,12504.0,12504.0,0.7514480948448181,1.0,0.06002601981163025,0.004076475743204355,0.007684976793825626,0.9996874928474426,2.2189319133758545,0.7619614005088806,4.609616007655859e-05,0.0004373101401142776,2.2195303440093994,0.7621293067932129,-0.00016795098781585693,0.0012985095381736755,0.0029096007347106934,-0.0038105249404907227,0.9998334050178528,0.0016623735427856445,0.26297569274902344,0.0,0.0,0.0,0.04946371540427208,0.04946371912956238,0.15968573093414307,1e-06,24.61508274078369,28.3828125,50.362003326416016,0.0,802.0,0.0,0.21250000596046448,0.46666666865348816,0.0,0.21250000596046448,0.46666666865348816,0.0,-0.04946374148130417,1.28306245803833,-1.0727243423461914,-0.04946374148130417,1.28306245803833,-1.0727243423461914,291.5,512.0,124.0,0.0625,291.5,512.0,124.0,0.0625,0.0,490.0,490.0,490.0,1.0,43.00408372981474,2.652169126085937,0.010570721700787544,4.982371425721794,2.0728004691191018,53.22142570791766,9.220429616169541,0.0008453872121551139,0.39846220615177497,12504.0,53.22142570791766,234.94297331722552,2.0,2.0,2.0,,0.21250000596046448,0.0,0.46666666865348816,0.46666666865348816,True,False,False,False,True,False,True,True,True,True
803.0,12742.0,12742.0,0.0,12742.0,12742.0,12742.0,0.5967202186584473,1.0,0.058750152587890625,0.0038602675776928663,0.007572481874376535,0.9996647238731384,1.9676694869995117,0.6515883207321167,0.00035461958032101393,0.00039479430415667593,1.967186689376831,0.6513475179672241,0.00024082697927951813,0.0009548012167215347,0.0019908547401428223,-0.0019912123680114746,1.0002415180206299,0.0008721351623535156,-0.01867091655731201,0.0,0.0,0.0,0.0,0.0,0.0,1e-06,24.61508274078369,28.3828125,50.37397384643555,0.0,803.0,0.0,0.0,0.0,0.0,0.0,0.0,0.0,0.0,0.0,0.0,0.0,0.0,0.0,298.375,512.0,124.0,0.1875,298.375,512.0,124.0,0.1875,0.0,498.0,498.0,498.0,1.0,953.0744362710975,2.7508104229345918,0.011161610949784517,5.279778997879475,2.158690102864057,963.7887914306484,199.63854970069073,0.0008759700949446333,0.41436030433836724,12742.0,963.7887914306484,13.220738935016842,2.0,2.0,2.0,,0.0,0.0,0.0,0.0,False,True,False,False,False,False,False,False,False,False
804.0,19223.0,19223.0,0.0,19223.0,19223.0,19223.0,0.8265896439552307,1.0,0.07572336494922638,0.004209998529404402,0.007757765240967274,0.9996911883354187,3.0789148807525635,0.9082640409469604,0.00015636894386261702,0.0004427392559591681,3.081709861755371,0.9083576202392578,-9.360164403915405e-05,0.0014815479516983032,0.0019000768661499023,-0.0039893388748168945,0.9999079704284668,0.0014619827270507812,0.4396783113479614,0.0,0.0,0.0,0.0,0.0,0.0,1e-06,24.61508274078369,28.3828125,50.3942756652832,0.0,804.0,0.0,0.0,0.0,0.0,0.0,0.0,0.0,0.0,0.0,0.0,0.0,0.0,0.0,279.4375,450.0,165.0,0.0625,279.4375,450.0,165.0,0.0625,0.0,922.0,922.0,922.0,1.0,92.00754459621385,3.2915523550473154,0.009499004110693932,6.873332032933831,2.086159104015678,104.76898029260337,20.578739565245773,0.0004941478494872773,0.35755771903104777,19223.0,104.76898029260337,183.47988065086793,2.0,2.0,2.0,,0.0,0.0,0.0,0.0,False,True,False,False,False,False,False,False,False,False
805.0,16992.0,16992.0,0.0,16992.0,16992.0,16992.0,0.8140642642974854,1.0,0.06042325496673584,0.004578104708343744,0.008084259927272797,0.9996450543403625,2.2309391498565674,0.7942427396774292,0.001246366766281426,0.0004740685108117759,2.2290139198303223,0.7932610511779785,0.0009816959500312805,0.0020286813378334045,0.0032036900520324707,-0.0053955912590026855,1.0009846687316895,-0.0005973577499389648,-0.02508443593978882,0.0,0.0,0.0,0.0,0.0,0.0,1e-06,24.61508274078369,28.3828125,50.43466567993164,0.0,805.0,0.0,0.0,0.0,0.0,0.0,0.0,0.0,0.0,0.0,0.0,0.0,0.0,0.0,272.0,512.0,99.0,0.0625,272.0,512.0,99.0,0.0625,0.0,790.0,790.0,790.0,1.0,85.00801052013412,3.077146385796368,0.009304109960794449,6.24172695633024,2.0905873547308147,96.92776081012562,19.533090652604347,0.0005475582604045697,0.36733327191209036,16992.0,96.92776081012562,175.3058139172954,2.0,2.0,2.0,,0.0,0.0,0.0,0.0,False,True,False,False,False,False,False,False,False,False
806.0,12078.0,12078.0,0.0,12078.0,12078.0,12078.0,0.8170554041862488,1.0,0.06134217977523804,0.004643565975129604,0.008071851916611195,0.9996399879455566,2.2675976753234863,0.8023898005485535,0.001138958614319563,0.0004863185458816588,2.2650420665740967,0.8013399839401245,0.0010498128831386566,0.0019587762653827667,0.005754351615905762,-0.003195464611053467,1.0010526180267334,-0.0003345012664794922,-0.002419590950012207,0.0,0.0,0.0,0.03539673611521721,0.03539673984050751,0.15651178359985352,1e-06,24.61508274078369,28.3828125,50.470420837402344,0.0,806.0,0.0,0.02500000223517418,0.20000000298023224,0.0,0.02500000223517418,0.20000000298023224,0.0,-0.03539670631289482,2.965846300125122,-0.42369234561920166,-0.03539670631289482,2.965846300125122,-0.42369234561920166,247.875,463.0,182.0,0.0625,247.875,463.0,182.0,0.0625,0.0,507.0,507.0,507.0,1.0,77.00706388102844,2.5912829232402146,0.009569103829562664,4.723277889192104,2.07408544793725,86.90623447019607,19.41680884544338,0.0007922755281969419,0.39106457105415665,12078.0,86.90623447019607,138.97737111302496,2.0,2.0,2.0,,0.02500000223517418,0.0,0.20000000298023224,0.20000000298023224,True,False,False,False,True,False,True,True,True,True
807.0,17709.0,17709.0,0.0,17709.0,17709.0,17709.0,0.7177574038505554,1.0,0.060840725898742676,0.0041797528974711895,0.007613232359290123,0.9996824860572815,2.092747211456299,0.724077582359314,0.00024836978991515934,0.0004450891283340752,2.092404365539551,0.7239028215408325,0.00017480924725532532,0.0009557157754898071,0.001890420913696289,-0.001638948917388916,1.0001754760742188,0.0012906789779663086,0.018322229385375977,0.0,0.0,0.0,-0.004771191626787186,-0.004771195352077484,0.16437560319900513,1e-06,24.61508274078369,28.3828125,50.43996810913086,0.0,807.0,0.0,0.03750000149011612,0.6000000238418579,0.0,0.03750000149011612,0.6000000238418579,0.0,0.004771190695464611,3.7499749660491943,-0.2499983310699463,0.004771190695464611,3.7499749660491943,-0.2499983310699463,271.8125,512.0,114.0,0.0625,271.8125,512.0,114.0,0.0625,0.0,835.0,835.0,835.0,1.0,55.00501216575503,3.166126178111881,0.00944956298917532,6.520279448013753,2.0973463067784905,67.29845105065033,12.647737908888258,0.0005336022920083189,0.36819015461142657,17709.0,67.29845105065033,263.14127180537645,2.0,2.0,2.0,,0.03750000149011612,0.0,0.6000000238418579,0.6000000238418579,True,False,False,False,True,False,True,True,True,True
808.0,13663.0,13663.0,0.0,13663.0,13663.0,13663.0,0.5215327739715576,1.0,0.0576251745223999,0.0037205424159765244,0.007606749422848225,0.9996377229690552,1.6728640794754028,0.5110656023025513,0.000737361959181726,0.0003779557882808149,1.671635627746582,0.5102527737617493,0.0008128564804792404,0.0017282459884881973,0.0049000084400177,-0.003226161003112793,1.0008153915405273,3.4809112548828125e-05,0.047110795974731445,0.0,0.0,0.0,0.009945105761289597,0.009945105761289597,0.12603580951690674,1e-06,24.61508274078369,28.3828125,50.4574089050293,0.0,808.0,0.0,0.8625000715255737,1.0,0.3333333432674408,0.8625000715255737,1.0,0.3333333432674408,-0.009945111349225044,0.7034731507301331,-2.7073073387145996,-0.009945111349225044,0.7034731507301331,-2.7073073387145996,265.9375,425.0,140.0,0.0625,265.9375,425.0,140.0,0.0625,0.0,588.0,588.0,588.0,1.0,46.004412779118866,2.772065974306315,0.010013306979089975,5.3589856661856174,2.0805646902881563,56.727656265255064,10.81184789168481,0.0007328776241740449,0.39222613380557836,13663.0,56.727656265255064,240.8525382418876,2.0,2.0,2.0,,0.8625000715255737,0.3333333432674408,1.0,0.6666666567325592,True,False,False,False,True,True,True,True,True,True
809.0,10855.0,10855.0,0.0,10855.0,10855.0,10855.0,0.9874202013015747,1.0,0.05037131905555725,0.004536883439868689,0.00768342474475503,0.999701976776123,2.881552219390869,1.0262844562530518,0.0013056120369583368,0.0005461701075546443,2.87734055519104,1.0250216722488403,0.0012627877295017242,0.00216544046998024,0.004979610443115234,-0.003200054168701172,1.0012662410736084,-0.00043082237243652344,-0.16466140747070312,0.0,0.0,0.0,-0.06561805307865143,-0.06561805307865143,0.22608214616775513,1e-06,24.61508274078369,28.3828125,50.49903869628906,0.0,809.0,0.0,0.004166666883975267,0.06666667014360428,0.0,0.004166666883975267,0.06666667014360428,0.0,0.06561808288097382,3.749774694442749,-0.2499849945306778,0.06561808288097382,3.749774694442749,-0.2499849945306778,196.4375,363.0,88.0,0.0625,196.4375,363.0,88.0,0.0625,0.0,482.0,482.0,482.0,1.0,75.00577074708417,2.4742656857706606,0.009583372622728348,4.4589971248060465,2.093966958578676,84.54313908377662,23.86438776553744,0.0008828533047193319,0.4107781782409992,10855.0,84.54313908377662,128.39598952250185,2.0,2.0,2.0,,0.004166666883975267,0.0,0.06666667014360428,0.06666667014360428,True,False,False,False,True,False,True,True,True,True
810.0,9149.0,9149.0,0.0,9149.0,9149.0,9149.0,0.6904329657554626,1.0,0.12188741564750671,0.004398050252348185,0.008204822428524494,0.9996174573898315,2.0318567752838135,0.6856036186218262,-0.0005236807628534734,0.0004443245998118073,2.0338542461395264,0.6863095164299011,-0.0007060002535581589,0.0016079302877187729,0.003000795841217041,-0.004695475101470947,0.9992960691452026,0.002832174301147461,0.5138607025146484,0.0,0.0,0.0,-0.14090681448578835,-0.14090681076049805,0.201293483376503,1e-06,24.61508274078369,28.3828125,50.43620681762695,0.0,810.0,0.0,0.3125,1.0,0.0,0.3125,1.0,0.0,0.14090681076049805,1.4361376762390137,-0.652789831161499,0.14090681076049805,1.4361376762390137,-0.652789831161499,190.8125,296.0,119.0,0.0625,190.8125,296.0,119.0,0.0625,0.0,381.0,381.0,381.0,1.0,53.005121669732034,2.2782156821340322,0.010321902111172676,3.893833284266293,2.091447049751878,61.777568398974836,17.3616513821592,0.0011282000340116598,0.42560206407982215,9149.0,61.777568398974836,148.09582567111565,2.0,2.0,2.0,,0.3125,0.0,1.0,1.0,True,False,False,False,True,True,True,True,True,True
811.0,18339.0,18339.0,0.0,18339.0,18339.0,18339.0,0.6942763328552246,1.0,0.06198534369468689,0.0040707956068217754,0.007634418085217476,0.9996820092201233,2.0422842502593994,0.7053736448287964,0.000872812990564853,0.0004341200983617455,2.0405216217041016,0.7044709324836731,0.0009026788175106049,0.0012150444090366364,0.0034012198448181152,-0.0010091662406921387,1.0009039640426636,-1.0371208190917969e-05,-0.22352081537246704,0.0,0.0,0.0,0.0,0.0,0.0,1e-06,24.61508274078369,28.3828125,50.4431037902832,0.0,811.0,0.0,0.0,0.0,0.0,0.0,0.0,0.0,0.0,0.0,0.0,0.0,0.0,0.0,330.1875,512.0,150.0,0.125,330.1875,512.0,150.0,0.125,0.0,816.0,816.0,816.0,1.0,248.02009679283947,3.2290368010289967,0.009523225016891956,6.709914822131395,2.1121851722709835,260.5830160952173,46.946828845890494,0.0005192881300448201,0.36588226305313243,18339.0,260.5830160952173,70.37680457769707,2.0,2.0,2.0,,0.0,0.0,0.0,0.0,False,True,False,False,False,False,False,False,False,False
812.0,12454.0,12454.0,0.0,12454.0,12454.0,12454.0,0.8482086062431335,1.0,0.058563053607940674,0.004251041915267706,0.007632068358361721,0.9997008442878723,2.4293038845062256,0.8533079028129578,-7.154435297707096e-05,0.0004848110838793218,2.4290523529052734,0.8534514904022217,-0.00014358572661876678,0.0017547328025102615,0.003958702087402344,-0.003529787063598633,0.9998584985733032,0.0020884275436401367,0.5317643880844116,0.0,0.0,0.0,0.0,0.0,0.0,1e-06,24.61508274078369,28.3828125,50.419097900390625,0.0,812.0,0.0,0.0,0.0,0.0,0.0,0.0,0.0,0.0,0.0,0.0,0.0,0.0,0.0,244.375,465.0,85.0,0.0625,244.375,465.0,85.0,0.0625,0.0,534.0,534.0,534.0,1.0,173.01372840069234,2.6111796027980745,0.009354445151984692,4.888469554949552,2.1079275752417743,183.13219321426004,44.249035396596504,0.0007511197327753887,0.39252204552349057,12454.0,183.13219321426004,68.00551984559664,2.0,2.0,2.0,,0.0,0.0,0.0,0.0,False,True,False,False,False,False,False,False,False,False
813.0,18475.0,18475.0,0.0,18475.0,18475.0,18475.0,0.8185264468193054,1.0,0.05509072542190552,0.004477077163755894,0.008008350618183613,0.9996630549430847,2.566462993621826,0.88394695520401,-0.0001521002413937822,0.0004958305507898331,2.5665981769561768,0.8840864300727844,-0.0001395009458065033,0.0009116791188716888,0.0022205114364624023,-0.0021202564239501953,0.9998611211776733,0.0022956132888793945,0.34125447273254395,0.0,0.0,0.0,0.0,0.0,0.0,1e-06,24.61508274078369,28.3828125,50.41902542114258,0.0,813.0,0.0,0.0,0.0,0.0,0.0,0.0,0.0,0.0,0.0,0.0,0.0,0.0,0.0,306.6875,512.0,137.0,0.125,306.6875,512.0,137.0,0.125,0.0,848.0,848.0,848.0,1.0,153.01439519785345,3.2735860971733928,0.009453020989894867,6.850509298034012,2.1005436908453703,165.7479710332118,31.182880619085683,0.0005116655474909265,0.370798879460569,18475.0,165.7479710332118,111.46441120716987,2.0,2.0,2.0,,0.0,0.0,0.0,0.0,False,True,False,False,False,False,False,False,False,False
814.0,8431.0,8431.0,0.0,8431.0,8431.0,8431.0,0.610284149646759,1.0,0.049013733863830566,0.00350399361923337,0.007429258432239294,0.9997007846832275,1.9167594909667969,0.6371854543685913,0.00022051652194932103,0.0003811523492913693,1.9166114330291748,0.6371411085128784,4.442781209945679e-05,0.0018166229128837585,0.0038970112800598145,-0.004730641841888428,1.000047206878662,0.0010834932327270508,0.17686975002288818,0.0,0.0,0.0,0.0,0.0,0.0,1e-06,24.61508274078369,28.3828125,50.502525329589844,0.0,814.0,0.0,1.0,1.0,1.0,1.0,1.0,1.0,0.0,0.0,0.0,0.0,0.0,0.0,206.9375,399.0,86.0,0.0625,206.9375,399.0,86.0,0.0625,0.0,320.0,320.0,320.0,1.0,36.00360352918506,2.2434739330783486,0.009257152210921049,3.7999805910512805,2.091314096003771,44.64800743898377,10.87393643285565,0.0010979898245666053,0.4507152877536805,8431.0,44.64800743898377,188.83261501696026,2.0,2.0,2.0,,1.0,1.0,1.0,0.0,False,False,True,False,True,True,False,False,False,False
815.0,11438.0,11438.0,0.0,11438.0,11438.0,11438.0,0.7378070950508118,1.0,0.053454846143722534,0.004294441547244787,0.007773964200168848,0.9996812343597412,2.1828043460845947,0.7686617970466614,0.0005457915249280632,0.000475411448860541,2.181960105895996,0.7682720422744751,0.00038978829979896545,0.001920316368341446,0.004056453704833984,-0.0040888190269470215,1.0003924369812012,0.0008102655410766602,0.3156263828277588,0.0,0.0,0.0,-0.03260639123618603,-0.03260638564825058,0.18898198008537292,1e-06,24.61508274078369,28.3828125,50.43688201904297,0.0,815.0,0.0,0.125,1.0,0.0,0.125,1.0,0.0,0.03260641172528267,2.561730146408081,-0.3659614622592926,0.03260641172528267,2.561730146408081,-0.3659614622592926,225.875,351.0,133.0,0.0625,225.875,351.0,133.0,0.0625,0.0,489.0,489.0,489.0,1.0,58.0053320908919,2.511830843053758,0.00941739697009325,4.565366631373763,2.1151680289767683,67.70770510472357,16.050174900634172,0.0008233429769271944,0.39914028950636155,11438.0,67.70770510472357,168.93202896640543,2.0,2.0,2.0,,0.125,0.0,1.0,1.0,True,False,False,False,True,True,True,True,True,True
816.0,11194.0,11194.0,0.0,11194.0,11194.0,11194.0,0.6741483807563782,1.0,0.05624637007713318,0.0038057309575378895,0.007411805447191,0.9997010231018066,2.032912254333496,0.6927184462547302,0.001622810959815979,0.00044030166463926435,2.029390335083008,0.6911578178405762,0.001560525968670845,0.001862233504652977,0.004516899585723877,-0.0011758506298065186,1.0015630722045898,-0.00148087739944458,-0.4157339930534363,0.0,0.0,0.0,0.0,0.0,0.0,1e-06,24.61508274078369,28.3828125,50.439823150634766,0.0,816.0,0.0,0.0,0.0,0.0,0.0,0.0,0.0,0.0,0.0,0.0,0.0,0.0,0.0,260.625,505.0,151.0,0.0625,260.625,505.0,151.0,0.0625,0.0,439.0,439.0,439.0,1.0,685.0577834490687,2.53344139829278,0.009761194232851267,4.619901882018894,2.16230727173388,694.8841007719748,164.2824420741172,0.0008720023434742957,0.41271233535991547,11194.0,694.8841007719748,16.109161207695117,2.0,2.0,2.0,,0.0,0.0,0.0,0.0,False,True,False,False,False,False,False,False,False,False
817.0,9752.0,9752.0,0.0,9752.0,9752.0,9752.0,0.6178463697433472,1.0,0.062150388956069946,0.003928318154066801,0.007630683481693268,0.9996693730354309,1.9648966789245605,0.6446337699890137,0.00042339463834650815,0.00043887190986424685,1.963493824005127,0.6442379355430603,0.0003958791494369507,0.0021783486008644104,0.004123866558074951,-0.004106760025024414,1.000398874282837,0.0009125471115112305,0.3001978397369385,0.0,0.0,0.0,-0.06218838319182396,-0.06218837946653366,0.18740995228290558,1e-06,24.61508274078369,28.3828125,50.43048858642578,0.0,817.0,0.0,0.9333333373069763,1.0,0.7333333492279053,0.9333333373069763,1.0,0.7333333492279053,0.062188439071178436,0.5590122938156128,-1.677037000656128,0.062188439071178436,0.5590122938156128,-1.677037000656128,204.5,313.0,90.0,0.0625,204.5,313.0,90.0,0.0625,0.0,405.0,405.0,405.0,1.0,42.00421123020351,2.357566077262163,0.009825120214372873,4.11401724210009,2.090139662846923,51.07614648481831,12.837472869866598,0.0010074979711210904,0.4218639501743324,9752.0,51.07614648481831,190.93061382182873,2.0,2.0,2.0,,0.9333333373069763,0.7333333492279053,1.0,0.2666666507720947,True,False,False,False,True,True,True,True,True,True
818.0,14469.0,14469.0,0.0,14469.0,14469.0,14469.0,0.8853787183761597,1.0,0.060247600078582764,0.004188503138720989,0.007753534708172083,0.999706506729126,2.502234697341919,0.898608922958374,0.0008016296196728945,0.0004703238664660603,2.500303030014038,0.8978432416915894,0.0007657073438167572,0.0017216913402080536,0.0043735504150390625,-0.002702951431274414,1.0007679462432861,0.00027561187744140625,0.03209507465362549,0.0,0.0,0.0,-0.021318450570106506,-0.021318450570106506,0.1726093292236328,1e-06,24.61508274078369,28.3828125,50.42674255371094,0.0,818.0,0.0,0.004166666883975267,0.06666667014360428,0.0,0.004166666883975267,0.06666667014360428,0.0,0.0213184617459774,3.749774694442749,-0.2499849945306778,0.0213184617459774,3.749774694442749,-0.2499849945306778,254.3125,394.0,166.0,0.0625,254.3125,394.0,166.0,0.0625,0.0,650.0,650.0,650.0,1.0,52.004954596050084,2.8062406862154603,0.009983076248317957,5.422413256019354,2.1176792341284454,62.86234281817451,12.78077036029739,0.0006899631106723309,0.37476074753053795,14469.0,62.86234281817451,230.1695952034543,2.0,2.0,2.0,,0.004166666883975267,0.0,0.06666667014360428,0.06666667014360428,True,False,False,False,True,False,True,True,True,True
819.0,20692.0,20692.0,0.0,20692.0,20692.0,20692.0,0.7692492008209229,1.0,0.05903983116149902,0.004397059325128794,0.007848291657865047,0.999664843082428,2.1997313499450684,0.7785841822624207,0.0008155655232258141,0.00048491216148249805,2.1983165740966797,0.7778626680374146,0.0007214844226837158,0.001741759479045868,0.004113376140594482,-0.0037277936935424805,1.0007238388061523,0.0003032684326171875,-0.05592077970504761,0.0,0.0,0.0,0.13411143235862255,0.1341114342212677,0.14946050941944122,1e-06,24.61508274078369,28.3828125,50.44417190551758,0.0,819.0,0.0,0.03333333507180214,0.3333333432674408,0.0,0.03333333507180214,0.3333333432674408,0.0,-0.1341114491224289,3.1819469928741455,-0.35354965925216675,-0.1341114491224289,3.1819469928741455,-0.35354965925216675,238.25,488.0,126.0,0.0625,238.25,488.0,126.0,0.0625,0.0,1055.0,1055.0,1055.0,1.0,66.0055692452006,3.4495383561588824,0.010273586958646774,7.446294761728495,2.0924928332678974,79.50663780421019,17.31520704228767,0.0004965004329521928,0.35986346229115096,20692.0,79.50663780421019,260.2549997266301,2.0,2.0,2.0,,0.03333333507180214,0.0,0.3333333432674408,0.3333333432674408,True,False,False,False,True,False,True,True,True,True
820.0,10807.0,10807.0,0.0,10807.0,10807.0,10807.0,0.6758026480674744,1.0,0.06359174847602844,0.004217201378196478,0.007878133095800877,0.9996446967124939,2.2209725379943848,0.723261296749115,0.0005618427530862391,0.000442309130448848,2.218245029449463,0.7226453423500061,0.0006159432232379913,0.0017303861677646637,0.00564122200012207,-0.002565324306488037,1.0006183385849,0.0006361007690429688,0.09556496143341064,0.0,0.0,0.0,0.04916423559188843,0.04916423559188843,0.14773736894130707,1e-06,24.61508274078369,28.3828125,50.47333526611328,0.0,820.0,0.0,0.25,1.0,0.0,0.25,1.0,0.0,-0.04916417971253395,1.6770472526550293,-0.5590157508850098,-0.04916417971253395,1.6770472526550293,-0.5590157508850098,249.4375,482.0,99.0,0.0625,249.4375,482.0,99.0,0.0625,0.0,426.0,426.0,426.0,1.0,50.00493917521089,2.5258103953674436,0.010853467974811792,4.600690738297999,2.1020291461609304,59.746616275049746,12.529426002307916,0.001004299803350772,0.42571395746257046,10807.0,59.746616275049746,180.88053640140646,2.0,2.0,2.0,,0.25,0.0,1.0,1.0,True,False,False,False,True,True,True,True,True,True
821.0,17949.0,17949.0,0.0,17949.0,17949.0,17949.0,0.8042207360267639,1.0,0.11491429805755615,0.004343375563621521,0.008195196278393269,0.9996635317802429,2.3847410678863525,0.8513621091842651,-0.0004445792001206428,0.0004978805081918836,2.386152744293213,0.8519170880317688,-0.0005549266934394836,0.0017933174967765808,0.0035602450370788574,-0.008015155792236328,0.9994485378265381,0.0028924942016601562,2.069049835205078,0.0,0.0,0.0,-0.12315621599555016,-0.12315621972084045,0.18368583917617798,1e-06,24.61508274078369,28.3828125,50.449432373046875,0.0,821.0,0.0,0.11666666716337204,0.7333333492279053,0.0,0.11666666716337204,0.7333333492279053,0.0,0.12315621972084045,2.367379665374756,-0.44788265228271484,0.12315621972084045,2.367379665374756,-0.44788265228271484,286.8125,512.0,145.0,0.125,286.8125,512.0,145.0,0.125,0.0,835.0,835.0,835.0,1.0,154.01392186200246,3.218978439923376,0.01003370899707079,6.687293252907693,2.0985655528493226,166.5318813258782,33.56154322553987,0.0005590121453602311,0.3725719122462362,17949.0,166.5318813258782,107.78116392546163,2.0,2.0,2.0,,0.11666666716337204,0.0,0.7333333492279053,0.7333333492279053,True,False,False,False,True,False,True,True,True,True
822.0,14656.0,14656.0,0.0,14656.0,14656.0,14656.0,0.7913390398025513,1.0,0.05610787868499756,0.0041343155317008495,0.007605806924402714,0.9997044801712036,2.663674831390381,0.8948360681533813,0.00040847601485438645,0.00045018919627182186,2.661370038986206,0.8942515850067139,0.0005845203995704651,0.0018787160515785217,0.005810976028442383,-0.0035296082496643066,1.0005874633789062,0.0009862184524536133,0.39782941341400146,0.0,0.0,0.0,0.027864694595336914,0.027864694595336914,0.1456717550754547,1e-06,24.61508274078369,28.3828125,50.465789794921875,0.0,822.0,0.0,0.02083333395421505,0.2666666805744171,0.0,0.02083333395421505,0.2666666805744171,0.0,-0.02786465547978878,3.6348187923431396,-0.3080354630947113,-0.02786465547978878,3.6348187923431396,-0.3080354630947113,283.0,512.0,160.0,0.125,283.0,512.0,160.0,0.125,0.0,633.0,633.0,633.0,1.0,85.00828038202599,2.8936709431000054,0.010925346054136753,5.698672871105373,2.088398697320372,96.2029823740013,18.773913511931536,0.000745452105222213,0.38882866205686223,14656.0,96.2029823740013,152.3445493926887,2.0,2.0,2.0,,0.02083333395421505,0.0,0.2666666805744171,0.2666666805744171,True,False,False,False,True,False,True,True,True,True
823.0,12122.0,12122.0,0.0,12122.0,12122.0,12122.0,0.8393276929855347,1.0,0.06129223108291626,0.004604175221174955,0.008117496967315674,0.9996587038040161,2.6628687381744385,0.9433536529541016,0.0009268495487049222,0.0005129681085236371,2.660043716430664,0.9420846104621887,0.0012690424919128418,0.002382703125476837,0.006597399711608887,-0.002962946891784668,1.0012738704681396,0.00019502639770507812,1.032850742340088,0.0,0.0,0.0,-0.21711242944002151,-0.21711242198944092,0.1911492794752121,1e-06,24.61508274078369,28.3828125,50.45600509643555,0.0,823.0,0.0,0.03333333507180214,0.2666666805744171,0.0,0.03333333507180214,0.2666666805744171,0.0,0.2171124517917633,2.5617096424102783,-0.3659585118293762,0.2171124517917633,2.5617096424102783,-0.3659585118293762,252.625,512.0,90.0,0.0625,252.625,512.0,90.0,0.0625,0.0,505.0,505.0,505.0,1.0,131.01243845000863,2.6684454600326717,0.009869751054793596,5.010681394021958,2.1114515317603946,141.31863989215344,32.41277547006646,0.0008142015389204419,0.4133543469742582,12122.0,141.31863989215344,85.77778564279163,2.0,2.0,2.0,,0.03333333507180214,0.0,0.2666666805744171,0.2666666805744171,True,False,False,False,True,False,True,True,True,True
824.0,14685.0,14685.0,0.0,14685.0,14685.0,14685.0,0.7845975160598755,1.0,0.09687009453773499,0.004179949872195721,0.007784883491694927,0.9996798038482666,2.3754258155822754,0.840650200843811,0.0006794268265366554,0.0004357453726697713,2.3732316493988037,0.8399479389190674,0.0007022488862276077,0.0017939340323209763,0.004531264305114746,-0.0029733777046203613,1.0007046461105347,0.0003846883773803711,0.033144593238830566,0.0,0.0,0.0,0.007547326385974884,0.007547318935394287,0.18533459305763245,1e-06,24.61508274078369,28.3828125,50.46083450317383,0.0,824.0,0.0,0.15416668355464935,0.6000000238418579,0.0,0.15416668355464935,0.6000000238418579,0.0,-0.007547385524958372,2.133061408996582,-0.7376007437705994,-0.007547385524958372,2.133061408996582,-0.7376007437705994,245.8125,512.0,94.0,0.0625,245.8125,512.0,94.0,0.0625,0.0,672.0,672.0,672.0,1.0,64.00639811903238,2.8820843808352947,0.009646235965192318,5.668428151868284,2.100167858414352,75.17022415436804,16.27419224994467,0.0006568768107042777,0.38600123608228015,14685.0,75.17022415436804,195.35660782177771,2.0,2.0,2.0,,0.15416668355464935,0.0,0.6000000238418579,0.6000000238418579,True,False,False,False,True,False,True,True,True,True
825.0,12741.0,12741.0,0.0,12741.0,12741.0,12741.0,0.7497988343238831,1.0,0.052902936935424805,0.004086890257894993,0.0076896450482308865,0.9996916055679321,2.177966356277466,0.7660262584686279,0.00036001973785459995,0.00044988005538471043,2.1770401000976562,0.7656609416007996,0.00036529451608657837,0.0015035644173622131,0.003962695598602295,-0.0023944973945617676,1.0003669261932373,0.0010799169540405273,0.21471190452575684,0.0,0.0,0.0,0.0,0.0,0.0,1e-06,24.61508274078369,28.3828125,50.470802307128906,0.0,825.0,0.0,0.0,0.0,0.0,0.0,0.0,0.0,0.0,0.0,0.0,0.0,0.0,0.0,293.3125,512.0,174.0,0.0625,293.3125,512.0,174.0,0.0625,0.0,503.0,503.0,503.0,1.0,262.02201190264896,2.634924412239343,0.009664175100624561,4.954572477843612,2.149080033414066,272.27035932196304,55.83251905021286,0.0007585099364747321,0.38886841518276527,12741.0,272.27035932196304,46.795398631452244,2.0,2.0,2.0,,0.0,0.0,0.0,0.0,False,True,False,False,False,False,False,False,False,False
826.0,13402.0,13402.0,0.0,13402.0,13402.0,13402.0,0.8151522874832153,1.0,0.06193995475769043,0.0041179172694683075,0.0076709105633199215,0.9996932744979858,2.405301809310913,0.8427674770355225,0.0008873717160895467,0.00042284667142666876,2.401796340942383,0.8416367173194885,0.001130755990743637,0.0013820268213748932,0.004723906517028809,-0.0006937980651855469,1.001132607460022,-8.672475814819336e-05,-0.22164195775985718,0.0,0.0,0.0,-0.12041415832936764,-0.12041416764259338,0.1800626665353775,1e-06,24.61508274078369,28.3828125,50.49558639526367,0.0,826.0,0.0,0.05000000074505806,0.3333333432674408,0.0,0.05000000074505806,0.3333333432674408,0.0,0.12041406333446503,2.7060108184814453,-0.4775313436985016,0.12041406333446503,2.7060108184814453,-0.4775313436985016,255.625,512.0,144.0,0.125,255.625,512.0,144.0,0.125,0.0,582.0,582.0,582.0,1.0,70.00681165093556,2.7573287691920996,0.010050318203866482,5.309483197052032,2.1692832820117474,80.75418931804597,17.116579865754417,0.0007499118194199733,0.3961709593383101,13402.0,80.75418931804597,165.96043020402266,2.0,2.0,2.0,,0.05000000074505806,0.0,0.3333333432674408,0.3333333432674408,True,False,False,False,True,False,True,True,True,True
827.0,21367.0,21367.0,0.0,21367.0,21367.0,21367.0,0.8849802613258362,1.0,0.05047595500946045,0.004206757992506027,0.007579492405056953,0.9997130036354065,2.592895030975342,0.9262397289276123,0.0002273314748890698,0.00046220049262046814,2.591695785522461,0.9257487654685974,0.000490967184305191,0.0018524937331676483,0.004745960235595703,-0.003515005111694336,1.0004934072494507,0.001391768455505371,0.3597193956375122,0.0,0.0,0.0,-0.12023730203509331,-0.1202373132109642,0.22606295347213745,1e-06,24.61508274078369,28.3828125,50.499305725097656,0.0,827.0,0.0,0.0625,1.0,0.0,0.0625,1.0,0.0,0.12023727595806122,3.7499847412109375,-0.24999898672103882,0.12023727595806122,3.7499847412109375,-0.24999898672103882,244.4375,421.0,90.0,0.0625,244.4375,421.0,90.0,0.0625,0.0,1091.0,1091.0,1091.0,1.0,114.01015501143411,3.503635998815298,0.009824274107813835,7.5971114207059145,2.093369114212692,127.71600831393152,29.15115188223833,0.0004597872470545156,0.3555534899941927,21367.0,127.71600831393152,167.30087545078123,2.0,2.0,2.0,,0.0625,0.0,1.0,1.0,True,False,False,False,True,True,True,True,True,True
828.0,12393.0,12393.0,0.0,12393.0,12393.0,12393.0,0.7422538995742798,1.0,0.06198766827583313,0.004327413626015186,0.007760654669255018,0.9996644854545593,2.097433567047119,0.7334133982658386,-2.334675627935212e-05,0.00045429024612531066,2.0978314876556396,0.7336111664772034,-0.00019774772226810455,0.0013510491698980331,0.0023290514945983887,-0.004913389682769775,0.999803900718689,0.0018635988235473633,0.22351586818695068,0.0,0.0,0.0,-0.026980478316545486,-0.026980474591255188,0.15176324546337128,1e-06,24.61508274078369,28.3828125,50.479469299316406,0.0,828.0,0.0,0.11666667461395264,0.6000000238418579,0.0,0.11666667461395264,0.6000000238418579,0.0,0.026980530470609665,3.537611722946167,-0.8539063334465027,0.026980530470609665,3.537611722946167,-0.8539063334465027,245.5625,480.0,110.0,0.0625,245.5625,480.0,110.0,0.0625,0.0,529.0,529.0,529.0,1.0,129.01073298277333,2.622108545154333,0.009966942016035318,4.928097563795745,2.0960418321192265,139.16773824207485,32.83551361231187,0.0008042396527100233,0.39765170368722225,12393.0,139.16773824207485,89.05081131981206,2.0,2.0,2.0,,0.11666667461395264,0.0,0.6000000238418579,0.6000000238418579,True,False,False,False,True,False,True,True,True,True
829.0,11385.0,11385.0,0.0,11385.0,11385.0,11385.0,0.6032058000564575,1.0,0.06248056888580322,0.003958250395953655,0.007669477723538876,0.9996609687805176,1.8711611032485962,0.6156914830207825,0.0008015529601834714,0.00040011652163229883,1.8695354461669922,0.6149152517318726,0.0007762368768453598,0.0016572903841733932,0.005915164947509766,-0.003277003765106201,1.0007787942886353,-1.1920928955078125e-07,-0.051422834396362305,0.0,0.0,0.0,0.04069364815950394,0.040693655610084534,0.1846769005060196,1e-06,24.61508274078369,28.3828125,50.48505401611328,0.0,829.0,0.0,0.987500011920929,1.0,0.800000011920929,0.987500011920929,1.0,0.800000011920929,-0.04069368168711662,0.24999478459358215,-3.749925374984741,-0.04069368168711662,0.24999478459358215,-3.749925374984741,211.5625,324.0,114.0,0.0625,211.5625,324.0,114.0,0.0625,0.0,500.0,500.0,500.0,1.0,47.05126291513443,2.4980804580263793,0.01000231085345149,4.504664375912398,2.088138849940151,56.65591826103628,13.899929960157882,0.0008785516779491867,0.395666611850013,11385.0,56.65591826103628,200.94988042634472,2.0,2.0,2.0,,0.987500011920929,0.800000011920929,1.0,0.19999998807907104,True,False,False,False,True,True,True,True,True,True
830.0,12333.0,12333.0,0.0,12333.0,12333.0,12333.0,1.0341147184371948,1.0,0.05996394157409668,0.004750282969325781,0.007903575897216797,0.9996784925460815,2.8839008808135986,1.036499261856079,0.001432193093933165,0.0005351413274183869,2.8795626163482666,1.0348799228668213,0.0016194134950637817,0.002127431333065033,0.005805492401123047,-0.003104567527770996,1.0016231536865234,-0.0007263422012329102,-0.26776212453842163,0.0,0.0,0.0,0.08681107684969902,0.08681108057498932,0.16904881596565247,1e-06,24.61508274078369,28.3828125,50.53009796142578,0.0,830.0,0.0,0.008333333767950535,0.06666667014360428,0.0,0.008333333767950535,0.06666667014360428,0.0,-0.08681109547615051,2.5616252422332764,-0.3659464418888092,-0.08681109547615051,2.5616252422332764,-0.3659464418888092,245.8125,442.0,146.0,0.0625,245.8125,442.0,146.0,0.0625,0.0,525.0,525.0,525.0,1.0,345.03152484213933,2.621004710905254,0.010407224763184786,4.9203456924296916,2.0927316560409963,355.17883281828836,87.72731371526554,0.0008438518416593518,0.3989577306762095,12333.0,355.17883281828836,34.72335302793688,2.0,2.0,2.0,,0.008333333767950535,0.0,0.06666667014360428,0.06666667014360428,True,False,False,False,True,False,True,True,True,True
831.0,13581.0,13581.0,0.0,13581.0,13581.0,13581.0,0.8442366719245911,1.0,0.12298893928527832,0.003942812792956829,0.007574515882879496,0.9997187256813049,2.515699863433838,0.8086156249046326,6.065748948458349e-06,0.0004303268506191671,2.516495704650879,0.8086466193199158,-3.1035393476486206e-05,0.002083566039800644,0.005281209945678711,-0.004326224327087402,0.999972403049469,0.0017184019088745117,0.7928361892700195,0.0,0.0,0.0,0.0,0.0,0.0,1e-06,24.61508274078369,28.3828125,50.40261459350586,0.0,831.0,0.0,0.0,0.0,0.0,0.0,0.0,0.0,0.0,0.0,0.0,0.0,0.0,0.0,209.8125,362.0,112.0,0.0625,209.8125,362.0,112.0,0.0625,0.0,639.0,639.0,639.0,1.0,1482.1302077411674,2.7476693033240736,0.009714005049318075,5.261632726993412,2.178440534044057,1492.8314944254234,441.50438121571864,0.0007152643435180086,0.3874260162722489,13581.0,1492.8314944254234,9.097476875799165,2.0,2.0,2.0,,0.0,0.0,0.0,0.0,False,True,False,False,False,False,False,False,False,False
832.0,12337.0,12337.0,0.0,12337.0,12337.0,12337.0,0.8566232919692993,1.0,0.06127583980560303,0.004377823788672686,0.007712730672210455,0.9996903538703918,2.552517890930176,0.9103630185127258,-0.00021655979799106717,0.0004779018054250628,2.5526018142700195,0.9103671312332153,-4.056841135025024e-06,0.0013090036809444427,0.0032616257667541504,-0.0026111602783203125,0.9999971985816956,0.0023537874221801758,0.6439844369888306,0.0,0.0,0.0,-0.01702112890779972,-0.01702112704515457,0.16359680891036987,1e-06,24.61508274078369,28.3828125,50.42745590209961,0.0,832.0,0.0,0.23750001192092896,0.6000000238418579,0.0,0.23750001192092896,0.6000000238418579,0.0,0.017021236941218376,1.2723822593688965,-0.8336297869682312,0.017021236941218376,1.2723822593688965,-0.8336297869682312,283.0625,512.0,100.0,0.125,283.0625,512.0,100.0,0.125,0.0,488.0,488.0,488.0,1.0,104.00995590910316,2.732198568060994,0.009434142149984837,5.245013946201652,2.2845280468463898,114.78311974136159,22.965324775690693,0.0007647031004283729,0.42514500658196097,12337.0,114.78311974136159,107.48096085729945,2.0,2.0,2.0,,0.23750001192092896,0.0,0.6000000238418579,0.6000000238418579,True,False,False,False,True,False,True,True,True,True
833.0,16486.0,16486.0,0.0,16486.0,16486.0,16486.0,0.5383992791175842,1.0,0.1266481876373291,0.0036012439522892237,0.007553068455308676,0.9996530413627625,1.7888145446777344,0.5650725364685059,-1.1488919881230686e-05,0.0003716366190928966,1.7881759405136108,0.564943790435791,0.00012882240116596222,0.0019420590251684189,0.004508376121520996,-0.004116147756576538,1.0001314878463745,0.0015121698379516602,1.4219110012054443,0.0,0.0,0.0,0.07766792923212051,0.07766792923212051,0.11227257549762726,1e-06,24.61508274078369,28.3828125,50.419254302978516,0.0,833.0,0.0,0.03333333507180214,0.2666666805744171,0.0,0.03333333507180214,0.2666666805744171,0.0,-0.07766794413328171,2.5617096424102783,-0.3659585118293762,-0.07766794413328171,2.5617096424102783,-0.3659585118293762,343.375,512.0,174.0,0.125,343.375,512.0,174.0,0.125,0.0,687.0,687.0,687.0,1.0,55.00561561342329,3.0415426660329103,0.009443973656743765,6.14542387612164,2.0931262392550707,66.79343523317948,10.011943140411956,0.0005728480927298171,0.37276621837447776,16486.0,66.79343523317948,246.8206634745838,2.0,2.0,2.0,,0.03333333507180214,0.0,0.2666666805744171,0.2666666805744171,True,False,False,False,True,False,True,True,True,True
834.0,9370.0,9370.0,0.0,9370.0,9370.0,9370.0,0.8628007173538208,1.0,0.06240051984786987,0.004734577611088753,0.00823145266622305,0.9996404647827148,2.391904830932617,0.8593959808349609,0.0007062514778226614,0.00047831915435381234,2.3909616470336914,0.8589566946029663,0.00043936818838119507,0.0016960203647613525,0.0035312771797180176,-0.003130614757537842,1.000441551208496,0.0004962682723999023,0.012208819389343262,0.0,0.0,0.0,-0.03153830021619797,-0.03153830021619797,0.22438368201255798,1e-06,24.61508274078369,28.3828125,50.49543762207031,0.0,834.0,0.0,0.01250000111758709,0.13333334028720856,0.0,0.01250000111758709,0.13333334028720856,0.0,0.03153827786445618,3.3322877883911133,-0.34471943974494934,0.03153827786445618,3.3322877883911133,-0.34471943974494934,182.625,250.0,118.0,0.0625,182.625,250.0,118.0,0.0625,0.0,403.0,403.0,403.0,1.0,293.0252250758931,2.270867370069027,0.0098976269364357,3.8906330531463027,2.4677615789696574,302.1704695466906,100.28241789044938,0.0010563102386804376,0.4152223109014197,9370.0,302.1704695466906,31.008986464020346,2.0,2.0,2.0,,0.01250000111758709,0.0,0.13333334028720856,0.13333334028720856,True,False,False,False,True,False,True,True,True,True
835.0,11701.0,11701.0,0.0,11701.0,11701.0,11701.0,0.6729521751403809,1.0,0.07616323232650757,0.004030441865324974,0.007707312703132629,0.9996725916862488,2.113607406616211,0.7186735272407532,0.00016152087482623756,0.00043648286373354495,2.11260986328125,0.718329906463623,0.0003436179831624031,0.0015198411419987679,0.005266904830932617,-0.0024355649948120117,1.0003459453582764,0.001421809196472168,0.2241215705871582,0.0,0.0,0.0,0.0,0.0,0.0,1e-06,24.61508274078369,28.3828125,50.47308349609375,0.0,835.0,0.0,0.0,0.0,0.0,0.0,0.0,0.0,0.0,0.0,0.0,0.0,0.0,0.0,253.3125,512.0,139.0,0.0625,253.3125,512.0,139.0,0.0625,0.0,478.0,478.0,478.0,1.0,59.005377769004554,2.5740213207900524,0.009877982083708048,4.736191883683205,2.1167151797562838,68.94137178501114,14.558445045399594,0.0008441998191358044,0.4047681295345017,11701.0,68.94137178501114,169.723921892485,2.0,2.0,2.0,,0.0,0.0,0.0,0.0,False,True,False,False,False,False,False,False,False,False
836.0,19489.0,19489.0,0.0,19489.0,19489.0,19489.0,0.7156897187232971,1.0,0.0728156566619873,0.004434576258063316,0.008218018338084221,0.9996304512023926,2.1689417362213135,0.7485001683235168,9.467743802815676e-05,0.0004931478179059923,2.1683895587921143,0.7483661770820618,0.00013398565351963043,0.0015674848109483719,0.0033718347549438477,-0.005087733268737793,1.0001360177993774,0.0017844438552856445,0.9272400140762329,0.0,0.0,0.0,0.0,0.0,0.0,1e-06,24.61508274078369,28.3828125,50.423500061035156,0.0,836.0,0.0,0.0,0.0,0.0,0.0,0.0,0.0,0.0,0.0,0.0,0.0,0.0,0.0,252.0625,441.0,161.0,0.0625,252.0625,441.0,161.0,0.0625,0.0,966.0,966.0,966.0,1.0,162.0162522997707,3.2833382938988507,0.009226845111697912,6.818275213241577,2.112980353180319,174.7410731301643,40.17263880480305,0.0004734386121246812,0.3498524918282917,19489.0,174.7410731301643,111.5307331635916,2.0,2.0,2.0,,0.0,0.0,0.0,0.0,False,True,False,False,False,False,False,False,False,False
837.0,13826.0,13826.0,0.0,13826.0,13826.0,13826.0,0.7628429532051086,1.0,0.12288644909858704,0.004360581748187542,0.008146571926772594,0.9996423721313477,2.1690704822540283,0.7584058046340942,0.00069697160506621,0.00048671787953935564,2.167815685272217,0.757800817489624,0.0006050281226634979,0.0012854449450969696,0.003231942653656006,-0.002164125442504883,1.0006062984466553,0.000548243522644043,-0.06819558143615723,0.0,0.0,0.0,-0.02446696162223816,-0.02446696162223816,0.18765777349472046,1e-06,24.61508274078369,28.3828125,50.44414520263672,0.0,837.0,0.0,0.23749999701976776,1.0,0.0,0.23749999701976776,1.0,0.0,0.024467051029205322,1.7848732471466064,-0.5559440851211548,0.024467051029205322,1.7848732471466064,-0.5559440851211548,241.125,372.0,142.0,0.0625,241.125,372.0,142.0,0.0625,0.0,623.0,623.0,623.0,1.0,55.00562971504405,2.7547736898995936,0.009501227177679539,5.2976134261116385,2.1208779318258166,65.68837317498401,14.257550470462428,0.0006871999983856169,0.3831631293296426,13826.0,65.68837317498401,210.47864837769086,2.0,2.0,2.0,,0.23749999701976776,0.0,1.0,1.0,True,False,False,False,True,True,True,True,True,True
838.0,16830.0,16830.0,0.0,16830.0,16830.0,16830.0,1.0073729753494263,1.0,0.04317900538444519,0.0042671337723731995,0.007422138005495071,0.9997314214706421,2.9192445278167725,1.0296785831451416,-0.000747000623960048,0.0004966425476595759,2.922055721282959,1.0303676128387451,-0.0006891191005706787,0.0019077658653259277,0.0023050308227539062,-0.007614493370056152,0.9993143081665039,0.0034884214401245117,1.7871148586273193,0.0,0.0,0.0,0.0,0.0,0.0,1e-06,24.61508274078369,28.3828125,50.48933410644531,0.0,838.0,0.0,0.0,0.0,0.0,0.0,0.0,0.0,0.0,0.0,0.0,0.0,0.0,0.0,203.875,292.0,129.0,0.0625,203.875,292.0,129.0,0.0625,0.0,848.0,848.0,848.0,1.0,110.00912854494527,2.9999848981387913,0.009205109905451536,6.022882818710059,2.109001952689141,121.65668862313032,33.72444161402369,0.0005469465184463183,0.35786588346465,16830.0,121.65668862313032,138.34011257807776,2.0,2.0,2.0,,0.0,0.0,0.0,0.0,False,True,False,False,False,False,False,False,False,False
839.0,9052.0,9052.0,0.0,9052.0,9052.0,9052.0,0.9451887607574463,1.0,0.061236828565597534,0.004136808216571808,0.007583748083561659,0.9997211694717407,2.9574286937713623,0.9736065864562988,0.0008843988180160522,0.0004504844546318054,2.951719284057617,0.9727950692176819,0.0008115768432617188,0.0023620277643203735,0.007140398025512695,-0.004147648811340332,1.0008161067962646,3.445148468017578e-05,0.06965208053588867,0.0,0.0,0.0,0.0,0.0,0.0,1e-06,24.61508274078369,28.3828125,50.51053237915039,0.0,839.0,0.0,0.0,0.0,0.0,0.0,0.0,0.0,0.0,0.0,0.0,0.0,0.0,0.0,181.75,286.0,128.0,0.0625,181.75,286.0,128.0,0.0625,0.0,384.0,384.0,384.0,1.0,181.01615583570674,2.279951957054436,0.00928246695548296,3.8929416188038886,2.100072766188532,189.79886542493477,62.24764643593767,0.0010254603353383738,0.4300642530715741,9052.0,189.79886542493477,47.69259278623062,2.0,2.0,2.0,,0.0,0.0,0.0,0.0,False,True,False,False,False,False,False,False,False,False
840.0,14453.0,14453.0,0.0,14453.0,14453.0,14453.0,0.8017361164093018,1.0,0.06170886754989624,0.004206780344247818,0.007823463529348373,0.9996861815452576,2.5884768962860107,0.891310453414917,0.0007981681847013533,0.00045327897532843053,2.586979627609253,0.8905636072158813,0.0007468126714229584,0.0016158558428287506,0.004818171262741089,-0.0030118227005004883,1.000749111175537,0.00021791458129882812,0.017055034637451172,0.0,0.0,0.0,0.0,0.0,0.0,1e-06,24.61508274078369,28.3828125,50.45442199707031,0.0,840.0,0.0,0.0,0.0,0.0,0.0,0.0,0.0,0.0,0.0,0.0,0.0,0.0,0.0,294.3125,512.0,89.0,0.1875,294.3125,512.0,89.0,0.1875,0.0,609.0,609.0,609.0,1.0,110.00950079318136,2.9173515932634473,0.008948344271630049,5.768941161688417,2.1312816268764436,121.3377357069403,23.361541897044248,0.0006191340394125821,0.39915181358115387,14453.0,121.3377357069403,119.1138100261526,2.0,2.0,2.0,,0.0,0.0,0.0,0.0,False,True,False,False,False,False,False,False,False,False
841.0,15131.0,15131.0,0.0,15131.0,15131.0,15131.0,0.8329408764839172,1.0,0.062183916568756104,0.004509856924414635,0.00798830110579729,0.9996632933616638,2.4293124675750732,0.8708771467208862,0.000692215166054666,0.0005101280985400081,2.4272141456604004,0.870030403137207,0.0008467622101306915,0.0018204711377620697,0.004860103130340576,-0.0024152398109436035,1.0008493661880493,0.0006502866744995117,0.2168518304824829,0.0,0.0,0.0,-0.13685347512364388,-0.13685347139835358,0.16338837146759033,1e-06,24.61508274078369,28.3828125,50.43597412109375,0.0,841.0,0.0,0.15000000596046448,0.4000000059604645,0.0,0.15000000596046448,0.4000000059604645,0.0,0.13685356080532074,1.2499938011169434,-0.7499963045120239,0.13685356080532074,1.2499938011169434,-0.7499963045120239,286.6875,512.0,138.0,0.125,286.6875,512.0,138.0,0.125,0.0,659.0,659.0,659.0,1.0,407.03268523002043,2.9553266880102456,0.009545026812702417,5.91370631987229,2.109421240631491,418.5199482869357,88.73614240898635,0.0006308259079176801,0.3908338060850102,15131.0,418.5199482869357,36.15359330405499,2.0,2.0,2.0,,0.15000000596046448,0.0,0.4000000059604645,0.4000000059604645,True,False,False,False,True,False,True,True,True,True
842.0,10462.0,10462.0,0.0,10462.0,10462.0,10462.0,0.9504908323287964,1.0,0.05586707592010498,0.004508979618549347,0.008004696108400822,0.9996801614761353,2.6463961601257324,0.9220203757286072,0.0002460641844663769,0.0004785797791555524,2.6451809406280518,0.9215344786643982,0.000485885888338089,0.0012021251022815704,0.0025987625122070312,-0.002751767635345459,1.000486969947815,0.0014243125915527344,0.3471667766571045,0.0,0.0,0.0,0.06813861429691315,0.06813862919807434,0.17308440804481506,1e-06,24.61508274078369,28.3828125,50.43896484375,0.0,842.0,0.0,0.04583333432674408,0.2666666805744171,0.0,0.04583333432674408,0.2666666805744171,0.0,-0.06813859194517136,2.218606472015381,-0.4604654610157013,-0.06813859194517136,2.218606472015381,-0.4604654610157013,209.875,391.0,102.0,0.0625,209.875,391.0,102.0,0.0625,0.0,444.0,444.0,444.0,1.0,1495.1200947077014,2.473889203276485,0.009397402871400118,4.459394010249525,2.3951505227014422,1504.9619718152098,445.24124321253765,0.0008982415285222823,0.426246798915076,10462.0,1504.9619718152098,6.951670670708881,2.0,2.0,2.0,,0.04583333432674408,0.0,0.2666666805744171,0.2666666805744171,True,False,False,False,True,False,True,True,True,True
843.0,10691.0,10691.0,0.0,10691.0,10691.0,10691.0,0.9353524446487427,1.0,0.06018298864364624,0.0046217008493840694,0.007940882816910744,0.9996728301048279,2.7680044174194336,0.9709630608558655,0.00046127973473630846,0.0005342328804545105,2.7666468620300293,0.9705668091773987,0.00039624422788619995,0.0018481910228729248,0.005619406700134277,-0.0024164915084838867,1.000398874282837,0.0012164115905761719,0.2921181917190552,0.0,0.0,0.0,0.0,0.0,0.0,1e-06,24.61508274078369,28.3828125,50.448368072509766,0.0,843.0,0.0,0.0,0.0,0.0,0.0,0.0,0.0,0.0,0.0,0.0,0.0,0.0,0.0,237.1875,348.0,66.0,0.0625,237.1875,348.0,66.0,0.0625,0.0,431.0,431.0,431.0,1.0,245.02002143487334,2.456325005274266,0.009355201851576567,4.378040076233447,2.154216700233519,254.5166375231929,64.56390551643567,0.0008750539567464752,0.4095070691453977,10691.0,254.5166375231929,42.00511253031849,2.0,2.0,2.0,,0.0,0.0,0.0,0.0,False,True,False,False,False,False,False,False,False,False
844.0,7765.0,7765.0,0.0,7765.0,7765.0,7765.0,0.5855379104614258,1.0,0.060019224882125854,0.0038893362507224083,0.007652773056179285,0.999653160572052,1.7979764938354492,0.5804128646850586,8.154122770065442e-05,0.00041967228753492236,1.799285888671875,0.5810812711715698,-0.0006683859974145889,0.0028420034795999527,0.004635512828826904,-0.008935153484344482,0.9993388652801514,0.0015234947204589844,0.4522944688796997,0.0,0.0,0.0,0.0,0.0,0.0,1e-06,24.61508274078369,28.3828125,50.501930236816406,0.0,844.0,0.0,1.0,1.0,1.0,1.0,1.0,1.0,0.0,0.0,0.0,0.0,0.0,0.0,149.3125,217.0,63.0,0.0625,149.3125,217.0,63.0,0.0625,0.0,336.0,336.0,336.0,1.0,33.00396902905777,2.120953950099647,0.009346053935587406,3.417960365768522,2.0919513725675642,41.14560714783147,13.814972385541134,0.0012036128700048173,0.44017519198564353,7765.0,41.14560714783147,188.72002476719425,2.0,2.0,2.0,,1.0,1.0,1.0,0.0,False,False,True,False,True,True,False,False,False,False
845.0,10424.0,10424.0,0.0,10424.0,10424.0,10424.0,0.6680487394332886,1.0,0.10620558261871338,0.00410356605425477,0.008011579513549805,0.9996458292007446,2.022791624069214,0.6878649592399597,0.0005268679233267903,0.0004454543231986463,2.020890474319458,0.6870802640914917,0.0007847044616937637,0.0015287194401025772,0.004746675491333008,-0.0021720528602600098,1.0007869005203247,0.000728607177734375,0.1405472755432129,0.0,0.0,0.0,-0.09694763273000717,-0.09694763273000717,0.16835792362689972,1e-06,24.61508274078369,28.3828125,50.59062576293945,0.0,845.0,0.0,0.5729166865348816,0.8333333134651184,0.0,0.5729166865348816,0.8333333134651184,0.0,0.09694764018058777,1.0312122106552124,-2.268667221069336,0.09694764018058777,1.0312122106552124,-2.268667221069336,225.5,365.0,112.0,0.0625,225.5,365.0,112.0,0.0625,0.0,426.0,426.0,426.0,1.0,330.1214766339399,2.431198213249445,0.009387212805449963,4.298347693867981,2.102294370997697,339.4612444783561,91.49708332426272,0.0009005384502542175,0.4123510834485784,10424.0,339.4612444783561,30.70748183940223,2.0,2.0,2.0,,0.5729166865348816,0.0,0.8333333134651184,0.8333333134651184,True,False,False,False,True,False,True,True,True,True
846.0,13826.0,13826.0,0.0,13826.0,13826.0,13826.0,1.1183276176452637,1.0,0.08564606308937073,0.004124041646718979,0.007401325739920139,0.9997456073760986,3.5148138999938965,1.1191132068634033,0.0007399875321425498,0.0005017216899432242,3.511256217956543,1.1182243824005127,0.0008889511227607727,0.0019542649388313293,0.004164934158325195,-0.0025593042373657227,1.0008914470672607,0.0005345344543457031,0.03225839138031006,0.0,0.0,0.0,0.0,0.0,0.0,1e-06,24.61508274078369,28.3828125,50.44945526123047,0.0,846.0,0.0,0.0,0.0,0.0,0.0,0.0,0.0,0.0,0.0,0.0,0.0,0.0,0.0,238.125,428.0,105.0,0.0625,238.125,428.0,105.0,0.0625,0.0,626.0,626.0,626.0,1.0,137.01341682719067,2.809866977855563,0.009416201151907444,5.448570462875068,2.1015394488349557,147.88973201438785,35.96152672629676,0.0006810502785988315,0.3940814742423744,13826.0,147.88973201438785,93.48857295011462,2.0,2.0,2.0,,0.0,0.0,0.0,0.0,False,True,False,False,False,False,False,False,False,False
847.0,14008.0,14008.0,0.0,14008.0,14008.0,14008.0,0.7423635125160217,1.0,0.057430773973464966,0.0038177911192178726,0.007250367198139429,0.999721348285675,2.484935760498047,0.8097281455993652,-8.397172496188432e-05,0.0003909715451300144,2.4871294498443604,0.809955358505249,-0.00022726133465766907,0.001393429934978485,0.0027236342430114746,-0.004096269607543945,0.9997743368148804,0.001734614372253418,0.49282169342041016,0.0,0.0,0.0,0.0,0.0,0.0,1e-06,24.61508274078369,28.3828125,50.46174621582031,0.0,847.0,0.0,0.0,0.0,0.0,0.0,0.0,0.0,0.0,0.0,0.0,0.0,0.0,0.0,258.5,512.0,60.0,0.0625,258.5,512.0,60.0,0.0625,0.0,617.0,617.0,617.0,1.0,273.0235010306351,2.808748175855726,0.010209588799625635,5.426387838087976,2.3980550351552665,284.1658285278827,66.01148477529861,0.0007288398629087403,0.38737777256481837,14008.0,284.1658285278827,49.29516005695779,2.0,2.0,2.0,,0.0,0.0,0.0,0.0,False,True,False,False,False,False,False,False,False,False
848.0,9137.0,9137.0,0.0,9137.0,9137.0,9137.0,0.8127893805503845,1.0,0.07041710615158081,0.0046697817742824554,0.008048863150179386,0.9996445775032043,2.343250274658203,0.8262501358985901,0.0010486047249287367,0.00048747763503342867,2.3398542404174805,0.82521653175354,0.0010335687547922134,0.00255674310028553,0.009143471717834473,-0.005977272987365723,1.0010398626327515,-0.0001468658447265625,0.2743055820465088,0.0,0.0,0.0,0.1729549951851368,0.1729549914598465,0.1459110677242279,1e-06,24.61508274078369,28.3828125,50.44353103637695,0.0,848.0,0.0,0.02500000223517418,0.13333334028720856,0.0,0.02500000223517418,0.13333334028720856,0.0,-0.17295502126216888,2.0155270099639893,-0.46512162685394287,-0.17295502126216888,2.0155270099639893,-0.46512162685394287,252.0625,436.0,134.0,0.0625,252.0625,436.0,134.0,0.0625,0.0,319.0,319.0,319.0,1.0,187.01477136975154,2.33786959387362,0.010182000696659088,4.05032068816945,2.1016402351669967,196.01302935136482,46.37113101159225,0.0011143702196190312,0.44328780651958516,9137.0,196.01302935136482,46.61424819684508,2.0,2.0,2.0,,0.02500000223517418,0.0,0.13333334028720856,0.13333334028720856,True,False,False,False,True,False,True,True,True,True
849.0,12872.0,12872.0,0.0,12872.0,12872.0,12872.0,0.7397244572639465,1.0,0.0690150260925293,0.004292436875402927,0.0076860482804477215,0.9996694326400757,2.171720504760742,0.76274174451828,0.0008175268303602934,0.00043584793456830084,2.1705660820007324,0.7621352076530457,0.0006065163761377335,0.002130085602402687,0.004897654056549072,-0.003955960273742676,1.0006097555160522,0.00010347366333007812,0.2598991394042969,0.0,0.0,0.0,-0.2055715024471283,-0.2055715024471283,0.19113554060459137,1e-06,24.61508274078369,28.3828125,50.45106887817383,0.0,849.0,0.0,0.2083333432674408,1.0,0.0,0.2083333432674408,1.0,0.0,0.2055714726448059,2.517486810684204,-0.6624965667724609,0.2055714726448059,2.517486810684204,-0.6624965667724609,251.5,512.0,39.0,0.0625,251.5,512.0,39.0,0.0625,0.0,553.0,553.0,553.0,1.0,69.00723701622337,2.696484707761556,0.009520286228507757,5.099550132174045,2.0946503980085254,79.4083182187751,17.14891575949885,0.0007396120438554815,0.39617387602346527,12872.0,79.4083182187751,162.09888697726603,2.0,2.0,2.0,,0.2083333432674408,0.0,1.0,1.0,True,False,False,False,True,True,True,True,True,True
850.0,14140.0,14140.0,0.0,14140.0,14140.0,14140.0,0.8984347581863403,1.0,0.062373459339141846,0.004397152923047543,0.0076782894320786,0.9997020363807678,2.485109329223633,0.8843190670013428,0.0007020077318884432,0.000490198319312185,2.483224391937256,0.8835920691490173,0.0007271207869052887,0.001981843262910843,0.0043222904205322266,-0.0033281445503234863,1.0007295608520508,0.0005564689636230469,0.3742479085922241,0.0,0.0,0.0,0.10570911690592766,0.10570911318063736,0.1265258640050888,1e-06,24.61508274078369,28.3828125,50.49570846557617,0.0,850.0,0.0,0.06666667014360428,1.0,0.0,0.06666667014360428,1.0,0.0,-0.10570904612541199,3.741642475128174,-0.26726019382476807,-0.10570904612541199,3.741642475128174,-0.26726019382476807,290.75,448.0,172.0,0.0625,290.75,448.0,172.0,0.0625,0.0,593.0,593.0,593.0,1.0,351.02883373294026,2.8322124066762626,0.009197078179568052,5.5379867549054325,2.1199543927796185,362.02795245079324,75.45761688154347,0.0006504298571123092,0.39165394306261897,14140.0,362.02795245079324,39.05775756893221,2.0,2.0,2.0,,0.06666667014360428,0.0,1.0,1.0,True,False,False,False,True,True,True,True,True,True
851.0,16556.0,16556.0,0.0,16556.0,16556.0,16556.0,0.9424761533737183,1.0,0.11858066916465759,0.004488934297114611,0.007900111377239227,0.9996881484985352,2.8161754608154297,0.9698124527931213,9.692913590697572e-05,0.000539668370038271,2.8160245418548584,0.9696225523948669,0.0001898743212223053,0.0014284662902355194,0.0030319690704345703,-0.0023154616355895996,1.000191330909729,0.0019652843475341797,0.460457444190979,0.0,0.0,0.0,-0.1557711586356163,-0.1557711660861969,0.20253245532512665,1e-06,24.61508274078369,28.3828125,50.48582077026367,0.0,851.0,0.0,0.125,1.0,0.0,0.125,1.0,0.0,0.15577107667922974,2.561730146408081,-0.3659614622592926,0.15577107667922974,2.561730146408081,-0.3659614622592926,317.75,512.0,166.0,0.0625,317.75,512.0,166.0,0.0625,0.0,717.0,717.0,717.0,1.0,88.00874371780083,3.059820794966072,0.009655815083533525,6.20838088542223,2.0973465139977634,99.88343389611691,17.31092520019686,0.0005832214957437501,0.3749928053528769,16556.0,99.88343389611691,165.753212061361,2.0,2.0,2.0,,0.125,0.0,1.0,1.0,True,False,False,False,True,True,True,True,True,True
852.0,10790.0,10790.0,0.0,10790.0,10790.0,10790.0,0.8788977861404419,1.0,0.061966389417648315,0.004564310889691114,0.008081147447228432,0.9996580481529236,2.6278297901153564,0.9033217430114746,0.0007561167585663497,0.00046916937571950257,2.6244373321533203,0.9024562239646912,0.0008655712008476257,0.0018681734800338745,0.004560708999633789,-0.002120077610015869,1.0008680820465088,0.0003590583801269531,-0.04617154598236084,0.0,0.0,0.0,0.0,0.0,0.0,1e-06,24.61508274078369,28.3828125,51.40617752075195,0.0,852.0,0.0,0.0,0.0,0.0,0.0,0.0,0.0,0.0,0.0,0.0,0.0,0.0,0.0,203.375,340.0,128.0,0.0625,203.375,340.0,128.0,0.0625,0.0,471.0,471.0,471.0,1.0,156.01432368392125,2.567787006031722,0.009344387799501419,4.438759443815798,2.0948466639965773,165.6363273728639,47.94539756727758,0.0008660229656627821,0.41137714956587557,10790.0,165.6363273728639,65.14271459129031,2.0,2.0,2.0,,0.0,0.0,0.0,0.0,False,True,False,False,False,False,False,False,False,False
853.0,9193.0,9193.0,0.0,9193.0,9193.0,9193.0,0.7090981006622314,1.0,0.060391396284103394,0.004333699122071266,0.007821694947779179,0.9996486306190491,2.048506021499634,0.6999796628952026,0.0012200524797663093,0.0004522837698459625,2.045292615890503,0.6985517740249634,0.0014278367161750793,0.0016324222087860107,0.004472613334655762,-0.0010246038436889648,1.0014303922653198,-0.0006386637687683105,-0.27120715379714966,0.0,0.0,0.0,-0.04132993519306183,-0.04132993519306183,0.17540033161640167,1e-06,24.61508274078369,28.3828125,50.916221618652344,0.0,853.0,0.0,0.8791666626930237,1.0,0.0,0.8791666626930237,1.0,0.0,0.04132997244596481,0.3657130002975464,-2.660877227783203,0.04132997244596481,0.3657130002975464,-2.660877227783203,200.5625,387.0,127.0,0.0625,200.5625,387.0,127.0,0.0625,0.0,374.0,374.0,374.0,1.0,49.005244536791,2.2827302077785134,0.009238258004188538,3.9144843192771077,2.0880299508571625,57.79933913098648,15.271188699529759,0.0010049230941138406,0.42581141295301944,9193.0,57.79933913098648,159.0502614427228,2.0,2.0,2.0,,0.8791666626930237,0.0,1.0,1.0,True,False,False,False,True,True,True,True,True,True
854.0,17120.0,17120.0,0.0,17120.0,17120.0,17120.0,0.7163406014442444,1.0,0.06050977110862732,0.004309562966227531,0.008029735647141933,0.9996431469917297,2.202277421951294,0.7665420174598694,4.879621701547876e-05,0.0004474417073652148,2.2021188735961914,0.7664840221405029,5.790591239929199e-05,0.0014921575784683228,0.0029471516609191895,-0.0036537647247314453,1.0000596046447754,0.0017001628875732422,0.9671115875244141,0.0,0.0,0.0,0.19344914378598332,0.19344913959503174,0.11001323908567429,1e-06,24.61508274078369,28.3828125,50.831153869628906,0.0,854.0,0.0,0.03333333507180214,0.2666666805744171,0.0,0.03333333507180214,0.2666666805744171,0.0,-0.19344905018806458,2.8899943828582764,-0.4128563106060028,-0.19344905018806458,2.8899943828582764,-0.4128563106060028,334.0,512.0,123.0,0.125,334.0,512.0,123.0,0.125,0.0,736.0,736.0,736.0,1.0,66.00591990863904,3.1034589810296893,0.009433452971279621,6.317043894901872,2.19389998819679,78.12953970767558,12.351407168532756,0.0005510194492569872,0.36898620881436167,17120.0,78.12953970767558,219.12326712860568,2.0,2.0,2.0,,0.03333333507180214,0.0,0.2666666805744171,0.2666666805744171,True,False,False,False,True,False,True,True,True,True
855.0,7524.0,7524.0,0.0,7524.0,7524.0,7524.0,0.641930341720581,1.0,0.06031125783920288,0.003730286378413439,0.0074036382138729095,0.9996928572654724,1.9126627445220947,0.6248227953910828,0.0006611838471144438,0.0003806654131039977,1.9115651845932007,0.6243659257888794,0.00045687705278396606,0.0014717057347297668,0.0038948655128479004,-0.0022774934768676758,1.0004583597183228,0.00019884109497070312,-0.06660807132720947,0.0,0.0,0.0,-0.04964742064476013,-0.04964742064476013,0.18561561405658722,1e-06,24.61508274078369,28.3828125,50.8944091796875,0.0,855.0,0.0,0.8583333492279053,1.0,0.0,0.8583333492279053,1.0,0.0,0.04964745417237282,0.4559958279132843,-2.762798547744751,0.04964745417237282,0.4559958279132843,-2.762798547744751,206.25,301.0,86.0,0.0625,206.25,301.0,86.0,0.0625,0.0,264.0,264.0,264.0,1.0,44.00468845712021,2.1265973201952875,0.00948868878185749,3.4258569460362196,2.1143225450068712,52.18065420910716,13.334754077915216,0.0012611229109326808,0.45532388969115095,7524.0,52.18065420910716,144.19136965681864,2.0,2.0,2.0,,0.8583333492279053,0.0,1.0,1.0,True,False,False,False,True,True,True,True,True,True
856.0,13045.0,13045.0,0.0,13045.0,13045.0,13045.0,0.8058652281761169,1.0,0.08537012338638306,0.004312828183174133,0.007814835757017136,0.9996790289878845,2.4866385459899902,0.858167290687561,-0.00022328630439005792,0.0004753664252348244,2.4878125190734863,0.8583123683929443,-0.00014511309564113617,0.0016807634383440018,0.0035547614097595215,-0.003173828125,0.9998568892478943,0.0023598670959472656,0.8624660968780518,0.0,0.0,0.0,-0.005949882324784994,-0.005949882790446281,0.15957020223140717,1e-06,24.61508274078369,28.3828125,50.84031295776367,0.0,856.0,0.0,0.4416666626930237,0.800000011920929,0.0,0.4416666626930237,0.800000011920929,0.0,0.005949860438704491,0.9604827165603638,-1.183850646018982,0.005949860438704491,0.9604827165603638,-1.183850646018982,266.3125,458.0,144.0,0.0625,266.3125,458.0,144.0,0.0625,0.0,549.0,549.0,549.0,1.0,59.00557618588209,2.7176028173416853,0.009770921431481838,5.17071624007076,2.1612687637098134,69.56342064309865,13.847823559230719,0.0007490165911446408,0.39637533461638635,13045.0,69.56342064309865,187.5267184879901,2.0,2.0,2.0,,0.4416666626930237,0.0,0.800000011920929,0.800000011920929,True,False,False,False,True,False,True,True,True,True
857.0,11710.0,11710.0,0.0,11710.0,11710.0,11710.0,0.7708595991134644,1.0,0.057958900928497314,0.0040862075984478,0.007642489392310381,0.9996984004974365,2.3130383491516113,0.8146885633468628,1.826687002903782e-05,0.0004624652792699635,2.3121676445007324,0.8144868612289429,0.00020164623856544495,0.0013966001570224762,0.0036736726760864258,-0.0034212470054626465,1.000203251838684,0.0018143653869628906,0.3633735179901123,0.0,0.0,0.0,0.05257647857069969,0.05257647857069969,0.16792966425418854,1e-06,24.61508274078369,28.3828125,50.7344856262207,0.0,857.0,0.0,0.25,1.0,0.0,0.25,1.0,0.0,-0.05257644131779671,1.6770472526550293,-0.5590157508850098,-0.05257644131779671,1.6770472526550293,-0.5590157508850098,245.875,512.0,157.0,0.0625,245.875,512.0,157.0,0.0625,0.0,486.0,486.0,486.0,1.0,162.01523960288614,2.5613732491619885,0.009528676979243755,4.7000669138506055,2.108694699127227,171.89521165657789,41.18333492701732,0.0008137213475016016,0.40137206779253676,11710.0,171.89521165657789,68.12289817237556,2.0,2.0,2.0,,0.25,0.0,1.0,1.0,True,False,False,False,True,True,True,True,True,True
858.0,16196.0,16196.0,0.0,16196.0,16196.0,16196.0,1.0032085180282593,1.0,0.056562960147857666,0.004211863037198782,0.007651370484381914,0.9997241497039795,3.003462314605713,1.0578464269638062,-0.0001421799388481304,0.000458151800557971,3.004092216491699,1.0580099821090698,-0.0001635625958442688,0.0016574114561080933,0.00382840633392334,-0.004953145980834961,0.9998387098312378,0.0021173954010009766,0.508236289024353,0.0,0.0,0.0,0.0,0.0,0.0,1e-06,24.61508274078369,28.3828125,50.75224304199219,0.0,858.0,0.0,0.0,0.0,0.0,0.0,0.0,0.0,0.0,0.0,0.0,0.0,0.0,0.0,250.25,512.0,127.0,0.125,250.25,512.0,127.0,0.125,0.0,762.0,762.0,762.0,1.0,97.00911799026653,3.041707857977599,0.009416880086064339,6.137916175182909,2.096954009961337,108.7963250130415,24.228051446120514,0.0005814324577713225,0.3789772891567615,16196.0,108.7963250130415,148.8653224091767,2.0,2.0,2.0,,0.0,0.0,0.0,0.0,False,True,False,False,False,False,False,False,False,False
859.0,12496.0,12496.0,0.0,12496.0,12496.0,12496.0,0.6911739706993103,1.0,0.062274932861328125,0.004117663949728012,0.007707600947469473,0.9996743202209473,2.192472457885742,0.753404438495636,0.00047281719162128866,0.00044210560736246407,2.1915059089660645,0.7529084086418152,0.0004959646612405777,0.0013079401105642319,0.003526628017425537,-0.0021282434463500977,1.0004972219467163,0.0008219480514526367,-0.033640146255493164,0.0,0.0,0.0,-0.06463503278791904,-0.0646350234746933,0.16735343635082245,1e-06,24.61508274078369,28.3828125,50.76857376098633,0.0,859.0,0.0,0.5625,1.0,0.0,0.5625,1.0,0.0,0.06463503837585449,0.8539109230041504,-1.0978854894638062,0.06463503837585449,0.8539109230041504,-1.0978854894638062,268.0,512.0,116.0,0.0625,268.0,512.0,116.0,0.0625,0.0,513.0,513.0,513.0,1.0,54.005840338300914,2.701748152729124,0.009957178961485624,5.156964196823537,2.1100696180947125,64.48624520516023,12.594645601282862,0.0007968293022955845,0.4126891962886954,12496.0,64.48624520516023,193.77775772561282,2.0,2.0,2.0,,0.5625,0.0,1.0,1.0,True,False,False,False,True,True,True,True,True,True
860.0,15059.0,15059.0,0.0,15059.0,15059.0,15059.0,0.9577041864395142,1.0,0.05721104145050049,0.0041050659492611885,0.0074944524094462395,0.9997215867042542,2.592770576477051,0.8767094016075134,4.394299685372971e-05,0.00046163974911905825,2.591994524002075,0.8765202760696411,0.0001890622079372406,0.001450914889574051,0.004330337047576904,-0.0038959383964538574,1.00019109249115,0.0017637014389038086,0.23893415927886963,0.0,0.0,0.0,0.0,0.0,0.0,1e-06,24.61508274078369,28.3828125,50.74915313720703,0.0,860.0,0.0,0.0,0.0,0.0,0.0,0.0,0.0,0.0,0.0,0.0,0.0,0.0,0.0,252.1875,508.0,133.0,0.0625,252.1875,508.0,133.0,0.0625,0.0,689.0,689.0,689.0,1.0,69.00757762324065,2.9285653070546687,0.00954772625118494,5.80908990604803,2.099309964105487,80.3544598869048,17.10224972075357,0.0006340212664310339,0.3857553560029238,15059.0,80.3544598869048,187.4071460525632,2.0,2.0,2.0,,0.0,0.0,0.0,0.0,False,True,False,False,False,False,False,False,False,False
861.0,10681.0,10681.0,0.0,10681.0,10681.0,10681.0,0.634902834892273,1.0,0.08165627717971802,0.004043878987431526,0.007740240544080734,0.9996418356895447,1.8991304636001587,0.6289588809013367,0.0003839191049337387,0.00040865421760827303,1.8981986045837402,0.6284959316253662,0.0004630275070667267,0.0014269165694713593,0.0056473612785339355,-0.002904057502746582,1.0004651546478271,0.000867009162902832,0.08614480495452881,0.0,0.0,0.0,-0.04040364921092987,-0.04040364921092987,0.16388718783855438,1e-06,24.61508274078369,28.3828125,50.70793533325195,0.0,861.0,0.0,0.25833332538604736,1.0,0.0,0.25833332538604736,1.0,0.0,0.04040364921092987,1.8146851062774658,-0.6320813298225403,0.04040364921092987,1.8146851062774658,-0.6320813298225403,247.5625,375.0,166.0,0.0625,247.5625,375.0,166.0,0.0625,0.0,420.0,420.0,420.0,1.0,144.01599316112697,2.4605348892509937,0.009208964183926582,4.393457617145032,2.1109646931290627,153.48885068763047,36.358493602910116,0.000862181835401796,0.4113339216501294,10681.0,153.48885068763047,69.58811634948786,2.0,2.0,2.0,,0.25833332538604736,0.0,1.0,1.0,True,False,False,False,True,True,True,True,True,True
862.0,13076.0,13076.0,0.0,13076.0,13076.0,13076.0,0.7402324676513672,1.0,0.07007923722267151,0.004344945773482323,0.00780115183442831,0.9996616840362549,2.2412331104278564,0.772944450378418,0.0007757944404147565,0.0004674442461691797,2.2393648624420166,0.7720542550086975,0.000890195369720459,0.0018039494752883911,0.00407034158706665,-0.002447187900543213,1.0008924007415771,0.0003228187561035156,0.24392366409301758,0.0,0.0,0.0,0.0,0.0,0.0,1e-06,24.61508274078369,28.3828125,50.720848083496094,0.0,862.0,0.0,0.0,0.0,0.0,0.0,0.0,0.0,0.0,0.0,0.0,0.0,0.0,0.0,252.25,407.0,79.0,0.0625,252.25,407.0,79.0,0.0625,0.0,565.0,565.0,565.0,1.0,57.00555736478418,2.6734259012155235,0.010086968075484037,5.0372688178904355,2.240384778007865,67.46679906127974,14.12427090306843,0.0007714108347724103,0.3852301023164909,13076.0,67.46679906127974,193.81384891438435,2.0,2.0,2.0,,0.0,0.0,0.0,0.0,False,True,False,False,False,False,False,False,False,False
863.0,11955.0,11955.0,0.0,11955.0,11955.0,11955.0,0.7388113141059875,1.0,0.05383118987083435,0.004252690821886063,0.007606070023030043,0.9996711015701294,2.040022373199463,0.7064771056175232,-1.3782617315882817e-05,0.0003956486179959029,2.0396528244018555,0.7063420414924622,0.0001350976526737213,0.001536097377538681,0.004927575588226318,-0.0028101205825805664,1.0001369714736938,0.001611471176147461,0.30663442611694336,0.0,0.0,0.0,0.0,0.0,0.0,1e-06,24.61508274078369,28.3828125,50.71457290649414,0.0,863.0,0.0,0.0,0.0,0.0,0.0,0.0,0.0,0.0,0.0,0.0,0.0,0.0,0.0,213.1875,326.0,124.0,0.0625,213.1875,326.0,124.0,0.0625,0.0,534.0,534.0,534.0,1.0,241.01951501192525,2.530080297961831,0.009300767909735441,4.624786872882396,2.1247874330729246,250.81019927887246,70.65948842331436,0.0007779814228135041,0.38684959204369684,11955.0,250.81019927887246,47.66552570179731,2.0,2.0,2.0,,0.0,0.0,0.0,0.0,False,True,False,False,False,False,False,False,False,False
864.0,14244.0,14244.0,0.0,14244.0,14244.0,14244.0,0.5672481060028076,1.0,0.06009531021118164,0.0035413142759352922,0.007434118073433638,0.9996747374534607,1.7497434616088867,0.5472341179847717,0.0003215301258023828,0.0003475091070868075,1.7492029666900635,0.5469194650650024,0.0003146640956401825,0.0010932758450508118,0.001687467098236084,-0.0021445155143737793,1.0003154277801514,0.0007458925247192383,0.12429988384246826,0.0,0.0,0.0,0.06454870104789734,0.06454870849847794,0.12310780584812164,1e-06,24.61508274078369,28.3828125,50.72758483886719,0.0,864.0,0.0,0.07500000298023224,0.6000000238418579,0.0,0.07500000298023224,0.6000000238418579,0.0,-0.06454870849847794,2.561725378036499,-0.3659607470035553,-0.06454870849847794,2.561725378036499,-0.3659607470035553,330.25,507.0,195.0,0.0625,330.25,507.0,195.0,0.0625,0.0,560.0,560.0,560.0,1.0,69.00736566074193,2.840135434176773,0.009321584831923246,5.53567871497944,2.0877620428800583,79.98213087022305,13.0596831303448,0.0006544218500367346,0.38863231641248525,14244.0,79.98213087022305,178.08977886713157,2.0,2.0,2.0,,0.07500000298023224,0.0,0.6000000238418579,0.6000000238418579,True,False,False,False,True,False,True,True,True,True
865.0,7192.0,7192.0,0.0,7192.0,7192.0,7192.0,0.8933929800987244,1.0,0.05905711650848389,0.004223588388413191,0.007525314576923847,0.9997150301933289,2.429841995239258,0.8560501933097839,-0.0001844188227551058,0.00048405901179648936,2.4302377700805664,0.8560150265693665,3.524869680404663e-05,0.0022038593888282776,0.005008041858673096,-0.005143523216247559,1.0000388622283936,0.0023146867752075195,0.6175851821899414,0.0,0.0,0.0,0.19254481233656406,0.1925448179244995,0.20734640955924988,1e-06,26.030527591705322,28.3828125,50.72627639770508,0.0,865.0,0.0,0.5859375,1.0,0.0,0.5859375,1.0,0.0,-0.1925448626279831,0.9421103000640869,-1.3331749439239502,-0.1925448626279831,0.9421103000640869,-1.3331749439239502,178.5,512.0,109.0,0.0625,178.5,512.0,109.0,0.0625,0.0,271.0,271.0,271.0,1.0,53.00587430782616,2.2656445116735995,0.009990021120756865,3.6944410311989486,2.110828125849366,61.585462315008044,18.55947979965902,0.001389046318236494,0.5136875738596981,7192.0,61.585462315008044,116.78080718486947,2.0,2.0,2.0,,0.5859375,0.0,1.0,1.0,True,False,False,False,True,True,True,True,True,True
866.0,14165.0,14165.0,0.0,14165.0,14165.0,14165.0,0.8315253257751465,1.0,0.061131030321121216,0.004308713134378195,0.007929706946015358,0.9996775388717651,2.4769599437713623,0.8687912225723267,0.0011056509101763368,0.0004608122690115124,2.474966287612915,0.8677634000778198,0.0010279081761837006,0.0021013878285884857,0.006018221378326416,-0.002623915672302246,1.0010316371917725,-0.00036776065826416016,0.020273327827453613,0.0,0.0,0.0,0.0,0.0,0.0,1e-06,26.030527591705322,28.3828125,50.7493896484375,0.0,866.0,0.0,0.0,0.0,0.0,0.0,0.0,0.0,0.0,0.0,0.0,0.0,0.0,0.0,243.3125,512.0,97.0,0.0625,243.3125,512.0,97.0,0.0625,0.0,642.0,642.0,642.0,1.0,72.00685943290591,2.823910045903176,0.009383861906826496,5.478509845212102,2.100601810030639,82.9205809510313,18.496496129695842,0.0006624681896806563,0.38676384364363586,14165.0,82.9205809510313,170.82610658945012,2.0,2.0,2.0,,0.0,0.0,0.0,0.0,False,True,False,False,False,False,False,False,False,False
867.0,12961.0,12961.0,0.0,12961.0,12961.0,12961.0,0.8540537357330322,1.0,0.05821007490158081,0.004201292991638184,0.007565443404018879,0.9997104406356812,2.5950446128845215,0.9151201844215393,0.00016787456115707755,0.00044716434786096215,2.5956408977508545,0.9150932431221008,2.6922672986984253e-05,0.0009781010448932648,0.0017560720443725586,-0.0031853914260864258,1.0000277757644653,0.0014516115188598633,0.17380237579345703,0.0,0.0,0.0,0.0,0.0,0.0,1e-06,26.030527591705322,28.3828125,50.742549896240234,0.0,867.0,0.0,0.0,0.0,0.0,0.0,0.0,0.0,0.0,0.0,0.0,0.0,0.0,0.0,264.0625,424.0,142.0,0.0625,264.0625,424.0,142.0,0.0625,0.0,546.0,546.0,546.0,1.0,179.01815719297156,2.6670459741726518,0.00975864939391613,5.029382691252977,2.098545792978257,189.32358129881322,42.371161465792085,0.0007529241103245221,0.3880397107671458,12961.0,189.32358129881322,68.45951207495591,2.0,2.0,2.0,,0.0,0.0,0.0,0.0,False,True,False,False,False,False,False,False,False,False
868.0,15478.0,15478.0,0.0,15478.0,15478.0,15478.0,0.6597338318824768,1.0,0.05906414985656738,0.004041095729917288,0.007731297519057989,0.999661922454834,1.9861252307891846,0.6686831116676331,0.0001779973681550473,0.00041188960312865674,1.985370397567749,0.6683743000030518,0.00030888617038726807,0.001216687262058258,0.0064018964767456055,-0.002994358539581299,1.0003107786178589,0.0012934207916259766,0.21378445625305176,0.0,0.0,0.0,0.0,0.0,0.0,1e-06,26.030527591705322,28.3828125,50.72168731689453,0.0,868.0,0.0,0.0,0.0,0.0,0.0,0.0,0.0,0.0,0.0,0.0,0.0,0.0,0.0,279.375,420.0,81.0,0.0625,279.375,420.0,81.0,0.0625,0.0,688.0,688.0,688.0,1.0,1634.1420675790869,2.905846337787807,0.010273626074194908,5.73675449565053,2.1079040383920074,1645.4136738609523,365.579880890176,0.0006637566917040256,0.37063926189756624,15478.0,1645.4136738609523,9.406752992201028,2.0,2.0,2.0,,0.0,0.0,0.0,0.0,False,True,False,False,False,False,False,False,False,False
869.0,12034.0,12034.0,0.0,12034.0,12034.0,12034.0,0.7064112424850464,1.0,0.06167295575141907,0.004649107810109854,0.008255768567323685,0.999596118927002,2.0415596961975098,0.6873269081115723,-0.00016758174751885235,0.00045394085464067757,2.04193377494812,0.6875811815261841,-0.0002543143928050995,0.001963406801223755,0.004696190357208252,-0.004708409309387207,0.9997488260269165,0.0021532773971557617,0.5944696664810181,0.0,0.0,0.0,0.1127615887671709,0.11276158690452576,0.18683898448944092,1e-06,26.030527591705322,28.3828125,50.742088317871094,0.0,869.0,0.0,0.8916666507720947,1.0,0.0,0.8916666507720947,1.0,0.0,-0.11276160925626755,0.3846207857131958,-3.165724277496338,-0.11276160925626755,0.3846207857131958,-3.165724277496338,239.125,482.0,123.0,0.0625,239.125,482.0,123.0,0.0625,0.0,513.0,513.0,513.0,1.0,44.004866956267506,2.619584056083113,0.009541143663227558,4.860402230639011,2.0725140050053596,54.06934923166409,11.50153344387546,0.0007928489000521488,0.4038891665812706,12034.0,54.06934923166409,222.56602254337193,2.0,2.0,2.0,,0.8916666507720947,0.0,1.0,1.0,True,False,False,False,True,True,True,True,True,True
870.0,17508.0,17508.0,0.0,17508.0,17508.0,17508.0,0.8624041080474854,1.0,0.055933475494384766,0.00417623994871974,0.007531056180596352,0.9997063875198364,2.454230308532715,0.872440755367279,0.000544888898730278,0.0004517831839621067,2.4530413150787354,0.871833860874176,0.0006069093942642212,0.001628875732421875,0.0037647485733032227,-0.0035330653190612793,1.000609040260315,0.0007168054580688477,0.0410771369934082,0.0,0.0,0.0,-0.11942305788397789,-0.11942306160926819,0.19845981895923615,1e-06,26.030527591705322,28.3828125,50.75567626953125,0.0,870.0,0.0,0.02500000037252903,0.3333333432674408,0.0,0.02500000037252903,0.3333333432674408,0.0,0.11942306905984879,3.6755332946777344,-0.298016220331192,0.11942306905984879,3.6755332946777344,-0.298016220331192,252.25,512.0,145.0,0.0625,252.25,512.0,145.0,0.0625,0.0,842.0,842.0,842.0,1.0,96.00945202587172,3.1631891196593642,0.009669336955994368,6.524822658859193,2.088940971996635,108.29693922027946,23.78826858916544,0.0005522810689967083,0.3726766426124739,17508.0,108.29693922027946,161.66661889112274,2.0,2.0,2.0,,0.02500000037252903,0.0,0.3333333432674408,0.3333333432674408,True,False,False,False,True,False,True,True,True,True
871.0,15802.0,15802.0,0.0,15802.0,15802.0,15802.0,0.6886882185935974,1.0,0.11549356579780579,0.0037466450594365597,0.0073418086394667625,0.9997085332870483,2.0157735347747803,0.6896872520446777,0.0010740262223407626,0.00037463748594745994,2.013981342315674,0.6887880563735962,0.0008991733193397522,0.001358121633529663,0.004536688327789307,-0.0016019940376281738,1.0009007453918457,-0.0006496906280517578,-0.2613927721977234,0.0,0.0,0.0,0.0,0.0,0.0,1e-06,26.030527591705322,28.3828125,50.728668212890625,0.0,871.0,0.0,0.0,0.0,0.0,0.0,0.0,0.0,0.0,0.0,0.0,0.0,0.0,0.0,311.625,512.0,166.0,0.1875,311.625,512.0,166.0,0.1875,0.0,676.0,676.0,676.0,1.0,151.01369734387845,3.014194496907294,0.009341606870293617,6.073581560049206,2.0831653997302055,162.69521014206111,30.287544593637875,0.0005911661100046588,0.3843552436431595,15802.0,162.69521014206111,97.1263996414038,2.0,2.0,2.0,,0.0,0.0,0.0,0.0,False,True,False,False,False,False,False,False,False,False
872.0,13442.0,13442.0,0.0,13442.0,13442.0,13442.0,0.8309763669967651,1.0,0.06136065721511841,0.004583754576742649,0.008138174191117287,0.9996472597122192,2.575457811355591,0.8884174227714539,0.0011163789313286543,0.0004847294476348907,2.572694778442383,0.8872359991073608,0.001181500032544136,0.0015648473054170609,0.004619956016540527,-0.001929640769958496,1.0011835098266602,-0.0002983212471008301,-0.21350187063217163,0.0,0.0,0.0,-0.01943991705775261,-0.019439920783042908,0.18352939188480377,1e-06,26.030527591705322,28.3828125,50.77935028076172,0.0,872.0,0.0,0.0625,0.9333333373069763,0.0,0.0625,0.9333333373069763,0.0,0.01943991705775261,3.740405559539795,-0.26845017075538635,0.01943991705775261,3.740405559539795,-0.26845017075538635,255.125,512.0,100.0,0.125,255.125,512.0,100.0,0.125,0.0,585.0,585.0,585.0,1.0,64.00650397595018,2.797489744145423,0.009836332872509956,5.424362546298653,2.278380681760609,75.01578609133139,15.680182257704601,0.0007317611123724115,0.40353835339225214,13442.0,75.01578609133139,179.1889507581034,2.0,2.0,2.0,,0.0625,0.0,0.9333333373069763,0.9333333373069763,True,False,False,False,True,False,True,True,True,True
873.0,10308.0,10308.0,0.0,10308.0,10308.0,10308.0,0.7602567672729492,1.0,0.05908706784248352,0.004131557885557413,0.007675075437873602,0.9996899962425232,2.5261359214782715,0.8146916031837463,0.00017797894543036819,0.00042416821816004813,2.5257396697998047,0.8143845796585083,0.00030712783336639404,0.00154784694314003,0.003339052200317383,-0.0030199289321899414,1.0003087520599365,0.0013424158096313477,0.25352632999420166,0.0,0.0,0.0,0.0,0.0,0.0,1e-06,26.030527591705322,28.3828125,50.75117111206055,0.0,873.0,0.0,0.0,0.0,0.0,0.0,0.0,0.0,0.0,0.0,0.0,0.0,0.0,0.0,285.25,498.0,101.0,0.0625,285.25,498.0,101.0,0.0625,0.0,359.0,359.0,359.0,1.0,46.00444924691692,2.474829324055463,0.009386810939759016,4.4579720459878445,2.0994830206036568,55.54747716430575,10.079853033943234,0.0009106335797205099,0.4324769155983551,10308.0,55.54747716430575,185.57098407025077,2.0,2.0,2.0,,0.0,0.0,0.0,0.0,False,True,False,False,False,False,False,False,False,False
874.0,15690.0,15690.0,0.0,15690.0,15690.0,15690.0,0.8493094444274902,1.0,0.056441664695739746,0.004268812481313944,0.0076923188753426075,0.9996958374977112,2.542003631591797,0.9077121615409851,0.00042928720358759165,0.0004933290183544159,2.541801691055298,0.9076595306396484,5.2560120820999146e-05,0.0018134377896785736,0.0033091306686401367,-0.005783557891845703,1.0000550746917725,0.0011135339736938477,0.6608785390853882,0.0,0.0,0.0,-0.006875757128000259,-0.006875753402709961,0.16379347443580627,1e-06,26.030527591705322,28.3828125,50.73398971557617,0.0,874.0,0.0,0.3333333134651184,0.7333333492279053,0.0,0.3333333134651184,0.7333333492279053,0.0,0.0068757920525968075,1.43563711643219,-1.1963640451431274,0.0068757920525968075,1.43563711643219,-1.1963640451431274,293.625,512.0,127.0,0.125,293.625,512.0,127.0,0.125,0.0,687.0,687.0,687.0,1.0,151.01521912636235,2.9726249100640416,0.009427099954336882,5.943481078837067,2.0776892616413534,162.52316788909957,32.144576229536476,0.000600834923794575,0.37880695212473336,15690.0,162.52316788909957,96.5400822774162,2.0,2.0,2.0,,0.3333333134651184,0.0,0.7333333492279053,0.7333333492279053,True,False,False,False,True,False,True,True,True,True
875.0,10606.0,10606.0,0.0,10606.0,10606.0,10606.0,0.6131178736686707,1.0,0.0889563262462616,0.004115801304578781,0.007877565920352936,0.9996381998062134,1.9618943929672241,0.6592382192611694,0.0005267543019726872,0.00043274639756418765,1.9606760740280151,0.6587105989456177,0.0005275905132293701,0.001809578388929367,0.0046370625495910645,-0.002421259880065918,1.0005298852920532,0.000685572624206543,0.2876613140106201,0.0,0.0,0.0,0.06859152019023895,0.06859152019023895,0.16400986909866333,1e-06,26.030527591705322,28.3828125,50.80112075805664,0.0,875.0,0.0,0.49166667461395264,1.0,0.06666667014360428,0.49166667461395264,1.0,0.06666667014360428,-0.06859151273965836,1.3510890007019043,-1.1295989751815796,-0.06859151273965836,1.3510890007019043,-1.1295989751815796,247.875,457.0,141.0,0.125,247.875,457.0,141.0,0.125,0.0,415.0,415.0,415.0,1.0,45.00484772678465,2.4894375037401915,0.009214042220264673,4.491707501001656,2.0889313160441816,54.58598410990089,11.347667102063703,0.0008687575165250494,0.42350627013027115,10606.0,54.58598410990089,194.2989610418376,2.0,2.0,2.0,,0.49166667461395264,0.06666667014360428,1.0,0.9333333298563957,True,False,False,False,True,True,True,True,True,True
876.0,15001.0,15001.0,0.0,15001.0,15001.0,15001.0,0.6876651048660278,1.0,0.062272608280181885,0.004300916101783514,0.007843945175409317,0.9996546506881714,2.0542988777160645,0.7089455127716064,0.00023119479010347277,0.00048498413525521755,2.0543551445007324,0.7089114785194397,3.4091994166374207e-05,0.0014392491430044174,0.0022928714752197266,-0.0031861066818237305,1.000035285949707,0.0014710426330566406,0.23793244361877441,0.0,0.0,0.0,0.0,0.0,0.0,1e-06,26.030527591705322,28.3828125,50.74648666381836,0.0,876.0,0.0,0.0,0.0,0.0,0.0,0.0,0.0,0.0,0.0,0.0,0.0,0.0,0.0,304.5625,512.0,163.0,0.0625,304.5625,512.0,163.0,0.0625,0.0,633.0,633.0,633.0,1.0,163.01559880701825,2.8978417981415987,0.009670877829194069,5.7127301399596035,2.128126517869532,174.26665379293263,33.45282142561425,0.0006446822097989514,0.3808232877781217,15001.0,174.26665379293263,86.08072556339154,2.0,2.0,2.0,,0.0,0.0,0.0,0.0,False,True,False,False,False,False,False,False,False,False
877.0,17159.0,17159.0,0.0,17159.0,17159.0,17159.0,0.8223769664764404,1.0,0.060344576835632324,0.004375392105430365,0.007999476045370102,0.9996721148490906,2.370678186416626,0.8509731292724609,0.000979192671366036,0.0004987488500773907,2.368701219558716,0.8500211238861084,0.0009520277380943298,0.0022241324186325073,0.005197346210479736,-0.00657045841217041,1.0009560585021973,3.1948089599609375e-05,-0.05382394790649414,0.0,0.0,0.0,-0.03947053477168083,-0.03947053849697113,0.19517448544502258,1e-06,26.030527591705322,28.3828125,50.748374938964844,0.0,877.0,0.0,0.07916667312383652,0.4000000059604645,0.0,0.07916667312383652,0.4000000059604645,0.0,0.03947053104639053,3.1761152744293213,-0.7837168574333191,0.03947053104639053,3.1761152744293213,-0.7837168574333191,249.4375,451.0,93.0,0.0625,249.4375,451.0,93.0,0.0625,0.0,823.0,823.0,823.0,1.0,193.02027277182788,3.0784314735792577,0.009429046884179115,6.24552610469982,2.0871349358931184,204.94981730915606,48.36388693856875,0.0005495102793973492,0.3639796086426843,17159.0,204.94981730915606,83.72293386393484,2.0,2.0,2.0,,0.07916667312383652,0.0,0.4000000059604645,0.4000000059604645,True,False,False,False,True,False,True,True,True,True
878.0,10407.0,10407.0,0.0,10407.0,10407.0,10407.0,0.8345426321029663,1.0,0.04740956425666809,0.00406017666682601,0.007341585587710142,0.9997278451919556,2.4305763244628906,0.8667466044425964,-0.0004820828326046467,0.0004626146692316979,2.432680606842041,0.867428183555603,-0.0006814673542976379,0.0017089620232582092,0.0033513307571411133,-0.003401041030883789,0.9993206262588501,0.0028227567672729492,0.6693280935287476,0.0,0.0,0.0,0.1286359243094921,0.1286359280347824,0.16756758093833923,1e-06,26.030527591705322,28.3828125,50.75094985961914,0.0,878.0,0.0,0.08750000596046448,0.4000000059604645,0.0,0.08750000596046448,0.4000000059604645,0.0,-0.12863588333129883,2.1479334831237793,-0.6014214158058167,-0.12863588333129883,2.1479334831237793,-0.6014214158058167,212.4375,299.0,141.0,0.0625,212.4375,299.0,141.0,0.0625,0.0,438.0,438.0,438.0,1.0,44.00557683920488,2.3908258732408285,0.00923753622919321,4.206388026941568,2.0881974659860134,53.20160796213895,12.946624548162658,0.0008876271960404738,0.40418833736346377,10407.0,53.20160796213895,195.61438833589702,2.0,2.0,2.0,,0.08750000596046448,0.0,0.4000000059604645,0.4000000059604645,True,False,False,False,True,False,True,True,True,True
879.0,17890.0,17890.0,0.0,17890.0,17890.0,17890.0,0.7853081226348877,1.0,0.06177517771720886,0.00430820370092988,0.007786855101585388,0.9996742010116577,2.3536477088928223,0.8143437504768372,0.000352937524439767,0.00048084111767821014,2.3538248538970947,0.8142616748809814,8.210726082324982e-05,0.001715267077088356,0.005252748727798462,-0.0047258734703063965,1.0000845193862915,0.0012204647064208984,0.1403651237487793,0.0,0.0,0.0,0.0,0.0,0.0,1e-06,26.030527591705322,28.3828125,50.76223373413086,0.0,879.0,0.0,0.0,0.0,0.0,0.0,0.0,0.0,0.0,0.0,0.0,0.0,0.0,0.0,269.125,512.0,82.0,0.125,269.125,512.0,82.0,0.125,0.0,849.0,849.0,849.0,1.0,72.0078201238066,3.207291624043137,0.010421151760965586,6.651196199003607,2.1222794190980494,84.50213851127774,16.722670720809706,0.0005825126752915363,0.3717829065960652,17890.0,84.50213851127774,211.7106183959165,2.0,2.0,2.0,,0.0,0.0,0.0,0.0,False,True,False,False,False,False,False,False,False,False
880.0,8624.0,8624.0,0.0,8624.0,8624.0,8624.0,0.6397873759269714,1.0,0.05438205599784851,0.003651658771559596,0.007262642960995436,0.9997140765190125,1.9645934104919434,0.6612092852592468,0.0002125019091181457,0.0003736278449650854,1.9639432430267334,0.6608356833457947,0.00037362612783908844,0.0018298719078302383,0.004765748977661133,-0.0032958984375,1.0003758668899536,0.001070857048034668,0.2432934045791626,0.0,0.0,0.0,-0.03515445441007614,-0.03515445441007614,0.16636529564857483,1e-06,26.030527591705322,28.3828125,50.809478759765625,0.0,880.0,0.0,0.8666666746139526,1.0,0.4000000059604645,0.8666666746139526,1.0,0.4000000059604645,0.03515452519059181,0.7523505687713623,-2.6332271099090576,0.03515452519059181,0.7523505687713623,-2.6332271099090576,210.0,399.0,84.0,0.0625,210.0,399.0,84.0,0.0625,0.0,329.0,329.0,329.0,1.0,47.00541618280113,2.232588144019246,0.009741271380335093,3.787700898014009,2.1037976439110935,55.64344267593697,13.98970719726224,0.00112955373148598,0.4392046495841847,8624.0,55.64344267593697,154.9868157911346,2.0,2.0,2.0,,0.8666666746139526,0.4000000059604645,1.0,0.5999999940395355,True,False,False,False,True,True,True,True,True,True
881.0,9429.0,9429.0,0.0,9429.0,9429.0,9429.0,0.6806223392486572,1.0,0.061236441135406494,0.004245281685143709,0.007854398339986801,0.9996442198753357,2.0298421382904053,0.6863598823547363,-0.0002741883508861065,0.0003978241584263742,2.03029203414917,0.6865381598472595,-0.00017826631665229797,0.00118328258395195,0.0022159814834594727,-0.003224611282348633,0.9998228549957275,0.0021418333053588867,0.3777273893356323,0.0,0.0,0.0,0.05575481802225113,0.05575481802225113,0.21671350300312042,1e-06,26.030527591705322,28.3828125,51.0346565246582,0.0,881.0,0.0,0.7291667461395264,0.7333333492279053,0.6666666865348816,0.7291667461395264,0.7333333492279053,0.6666666865348816,-0.055754855275154114,0.24998119473457336,-3.7497787475585938,-0.055754855275154114,0.24998119473457336,-3.7497787475585938,218.3125,330.0,131.0,0.0625,218.3125,330.0,131.0,0.0625,0.0,371.0,371.0,371.0,1.0,50.00595588283613,2.381460133008659,0.009869649074971676,4.0550523260608315,2.100349592976272,59.0580092612654,14.316048062649909,0.0010467333837068274,0.4300617590477072,9429.0,59.0580092612654,159.65658372071533,2.0,2.0,2.0,,0.7291667461395264,0.6666666865348816,0.7333333492279053,0.06666666269302368,True,False,False,False,True,False,True,True,True,True
882.0,9224.0,9224.0,0.0,9224.0,9224.0,9224.0,0.7937935590744019,1.0,0.06502175331115723,0.00434337230399251,0.00770307844504714,0.999681293964386,2.2950048446655273,0.8088058829307556,0.0017586505273357034,0.0005022335681132972,2.290156602859497,0.806942343711853,0.0018635764718055725,0.0023510679602622986,0.007889509201049805,-0.0013065934181213379,1.001868724822998,-0.00151747465133667,-0.263058602809906,0.0,0.0,0.0,0.09898212924599648,0.09898212552070618,0.16605034470558167,1e-06,26.030527591705322,28.3828125,50.85474395751953,0.0,882.0,0.0,0.125,1.0,0.0,0.125,1.0,0.0,-0.09898219257593155,2.561730146408081,-0.3659614622592926,-0.09898219257593155,2.561730146408081,-0.3659614622592926,201.5,333.0,96.0,0.0625,201.5,333.0,96.0,0.0625,0.0,375.0,375.0,375.0,1.0,179.01586219202727,2.3149577351287007,0.009484690614044666,4.006989201065153,2.086091215722263,187.93561932072043,55.526011846162305,0.0010282622088079647,0.4344090634285725,9224.0,187.93561932072043,49.080637472233704,2.0,2.0,2.0,,0.125,0.0,1.0,1.0,True,False,False,False,True,True,True,True,True,True
883.0,12744.0,12744.0,0.0,12744.0,12744.0,12744.0,0.7539975047111511,1.0,0.061387479305267334,0.004379658028483391,0.007944094017148018,0.9996587634086609,2.5172595977783203,0.860000491142273,0.0005528081674128771,0.00043673079926520586,2.513739824295044,0.8592529296875,0.0007475055754184723,0.0018517933785915375,0.00694119930267334,-0.003698021173477173,1.0007506608963013,0.0006411075592041016,0.051642417907714844,0.0,0.0,0.0,0.0,0.0,0.0,1e-06,26.030527591705322,28.3828125,50.91274642944336,0.0,883.0,0.0,0.0,0.0,0.0,0.0,0.0,0.0,0.0,0.0,0.0,0.0,0.0,0.0,240.5,512.0,74.0,0.125,240.5,512.0,74.0,0.125,0.0,556.0,556.0,556.0,1.0,560.05447645206,2.717105816118419,0.009471318684518337,5.185608657076955,2.1434465339407325,570.6119134263135,145.5443026122817,0.0007431982646357767,0.4069058896011421,12744.0,570.6119134263135,22.33391855328956,2.0,2.0,2.0,,0.0,0.0,0.0,0.0,False,True,False,False,False,False,False,False,False,False
884.0,19793.0,19793.0,0.0,19793.0,19793.0,19793.0,0.8097976446151733,1.0,0.06030327081680298,0.0036419585812836885,0.007073360960930586,0.9997560977935791,2.4461562633514404,0.8521462678909302,0.001809916808269918,0.00043943605851382017,2.4413487911224365,0.8503075242042542,0.00183882936835289,0.002002149820327759,0.004092097282409668,-0.0008056163787841797,1.0018413066864014,-0.001864612102508545,-0.5122964382171631,0.0,0.0,0.0,0.0,0.0,0.0,1e-06,26.030527591705322,28.3828125,50.91156005859375,0.0,884.0,0.0,0.0,0.0,0.0,0.0,0.0,0.0,0.0,0.0,0.0,0.0,0.0,0.0,274.0625,512.0,189.0,0.0625,274.0625,512.0,189.0,0.0625,0.0,963.0,963.0,963.0,1.0,76.00737045519054,3.3151110731996596,0.00937418406829238,6.956027476117015,2.092669352889061,88.881614909973,17.333493832426576,0.00047361107807267113,0.3514387650238476,19793.0,88.881614909973,222.6894731834932,2.0,2.0,2.0,,0.0,0.0,0.0,0.0,False,True,False,False,False,False,False,False,False,False
885.0,15832.0,15832.0,0.0,15832.0,15832.0,15832.0,0.9316093921661377,1.0,0.06139528751373291,0.004154801834374666,0.007464824244379997,0.9997214078903198,2.7649292945861816,0.9704671502113342,0.0010707542533054948,0.0004650633200071752,2.7618954181671143,0.9693846702575684,0.001082494854927063,0.0016137659549713135,0.005408883094787598,-0.0013138055801391602,1.0010850429534912,-0.00028228759765625,-0.17079508304595947,0.0,0.0,0.0,0.0,0.0,0.0,1e-06,26.030527591705322,28.3828125,50.89580535888672,0.0,885.0,0.0,0.0,0.0,0.0,0.0,0.0,0.0,0.0,0.0,0.0,0.0,0.0,0.0,246.5,344.0,140.0,0.0625,246.5,344.0,140.0,0.0625,0.0,743.0,743.0,743.0,1.0,55.00647987006232,2.919299816247076,0.00966374296694994,5.776726389769465,2.0863156616687775,66.30269697587937,13.94687623480282,0.0006103930625915828,0.36487660369943564,15832.0,66.30269697587937,238.78365016976025,2.0,2.0,2.0,,0.0,0.0,0.0,0.0,False,True,False,False,False,False,False,False,False,False
886.0,13650.0,13650.0,0.0,13650.0,13650.0,13650.0,0.754216194152832,1.0,0.06067162752151489,0.004155756440013647,0.007870362140238285,0.9996755123138428,2.2377023696899414,0.7796784043312073,0.001188646536320448,0.00047627874300815165,2.235308885574341,0.7785234451293945,0.0011549647897481918,0.0019194651395082474,0.004826009273529053,-0.003528416156768799,1.0011576414108276,-0.0004819035530090332,-0.18106108903884888,0.0,0.0,0.0,0.0,0.0,0.0,1e-06,26.030527591705322,28.3828125,50.880611419677734,0.0,886.0,0.0,0.0,0.0,0.0,0.0,0.0,0.0,0.0,0.0,0.0,0.0,0.0,0.0,220.125,409.0,122.0,0.0625,220.125,409.0,122.0,0.0625,0.0,633.0,633.0,633.0,1.0,79.00814497005194,2.723598930053413,0.009452386759221554,5.183710135985166,2.2487062262371182,89.67354817409068,22.43274984953207,0.0006924825464631175,0.3797589843212576,13650.0,89.67354817409068,152.2188011731188,2.0,2.0,2.0,,0.0,0.0,0.0,0.0,False,True,False,False,False,False,False,False,False,False
887.0,11837.0,11837.0,0.0,11837.0,11837.0,11837.0,0.5769038796424866,1.0,0.058626145124435425,0.003613591194152832,0.007457749918103218,0.9996734857559204,1.757910966873169,0.5538816452026367,0.0007768789655528963,0.0003841394209302962,1.756345510482788,0.5529231429100037,0.0009585190564393997,0.0019161533564329147,0.00571092963218689,-0.0037591159343719482,1.0009615421295166,-1.5497207641601562e-05,0.0210268497467041,0.0,0.0,0.0,0.07428107038140297,0.07428106665611267,0.14035551249980927,1e-06,26.030527591705322,28.3828125,50.87724685668945,0.0,887.0,0.0,0.1875,1.0,0.0,0.1875,1.0,0.0,-0.07428102940320969,2.015559434890747,-0.4651290774345398,-0.07428102940320969,2.015559434890747,-0.4651290774345398,213.8125,424.0,136.0,0.0625,213.8125,424.0,136.0,0.0625,0.0,526.0,526.0,526.0,1.0,138.01290389383212,2.5691191949881613,0.009994857013225555,4.708941435441375,2.0987353618256748,147.90109037375078,40.342854105183314,0.0008443741668687637,0.39781544609625535,11837.0,147.90109037375078,80.03321659149046,2.0,2.0,2.0,,0.1875,0.0,1.0,1.0,True,False,False,False,True,True,True,True,True,True
888.0,9370.0,9370.0,0.0,9370.0,9370.0,9370.0,0.6593219637870789,1.0,0.05765688419342041,0.00425134738907218,0.00801271665841341,0.9996339082717896,2.0269298553466797,0.6839202642440796,0.00034012048854492605,0.0004262066795490682,2.026200532913208,0.6836963891983032,0.00022385083138942719,0.0013792533427476883,0.0036482810974121094,-0.005304992198944092,1.0002257823944092,0.0010236501693725586,0.06053793430328369,0.0,0.0,0.0,0.02968592382967472,0.02968592196702957,0.16923801600933075,1e-06,26.030527591705322,28.3828125,50.88865661621094,0.0,888.0,0.0,0.5208333730697632,1.0,0.0,0.5208333730697632,1.0,0.0,-0.02968590147793293,0.9556803703308105,-1.0387831926345825,-0.02968590147793293,0.9556803703308105,-1.0387831926345825,234.625,487.0,115.0,0.0625,234.625,487.0,115.0,0.0625,0.0,351.0,351.0,351.0,1.0,49.005582713056356,2.3909037662670016,0.009322083089500666,4.214361455757171,2.090410988777876,58.213190915063024,13.054230877212667,0.0009948861354856634,0.4497717668897728,9370.0,58.213190915063024,160.9600822891063,2.0,2.0,2.0,,0.5208333730697632,0.0,1.0,1.0,True,False,False,False,True,True,True,True,True,True
889.0,18691.0,18691.0,0.0,18691.0,18691.0,18691.0,0.6996507048606873,1.0,0.18416541814804077,0.003827831242233515,0.007741582579910755,0.9996866583824158,2.071870803833008,0.7064591646194458,0.00029794167494401336,0.00043455674313008785,2.0711846351623535,0.7061612010002136,0.00029793381690979004,0.0013138055801391602,0.004939675331115723,-0.0035959482192993164,1.0002998113632202,0.001149296760559082,0.26430273056030273,0.0,0.0,0.0,0.0,0.0,0.0,1e-06,26.030527591705322,28.3828125,50.888057708740234,0.0,889.0,0.0,0.0,0.0,0.0,0.0,0.0,0.0,0.0,0.0,0.0,0.0,0.0,0.0,373.1875,512.0,181.0,0.0625,373.1875,512.0,181.0,0.0625,0.0,795.0,795.0,795.0,1.0,73.00827691191807,3.2513307980261743,0.009315223898738623,6.746225378941745,2.097626735921949,85.6138217751868,12.227144014724178,0.0004983801775581094,0.36093442720784036,18691.0,85.6138217751868,218.31755214807097,2.0,2.0,2.0,,0.0,0.0,0.0,0.0,False,True,False,False,False,False,False,False,False,False
890.0,12684.0,12684.0,0.0,12684.0,12684.0,12684.0,0.8742070198059082,1.0,0.060659825801849365,0.00459719356149435,0.008006330579519272,0.9996609687805176,2.5155105590820312,0.8786917328834534,0.0012315124040469527,0.0004991175374016166,2.512511730194092,0.8776089549064636,0.0010827817022800446,0.001456577330827713,0.00321352481842041,-0.0014174580574035645,1.0010842084884644,-0.00047147274017333984,-0.3214547038078308,0.0,0.0,0.0,-0.120162233710289,-0.120162233710289,0.16125032305717468,1e-06,26.030527591705322,28.3828125,50.89496612548828,0.0,890.0,0.0,0.3750000298023224,0.7333333492279053,0.0,0.3750000298023224,0.7333333492279053,0.0,0.12016228586435318,1.4238665103912354,-1.4900929927825928,0.12016228586435318,1.4238665103912354,-1.4900929927825928,268.75,412.0,169.0,0.0625,268.75,412.0,169.0,0.0625,0.0,524.0,524.0,524.0,1.0,140.01239041611552,2.641941749956459,0.009375168941915035,4.961219917982817,2.0894738999195397,150.21695329016075,32.56102102700361,0.0007391334706650138,0.39114001245528357,12684.0,150.21695329016075,84.4378728378244,2.0,2.0,2.0,,0.3750000298023224,0.0,0.7333333492279053,0.7333333492279053,True,False,False,False,True,False,True,True,True,True
891.0,10582.0,10582.0,0.0,10582.0,10582.0,10582.0,0.8148332238197327,1.0,0.08536642789840698,0.004114067647606134,0.007779034320265055,0.9996887445449829,2.397150993347168,0.8314075469970703,-2.9854227250325494e-05,0.0004769719089381397,2.397336959838867,0.8314507603645325,-4.3194741010665894e-05,0.0021247602999210358,0.004939436912536621,-0.003632485866546631,0.9999597072601318,0.0019758939743041992,0.7490823268890381,0.0,0.0,0.0,-0.08106347918510437,-0.08106347918510437,0.1746785044670105,1e-06,26.030527591705322,28.3828125,50.91053771972656,0.0,891.0,0.0,0.1458333432674408,0.7333333492279053,0.0,0.1458333432674408,0.7333333492279053,0.0,0.08106352388858795,2.0831549167633057,-0.5170952677726746,0.08106352388858795,2.0831549167633057,-0.5170952677726746,242.375,496.0,99.0,0.0625,242.375,496.0,99.0,0.0625,0.0,419.0,419.0,419.0,1.0,61.00678337691352,2.471848010085523,0.010686538182199001,4.4403908690437675,2.0959044387564063,70.52869921596721,15.731506801679608,0.0010098788680966736,0.41961735674199274,10582.0,70.52869921596721,150.03821306269475,2.0,2.0,2.0,,0.1458333432674408,0.0,0.7333333492279053,0.7333333492279053,True,False,False,False,True,False,True,True,True,True
892.0,24877.0,24877.0,0.0,24877.0,24877.0,24877.0,0.7506840825080872,1.0,0.0975647121667862,0.004152143839746714,0.00783115066587925,0.9996731281280518,2.435474395751953,0.7965241074562073,0.0008447107393294573,0.00045474787475541234,2.4311916828155518,0.7954554557800293,0.0010687410831451416,0.0018298104405403137,0.005222797393798828,-0.0022614598274230957,1.0010714530944824,0.00012743473052978516,0.04997730255126953,0.0,0.0,0.0,0.0,0.0,0.0,1e-06,26.030527591705322,28.3828125,50.9396858215332,0.0,892.0,0.0,0.0,0.0,0.0,0.0,0.0,0.0,0.0,0.0,0.0,0.0,0.0,0.0,263.8125,512.0,114.0,0.125,263.8125,512.0,114.0,0.125,0.0,1291.0,1291.0,1291.0,1.0,65.00743943592533,3.869214902166277,0.010634212754666805,9.041977999731898,2.0893294122070074,80.5205321982503,15.40095698553076,0.00042747167080704285,0.36346737949639824,24877.0,80.5205321982503,308.95225504409393,2.0,2.0,2.0,,0.0,0.0,0.0,0.0,False,True,False,False,False,False,False,False,False,False
893.0,8978.0,8978.0,0.0,8978.0,8978.0,8978.0,0.7194024324417114,1.0,0.05838555097579956,0.0042576864361763,0.007932803593575954,0.9996554851531982,2.1347270011901855,0.7296561598777771,0.00015274836914613843,0.0004502939118538052,2.133784294128418,0.7293325066566467,0.00032356567680835724,0.0012070443481206894,0.0022431612014770508,-0.002529740333557129,1.0003247261047363,0.0014966726303100586,0.21511518955230713,0.0,0.0,0.0,-0.06252427026629448,-0.06252425909042358,0.1607504040002823,1e-06,26.030527591705322,28.3828125,50.9514045715332,0.0,893.0,0.0,0.42916664481163025,0.7333333492279053,0.0,0.42916664481163025,0.7333333492279053,0.0,0.06252431124448776,1.0203089714050293,-1.439613699913025,0.06252431124448776,1.0203089714050293,-1.439613699913025,242.125,358.0,110.0,0.0625,242.125,358.0,110.0,0.0625,0.0,319.0,319.0,319.0,1.0,42.00518863275647,2.2724271956831217,0.009581771213561296,3.8774554170668125,2.1160762417130172,50.783134958241135,10.84284683344256,0.0010672500794788702,0.4318840963540669,8978.0,50.783134958241135,176.79097612588492,2.0,2.0,2.0,,0.42916664481163025,0.0,0.7333333492279053,0.7333333492279053,True,False,False,False,True,False,True,True,True,True
894.0,23958.0,23958.0,0.0,23958.0,23958.0,23958.0,0.7628991007804871,1.0,0.06043434143066406,0.0045351688750088215,0.00811165850609541,0.9996390342712402,2.2930800914764404,0.8109421730041504,0.0008275001891888678,0.0005155585240572691,2.2906763553619385,0.8100546598434448,0.000887550413608551,0.0023736506700515747,0.005360245704650879,-0.0038791894912719727,1.0008912086486816,0.00040411949157714844,0.2771075963973999,0.0,0.0,0.0,0.011144880205392838,0.011144876480102539,0.15990039706230164,1e-06,26.030527591705322,28.3828125,50.9040412902832,0.0,894.0,0.0,0.17916667461395264,0.46666666865348816,0.0,0.17916667461395264,0.46666666865348816,0.0,-0.011144879274070263,1.4912785291671753,-0.929347574710846,-0.011144879274070263,1.4912785291671753,-0.929347574710846,283.375,512.0,153.0,0.125,283.375,512.0,153.0,0.125,0.0,1214.0,1214.0,1214.0,1.0,107.01127764116973,3.7545372168533504,0.009696698281913996,8.339601051993668,2.110098763369024,121.72749764472246,23.601958015255786,0.0004047373855043825,0.34809253910984506,23958.0,121.72749764472246,196.81666397122973,2.0,2.0,2.0,,0.17916667461395264,0.0,0.46666666865348816,0.46666666865348816,True,False,False,False,True,False,True,True,True,True
895.0,17021.0,17021.0,0.0,17021.0,17021.0,17021.0,0.8483585715293884,1.0,0.06130757927894592,0.004568649921566248,0.007977579720318317,0.9996631741523743,2.371408462524414,0.8504841923713684,0.0006101290346123278,0.000550193595699966,2.370976448059082,0.8501982092857361,0.00028605759143829346,0.0021027401089668274,0.0049190521240234375,-0.00399327278137207,1.0002890825271606,0.000977158546447754,0.26062023639678955,0.0,0.0,0.0,0.0,0.0,0.0,1e-06,26.030527591705322,28.3828125,50.95051956176758,0.0,895.0,0.0,0.0,0.0,0.0,0.0,0.0,0.0,0.0,0.0,0.0,0.0,0.0,0.0,245.8125,512.0,124.0,0.0625,245.8125,512.0,124.0,0.0625,0.0,818.0,818.0,818.0,1.0,181.019241518341,3.092472202144563,0.009499563835561275,6.316300665959716,2.105409177020192,193.04424321930856,46.02574155055708,0.0005581084446014497,0.37108869431641595,17021.0,193.04424321930856,88.17149745648327,2.0,2.0,2.0,,0.0,0.0,0.0,0.0,False,True,False,False,False,False,False,False,False,False
896.0,10846.0,10846.0,0.0,10846.0,10846.0,10846.0,0.5869238972663879,1.0,0.05251282453536987,0.0040619769133627415,0.0077521465718746185,0.999632716178894,1.8398725986480713,0.589962363243103,0.0008363995584659278,0.0004200639668852091,1.8384078741073608,0.589152455329895,0.0008099675178527832,0.001442141830921173,0.004804134368896484,-0.0014699101448059082,1.0008115768432617,3.5762786865234375e-07,-0.1434537172317505,0.0,0.0,0.0,-0.1252189427614212,-0.1252189427614212,0.15338055789470673,1e-06,26.030527591705322,28.3828125,50.928985595703125,0.0,896.0,0.0,0.5916666984558105,1.0,0.0,0.5916666984558105,1.0,0.0,0.12521885335445404,0.8315824270248413,-1.2049460411071777,0.12521885335445404,0.8315824270248413,-1.2049460411071777,235.875,436.0,117.0,0.0625,235.875,436.0,117.0,0.0625,0.0,442.0,442.0,442.0,1.0,51.00617168704048,2.460480771958828,0.010041387286037207,4.399629923980683,2.0974327865988016,60.47533374791965,13.51514883069435,0.0009258147967948743,0.40564539221654833,10846.0,60.47533374791965,179.34584776678645,2.0,2.0,2.0,,0.5916666984558105,0.0,1.0,1.0,True,False,False,False,True,True,True,True,True,True
897.0,12442.0,12442.0,0.0,12442.0,12442.0,12442.0,0.8639885187149048,1.0,0.06133967638015747,0.0042120665311813354,0.007561980281025171,0.9997047185897827,2.3838839530944824,0.8525301814079285,0.0007346207858063281,0.00045034356298856437,2.3819527626037598,0.8517727851867676,0.0007574241608381271,0.0016975942999124527,0.004702389240264893,-0.0033135414123535156,1.0007597208023071,0.00033020973205566406,0.008736729621887207,0.0,0.0,0.0,0.0,0.0,0.0,1e-06,26.030527591705322,28.3828125,50.94610595703125,0.0,897.0,0.0,0.0,0.0,0.0,0.0,0.0,0.0,0.0,0.0,0.0,0.0,0.0,0.0,271.625,430.0,154.0,0.0625,271.625,430.0,154.0,0.0625,0.0,506.0,506.0,506.0,1.0,53.00543657876551,2.625979783013463,0.009344931226223707,4.910336413886398,2.1020575161091983,63.15623763296753,12.196372889729755,0.000751079507010425,0.39465812681935364,12442.0,63.15623763296753,197.0035022083912,2.0,2.0,2.0,,0.0,0.0,0.0,0.0,False,True,False,False,False,False,False,False,False,False
898.0,10902.0,10902.0,0.0,10902.0,10902.0,10902.0,0.7057076096534729,1.0,0.05870753526687622,0.004108373075723648,0.007822553627192974,0.9996716380119324,2.139191150665283,0.7486313581466675,0.0001487653935328126,0.0004337122372817248,2.1379971504211426,0.7481765151023865,0.0004548709839582443,0.0017269570380449295,0.0039414167404174805,-0.0038642287254333496,1.0004571676254272,0.0014395713806152344,0.4853332042694092,0.0,0.0,0.0,0.14023206755518913,0.14023207128047943,0.14408265054225922,1e-06,26.030527591705322,28.3828125,50.740848541259766,0.0,898.0,0.0,0.17083333432674408,1.0,0.0,0.17083333432674408,1.0,0.0,-0.14023207128047943,3.6735968589782715,-0.75687175989151,-0.14023207128047943,3.6735968589782715,-0.75687175989151,244.375,459.0,91.0,0.0625,244.375,459.0,91.0,0.0625,0.0,437.0,437.0,437.0,1.0,42.00537737691775,2.544970150105655,0.009767877869307995,4.618965824134648,2.1022722478955984,51.78611281188205,10.7430632677539,0.0008959711859574385,0.42368059293108123,10902.0,51.78611281188205,210.5197592181237,2.0,2.0,2.0,,0.17083333432674408,0.0,1.0,1.0,True,False,False,False,True,True,True,True,True,True
899.0,17232.0,17232.0,0.0,17232.0,17232.0,17232.0,0.8375816941261292,1.0,0.06119120121002197,0.004412265960127115,0.007929777726531029,0.9996801614761353,2.4068470001220703,0.8615665435791016,0.00045672370470128953,0.00051015370991081,2.4054579734802246,0.8611146211624146,0.00045194104313850403,0.0010716505348682404,0.0028803348541259766,-0.00194549560546875,1.0004527568817139,0.0011295080184936523,-0.08943510055541992,0.0,0.0,0.0,0.0,0.0,0.0,1e-06,26.030527591705322,28.3828125,50.7298583984375,0.0,899.0,0.0,0.0,0.0,0.0,0.0,0.0,0.0,0.0,0.0,0.0,0.0,0.0,0.0,292.0,512.0,132.0,0.0625,292.0,512.0,132.0,0.0625,0.0,785.0,785.0,785.0,1.0,109.01125111896545,3.115436051040888,0.009672367013990879,6.346490147989243,2.101974836550653,121.08597800694406,23.332887653888154,0.0005613026354451532,0.368296782032802,17232.0,121.08597800694406,142.31210156317007,2.0,2.0,2.0,,0.0,0.0,0.0,0.0,False,True,False,False,False,False,False,False,False,False
900.0,9754.0,9754.0,0.0,9754.0,9754.0,9754.0,0.885421872138977,1.0,0.060820966958999634,0.004783395677804947,0.008306245319545269,0.9996394515037537,2.593987464904785,0.9158045053482056,0.0004813910345546901,0.0004995866911485791,2.5925655364990234,0.915299654006958,0.0005048736929893494,0.001209266483783722,0.0036226511001586914,-0.002696394920349121,1.0005061626434326,0.0010311603546142578,0.03218197822570801,0.0,0.0,0.0,0.0,0.0,0.0,1e-06,26.030527591705322,28.3828125,50.72219467163086,0.0,900.0,0.0,0.0,0.0,0.0,0.0,0.0,0.0,0.0,0.0,0.0,0.0,0.0,0.0,188.625,243.0,104.0,0.0625,188.625,243.0,104.0,0.0625,0.0,421.0,421.0,421.0,1.0,1826.159113550093,2.2782374299131334,0.0100934449583292,3.911345117725432,2.214227744843811,1886.4493597950786,605.0891694996994,0.0010348005903556695,0.40099908937107154,9754.0,1886.4493597950786,5.170560211093903,2.0,2.0,2.0,51.36919369036332,0.0,0.0,0.0,0.0,False,True,False,False,False,False,False,False,False,False
