step,success_count,group_type,is_positive,is_informative,has_advantage_signal,has_actor_update,has_pg_signal,actor/entropy,actor/grad_norm,actor/loss,actor/lr,actor/perf/cpu_memory_used_gb,actor/perf/max_memory_allocated_gb,actor/perf/max_memory_reserved_gb,actor/pg_clipfrac,actor/pg_clipfrac_lower,actor/pg_loss,actor/ppo_kl,critic/advantages/max,critic/advantages/mean,critic/advantages/min,critic/returns/max,critic/returns/mean,critic/returns/min,critic/rewards/max,critic/rewards/mean,critic/rewards/min,critic/score/max,critic/score/mean,critic/score/min,global_seqlen/balanced_max,global_seqlen/balanced_min,global_seqlen/max,global_seqlen/mean,global_seqlen/min,global_seqlen/minmax_diff,perf/mfu/actor,perf/throughput,perf/time_per_step,perf/total_num_tokens,prompt_length/clip_ratio,prompt_length/max,prompt_length/mean,prompt_length/min,response/aborted_ratio,response_length/clip_ratio,response_length/max,response_length/mean,response_length/min,response_length_non_aborted/clip_ratio,response_length_non_aborted/max,response_length_non_aborted/mean,response_length_non_aborted/min,rollout_corr/chi2_seq,rollout_corr/chi2_token,rollout_corr/k3_kl,rollout_corr/kl,rollout_corr/log_ppl_abs_diff,rollout_corr/log_ppl_diff,rollout_corr/log_ppl_diff_max,rollout_corr/log_ppl_diff_min,rollout_corr/ppl_ratio,rollout_corr/rollout_log_ppl,rollout_corr/rollout_ppl,rollout_corr/training_log_ppl,rollout_corr/training_ppl,timing_per_token_ms/adv,timing_per_token_ms/gen,timing_per_token_ms/update_actor,timing_s/adv,timing_s/gen,timing_s/old_log_prob,timing_s/save_checkpoint,timing_s/step,timing_s/update_actor,timing_s/update_weights,training/epoch,training/global_step,training/num_turns/max,training/num_turns/mean,training/num_turns/min,training/rollout_actor_probs_pearson_corr,training/rollout_probs_diff_max,training/rollout_probs_diff_mean,training/rollout_probs_diff_std,training/rollout_probs_diff_valid
1.0,0,all_fail,False,False,False,False,False,0.8210499882698059,0.0,0.0,1e-06,53.56952667236328,23.795878887176514,27.04296875,0.0,0.0,0.0,0.0,0.0,0.0,0.0,0.0,0.0,0.0,0.0,0.0,0.0,0.0,0.0,0.0,8135.0,8135.0,8135.0,8135.0,8135.0,0.0,0.0,103.00931733016498,78.97343862522393,8135.0,1.0,312.0,312.0,312.0,0.0,0.0625,320.0,196.4375,101.0,0.0625,320.0,196.4375,101.0,-0.1515127420425415,-0.0002098679542541504,0.0004707832704298198,0.0010446051601320505,0.001684579998254776,0.0010288693010807037,0.005607187747955322,-0.003076910972595215,1.0010313987731934,0.8312954902648926,2.320755958557129,0.8323243856430054,2.3233482837677,0.0012060239814913338,22.273331802490077,0.4471350043380121,0.009811005089432001,70.00508185522631,2.58152919029817,,78.97343862522393,3.6374432602897286,2.160810817964375,0.0,1.0,2.0,2.0,2.0,0.9996557831764221,0.060945063829422,0.004629394505172968,0.00805620290338993,1.0
2.0,0,all_fail,False,False,False,False,False,0.75380539894104,0.0,0.0,1e-06,53.743465423583984,24.0366792678833,27.21484375,0.0,0.0,0.0,0.0,0.0,0.0,0.0,0.0,0.0,0.0,0.0,0.0,0.0,0.0,0.0,0.0,14453.0,14453.0,14453.0,14453.0,14453.0,0.0,0.0,169.19960251441887,85.41982241813093,14453.0,1.0,651.0,651.0,651.0,0.0,0.125,512.0,252.3125,45.0,0.125,512.0,252.3125,45.0,0.25927281379699707,0.0012288093566894531,0.00044598194654099643,0.0002782184164971113,0.0013729743659496307,7.607415318489075e-05,0.00229567289352417,-0.004655003547668457,1.0000776052474976,0.8559525609016418,2.640806198120117,0.8560285568237305,2.640519857406616,0.000650901173416128,18.33169150680898,0.396456793806367,0.009407474659383297,74.00503861298785,3.053954770322889,,85.41982241813093,5.729990040883422,2.0784863349981606,0.0,2.0,2.0,2.0,2.0,0.999661922454834,0.059040069580078125,0.004368504509329796,0.007846402004361153,1.0
3.0,0,all_fail,False,False,False,False,False,0.6980804800987244,0.0,0.0,1e-06,53.05453872680664,24.0366792678833,27.9140625,0.0,0.0,0.0,0.0,0.0,0.0,0.0,0.0,0.0,0.0,0.0,0.0,0.0,0.0,0.0,0.0,12392.0,12392.0,12392.0,12392.0,12392.0,0.0,0.0,109.45517555606746,113.21529509266838,12392.0,1.0,464.0,464.0,464.0,0.0,0.0625,512.0,310.5,191.0,0.0625,512.0,310.5,191.0,0.21606266498565674,0.0010222196578979492,0.00048409251030534506,0.000412260415032506,0.001519693061709404,0.0003519449383020401,0.005114734172821045,-0.004060268402099609,1.0003541707992554,0.719046950340271,2.1127023696899414,0.7193989753723145,2.1128687858581543,0.0007719701406136492,20.73412941976476,0.39938980896263987,0.00956625398248434,103.00715495739132,2.640781099908054,,113.21529509266838,4.949238512665033,2.1036622282117605,0.0,3.0,2.0,2.0,2.0,0.9996907711029053,0.14985153079032898,0.0037845789920538664,0.007642477285116911,1.0
4.0,0,all_fail,False,False,False,False,False,0.7672591805458069,0.0,0.0,1e-06,53.030616760253906,24.142456531524658,28.109375,0.0,0.0,0.0,0.0,0.0,0.0,0.0,0.0,0.0,0.0,0.0,0.0,0.0,0.0,0.0,0.0,28169.0,28169.0,28169.0,28169.0,28169.0,0.0,0.0,261.5963525906392,107.68116497434676,28169.0,1.0,1452.0,1452.0,1452.0,0.0,0.0625,512.0,308.5625,105.0,0.0625,512.0,308.5625,105.0,0.6935014724731445,0.0016864538192749023,0.00046625599497929215,9.131801925832406e-05,0.0014169998466968536,-5.1174312829971313e-05,0.0018125176429748535,-0.004375755786895752,0.9999502897262573,0.774133026599884,2.1874732971191406,0.774081826210022,2.1874866485595703,0.0003475164774074109,18.43352028290789,0.35080138776480313,0.009789191652089357,91.00628963671625,4.189168958924711,,107.68116497434676,9.881724291946739,2.0918216318823397,0.0,4.0,2.0,2.0,2.0,0.9996547102928162,0.060328900814056396,0.00445182342082262,0.007980593480169773,1.0
5.0,0,all_fail,False,False,False,False,False,0.8377853035926819,0.0,0.0,1e-06,53.046321868896484,24.142456531524658,28.109375,0.0,0.0,0.0,0.0,0.0,0.0,0.0,0.0,0.0,0.0,0.0,0.0,0.0,0.0,0.0,0.0,8674.0,8674.0,8674.0,8674.0,8674.0,0.0,0.0,136.35396354696266,63.613845717161894,8674.0,1.0,335.0,335.0,335.0,0.0,0.0625,311.0,207.125,134.0,0.0625,311.0,207.125,134.0,0.22291886806488037,0.0009833574295043945,0.00047284073662012815,0.0004537060740403831,0.0018308013677597046,0.00022474676370620728,0.005142092704772949,-0.0038330554962158203,1.0002278089523315,0.824636697769165,2.3527443408966064,0.8248614072799683,2.3531136512756348,0.0011028662553292858,16.597374952350467,0.4348643776909778,0.009566261898726225,55.003700592089444,2.2445789743214846,,63.613845717161894,3.7720136120915413,2.0804979717358947,0.0,5.0,2.0,2.0,2.0,0.9997004270553589,0.08771196007728577,0.004251649137586355,0.007598042953759432,1.0
6.0,0,all_fail,False,False,False,False,False,0.7541133165359497,0.0,0.0,1e-06,53.213539123535156,24.142456531524658,28.109375,0.0,0.0,0.0,0.0,0.0,0.0,0.0,0.0,0.0,0.0,0.0,0.0,0.0,0.0,0.0,0.0,18597.0,18597.0,18597.0,18597.0,18597.0,0.0,0.0,169.50417129550215,109.71411415934563,18597.0,1.0,869.0,869.0,869.0,0.0,0.0625,512.0,293.3125,103.0,0.0625,512.0,293.3125,103.0,0.34805309772491455,0.001198887825012207,0.0004241381539031863,0.00024928204948082566,0.001534976065158844,0.00013975799083709717,0.004080235958099365,-0.002210259437561035,1.0001415014266968,0.8141067624092102,2.359225273132324,0.8142464756965637,2.3599331378936768,0.0005100462422429499,20.670468613168794,0.3660863996350926,0.00948532996699214,97.00650920160115,3.3036085879430175,,109.71411415934563,6.808108774013817,2.082632723264396,0.0,6.0,2.0,2.0,2.0,0.9997026324272156,0.05791598558425903,0.003956622444093227,0.007570895366370678,1.0
7.0,2,mixed,True,True,True,True,True,0.7922410368919373,0.1318606734275818,0.13291138410568237,1e-06,52.97721862792969,24.142456531524658,28.12890625,0.0,0.0,0.13291139528155327,0.0,2.561730146408081,-0.13291139900684357,-0.3659614622592926,2.561730146408081,-0.13291139900684357,-0.3659614622592926,1.0,0.125,0.0,1.0,0.125,0.0,18406.0,18406.0,18406.0,18406.0,18406.0,0.0,0.0,146.96497401820798,125.24072571005672,18406.0,1.0,874.0,874.0,874.0,0.0,0.0625,488.0,276.375,156.0,0.0625,488.0,276.375,156.0,0.4913095235824585,0.001712203025817871,0.00048514828085899353,0.0001172232223325409,0.001491732895374298,1.0602176189422607e-05,0.003753185272216797,-0.005761086940765381,1.0000126361846924,0.8281873464584351,2.3442583084106445,0.8281979560852051,2.3441214561462402,0.0005672762155659131,25.329652309652765,0.36052012969183655,0.010441286023706198,112.00772251328453,3.232629143167287,,125.24072571005672,6.635733507107943,2.8525214097462595,0.0,7.0,2.0,2.0,2.0,0.9996975064277649,0.06203386187553406,0.004210417624562979,0.00762399286031723,1.0
8.0,1,mixed,True,True,True,True,True,0.7238867282867432,0.14842577278614044,0.03800070285797119,1e-06,53.004051208496094,24.142456531524658,28.12890625,0.0,0.0,0.03800070658326149,0.0,3.7499847412109375,-0.03800073638558388,-0.24999898672103882,3.7499847412109375,-0.03800073638558388,-0.24999898672103882,1.0,0.0625,0.0,1.0,0.0625,0.0,16301.0,16301.0,16301.0,16301.0,16301.0,0.0,0.0,230.15262470308343,70.82691331906244,16301.0,1.0,724.0,724.0,724.0,0.0,0.125,512.0,294.8125,128.0,0.125,512.0,294.8125,128.0,0.06352102756500244,0.0010226964950561523,0.0004748586507048458,0.0004387172230053693,0.001352693885564804,0.00016703829169273376,0.0022219419479370117,-0.0024595260620117188,1.0001680850982666,0.7104164958000183,2.067539930343628,0.710583508014679,2.0680596828460693,0.0005980863761341679,12.508820559638352,0.37805511004334724,0.009749406017363071,59.004106579814106,3.0539382696151733,,70.82691331906244,6.162676348816603,2.0914106499403715,0.0,8.0,2.0,2.0,2.0,0.9996609687805176,0.06010720133781433,0.0042368886061012745,0.007899482734501362,1.0
9.0,0,all_fail,False,False,False,False,False,0.8852468729019165,0.0,0.0,1e-06,52.98988342285156,24.142456531524658,28.12890625,0.0,0.0,0.0,0.0,0.0,0.0,0.0,0.0,0.0,0.0,0.0,0.0,0.0,0.0,0.0,0.0,18394.0,18394.0,18394.0,18394.0,18394.0,0.0,0.0,233.49273003867842,78.77761331992224,18394.0,1.0,860.0,860.0,860.0,0.0,0.0625,512.0,289.625,150.0,0.0625,512.0,289.625,150.0,0.3929785490036011,0.001843094825744629,0.000497274799272418,7.557854405604303e-05,0.0014691874384880066,-0.00016342848539352417,0.004308462142944336,-0.004380404949188232,0.9998384118080139,0.9267828464508057,2.611985921859741,0.9266194105148315,2.611766815185547,0.0005032369178171273,14.243583087188368,0.374401143028104,0.00925653986632824,66.0047640260309,3.301722642965615,,78.77761331992224,6.886734624858946,2.0721619511023164,0.0,9.0,2.0,2.0,2.0,0.9996801018714905,0.05283662676811218,0.004422252997756004,0.007935071364045143,1.0
10.0,1,mixed,True,True,True,True,True,0.8115122318267822,0.1956096738576889,-0.08894958347082138,1e-06,52.97422409057617,24.142456531524658,28.12890625,0.0,0.0,-0.08894957602024078,0.0,3.7499847412109375,0.08894961327314377,-0.24999898672103882,3.7499847412109375,0.08894961327314377,-0.24999898672103882,1.0,0.0625,0.0,1.0,0.0625,0.0,17407.0,17407.0,17407.0,17407.0,17407.0,0.0,0.0,259.8652152873989,66.98472506506369,17407.0,1.0,832.0,832.0,832.0,0.0,0.0625,426.0,255.9375,153.0,0.0625,426.0,255.9375,153.0,0.7916860580444336,0.0006303787231445312,0.0004718326963484287,0.0006281977402977645,0.001757357269525528,0.0008588619530200958,0.004338264465332031,-0.00332033634185791,1.0008610486984253,0.8215656280517578,2.33445405960083,0.8224245309829712,2.336484432220459,0.0005292621336159553,13.432090341935664,0.3616845297238239,0.009212865959852934,55.004409950226545,3.0982969207689166,,66.98472506506369,6.295842608902603,2.073503344785422,0.0,10.0,2.0,2.0,2.0,0.9996677041053772,0.062126755714416504,0.004372686613351107,0.007903564721345901,1.0
11.0,0,all_fail,False,False,False,False,False,0.6413605809211731,0.0,0.0,1e-06,53.00216293334961,24.142456531524658,28.1484375,0.0,0.0,0.0,0.0,0.0,0.0,0.0,0.0,0.0,0.0,0.0,0.0,0.0,0.0,0.0,0.0,16539.0,16539.0,16539.0,16539.0,16539.0,0.0,0.0,224.26681309070125,73.74697919888422,16539.0,1.0,747.0,747.0,747.0,0.0,0.0625,512.0,286.6875,129.0,0.0625,512.0,286.6875,129.0,0.17889642715454102,0.0007263422012329102,0.0004233612271491438,0.000486023782286793,0.0016439631581306458,0.00019324198365211487,0.0030779242515563965,-0.002565920352935791,1.0001949071884155,0.6463665962219238,1.9322881698608398,0.6465598344802856,1.9326473474502563,0.0006408375226205822,13.517591168327167,0.36893822184614455,0.010598811786621809,62.005190689116716,3.039561130106449,,73.74697919888422,6.101869251113385,2.086664266884327,0.0,11.0,2.0,2.0,2.0,0.999627947807312,0.07352215051651001,0.0041989414021372795,0.008044054731726646,1.0
12.0,16,all_pass,True,False,False,False,False,0.7279708385467529,0.0,0.0,1e-06,52.96617889404297,24.142456531524658,28.1484375,0.0,0.0,0.0,0.0,0.0,0.0,0.0,0.0,0.0,0.0,1.0,1.0,1.0,1.0,1.0,1.0,8214.0,8214.0,8214.0,8214.0,8214.0,0.0,0.0,135.86829158915302,60.455606705043465,8214.0,1.0,304.0,304.0,304.0,0.0,0.0625,378.0,209.375,137.0,0.0625,378.0,209.375,137.0,0.09645092487335205,0.0007865428924560547,0.0004271965299267322,0.0004643257998395711,0.0013995487242937088,0.0004329364746809006,0.004200458526611328,-0.002719700336456299,1.0004346370697021,0.7316708564758301,2.3003110885620117,0.7321038842201233,2.3019347190856934,0.0011984286442061599,15.523505915206536,0.4471817366449588,0.009843892883509398,52.0037448159419,2.1940475087612867,,60.455606705043465,3.6731507848016918,2.0721127656288445,0.0,12.0,2.0,2.0,2.0,0.9997053146362305,0.05019420385360718,0.0039460924454033375,0.0074054524302482605,1.0
13.0,0,all_fail,False,False,False,False,False,0.920356810092926,0.0,0.0,1e-06,53.00801467895508,24.142456531524658,28.1484375,0.0,0.0,0.0,0.0,0.0,0.0,0.0,0.0,0.0,0.0,0.0,0.0,0.0,0.0,0.0,0.0,19451.0,19451.0,19451.0,19451.0,19451.0,0.0,0.0,192.5401285883473,101.02309654932469,19451.0,1.0,941.0,941.0,941.0,0.0,0.0625,512.0,274.6875,141.0,0.0625,512.0,274.6875,141.0,0.23347318172454834,0.0009900331497192383,0.0004974356270395219,0.0005036501679569483,0.0016396380960941315,0.0005425252020359039,0.006072878837585449,-0.002366006374359131,1.0005451440811157,0.9396666288375854,2.6949563026428223,0.9402090907096863,2.69606876373291,0.0005114301587155004,20.024175533815047,0.3620286493065498,0.009947828017175198,88.00625147111714,3.367878818884492,,101.02309654932469,7.0418192576617,2.086430971045047,0.0,13.0,2.0,2.0,2.0,0.999701201915741,0.05560624599456787,0.0042298221960663795,0.007812000811100006,1.0
14.0,0,all_fail,False,False,False,False,False,0.7850142121315002,0.0,0.0,1e-06,53.05065155029297,24.142456531524658,28.1484375,0.0,0.0,0.0,0.0,0.0,0.0,0.0,0.0,0.0,0.0,0.0,0.0,0.0,0.0,0.0,0.0,9031.0,9031.0,9031.0,9031.0,9031.0,0.0,0.0,71.80684416041083,125.76795576512814,9031.0,1.0,367.0,367.0,367.0,0.0,0.0625,338.0,197.4375,114.0,0.0625,338.0,197.4375,114.0,0.2089693546295166,0.0007644891738891602,0.00046127685345709324,0.0005411885213106871,0.0018997248262166977,0.00038559548556804657,0.003840506076812744,-0.0048795342445373535,1.0003881454467773,0.7900158166885376,2.2480130195617676,0.7904014587402344,2.2487757205963135,0.001043492597940818,37.03959495104536,0.43042831568581796,0.009423781652003527,117.00808045035228,2.2698854552581906,,125.76795576512814,3.887198118958622,2.088220918085426,0.0,14.0,2.0,2.0,2.0,0.9996563792228699,0.07629519701004028,0.0043940297327935696,0.007934695109724998,1.0
15.0,0,all_fail,False,False,False,False,False,0.7714853882789612,0.0,0.0,1e-06,52.784019470214844,24.142456531524658,28.1484375,0.0,0.0,0.0,0.0,0.0,0.0,0.0,0.0,0.0,0.0,0.0,0.0,0.0,0.0,0.0,0.0,15426.0,15426.0,15426.0,15426.0,15426.0,0.0,0.0,204.37906263537062,75.47739871731028,15426.0,1.0,647.0,647.0,647.0,0.0,0.125,512.0,317.125,186.0,0.125,512.0,317.125,186.0,0.5007165670394897,0.0005348920822143555,0.0004144750128034502,0.0005623097531497478,0.0015411749482154846,0.0005370527505874634,0.004421651363372803,-0.0021724700927734375,1.0005390644073486,0.8005900979042053,2.2639358043670654,0.8011271357536316,2.2648303508758545,0.0006844525419984148,12.614282998093028,0.3834780538726333,0.010558364912867546,64.00487193232402,2.963065780699253,,75.47739871731028,5.915532459039241,2.079635147936642,0.0,15.0,2.0,2.0,2.0,0.9997012615203857,0.060014933347702026,0.004057044629007578,0.007585492916405201,1.0
16.0,1,mixed,True,True,True,True,True,0.8654277920722961,0.1564670205116272,0.001183241605758667,1e-06,52.73937225341797,24.142456531524658,28.1484375,0.0,0.0,0.0011832453310489655,0.0,3.7499847412109375,-0.001183270593173802,-0.24999898672103882,3.7499847412109375,-0.001183270593173802,-0.24999898672103882,1.0,0.0625,0.0,1.0,0.0625,0.0,13365.0,13365.0,13365.0,13365.0,13365.0,0.0,0.0,181.61151659376398,73.59114802116528,13365.0,1.0,558.0,558.0,558.0,0.0,0.0625,512.0,277.3125,145.0,0.0625,512.0,277.3125,145.0,0.11009395122528076,0.000645756721496582,0.0005171872326172888,0.000710091320797801,0.0018840469419956207,0.0009474568068981171,0.008529245853424072,-0.0035554170608520508,1.0009512901306152,0.8939913511276245,2.5018656253814697,0.8949388265609741,2.503723621368408,0.000728558319708938,14.199817276305582,0.3925278376937024,0.009737181942909956,63.00458925496787,2.741803233977407,,73.59114802116528,5.246134550776333,2.0776475709863007,0.0,16.0,2.0,2.0,2.0,0.9996748566627502,0.05658334493637085,0.00446451036259532,0.007918579503893852,1.0
17.0,1,mixed,True,True,True,True,True,0.6216561198234558,0.11600739508867264,0.059046946465969086,1e-06,52.591270446777344,24.142456531524658,28.1484375,0.0,0.0,0.05904694274067879,0.0,3.7499847412109375,-0.059046950191259384,-0.24999898672103882,3.7499847412109375,-0.059046950191259384,-0.24999898672103882,1.0,0.0625,0.0,1.0,0.0625,0.0,18027.0,18027.0,18027.0,18027.0,18027.0,0.0,0.0,132.25769839755839,136.30208463035524,18027.0,1.0,802.0,802.0,802.0,0.0,0.125,512.0,324.6875,199.0,0.125,512.0,324.6875,199.0,0.16177701950073242,0.0014089345932006836,0.00047207929310388863,0.00024070142535492778,0.0011308994144201279,0.00013734586536884308,0.0024614930152893066,-0.0022367238998413086,1.000138282775879,0.6528819799423218,1.9393603801727295,0.6530192494392395,1.9396122694015503,0.0005539818664550543,23.871009637573888,0.3615634697424087,0.009986631106585264,124.00989506719634,3.1750713200308383,,136.30208463035524,6.517904669046402,2.0819221581332386,0.0,17.0,2.0,2.0,2.0,0.9996228814125061,0.05800604820251465,0.004281886387616396,0.008104665204882622,1.0
18.0,0,all_fail,False,False,False,False,False,0.7349311709403992,0.0,0.0,1e-06,52.625492095947266,24.142456531524658,28.1484375,0.0,0.0,0.0,0.0,0.0,0.0,0.0,0.0,0.0,0.0,0.0,0.0,0.0,0.0,0.0,0.0,15940.0,15940.0,15940.0,15940.0,15940.0,0.0,0.0,173.9468559723674,91.63718373002484,15940.0,1.0,753.0,753.0,753.0,0.0,0.0625,482.0,243.25,104.0,0.0625,482.0,243.25,104.0,1.3698391914367676,0.002347230911254883,0.0004576637293212116,-0.00025576958432793617,0.001903090626001358,-0.00020621344447135925,0.003963828086853027,-0.0044446587562561035,0.999796986579895,0.7552906274795532,2.1460072994232178,0.7550843954086304,2.1456336975097656,0.0006225498783468752,20.55668447945336,0.3773814420142168,0.00992344506084919,80.00661599403247,3.014322131872177,,91.63718373002484,6.0154601857066154,2.0863168290816247,0.0,18.0,2.0,2.0,2.0,0.9996589422225952,0.0730777382850647,0.004300585016608238,0.007846259512007236,1.0
19.0,0,all_fail,False,False,False,False,False,0.83109450340271,0.0,0.0,1e-06,52.61970901489258,24.142456531524658,28.1484375,0.0,0.0,0.0,0.0,0.0,0.0,0.0,0.0,0.0,0.0,0.0,0.0,0.0,0.0,0.0,0.0,10614.0,10614.0,10614.0,10614.0,10614.0,0.0,0.0,152.32323887688884,69.68076623277739,10614.0,1.0,419.0,419.0,419.0,0.0,0.0625,507.0,244.375,109.0,0.0625,507.0,244.375,109.0,0.1034393310546875,0.0010532140731811523,0.0004638001264538616,0.00040456329588778317,0.0016068816184997559,0.0002000182867050171,0.003018021583557129,-0.004131317138671875,1.0002020597457886,0.8741769790649414,2.481029987335205,0.8743769526481628,2.480724573135376,0.0008793472903263822,15.346300722245136,0.42921997719418536,0.009333392139524221,60.004035823978484,2.526049640029669,,69.68076623277739,4.555740837939084,2.0807211911305785,0.0,19.0,2.0,2.0,2.0,0.9996950626373291,0.09753173589706421,0.004232912790030241,0.0076156542636454105,1.0
20.0,1,mixed,True,True,True,True,True,0.6273928880691528,0.20553506910800934,-0.3639073967933655,1e-06,52.6658821105957,24.142456531524658,28.1484375,0.0,0.0,-0.3639074042439461,0.0,3.7499847412109375,0.3639073669910431,-0.24999898672103882,3.7499847412109375,0.3639073669910431,-0.24999898672103882,1.0,0.0625,0.0,1.0,0.0625,0.0,8632.0,8632.0,8632.0,8632.0,8632.0,0.0,0.0,131.12246715995371,65.83158620307222,8632.0,1.0,331.0,331.0,331.0,0.0,0.0625,512.0,208.5,65.0,0.0625,512.0,208.5,65.0,0.17360639572143555,0.001217484474182129,0.0004177832161076367,0.00022681425616610795,0.0016217567026615143,0.0003701895475387573,0.004483222961425781,-0.003997623920440674,1.0003725290298462,0.6157374382019043,1.8830041885375977,0.6161075830459595,1.8838274478912354,0.0011344923421160505,17.08782386390394,0.457117222394083,0.009792937897145748,57.004980409983546,2.2930037742480636,,65.83158620307222,3.9458358637057245,2.0750836157239974,0.0,20.0,2.0,2.0,2.0,0.9996474981307983,0.11213245987892151,0.003971816971898079,0.00783042423427105,1.0
21.0,1,mixed,True,True,True,True,True,0.8763879537582397,0.17280028760433197,0.07526926696300507,1e-06,52.59667205810547,24.142456531524658,28.2265625,0.0,0.0,0.07526926696300507,0.0,3.7499847412109375,-0.07526930421590805,-0.24999898672103882,3.7499847412109375,-0.07526930421590805,-0.24999898672103882,1.0,0.0625,0.0,1.0,0.0625,0.0,10113.0,10113.0,10113.0,10113.0,10113.0,0.0,0.0,164.78967765524746,61.369135153945535,10113.0,1.0,406.0,406.0,406.0,0.0,0.0625,433.0,226.0625,108.0,0.0625,433.0,226.0625,108.0,-0.09543818235397339,0.0005975961685180664,0.0004493624728638679,0.0005998890264891088,0.0014287084341049194,0.0005608499050140381,0.00422823429107666,-0.003679513931274414,1.0005626678466797,0.9118140935897827,2.6665854454040527,0.9123749136924744,2.667982339859009,0.0009234370452872278,14.377619654433541,0.428074793611081,0.009338718838989735,52.00385029008612,2.4367135548964143,,61.369135153945535,4.329120387788862,2.0872524050064385,0.0,21.0,2.0,2.0,2.0,0.9996720552444458,0.058073341846466064,0.004465656820684671,0.007858041673898697,1.0
22.0,0,all_fail,False,False,False,False,False,0.7336592674255371,0.0,0.0,1e-06,52.587928771972656,24.142456531524658,28.2265625,0.0,0.0,0.0,0.0,0.0,0.0,0.0,0.0,0.0,0.0,0.0,0.0,0.0,0.0,0.0,0.0,14372.0,14372.0,14372.0,14372.0,14372.0,0.0,0.0,96.9588302884262,148.2278608069755,14372.0,1.0,610.0,610.0,610.0,0.0,0.125,512.0,288.25,99.0,0.125,512.0,288.25,99.0,0.48977625370025635,0.0017315149307250977,0.00043929051025770605,1.196536140923854e-05,0.0016951877623796463,-0.000539759173989296,0.0037114620208740234,-0.006639301776885986,0.9994630813598633,0.8232583403587341,2.44626784324646,0.8227185010910034,2.444965124130249,0.0006712476351974139,29.707190826521494,0.3981078376010114,0.009647171013057232,137.00956409191713,2.897494750097394,,148.2278608069755,5.721605842001736,2.0861055408604443,0.0,22.0,2.0,2.0,2.0,0.9997153878211975,0.060999929904937744,0.003790764370933175,0.00750513793900609,1.0
23.0,0,all_fail,False,False,False,False,False,0.8942582607269287,0.0,0.0,1e-06,52.65300750732422,24.142456531524658,28.2265625,0.0,0.0,0.0,0.0,0.0,0.0,0.0,0.0,0.0,0.0,0.0,0.0,0.0,0.0,0.0,0.0,18502.0,18502.0,18502.0,18502.0,18502.0,0.0,0.0,166.2615503928649,111.28249409608543,18502.0,1.0,934.0,934.0,934.0,0.0,0.0625,316.0,222.375,124.0,0.0625,316.0,222.375,124.0,0.32685863971710205,0.001324772834777832,0.0004999209195375443,0.00033523907768540084,0.002000141888856888,0.00022479519248008728,0.008375108242034912,-0.004343509674072266,1.0002288818359375,0.9032609462738037,2.529158592224121,0.9034857153892517,2.529263973236084,0.0005060990195334403,27.826595057703518,0.35065457783780374,0.009363844059407711,99.00702521530911,3.1823967010714114,,111.28249409608543,6.4878109991550446,2.0864439490251243,0.0,23.0,2.0,2.0,2.0,0.9996769428253174,0.06445306539535522,0.0044864146038889885,0.007860355079174042,1.0
24.0,0,all_fail,False,False,False,False,False,0.960151731967926,0.0,0.0,1e-06,52.65279769897461,24.142456531524658,28.2265625,0.0,0.0,0.0,0.0,0.0,0.0,0.0,0.0,0.0,0.0,0.0,0.0,0.0,0.0,0.0,0.0,10180.0,10180.0,10180.0,10180.0,10180.0,0.0,0.0,140.79438302456742,72.30402080900967,10180.0,1.0,430.0,430.0,430.0,0.0,0.0625,373.0,206.25,96.0,0.0625,373.0,206.25,96.0,0.038964152336120605,0.0011396408081054688,0.0004719436983577907,0.00037761821295134723,0.0015466809272766113,0.0002700537443161011,0.00427699089050293,-0.00445711612701416,1.0002721548080444,0.9877520203590393,2.8673853874206543,0.988021969795227,2.8675284385681152,0.0009592569456938911,19.092346749155585,0.4198468499313784,0.00976523570716381,63.00474427221343,2.4238509465940297,,72.30402080900967,4.274040932301432,2.0879713692702353,0.0,24.0,2.0,2.0,2.0,0.9996874332427979,0.06096142530441284,0.004388510249555111,0.007799741346389055,1.0
25.0,11,mixed,True,True,True,True,True,0.7188485860824585,0.19432516396045685,0.19957318902015686,1e-06,50.870880126953125,24.142456531524658,28.2265625,0.0,0.0,0.19957318622618914,0.0,0.652789831161499,-0.19957321882247925,-1.4361376762390137,0.652789831161499,-0.19957321882247925,-1.4361376762390137,1.0,0.6875,0.0,1.0,0.6875,0.0,10582.0,10582.0,10582.0,10582.0,10582.0,0.0,0.0,161.9655557115336,65.33487909520045,10582.0,1.0,467.0,467.0,467.0,0.0,0.0625,373.0,194.375,73.0,0.0625,373.0,194.375,73.0,0.6730902194976807,0.0016406774520874023,0.0003853272646665573,-4.878390973317437e-05,0.00227385014295578,0.0005032457411289215,0.006330370903015137,-0.0034848451614379883,1.0005072355270386,0.6975595951080322,2.154309034347534,0.6980627775192261,2.154784679412842,0.0008842373624841109,18.007727025729572,0.4075030578668943,0.009356999769806862,56.004031050018966,2.4215940008871257,,65.33487909520045,4.3121973583474755,2.0843546353280544,0.0,25.0,2.0,2.0,2.0,0.9996983408927917,0.058905184268951416,0.0038780085742473602,0.0074942270293831825,1.0
26.0,0,all_fail,False,False,False,False,False,0.5301125645637512,0.0,0.0,1e-06,50.85822677612305,24.142456531524658,28.2265625,0.0,0.0,0.0,0.0,0.0,0.0,0.0,0.0,0.0,0.0,0.0,0.0,0.0,0.0,0.0,0.0,14730.0,14730.0,14730.0,14730.0,14730.0,0.0,0.0,209.9213197705818,70.16914726002142,14730.0,1.0,598.0,598.0,598.0,0.0,0.0625,509.0,322.625,162.0,0.0625,509.0,322.625,162.0,-0.062480270862579346,0.00013637542724609375,0.00037272291956469417,0.0006748420419171453,0.0013071466237306595,0.0005349460989236832,0.002795606851577759,-0.001275777816772461,1.0005360841751099,0.5575246810913086,1.7575013637542725,0.5580596327781677,1.7583972215652466,0.0007095158059663378,11.43055822415561,0.383800972165832,0.010451167821884155,59.00454155309126,2.884202611166984,,70.16914726002142,5.653388320002705,2.1135144429281354,0.0,26.0,2.0,2.0,2.0,0.9996998906135559,0.05665546655654907,0.003407819662243128,0.007132002618163824,1.0
27.0,0,all_fail,False,False,False,False,False,0.632300078868866,0.0,0.0,1e-06,50.88766098022461,24.142456531524658,28.2265625,0.0,0.0,0.0,0.0,0.0,0.0,0.0,0.0,0.0,0.0,0.0,0.0,0.0,0.0,0.0,0.0,11949.0,11949.0,11949.0,11949.0,11949.0,0.0,0.0,173.15792550824054,69.00637071579695,11949.0,1.0,498.0,498.0,498.0,0.0,0.0625,512.0,248.8125,134.0,0.0625,512.0,248.8125,134.0,-0.0551944375038147,0.00027871131896972656,0.00043488829396665096,0.0007315278053283691,0.0014734100550413132,0.0008025038987398148,0.005333125591278076,-0.003007829189300537,1.0008047819137573,0.669635534286499,1.9880338907241821,0.6704379916191101,1.9894928932189941,0.0008621660473257121,14.821545653586988,0.4014410734792685,0.010302022099494934,59.004573246929795,2.5976327401585877,,69.00637071579695,4.796819387003779,2.094284894876182,0.0,27.0,2.0,2.0,2.0,0.9996366500854492,0.08651179075241089,0.004106420092284679,0.0079529769718647,1.0
28.0,6,mixed,True,True,True,True,True,0.6265633702278137,0.16519971191883087,-0.13420400023460388,1e-06,50.861392974853516,24.142456531524658,28.2265625,0.0,0.0,-0.13420400116592646,0.0,1.2499974966049194,0.13420400023460388,-0.7499985098838806,1.2499974966049194,0.13420400023460388,-0.7499985098838806,1.0,0.375,0.0,1.0,0.375,0.0,11976.0,11976.0,11976.0,11976.0,11976.0,0.0,0.0,159.87697501141045,74.90759691409767,11976.0,1.0,538.0,538.0,538.0,0.0,0.0625,399.0,210.5,128.0,0.0625,399.0,210.5,128.0,0.1878741979598999,0.0014663934707641602,0.00037500227335840464,1.6289690393023193e-05,0.0014402512460947037,0.00013331137597560883,0.005547076463699341,-0.003748774528503418,1.0001353025436401,0.6327021718025208,1.907041311264038,0.6328354477882385,1.9071815013885498,0.0008674525175524817,19.300820388346732,0.39536981622868267,0.010388611350208521,65.0051630679518,2.574943972285837,,74.90759691409767,4.734948919154704,2.0785433538258076,0.0,28.0,2.0,2.0,2.0,0.999683141708374,0.0493721067905426,0.003789866343140602,0.0074453335255384445,1.0
29.0,0,all_fail,False,False,False,False,False,0.7984136939048767,0.0,0.0,1e-06,50.545963287353516,24.142456531524658,28.228515625,0.0,0.0,0.0,0.0,0.0,0.0,0.0,0.0,0.0,0.0,0.0,0.0,0.0,0.0,0.0,0.0,12914.0,12914.0,12914.0,12914.0,12914.0,0.0,0.0,132.36567585922978,97.5630571609363,12914.0,1.0,469.0,469.0,469.0,0.0,0.125,512.0,338.125,183.0,0.125,512.0,338.125,183.0,0.9866681098937988,0.0010870695114135742,0.0004679418634623289,0.0003954852872993797,0.0012661665678024292,0.0002558976411819458,0.0022220611572265625,-0.0042792558670043945,1.0002573728561401,0.7726716995239258,2.1874454021453857,0.7729275822639465,2.1882190704345703,0.0007179341731434067,16.082484045284566,0.39750053959833603,0.009271401911973953,87.00623868498951,2.790570782031864,,97.5630571609363,5.133321968372911,2.067138801328838,0.0,29.0,2.0,2.0,2.0,0.9996805191040039,0.06009185314178467,0.004240293521434069,0.0077040474861860275,1.0
30.0,0,all_fail,False,False,False,False,False,0.8283870816230774,0.0,0.0,1e-06,50.57350158691406,24.142456531524658,28.228515625,0.0,0.0,0.0,0.0,0.0,0.0,0.0,0.0,0.0,0.0,0.0,0.0,0.0,0.0,0.0,0.0,13933.0,13933.0,13933.0,13933.0,13933.0,0.0,0.0,132.71487154149554,104.98446661001071,13933.0,1.0,606.0,606.0,606.0,0.0,0.0625,465.0,264.8125,112.0,0.0625,465.0,264.8125,112.0,-0.09006452560424805,-0.0006022453308105469,0.00044265130418352783,0.001185019500553608,0.0018470771610736847,0.0009824298322200775,0.003174006938934326,-0.003916501998901367,1.000984787940979,0.8450952172279358,2.3636746406555176,0.846077561378479,2.3659110069274902,0.0007135082291062048,22.187212367465374,0.3978680846478068,0.009941310156136751,94.0072188009508,2.8408012837171555,,104.98446661001071,5.543496023397893,2.0801621228456497,0.0,30.0,2.0,2.0,2.0,0.9996924996376038,0.054754018783569336,0.004183735232800245,0.007635781075805426,1.0
31.0,0,all_fail,False,False,False,False,False,0.8527269959449768,0.0,0.0,1e-06,50.61968994140625,24.142456531524658,28.228515625,0.0,0.0,0.0,0.0,0.0,0.0,0.0,0.0,0.0,0.0,0.0,0.0,0.0,0.0,0.0,0.0,18729.0,18729.0,18729.0,18729.0,18729.0,0.0,0.0,197.8713978201233,94.65238637989387,18729.0,1.0,891.0,891.0,891.0,0.0,0.0625,512.0,279.5625,153.0,0.0625,512.0,279.5625,153.0,0.414276123046875,0.0019925832748413086,0.00044252368388697505,-0.00010867324454011396,0.001215524971485138,-0.00010671466588973999,0.0030138492584228516,-0.002427220344543457,0.999894380569458,0.8891260027885437,2.472276449203491,0.889019250869751,2.472013235092163,0.0005951008786141978,18.333639874084103,0.35794850831073743,0.01114564435556531,82.00637115677819,3.2365062283352017,,94.65238637989387,6.704017612151802,2.184622351080179,0.0,31.0,2.0,2.0,2.0,0.999718427658081,0.06238681077957153,0.004109200090169907,0.0074547589756548405,1.0
32.0,0,all_fail,False,False,False,False,False,0.7735886573791504,0.0,0.0,1e-06,50.587947845458984,24.142456531524658,28.37890625,0.0,0.0,0.0,0.0,0.0,0.0,0.0,0.0,0.0,0.0,0.0,0.0,0.0,0.0,0.0,0.0,13187.0,13187.0,13187.0,13187.0,13187.0,0.0,0.0,167.47293473940965,78.74108147993684,13187.0,1.0,543.0,543.0,543.0,0.0,0.1875,512.0,281.1875,175.0,0.1875,512.0,281.1875,175.0,1.1399633884429932,0.0017957687377929688,0.00041748720104806125,-6.067525100661442e-05,0.0016785301268100739,-7.692351937294006e-05,0.002972900867462158,-0.006060123443603516,0.999925434589386,0.7970688343048096,2.232114553451538,0.7969918251037598,2.231839895248413,0.0007117417902082076,15.115526299774613,0.4062509488944641,0.009385738987475634,68.00475282268599,2.7722227489575744,,78.74108147993684,5.357231263071299,2.0969568099826574,0.0,32.0,2.0,2.0,2.0,0.9997170567512512,0.060039401054382324,0.00386418541893363,0.0074778650887310505,1.0
33.0,0,all_fail,False,False,False,False,False,0.8279034495353699,0.0,0.0,1e-06,50.56753158569336,24.142456531524658,28.37890625,0.0,0.0,0.0,0.0,0.0,0.0,0.0,0.0,0.0,0.0,0.0,0.0,0.0,0.0,0.0,0.0,16693.0,16693.0,16693.0,16693.0,16693.0,0.0,0.0,154.69449827518451,107.90946146193892,16693.0,1.0,753.0,753.0,753.0,0.0,0.0625,512.0,290.3125,145.0,0.0625,512.0,290.3125,145.0,-0.12916207313537598,6.794929504394531e-05,0.0004497762129176408,0.0008636235143058002,0.0014101415872573853,0.000765189528465271,0.003174304962158203,-0.001390218734741211,1.000766396522522,0.8936997056007385,2.5106070041656494,0.894464910030365,2.5124876499176025,0.0005877168488364675,20.66885681032926,0.3735694321198135,0.009810757357627153,96.00683988397941,3.078820043709129,,107.90946146193892,6.235994530376047,2.075146737974137,0.0,33.0,2.0,2.0,2.0,0.9996954798698425,0.0570988655090332,0.004256218671798706,0.00768209109082818,1.0
34.0,0,all_fail,False,False,False,False,False,0.6370035409927368,0.0,0.0,1e-06,50.64641189575195,24.142456531524658,28.37890625,0.0,0.0,0.0,0.0,0.0,0.0,0.0,0.0,0.0,0.0,0.0,0.0,0.0,0.0,0.0,0.0,7911.0,7911.0,7911.0,7911.0,7911.0,0.0,0.0,145.39557309739106,54.41018479084596,7911.0,1.0,288.0,288.0,288.0,0.0,0.0625,369.0,206.4375,75.0,0.0625,369.0,206.4375,75.0,0.0016627311706542969,0.00040471553802490234,0.00039371763705275953,0.0005861150566488504,0.001702781766653061,0.0007308796048164368,0.006309628486633301,-0.002141118049621582,1.0007333755493164,0.6481504440307617,1.9747297763824463,0.6488813757896423,1.9767887592315674,0.001303467055708038,13.927856364205384,0.4563420074350869,0.01031172787770629,46.003709570970386,2.188409185037017,,54.41018479084596,3.6101216208189726,2.093623697757721,0.0,34.0,2.0,2.0,2.0,0.9997119307518005,0.059999287128448486,0.0036830140743404627,0.0072845532558858395,1.0
35.0,0,all_fail,False,False,False,False,False,0.752633810043335,0.0,0.0,1e-06,50.64775848388672,24.142456531524658,28.37890625,0.0,0.0,0.0,0.0,0.0,0.0,0.0,0.0,0.0,0.0,0.0,0.0,0.0,0.0,0.0,0.0,16220.0,16220.0,16220.0,16220.0,16220.0,0.0,0.0,233.339209423433,69.51253516320139,16220.0,1.0,738.0,738.0,738.0,0.0,0.0625,433.0,275.75,135.0,0.0625,433.0,275.75,135.0,0.28048181533813477,0.0017178058624267578,0.00037640079972334206,-0.00010167174332309514,0.0009255334734916687,-4.4792890548706055e-05,0.0021219849586486816,-0.0019758939743041992,0.9999558925628662,0.7496588826179504,2.165867328643799,0.7496141791343689,2.165642261505127,0.0005867894056784828,13.146878472602811,0.3663492227965362,0.00951772416010499,58.0040278211236,2.9759563729166985,,69.51253516320139,5.942184393759817,2.0797394779510796,0.0,35.0,2.0,2.0,2.0,0.9996999502182007,0.06232878565788269,0.003920405637472868,0.007485529873520136,1.0
36.0,0,all_fail,False,False,False,False,False,0.8073711395263672,0.0,0.0,1e-06,50.589996337890625,24.142456531524658,28.37890625,0.0,0.0,0.0,0.0,0.0,0.0,0.0,0.0,0.0,0.0,0.0,0.0,0.0,0.0,0.0,0.0,9416.0,9416.0,9416.0,9416.0,9416.0,0.0,0.0,95.91874162961138,98.16642545582727,9416.0,1.0,342.0,342.0,342.0,0.0,0.0625,512.0,246.5,122.0,0.0625,512.0,246.5,122.0,0.24085009098052979,0.0009778738021850586,0.0004584213893394917,0.00043108497629873455,0.0017135106027126312,0.00031308457255363464,0.0037589073181152344,-0.0032968521118164062,1.0003150701522827,0.8062745928764343,2.26566219329834,0.8065876364707947,2.2666213512420654,0.0010489270240606498,22.567601009148305,0.44413391505063415,0.009876696858555079,89.00661838008091,2.378944586031139,,98.16642545582727,4.181964944116771,2.0856965258717537,0.0,36.0,2.0,2.0,2.0,0.9996536374092102,0.05694100260734558,0.004458366893231869,0.008009527809917927,1.0
37.0,0,all_fail,False,False,False,False,False,0.971687912940979,0.0,0.0,1e-06,50.602298736572266,24.142456531524658,28.37890625,0.0,0.0,0.0,0.0,0.0,0.0,0.0,0.0,0.0,0.0,0.0,0.0,0.0,0.0,0.0,0.0,20042.0,20042.0,20042.0,20042.0,20042.0,0.0,0.0,169.55545710303073,118.20321411313489,20042.0,1.0,1014.0,1014.0,1014.0,0.0,0.0625,489.0,238.625,129.0,0.0625,489.0,238.625,129.0,0.6856379508972168,0.0028063058853149414,0.0004853195569012314,-0.0004289172065909952,0.001706395298242569,-0.0005206577479839325,0.0034890174865722656,-0.0074111223220825195,0.9994823932647705,0.9990681409835815,2.784358024597168,0.9985474944114685,2.7826390266418457,0.00045909216853687475,27.50331590990275,0.3588043175172665,0.009201125241816044,105.0076601440087,3.388186492957175,,118.20321411313489,7.191156131681055,2.1015935852192342,0.0,37.0,2.0,2.0,2.0,0.9997182488441467,0.07174092531204224,0.004146960563957691,0.007700467016547918,1.0
38.0,0,all_fail,False,False,False,False,False,0.9940285086631775,0.0,0.0,1e-06,50.65504455566406,24.142456531524658,28.37890625,0.0,0.0,0.0,0.0,0.0,0.0,0.0,0.0,0.0,0.0,0.0,0.0,0.0,0.0,0.0,0.0,11519.0,11519.0,11519.0,11519.0,11519.0,0.0,0.0,97.02417836420632,118.72298425203189,11519.0,1.0,496.0,496.0,496.0,0.0,0.0625,351.0,223.9375,146.0,0.0625,351.0,223.9375,146.0,-0.3156406283378601,-0.0001455545425415039,0.0004755290283355862,0.0010228506289422512,0.0012619569897651672,0.0011113137006759644,0.004446864128112793,-0.0006414651870727539,1.001112699508667,1.0658886432647705,3.042750835418701,1.066999912261963,3.046064853668213,0.0009418957417924451,30.423759387667257,0.3979105076443995,0.010849697049707174,109.00832988601178,2.522017918061465,,118.72298425203189,4.583531137555838,2.096031006425619,0.0,38.0,2.0,2.0,2.0,0.9997164607048035,0.06213730573654175,0.004326334223151207,0.00763701880350709,1.0
39.0,0,all_fail,False,False,False,False,False,0.8781697154045105,0.0,0.0,1e-06,50.65562057495117,24.142456531524658,28.37890625,0.0,0.0,0.0,0.0,0.0,0.0,0.0,0.0,0.0,0.0,0.0,0.0,0.0,0.0,0.0,0.0,13486.0,13486.0,13486.0,13486.0,13486.0,0.0,0.0,147.36071229567952,91.51693005487323,13486.0,1.0,614.0,614.0,614.0,0.0,0.0625,378.0,228.875,100.0,0.0625,378.0,228.875,100.0,0.03380918502807617,0.0010350942611694336,0.00045359908835962415,0.00039108976488932967,0.001389928162097931,0.00039653480052948,0.003805994987487793,-0.002682328224182129,1.0003981590270996,0.928104817867279,2.7021641731262207,0.9285013675689697,2.7023985385894775,0.0006938787213391726,22.120764885318493,0.38383053409204443,0.009357648435980082,81.00624101003632,2.7287416732870042,,91.51693005487323,5.176338582765311,2.093857206404209,0.0,39.0,2.0,2.0,2.0,0.9997185468673706,0.06351920962333679,0.004068674053996801,0.007455550599843264,1.0
40.0,1,mixed,True,True,True,True,True,0.6585396528244019,0.14285562932491302,0.02169206738471985,1e-06,50.649169921875,24.142456531524658,28.37890625,0.0,0.0,0.02169206738471985,0.0,3.7499847412109375,-0.02169201523065567,-0.24999898672103882,3.7499847412109375,-0.02169201523065567,-0.24999898672103882,1.0,0.0625,0.0,1.0,0.0625,0.0,8845.0,8845.0,8845.0,8845.0,8845.0,0.0,0.0,161.87576737115646,54.64066761592403,8845.0,1.0,336.0,336.0,336.0,0.0,0.0625,327.0,216.8125,144.0,0.0625,327.0,216.8125,144.0,-0.03486466407775879,-0.0008363127708435059,0.00045017339289188385,0.0013163314433768392,0.002291245386004448,0.0011046212166547775,0.0037256479263305664,-0.004826486110687256,1.0011080503463745,0.651959240436554,1.942617416381836,0.6530638337135315,1.9449002742767334,0.0010789866380734657,13.261355528418425,0.4285873357709887,0.009543636813759804,46.003642328083515,2.2305538030341268,,54.64066761592403,3.790854984894395,2.103496861644089,0.0,40.0,2.0,2.0,2.0,0.9996504783630371,0.06072533130645752,0.004120837897062302,0.00787534099072218,1.0
41.0,0,all_fail,False,False,False,False,False,0.8347533941268921,0.0,0.0,1e-06,50.6537971496582,24.142456531524658,28.37890625,0.0,0.0,0.0,0.0,0.0,0.0,0.0,0.0,0.0,0.0,0.0,0.0,0.0,0.0,0.0,0.0,14168.0,14168.0,14168.0,14168.0,14168.0,0.0,0.0,168.65659740592818,84.00501503003761,14168.0,1.0,601.0,601.0,601.0,0.0,0.0625,444.0,284.5,140.0,0.0625,444.0,284.5,140.0,0.17405438423156738,0.0007929801940917969,0.00046517286682501435,0.0005348165286704898,0.0017846934497356415,0.0004829876124858856,0.0036622285842895508,-0.004374146461486816,1.0004854202270508,0.8719056248664856,2.4510350227355957,0.8723886609077454,2.4519684314727783,0.0006638422678316771,16.038025611101506,0.39228248919498643,0.0094053172506392,73.00509258173406,2.8417960009537637,,84.00501503003761,5.557858306914568,2.087430837098509,0.0,41.0,2.0,2.0,2.0,0.9996768832206726,0.06137993931770325,0.004431608133018017,0.007871009409427643,1.0
42.0,0,all_fail,False,False,False,False,False,0.7342462539672852,0.0,0.0,1e-06,50.49678039550781,24.142456531524658,28.37890625,0.0,0.0,0.0,0.0,0.0,0.0,0.0,0.0,0.0,0.0,0.0,0.0,0.0,0.0,0.0,0.0,11737.0,11737.0,11737.0,11737.0,11737.0,0.0,0.0,165.57135836470124,70.88786439830437,11737.0,1.0,493.0,493.0,493.0,0.0,0.0625,407.0,240.5625,125.0,0.0625,407.0,240.5625,125.0,1.1132543087005615,0.0018162727355957031,0.00043442740570753813,-3.6275094316806644e-05,0.0015828385949134827,-3.2514333724975586e-05,0.003292381763458252,-0.004640161991119385,0.9999696016311646,0.7255687117576599,2.1010923385620117,0.7255362272262573,2.1009552478790283,0.0008124204064777542,15.849391155880816,0.40210019851837725,0.009535378310829401,61.00430655898526,2.5646155807189643,,70.88786439830437,4.719450030010194,2.087833719328046,0.0,42.0,2.0,2.0,2.0,0.9996508955955505,0.05266094207763672,0.004393487237393856,0.007862592115998268,1.0
43.0,0,all_fail,False,False,False,False,False,0.8232544660568237,0.0,0.0,1e-06,50.444828033447266,24.142456531524658,28.37890625,0.0,0.0,0.0,0.0,0.0,0.0,0.0,0.0,0.0,0.0,0.0,0.0,0.0,0.0,0.0,0.0,10732.0,10732.0,10732.0,10732.0,10732.0,0.0,0.0,111.1210678844784,96.57934543211013,10732.0,1.0,376.0,376.0,376.0,0.0,0.0625,486.0,294.75,139.0,0.0625,486.0,294.75,139.0,0.8720303773880005,0.0017862319946289062,0.00046279592788778245,4.1912251617759466e-05,0.0016540270298719406,0.000300506129860878,0.0047664642333984375,-0.003625333309173584,1.0003026723861694,0.8307787179946899,2.3503568172454834,0.8310791850090027,2.3512935638427734,0.0009556805823960502,18.449236104360438,0.41804621088104355,0.01025636401027441,87.00659746816382,2.4862257661297917,,96.57934543211013,4.486471935175359,2.0875884029082954,0.0,43.0,2.0,2.0,2.0,0.9996935129165649,0.14720594882965088,0.004129935055971146,0.00774795189499855,1.0
44.0,0,all_fail,False,False,False,False,False,0.9375777244567871,0.0,0.0,1e-06,50.515567779541016,24.142456531524658,28.37890625,0.0,0.0,0.0,0.0,0.0,0.0,0.0,0.0,0.0,0.0,0.0,0.0,0.0,0.0,0.0,0.0,17029.0,17029.0,17029.0,17029.0,17029.0,0.0,0.0,240.4341332912821,70.82605022378266,17029.0,1.0,819.0,819.0,819.0,0.0,0.0625,381.0,245.3125,131.0,0.0625,381.0,245.3125,131.0,-0.08511084318161011,5.602836608886719e-06,0.000556620885618031,0.0011050670873373747,0.001878557726740837,0.0010299254208803177,0.004465997219085693,-0.0025122761726379395,1.0010325908660889,0.9094746112823486,2.540935754776001,0.9105045795440674,2.5437583923339844,0.0005649466233155054,15.032984147999127,0.3625575490615279,0.009620476048439741,59.004462780896574,3.049241972155869,,70.82605022378266,6.173992502968758,2.08283219486475,0.0,44.0,2.0,2.0,2.0,0.9996778964996338,0.06196802854537964,0.004537833854556084,0.007919569499790668,1.0
45.0,0,all_fail,False,False,False,False,False,0.7105201482772827,0.0,0.0,1e-06,50.4388427734375,24.142456531524658,28.37890625,0.0,0.0,0.0,0.0,0.0,0.0,0.0,0.0,0.0,0.0,0.0,0.0,0.0,0.0,0.0,0.0,15654.0,15654.0,15654.0,15654.0,15654.0,0.0,0.0,197.14480722223433,79.40356238931417,15654.0,1.0,721.0,721.0,721.0,0.0,0.0625,512.0,257.375,157.0,0.0625,512.0,257.375,157.0,0.07414865493774414,0.0002765655517578125,0.0003998692554887384,0.0006622755317948759,0.0017068181186914444,0.0007748547941446304,0.005721926689147949,-0.0022634267807006836,1.000777244567871,0.7232388257980347,2.098510980606079,0.7240136861801147,2.100346326828003,0.000656105717638146,16.514176408854784,0.3727730221713684,0.010270678903907537,68.005378451664,2.937763866968453,,79.40356238931417,5.8353888890706,2.1120021920651197,0.0,45.0,2.0,2.0,2.0,0.9996614456176758,0.05627274513244629,0.004164496436715126,0.007823302410542965,1.0
46.0,0,all_fail,False,False,False,False,False,0.8596386313438416,0.0,0.0,1e-06,50.43437576293945,24.142456531524658,28.37890625,0.0,0.0,0.0,0.0,0.0,0.0,0.0,0.0,0.0,0.0,0.0,0.0,0.0,0.0,0.0,0.0,12294.0,12294.0,12294.0,12294.0,12294.0,0.0,0.0,139.34107776545312,88.22954578185454,12294.0,1.0,505.0,505.0,505.0,0.0,0.0625,512.0,263.375,127.0,0.0625,512.0,263.375,127.0,0.5471590757369995,0.000737309455871582,0.00046895781997591257,0.0005698466557078063,0.0022410862147808075,0.00025048479437828064,0.0045108795166015625,-0.0061054229736328125,1.0002542734146118,0.8519624471664429,2.367995023727417,0.8522129058837891,2.368546485900879,0.0007830345671371229,18.5112368533592,0.4054555487313735,0.009626626968383789,78.00635210005566,2.6474654502235353,,88.22954578185454,4.984670516103506,2.0780256679281592,0.0,46.0,2.0,2.0,2.0,0.9996819496154785,0.061878323554992676,0.0043758125975728035,0.007770009804517031,1.0
47.0,4,mixed,True,True,True,True,True,0.597698986530304,0.13393042981624603,-0.0532250702381134,1e-06,50.489681243896484,24.142456531524658,28.37890625,0.0,0.0,-0.05322505533695221,0.0,1.6770472526550293,0.053225141018629074,-0.5590157508850098,1.6770472526550293,0.053225141018629074,-0.5590157508850098,1.0,0.25,0.0,1.0,0.25,0.0,15765.0,15765.0,15765.0,15765.0,15765.0,0.0,0.0,186.4664552706862,84.5460379300639,15765.0,1.0,642.0,642.0,642.0,0.0,0.1875,512.0,343.3125,167.0,0.1875,512.0,343.3125,167.0,0.741448163986206,0.0018140077590942383,0.0004242725553922355,-5.003105252399109e-05,0.0013608317822217941,-1.113303005695343e-05,0.00295335054397583,-0.0031116604804992676,0.9999904632568359,0.6050193905830383,1.8591631650924683,0.6050081849098206,1.859296441078186,0.0006302815761276551,13.290642234843496,0.3781952747240393,0.009936389047652483,73.00549779599532,2.9759182198904455,,84.5460379300639,5.96224850602448,2.0863783368840814,0.0,47.0,2.0,2.0,2.0,0.9996320605278015,0.09825040400028229,0.004027314484119415,0.007889210246503353,1.0
48.0,10,mixed,True,True,True,True,True,0.824298620223999,0.18012233078479767,-0.03950819373130798,1e-06,50.472110748291016,24.142456531524658,28.37890625,0.0,0.0,-0.03950820863246918,0.0,0.7499985098838806,0.039508186280727386,-1.2499974966049194,0.7499985098838806,0.039508186280727386,-1.2499974966049194,1.0,0.625,0.0,1.0,0.625,0.0,11851.0,11851.0,11851.0,11851.0,11851.0,0.0,0.0,179.80653934200558,65.90972744021565,11851.0,1.0,503.0,503.0,503.0,0.0,0.0625,416.0,237.6875,106.0,0.0625,416.0,237.6875,106.0,0.5879143476486206,0.0016603469848632812,0.00045359740033745766,7.93221770436503e-05,0.0019628964364528656,-3.474578261375427e-05,0.0029036402702331543,-0.0038805603981018066,0.9999675750732422,0.834099292755127,2.360926866531372,0.8340645432472229,2.3604190349578857,0.0008657325850379245,14.72629607862531,0.3997512012732682,0.010259796865284443,56.00410398701206,2.5723884403705597,,65.90972744021565,4.737451486289501,2.0839375159703195,0.0,48.0,2.0,2.0,2.0,0.999658465385437,0.05591613054275513,0.004410515073686838,0.007992521859705448,1.0
49.0,0,all_fail,False,False,False,False,False,0.8152205944061279,0.0,0.0,1e-06,50.43027114868164,24.142456531524658,28.37890625,0.0,0.0,0.0,0.0,0.0,0.0,0.0,0.0,0.0,0.0,0.0,0.0,0.0,0.0,0.0,0.0,11168.0,11168.0,11168.0,11168.0,11168.0,0.0,0.0,125.84506622895503,88.7440432482399,11168.0,1.0,476.0,476.0,476.0,0.0,0.0625,464.0,222.0,115.0,0.0625,464.0,222.0,115.0,0.110076904296875,0.0011706352233886719,0.00043697573710232973,0.0002907042799051851,0.0015760958194732666,0.00047234445810317993,0.004340529441833496,-0.002563953399658203,1.000474452972412,0.8126435279846191,2.3353562355041504,0.8131159543991089,2.3363027572631836,0.0008278201803842554,22.242721771928355,0.4116595988505437,0.009245095774531364,79.00614773388952,2.5377267082221806,,88.7440432482399,4.597414399962872,2.0903799482621253,0.0,49.0,2.0,2.0,2.0,0.9996974468231201,0.05950775742530823,0.004225805401802063,0.0075626615434885025,1.0
50.0,0,all_fail,False,False,False,False,False,0.7541396617889404,0.0,0.0,1e-06,50.51140213012695,24.142456531524658,28.37890625,0.0,0.0,0.0,0.0,0.0,0.0,0.0,0.0,0.0,0.0,0.0,0.0,0.0,0.0,0.0,0.0,13672.0,13672.0,13672.0,13672.0,13672.0,0.0,0.0,182.75431799408096,74.81081787869334,13672.0,1.0,551.0,551.0,551.0,0.0,0.125,512.0,303.5,149.0,0.125,512.0,303.5,149.0,0.1993476152420044,-0.00039780139923095703,0.0004386924556456506,0.0010750658111646771,0.001641150563955307,0.0010831318795681,0.005377054214477539,-0.003621518611907959,1.0010854005813599,0.771955132484436,2.1874582767486572,0.773038387298584,2.190176248550415,0.0007065327624442146,13.18061881053493,0.3949331948391967,0.009659715928137302,64.00508494395763,2.7980332309380174,,74.81081787869334,5.399526639841497,2.0949716148898005,0.0,50.0,2.0,2.0,2.0,0.9997091293334961,0.060119301080703735,0.004004215821623802,0.0074010612443089485,1.0
51.0,0,all_fail,False,False,False,False,False,0.7478780746459961,0.0,0.0,1e-06,50.449832916259766,24.142456531524658,28.37890625,0.0,0.0,0.0,0.0,0.0,0.0,0.0,0.0,0.0,0.0,0.0,0.0,0.0,0.0,0.0,0.0,15091.0,15091.0,15091.0,15091.0,15091.0,0.0,0.0,195.52733699909462,77.18102354183793,15091.0,1.0,695.0,695.0,695.0,0.0,0.0625,417.0,248.1875,137.0,0.0625,417.0,248.1875,137.0,0.07476794719696045,0.0009174346923828125,0.00042953845695592463,0.0003973556449636817,0.0014232732355594635,0.00024661794304847717,0.00309598445892334,-0.0021660327911376953,1.0002479553222656,0.7408386468887329,2.127641439437866,0.7410852909088135,2.1279683113098145,0.000642760072406311,16.62174091706987,0.37581561015762466,0.00969989225268364,66.00493318168446,2.882421765010804,,77.18102354183793,5.671433372888714,2.1092123659327626,0.0,51.0,2.0,2.0,2.0,0.9996800422668457,0.06127569079399109,0.004152326844632626,0.007654812186956406,1.0
52.0,3,mixed,True,True,True,True,True,0.7475259304046631,0.17710494995117188,-0.0695306658744812,1e-06,50.47859573364258,24.142456531524658,28.37890625,0.0,0.0,-0.0695306658744812,0.0,2.015559434890747,0.06953074038028717,-0.4651290774345398,2.015559434890747,0.06953074038028717,-0.4651290774345398,1.0,0.1875,0.0,1.0,0.1875,0.0,10839.0,10839.0,10839.0,10839.0,10839.0,0.0,0.0,178.4983979526722,60.72323406999931,10839.0,1.0,444.0,444.0,444.0,0.0,0.0625,512.0,233.4375,95.0,0.0625,512.0,233.4375,95.0,-0.35203373432159424,-0.001284956932067871,0.0004242043651174754,0.0014892772305756807,0.0018881391733884811,0.0015168394893407822,0.006575584411621094,-0.0011518001556396484,1.0015196800231934,0.7908983826637268,2.246980667114258,0.7924151420593262,2.250431537628174,0.000963387601005381,13.655684949453656,0.4244048837670289,0.010442158207297325,51.003983286209404,2.5255503612570465,,60.72323406999931,4.600124535150826,2.08151888102293,0.0,52.0,2.0,2.0,2.0,0.9996349811553955,0.08650249242782593,0.004453000612556934,0.008121968246996403,1.0
53.0,0,all_fail,False,False,False,False,False,0.8874354362487793,0.0,0.0,1e-06,50.43425369262695,24.142456531524658,28.37890625,0.0,0.0,0.0,0.0,0.0,0.0,0.0,0.0,0.0,0.0,0.0,0.0,0.0,0.0,0.0,0.0,12706.0,12706.0,12706.0,12706.0,12706.0,0.0,0.0,140.2109236864689,90.62061404297128,12706.0,1.0,526.0,526.0,526.0,0.0,0.125,512.0,268.125,146.0,0.125,512.0,268.125,146.0,0.1448380947113037,0.0007045269012451172,0.0004582256078720093,0.0005656026187352836,0.0018253177404403687,0.000757366418838501,0.004430532455444336,-0.003814101219177246,1.0007598400115967,0.978408694267273,2.842188835144043,0.9791659712791443,2.843374490737915,0.0007681736751028108,18.649459014687956,0.4145382568838276,0.009760414715856314,80.00617917301133,2.7450662599876523,,90.62061404297128,5.267123091965914,2.0863146181218326,0.0,53.0,2.0,2.0,2.0,0.9997171759605408,0.059456050395965576,0.004051990807056427,0.007565410807728767,1.0
54.0,0,all_fail,False,False,False,False,False,0.8558105230331421,0.0,0.0,1e-06,50.94381332397461,24.142456531524658,28.37890625,0.0,0.0,0.0,0.0,0.0,0.0,0.0,0.0,0.0,0.0,0.0,0.0,0.0,0.0,0.0,0.0,9952.0,9952.0,9952.0,9952.0,9952.0,0.0,0.0,139.23769032642988,71.47490005521104,9952.0,1.0,379.0,379.0,379.0,0.0,0.0625,425.0,243.0,122.0,0.0625,425.0,243.0,122.0,-0.07631880044937134,0.0010557174682617188,0.0004479579220060259,0.0003682707902044058,0.0009209848940372467,0.00025786831974983215,0.0018724799156188965,-0.002001166343688965,1.000258445739746,0.9008000493049622,2.6218698024749756,0.9010579586029053,2.622096538543701,0.0010070757745013503,15.947846527745059,0.43716385420239634,0.010022418107837439,62.005227299872786,2.5038504227995872,,71.47490005521104,4.3506546770222485,2.0950362803414464,0.0,54.0,2.0,2.0,2.0,0.9996982216835022,0.057742297649383545,0.004226416349411011,0.007616662885993719,1.0
55.0,1,mixed,True,True,True,True,True,0.7438662648200989,0.15657880902290344,0.01509276032447815,1e-06,50.54067611694336,24.142456531524658,28.37890625,0.0,0.0,0.015092756599187851,0.0,3.7499847412109375,-0.015092752873897552,-0.24999898672103882,3.7499847412109375,-0.015092752873897552,-0.24999898672103882,1.0,0.0625,0.0,1.0,0.0625,0.0,14513.0,14513.0,14513.0,14513.0,14513.0,0.0,0.0,143.35614725536996,101.23737473320216,14513.0,1.0,641.0,641.0,641.0,0.0,0.125,512.0,266.0625,113.0,0.125,512.0,266.0625,113.0,0.28877460956573486,0.0007812976837158203,0.0003692003374453634,0.00034786787000484765,0.0015041767619550228,0.0006640763022005558,0.005056858062744141,-0.002623319625854492,1.0006663799285889,0.8447481393814087,2.99505352973938,0.8454122543334961,2.99676513671875,0.0006858795464925957,21.143355503956602,0.3894366620934117,0.009954169858247042,90.00726438034326,2.8820282220840454,,101.23737473320216,5.651894276961684,2.1823190837167203,0.0,55.0,2.0,2.0,2.0,0.999727189540863,0.07234978675842285,0.0036403664853423834,0.007383509073406458,1.0
56.0,0,all_fail,False,False,False,False,False,0.6938464045524597,0.0,0.0,1e-06,50.5308723449707,24.142456531524658,28.37890625,0.0,0.0,0.0,0.0,0.0,0.0,0.0,0.0,0.0,0.0,0.0,0.0,0.0,0.0,0.0,0.0,15057.0,15057.0,15057.0,15057.0,15057.0,0.0,0.0,185.31316325446673,81.25164848286659,15057.0,1.0,613.0,613.0,613.0,0.0,0.0625,512.0,328.0625,162.0,0.0625,512.0,328.0625,162.0,0.5225303173065186,0.0010211467742919922,0.00041873016743920743,0.00032875739270821214,0.001760769635438919,7.557868957519531e-05,0.002709627151489258,-0.004121541976928711,1.000077486038208,0.6966486573219299,2.0386033058166504,0.6967241764068604,2.038564682006836,0.0006341227396017306,13.336845462391986,0.381725225419483,0.009547986090183258,70.00510183209553,2.9069082932546735,,81.25164848286659,5.7476367191411555,2.0813689972274005,0.0,56.0,2.0,2.0,2.0,0.9996687173843384,0.061928242444992065,0.004022514913231134,0.007742800749838352,1.0
57.0,0,all_fail,False,False,False,False,False,0.7427080869674683,0.0,0.0,1e-06,50.52882766723633,24.142456531524658,28.37890625,0.0,0.0,0.0,0.0,0.0,0.0,0.0,0.0,0.0,0.0,0.0,0.0,0.0,0.0,0.0,0.0,18309.0,18309.0,18309.0,18309.0,18309.0,0.0,0.0,202.14438324427968,90.5738745057024,18309.0,1.0,815.0,815.0,815.0,0.0,0.125,512.0,329.3125,153.0,0.125,512.0,329.3125,153.0,-0.21180641651153564,3.6954879760742188e-06,0.00043848995119333267,0.0008723579812794924,0.0015228725969791412,0.0010164789855480194,0.006632566452026367,-0.0012989640235900879,1.001018762588501,0.7937687635421753,2.2947781085968018,0.7947852611541748,2.297569990158081,0.0004984292532994125,14.804658753340323,0.36446168551583563,0.009125741198658943,78.00574697135016,3.217216335237026,,90.5738745057024,6.672929000109434,2.1637952281162143,0.0,57.0,2.0,2.0,2.0,0.9996793866157532,0.05828830599784851,0.0041266633197665215,0.007750003132969141,1.0
58.0,15,mixed,True,True,True,True,True,0.7065471410751343,0.15964078903198242,-0.1250389665365219,1e-06,50.61721420288086,24.142456531524658,28.37890625,0.0,0.0,-0.1250389665365219,0.0,0.24999898672103882,0.1250389814376831,-3.7499847412109375,0.24999898672103882,0.1250389814376831,-3.7499847412109375,1.0,0.9375,0.0,1.0,0.9375,0.0,9009.0,9009.0,9009.0,9009.0,9009.0,0.0,0.0,143.21327686724257,62.90617879200727,9009.0,1.0,365.0,365.0,365.0,0.0,0.0625,487.0,198.0625,88.0,0.0625,487.0,198.0625,88.0,0.43794405460357666,0.0010620355606079102,0.0004368991940282285,0.00034430454252287745,0.001894226297736168,0.0007790978997945786,0.006445467472076416,-0.0043585896492004395,1.0007822513580322,0.7541851997375488,2.2101519107818604,0.754964292049408,2.2119483947753906,0.0010600498278810044,17.041542911011597,0.4434579871603176,0.009549988899379969,54.00464948499575,2.308102160692215,,62.90617879200727,3.9951130063273013,2.086805328261107,0.0,58.0,2.0,2.0,2.0,0.9996472597122192,0.06169158220291138,0.004306901711970568,0.007992819882929325,1.0
59.0,0,all_fail,False,False,False,False,False,0.7823916673660278,0.0,0.0,1e-06,50.54347229003906,24.142456531524658,28.37890625,0.0,0.0,0.0,0.0,0.0,0.0,0.0,0.0,0.0,0.0,0.0,0.0,0.0,0.0,0.0,0.0,19783.0,19783.0,19783.0,19783.0,19783.0,0.0,0.0,147.5205769606745,134.1033258382231,19783.0,1.0,960.0,960.0,960.0,0.0,0.1875,512.0,276.4375,154.0,0.1875,512.0,276.4375,154.0,0.3225266933441162,0.0017448663711547852,0.0004483082448132336,2.4115914129652083e-05,0.001232791692018509,-3.5937875509262085e-05,0.0025061964988708496,-0.0019800662994384766,0.9999650716781616,0.8800784349441528,2.592308282852173,0.8800424933433533,2.592057943344116,0.00047172818327073,27.35906266290446,0.3603488219668324,0.009332198649644852,121.00913415802643,3.3666657339781523,,134.1033258382231,7.128780744969845,2.084772001951933,0.0,59.0,2.0,2.0,2.0,0.9997114539146423,0.05868595838546753,0.003977575339376926,0.007538951467722654,1.0
60.0,0,all_fail,False,False,False,False,False,0.9197158813476562,0.0,0.0,1e-06,50.54547882080078,24.142456531524658,28.37890625,0.0,0.0,0.0,0.0,0.0,0.0,0.0,0.0,0.0,0.0,0.0,0.0,0.0,0.0,0.0,0.0,15710.0,15710.0,15710.0,15710.0,15710.0,0.0,0.0,150.35913502887792,104.48317620996386,15710.0,1.0,737.0,737.0,737.0,0.0,0.0625,464.0,244.875,96.0,0.0625,464.0,244.875,96.0,0.13175785541534424,0.000996708869934082,0.00048031771439127624,0.0004631571937352419,0.0014552958309650421,0.0004678107798099518,0.003614664077758789,-0.004361867904663086,1.0004695653915405,0.9641783237457275,2.7068819999694824,0.9646461009979248,2.7074270248413086,0.0005942766977335373,23.738411582974056,0.37605091959076803,0.009336086921393871,93.00709658209234,2.966005608905107,,104.48317620996386,5.907759946770966,2.0910744508728385,0.0,60.0,2.0,2.0,2.0,0.9997329115867615,0.060158491134643555,0.004068418405950069,0.0073481067083776,1.0
61.0,0,all_fail,False,False,False,False,False,0.7335022687911987,0.0,0.0,1e-06,51.246219635009766,24.644984245300293,28.37890625,0.0,0.0,0.0,0.0,0.0,0.0,0.0,0.0,0.0,0.0,0.0,0.0,0.0,0.0,0.0,0.0,12199.0,12199.0,12199.0,12199.0,12199.0,0.0,0.0,136.57368278828397,89.32174743292853,12199.0,1.0,449.0,449.0,449.0,0.0,0.0625,512.0,313.4375,123.0,0.0625,512.0,313.4375,123.0,0.25713682174682617,0.0017747879028320312,0.00045233123819343746,2.0308205421315506e-05,0.0012784656137228012,2.5561079382896423e-05,0.0023515820503234863,-0.00444871187210083,1.0000269412994385,0.7417536377906799,2.1847083568573,0.741779088973999,2.1849191188812256,0.0008151299487431427,15.753997415155618,0.4081855097017417,0.009943770244717598,79.00629703700542,2.66304176626727,,89.32174743292853,4.979455032851547,2.156897585839033,0.0,61.0,2.0,2.0,2.0,0.9996666312217712,0.05985915660858154,0.004222448915243149,0.007868872955441475,1.0
62.0,1,mixed,True,True,True,True,True,0.8445345759391785,0.15791785717010498,0.019823729991912842,1e-06,51.288822174072266,24.644984245300293,28.37890625,0.0,0.0,0.019823729991912842,0.0,3.7499847412109375,-0.019823696464300156,-0.24999898672103882,3.7499847412109375,-0.019823696464300156,-0.24999898672103882,1.0,0.0625,0.0,1.0,0.0625,0.0,9552.0,9552.0,9552.0,9552.0,9552.0,0.0,0.0,153.56772591432969,62.200569443404675,9552.0,1.0,370.0,370.0,370.0,0.0,0.0625,508.0,227.0,94.0,0.0625,508.0,227.0,94.0,0.2835545539855957,0.000782012939453125,0.00045761209912598133,0.0005236293072812259,0.0021145716309547424,0.00038433074951171875,0.004862546920776367,-0.004083156585693359,1.00038743019104,0.9174382090568542,2.543064594268799,0.9178225994110107,2.543836832046509,0.0010993538566333066,14.593765315228442,0.4409429987434647,0.010501028038561344,53.0045556249097,2.388113253749907,,62.200569443404675,4.211887523997575,2.082043768838048,0.0,62.0,2.0,2.0,2.0,0.9996877312660217,0.06226000189781189,0.004423482343554497,0.007793698459863663,1.0
63.0,0,all_fail,False,False,False,False,False,0.9055148363113403,0.0,0.0,1e-06,51.25274658203125,24.644984245300293,28.37890625,0.0,0.0,0.0,0.0,0.0,0.0,0.0,0.0,0.0,0.0,0.0,0.0,0.0,0.0,0.0,0.0,15300.0,15300.0,15300.0,15300.0,15300.0,0.0,0.0,169.10755941867862,90.47496192716062,15300.0,1.0,657.0,657.0,657.0,0.0,0.125,512.0,299.25,164.0,0.125,512.0,299.25,164.0,1.3309307098388672,0.0015919208526611328,0.00044752570101991296,0.0001003099896479398,0.001816391944885254,0.0005633756518363953,0.00378262996673584,-0.0027328133583068848,1.000565528869629,0.9394997358322144,2.678602457046509,0.9400631189346313,2.6801233291625977,0.0006800554266649914,16.500957291915626,0.38572451163667676,0.010404848027974367,79.00658351369202,2.9650024860166013,,90.47496192716062,5.901585028041154,2.0878688180819154,0.0,63.0,2.0,2.0,2.0,0.9997002482414246,0.058684468269348145,0.004260590299963951,0.007706998847424984,1.0
64.0,0,all_fail,False,False,False,False,False,0.9429468512535095,0.0,0.0,1e-06,51.21690368652344,24.644984245300293,28.37890625,0.0,0.0,0.0,0.0,0.0,0.0,0.0,0.0,0.0,0.0,0.0,0.0,0.0,0.0,0.0,0.0,23239.0,23239.0,23239.0,23239.0,23239.0,0.0,0.0,248.39327885212302,93.55728185316548,23239.0,1.0,1158.0,1158.0,1158.0,0.0,0.125,512.0,294.4375,133.0,0.125,512.0,294.4375,133.0,0.4443775415420532,0.0013719797134399414,0.0004636696248780936,0.000241108748014085,0.0016808565706014633,-9.438581764698029e-05,0.002905726432800293,-0.005517423152923584,0.9999079704284668,1.0423325300216675,3.496796131134033,1.0422381162643433,3.4947214126586914,0.00041689265021959174,16.770467777346838,0.3538598506295236,0.009688168298453093,79.00567369908094,3.713808238040656,,93.55728185316548,8.223349068779498,2.1022869772277772,0.0,64.0,2.0,2.0,2.0,0.999686062335968,0.07873600721359253,0.004480048082768917,0.007830635644495487,1.0
65.0,1,mixed,True,True,True,True,True,0.6638627052307129,0.12002687901258469,0.09448034316301346,1e-06,51.275718688964844,24.644984245300293,28.37890625,0.0,0.0,0.09448034316301346,0.0,3.7499847412109375,-0.09448036551475525,-0.24999898672103882,3.7499847412109375,-0.09448036551475525,-0.24999898672103882,1.0,0.0625,0.0,1.0,0.0625,0.0,9614.0,9614.0,9614.0,9614.0,9614.0,0.0,0.0,85.67157731945196,112.21924821287394,9614.0,1.0,371.0,371.0,371.0,0.0,0.0625,455.0,229.875,117.0,0.0625,455.0,229.875,117.0,1.2321360111236572,0.0012038946151733398,0.00040746753802523017,0.00021427840692922473,0.0020464379340410233,0.0002809111028909683,0.0050487518310546875,-0.0076798200607299805,1.0002849102020264,0.6413524150848389,1.9453808069229126,0.6416333913803101,1.9461590051651,0.0010030740817389965,28.006375926942273,0.4382761072662694,0.009643554221838713,103.00745065929368,2.38858863664791,,112.21924821287394,4.213586495257914,2.0988549822941422,0.0,65.0,2.0,2.0,2.0,0.9996604323387146,0.062154173851013184,0.003957803826779127,0.00784522108733654,1.0
66.0,4,mixed,True,True,True,True,True,0.7897101640701294,0.15606804192066193,-0.1327420175075531,1e-06,51.202972412109375,24.644984245300293,28.37890625,0.0,0.0,-0.1327420063316822,0.0,1.6770472526550293,0.13274206221103668,-0.5590157508850098,1.6770472526550293,0.13274206221103668,-0.5590157508850098,1.0,0.25,0.0,1.0,0.25,0.0,16117.0,16117.0,16117.0,16117.0,16117.0,0.0,0.0,151.3197878835477,106.50953338900581,16117.0,1.0,737.0,737.0,737.0,0.0,0.0625,512.0,270.3125,167.0,0.0625,512.0,270.3125,167.0,2.8605523109436035,0.001712203025817871,0.00047131345490925014,8.987569890450686e-05,0.0016493462026119232,0.00046377256512641907,0.00491940975189209,-0.0037537217140197754,1.0004661083221436,0.7894160151481628,2.2421717643737793,0.7898797988891602,2.243659019470215,0.0005922889422581156,21.967024653396336,0.3678958994249922,0.009545920882374048,95.00738162593916,2.9670985830016434,,106.50953338900581,5.929378211032599,2.0920614101924,0.0,66.0,2.0,2.0,2.0,0.9996985197067261,0.06315737962722778,0.004029836039990187,0.007608966901898384,1.0
67.0,0,all_fail,False,False,False,False,False,0.896797776222229,0.0,0.0,1e-06,51.2313346862793,24.644984245300293,28.37890625,0.0,0.0,0.0,0.0,0.0,0.0,0.0,0.0,0.0,0.0,0.0,0.0,0.0,0.0,0.0,0.0,14717.0,14717.0,14717.0,14717.0,14717.0,0.0,0.0,204.56331319836895,71.94349646521732,14717.0,1.0,638.0,638.0,638.0,0.0,0.0625,438.0,281.8125,90.0,0.0625,438.0,281.8125,90.0,0.530586838722229,0.0011092424392700195,0.00047167876618914306,0.000388918851967901,0.0016967318952083588,0.0008150078356266022,0.008342981338500977,-0.0027908682823181152,1.000818133354187,0.9454496502876282,2.883965492248535,0.9462646842002869,2.88869309425354,0.0007081986764081269,13.529618840766247,0.3738418311524113,0.010422559920698404,61.005051353015006,2.831717735156417,,71.94349646521732,5.501830229070038,2.089039031881839,0.0,67.0,2.0,2.0,2.0,0.9996850490570068,0.06001695990562439,0.004363323096185923,0.00795078370720148,1.0
68.0,1,mixed,True,True,True,True,True,0.7241625785827637,0.13941408693790436,0.09486952424049377,1e-06,51.232078552246094,24.644984245300293,28.37890625,0.0,0.0,0.09486952424049377,0.0,3.7499847412109375,-0.09486956149339676,-0.24999898672103882,3.7499847412109375,-0.09486956149339676,-0.24999898672103882,1.0,0.0625,0.0,1.0,0.0625,0.0,14346.0,14346.0,14346.0,14346.0,14346.0,0.0,0.0,188.4971560257843,76.10724905598909,14346.0,1.0,642.0,642.0,642.0,0.0,0.125,512.0,254.625,115.0,0.125,512.0,254.625,115.0,-0.22798430919647217,-0.001083970069885254,0.0004389363748487085,0.0014182399027049541,0.0021986160427331924,0.0014269445091485977,0.005340099334716797,-0.002595841884613037,1.0014303922653198,0.734609067440033,2.137834310531616,0.7360360026359558,2.1408185958862305,0.0007044659374640374,15.956165348570547,0.39112114694961964,0.010106268338859081,65.00541763007641,2.8625589720904827,,76.10724905598909,5.611023974139243,2.113013705704361,0.0,68.0,2.0,2.0,2.0,0.9996658563613892,0.05709558725357056,0.004200280178338289,0.007795742712914944,1.0
69.0,0,all_fail,False,False,False,False,False,0.7348293662071228,0.0,0.0,1e-06,51.23857116699219,24.644984245300293,28.37890625,0.0,0.0,0.0,0.0,0.0,0.0,0.0,0.0,0.0,0.0,0.0,0.0,0.0,0.0,0.0,0.0,8190.0,8190.0,8190.0,8190.0,8190.0,0.0,0.0,65.86500278777888,124.34524638811126,8190.0,1.0,326.0,326.0,326.0,0.0,0.0625,292.0,185.875,58.0,0.0625,292.0,185.875,58.0,0.595329999923706,0.002182602882385254,0.0004719194257631898,-0.00014581927098333836,0.0023777391761541367,-0.00031148456037044525,0.005469620227813721,-0.005299359560012817,0.999692440032959,0.7383803129196167,2.1348493099212646,0.7380687594413757,2.134143590927124,0.0011435015666070001,39.007601732320495,0.4332472192708025,0.009365277830511332,116.00860755192116,2.168709019664675,,124.34524638811126,3.5482947258278728,2.107464746106416,0.0,69.0,2.0,2.0,2.0,0.9996691942214966,0.06118273735046387,0.004297465085983276,0.007859623059630394,1.0
70.0,0,all_fail,False,False,False,False,False,0.9124865531921387,0.0,0.0,1e-06,51.224212646484375,24.644984245300293,28.37890625,0.0,0.0,0.0,0.0,0.0,0.0,0.0,0.0,0.0,0.0,0.0,0.0,0.0,0.0,0.0,0.0,12562.0,12562.0,12562.0,12562.0,12562.0,0.0,0.0,164.33139655166195,76.44309160392731,12562.0,1.0,520.0,520.0,520.0,0.0,0.0625,512.0,265.125,130.0,0.0625,512.0,265.125,130.0,0.26974034309387207,0.0007394552230834961,0.0004519365611486137,0.0005354345194064081,0.0015773437917232513,0.000694621354341507,0.004291832447052002,-0.0031891465187072754,1.0006964206695557,0.8669490814208984,2.434901714324951,0.8676437139511108,2.4364280700683594,0.0007470247576384194,15.55990113789819,0.40920444425682395,0.009384125005453825,66.00510062696412,2.698498798068613,,76.44309160392731,5.140426228754222,2.086709963157773,0.0,70.0,2.0,2.0,2.0,0.99970942735672,0.05810326337814331,0.004245674703270197,0.007649709470570087,1.0
71.0,6,mixed,True,True,True,True,True,0.7603117227554321,0.17130030691623688,0.028431326150894165,1e-06,51.27058792114258,24.644984245300293,28.37890625,0.0,0.0,0.028431321494281292,0.0,1.2499974966049194,-0.02843126282095909,-0.7499985098838806,1.2499974966049194,-0.02843126282095909,-0.7499985098838806,1.0,0.375,0.0,1.0,0.375,0.0,14850.0,14850.0,14850.0,14850.0,14850.0,0.0,0.0,220.93409969772515,67.21461295615882,14850.0,1.0,705.0,705.0,705.0,0.0,0.0625,512.0,223.125,115.0,0.0625,512.0,223.125,115.0,0.17383134365081787,0.0014538764953613281,0.0004457883769646287,0.00016498008335474879,0.0012362785637378693,-1.5188008546829224e-05,0.002312004566192627,-0.0042552947998046875,0.9999861717224121,0.8175519704818726,2.2945916652679443,0.8175368309020996,2.294689178466797,0.000636995164834289,15.687604811752127,0.3841792115383477,0.009459378197789192,56.00474917795509,2.8966503660194576,,67.21461295615882,5.705061291344464,2.095583587884903,0.0,71.0,2.0,2.0,2.0,0.999661922454834,0.06230264902114868,0.0043181260116398335,0.007978817448019981,1.0
72.0,0,all_fail,False,False,False,False,False,0.8173208236694336,0.0,0.0,1e-06,51.213890075683594,24.644984245300293,28.37890625,0.0,0.0,0.0,0.0,0.0,0.0,0.0,0.0,0.0,0.0,0.0,0.0,0.0,0.0,0.0,0.0,16533.0,16533.0,16533.0,16533.0,16533.0,0.0,0.0,207.48873383041195,79.68143472075462,16533.0,1.0,798.0,798.0,798.0,0.0,0.0625,512.0,235.3125,112.0,0.0625,512.0,235.3125,112.0,0.4907195568084717,0.0007092952728271484,0.0004047876282129437,0.00045546365436166525,0.001514919102191925,0.00044130533933639526,0.0036852359771728516,-0.005760550498962402,1.000443696975708,0.7721798419952393,2.205753803253174,0.7726210951805115,2.206472873687744,0.0005807727969620035,18.062593141795787,0.36677084279595373,0.009601916652172804,68.00566317886114,3.0042219678871334,,79.68143472075462,6.063822343945503,2.0933007411658764,0.0,72.0,2.0,2.0,2.0,0.999663770198822,0.06228393316268921,0.004309433046728373,0.007844042032957077,1.0
73.0,1,mixed,True,True,True,True,True,0.8476707935333252,0.17678600549697876,0.036217980086803436,1e-06,51.26617431640625,24.644984245300293,28.37890625,0.0,0.0,0.036217980086803436,0.0,3.7499847412109375,-0.036218028515577316,-0.24999898672103882,3.7499847412109375,-0.036218028515577316,-0.24999898672103882,1.0,0.0625,0.0,1.0,0.0625,0.0,13654.0,13654.0,13654.0,13654.0,13654.0,0.0,0.0,185.64767676352832,73.54791742097586,13654.0,1.0,623.0,623.0,623.0,0.0,0.0625,431.0,230.375,107.0,0.0625,431.0,230.375,107.0,0.5634860992431641,0.0024433135986328125,0.0004838841559831053,-0.0002504182339180261,0.001392412930727005,-0.0003596954047679901,0.002759099006652832,-0.004647195339202881,0.999642014503479,0.8692731857299805,2.4328227043151855,0.8689135313034058,2.431570291519165,0.0007003393996590417,17.093092903527175,0.38032527940416816,0.009562434162944555,63.00514044240117,2.7235166430473328,,73.54791742097586,5.192961364984512,2.1136292098090053,0.0,73.0,2.0,2.0,2.0,0.9996762871742249,0.05941355228424072,0.004458272829651833,0.007851720787584782,1.0
74.0,0,all_fail,False,False,False,False,False,0.5740125179290771,0.0,0.0,1e-06,51.226226806640625,24.644984245300293,28.37890625,0.0,0.0,0.0,0.0,0.0,0.0,0.0,0.0,0.0,0.0,0.0,0.0,0.0,0.0,0.0,0.0,11915.0,11915.0,11915.0,11915.0,11915.0,0.0,0.0,87.49852487746865,136.17372426204383,11915.0,1.0,460.0,460.0,460.0,0.0,0.0625,512.0,284.6875,117.0,0.0625,512.0,284.6875,117.0,-0.1755027174949646,2.4437904357910156e-05,0.00036292249569669366,0.0007112493622116745,0.0014005163684487343,0.001097184605896473,0.0038965940475463867,-0.0010290145874023438,1.001098871231079,0.5805912017822266,1.8379108905792236,0.5816884636878967,1.8400022983551025,0.0008059715585602566,27.663979003293814,0.4122759021296503,0.009603151120245457,126.00942436000332,2.6302990978583694,,136.17372426204383,4.9122673738747835,2.1096563739702106,0.0,74.0,2.0,2.0,2.0,0.9996852874755859,0.08922964334487915,0.003535896074026823,0.007372907362878323,1.0
75.0,0,all_fail,False,False,False,False,False,0.7342360019683838,0.0,0.0,1e-06,51.25926971435547,24.644984245300293,28.37890625,0.0,0.0,0.0,0.0,0.0,0.0,0.0,0.0,0.0,0.0,0.0,0.0,0.0,0.0,0.0,0.0,11442.0,11442.0,11442.0,11442.0,11442.0,0.0,0.0,149.1790411919854,76.69978241296485,11442.0,1.0,467.0,467.0,467.0,0.0,0.0625,512.0,248.125,68.0,0.0625,512.0,248.125,68.0,0.2704193592071533,0.0012793540954589844,0.0004186427977401763,0.0001977545180125162,0.0015558749437332153,0.0006824284791946411,0.005049228668212891,-0.002109527587890625,1.0006844997406006,0.7702274322509766,2.18811297416687,0.77090984582901,2.189497470855713,0.0009197013912042982,16.87803884606893,0.39898893587373285,0.01052322331815958,67.00581421889365,2.5165391210466623,,76.69978241296485,4.5652314042672515,2.0974355400539935,0.0,75.0,2.0,2.0,2.0,0.9996888637542725,0.08899259567260742,0.004085881635546684,0.007664896082133055,1.0
76.0,0,all_fail,False,False,False,False,False,0.8422319889068604,0.0,0.0,1e-06,51.07608413696289,24.644984245300293,28.37890625,0.0,0.0,0.0,0.0,0.0,0.0,0.0,0.0,0.0,0.0,0.0,0.0,0.0,0.0,0.0,0.0,15033.0,15033.0,15033.0,15033.0,15033.0,0.0,0.0,178.39659696472708,84.2673024921678,15033.0,1.0,673.0,673.0,673.0,0.0,0.0625,506.0,266.5625,92.0,0.0625,506.0,266.5625,92.0,-0.06114351749420166,0.0007301568984985352,0.0005497255478985608,0.0007274573436006904,0.0016412697732448578,0.0008372180163860321,0.004088878631591797,-0.002153933048248291,1.0008392333984375,0.8413927555084229,2.348128318786621,0.8422300815582275,2.350048303604126,0.0006556301218187595,17.11744906736706,0.38175924459896915,0.009856087621301413,73.00592027232051,2.9061303241178393,,84.2673024921678,5.7389867240563035,2.1017530718818307,0.0,76.0,2.0,2.0,2.0,0.9996622204780579,0.12638044357299805,0.004407480824738741,0.008143702521920204,1.0
77.0,6,mixed,True,True,True,True,True,0.6717435717582703,0.1445297747850418,-0.0308840349316597,1e-06,51.15532302856445,24.644984245300293,28.37890625,0.0,0.0,-0.0308840349316597,0.0,1.2499974966049194,0.030884074047207832,-0.7499985098838806,1.2499974966049194,0.030884074047207832,-0.7499985098838806,1.0,0.375,0.0,1.0,0.375,0.0,9465.0,9465.0,9465.0,9465.0,9465.0,0.0,0.0,148.03855575793116,63.936046603135765,9465.0,1.0,330.0,330.0,330.0,0.0,0.0625,415.0,261.5625,175.0,0.0625,415.0,261.5625,175.0,0.204889178276062,7.748603820800781e-06,0.00038421209319494665,0.0007646662998013198,0.0018503889441490173,0.0009395331144332886,0.005220174789428711,-0.0027579069137573242,1.0009419918060303,0.6430201530456543,1.9380444288253784,0.6439597010612488,1.9394385814666748,0.0009893834279979025,13.143277083153045,0.4235263028793623,0.009364514146000147,55.004614592995495,2.317978118080646,,63.936046603135765,4.0086764567531645,2.0918377321213484,0.0,77.0,2.0,2.0,2.0,0.9997047185897827,0.05850526690483093,0.0037512958515435457,0.007299745921045542,1.0
78.0,0,all_fail,False,False,False,False,False,0.918393611907959,0.0,0.0,1e-06,51.297203063964844,24.644984245300293,28.37890625,0.0,0.0,0.0,0.0,0.0,0.0,0.0,0.0,0.0,0.0,0.0,0.0,0.0,0.0,0.0,0.0,18146.0,18146.0,18146.0,18146.0,18146.0,0.0,0.0,151.88095362438955,119.47515186714008,18146.0,1.0,846.0,846.0,846.0,0.0,0.0625,512.0,288.125,193.0,0.0625,512.0,288.125,193.0,-0.16803133487701416,0.0007565021514892578,0.0005131147336214781,0.0006471885717473924,0.001146506518125534,0.0007382743060588837,0.0029206275939941406,-0.001104116439819336,1.0007394552230835,0.9046752452850342,2.514577865600586,0.9054135680198669,2.516570806503296,0.0005397295317973189,23.212234132949447,0.3644914429587181,0.00979393208399415,107.00839935289696,3.224414649885148,,119.47515186714008,6.614061723928899,2.112295948434621,0.0,78.0,2.0,2.0,2.0,0.9996740818023682,0.06168091297149658,0.0045595187693834305,0.007944000884890556,1.0
79.0,3,mixed,True,True,True,True,True,0.7257068157196045,0.14221948385238647,0.05118527263402939,1e-06,51.2046012878418,24.644984245300293,28.37890625,0.0,0.0,0.05118527263402939,0.0,2.015559434890747,-0.05118519812822342,-0.4651290774345398,2.015559434890747,-0.05118519812822342,-0.4651290774345398,1.0,0.1875,0.0,1.0,0.1875,0.0,16812.0,16812.0,16812.0,16812.0,16812.0,0.0,0.0,145.0468830771665,115.90735108079389,16812.0,1.0,738.0,738.0,738.0,0.0,0.0625,512.0,312.75,183.0,0.0625,512.0,312.75,183.0,0.2699859142303467,0.0006140470504760742,0.00044023548252880573,0.0005745887756347656,0.0018175765872001648,0.0007001087069511414,0.00434422492980957,-0.0022509098052978516,1.0007025003433228,0.7099259495735168,2.0478515625,0.710625946521759,2.0494112968444824,0.0005871137945801764,20.785071225434862,0.37041176461164627,0.009870557114481926,104.00849641207606,3.067285826895386,,115.90735108079389,6.227362586650997,2.0900261849164963,0.0,79.0,2.0,2.0,2.0,0.9996618032455444,0.05668509006500244,0.004296300932765007,0.007728585973381996,1.0
80.0,1,mixed,True,True,True,True,True,0.7926808595657349,0.14456506073474884,0.05733734741806984,1e-06,51.24274444580078,24.644984245300293,28.37890625,0.0,0.0,0.05733733996748924,0.0,3.7499847412109375,-0.057337332516908646,-0.24999898672103882,3.7499847412109375,-0.057337332516908646,-0.24999898672103882,1.0,0.0625,0.0,1.0,0.0625,0.0,19983.0,19983.0,19983.0,19983.0,19983.0,0.0,0.0,212.30295956661163,94.12492431001738,19983.0,1.0,944.0,944.0,944.0,0.0,0.0625,512.0,304.9375,169.0,0.0625,512.0,304.9375,169.0,0.420135498046875,0.001412510871887207,0.00044506133417598903,0.00018515760893933475,0.0011841915547847748,0.00012725964188575745,0.002050638198852539,-0.00292050838470459,1.0001283884048462,0.8301425576210022,2.362020254135132,0.8302698731422424,2.362387180328369,0.00047930826463809346,16.603077944886564,0.3565902165883622,0.009578017052263021,81.00641729310155,3.3798940861597657,,94.12492431001738,7.1257422980852425,2.1005306080915034,0.0,80.0,2.0,2.0,2.0,0.9997116923332214,0.058178722858428955,0.003984904382377863,0.007593587040901184,1.0
81.0,0,all_fail,False,False,False,False,False,0.8178600668907166,0.0,0.0,1e-06,51.17428207397461,24.644984245300293,28.37890625,0.0,0.0,0.0,0.0,0.0,0.0,0.0,0.0,0.0,0.0,0.0,0.0,0.0,0.0,0.0,0.0,14119.0,14119.0,14119.0,14119.0,14119.0,0.0,0.0,166.23313281320162,84.93493301281705,14119.0,1.0,633.0,633.0,633.0,0.0,0.0625,393.0,249.4375,113.0,0.0625,393.0,249.4375,113.0,-0.0479736328125,0.0002925395965576172,0.0004133325128350407,0.000678923970554024,0.0012971684336662292,0.0004197731614112854,0.003552377223968506,-0.002973318099975586,1.0004210472106934,0.8556486964225769,2.414785861968994,0.8560683727264404,2.415633201599121,0.0007787302288926182,18.543233463750227,0.3871149551689338,0.010994892101734877,74.00604475382715,2.8132561617530882,,84.93493301281705,5.465676052030176,2.1340001160278916,0.0,81.0,2.0,2.0,2.0,0.9997054934501648,0.04474329948425293,0.004118791315704584,0.007536322809755802,1.0
82.0,2,mixed,True,True,True,True,True,0.6766083836555481,0.1354353129863739,0.019279759377241135,1e-06,51.21543502807617,24.644984245300293,28.37890625,0.0,0.0,0.019279759377241135,0.0,2.561730146408081,-0.019279783591628075,-0.3659614622592926,2.561730146408081,-0.019279783591628075,-0.3659614622592926,1.0,0.125,0.0,1.0,0.125,0.0,11978.0,11978.0,11978.0,11978.0,11978.0,0.0,0.0,164.23834722837321,72.93059265473858,11978.0,1.0,490.0,490.0,490.0,0.0,0.0625,425.0,258.625,141.0,0.0625,425.0,258.625,141.0,0.2049027681350708,0.0006421804428100586,0.0004742101300507784,0.0006434161332435906,0.0016945414245128632,0.0005659200251102448,0.0039001107215881348,-0.004386782646179199,1.0005682706832886,0.6759567260742188,1.9821101427078247,0.6765227317810059,1.9831870794296265,0.0008004061684278638,15.22604417399746,0.3955699480484719,0.009587265085428953,63.005370792001486,2.5752888689748943,,72.93059265473858,4.738136837724596,2.0985334860160947,0.0,82.0,2.0,2.0,2.0,0.999627947807312,0.11121580004692078,0.004165007267147303,0.008147915825247765,1.0
83.0,10,mixed,True,True,True,True,True,0.6769283413887024,0.16397935152053833,0.05691461265087128,1e-06,51.15039825439453,24.644984245300293,28.37890625,0.0,0.0,0.056914620101451874,0.0,0.7499985098838806,-0.05691459774971008,-1.2499974966049194,0.7499985098838806,-0.05691459774971008,-1.2499974966049194,1.0,0.625,0.0,1.0,0.625,0.0,8437.0,8437.0,8437.0,8437.0,8437.0,0.0,0.0,134.58395200551803,62.68949510157108,8437.0,1.0,314.0,314.0,314.0,0.0,0.0625,451.0,213.3125,101.0,0.0625,451.0,213.3125,101.0,0.4736919403076172,0.002454519271850586,0.000455453380709514,-0.0003155072045046836,0.0016385409981012344,-0.0001669023185968399,0.00376814603805542,-0.002406775951385498,0.9998350143432617,0.7011075019836426,2.0736570358276367,0.7009406089782715,2.0737569332122803,0.0010908643573900529,15.823152127470783,0.45476512706594485,0.009203622583299875,54.00441821105778,2.2513054930604994,,62.68949510157108,3.8368533770553768,2.082846343051642,0.0,83.0,2.0,2.0,2.0,0.9996389150619507,0.0577012300491333,0.004352733492851257,0.007877763360738754,1.0
84.0,0,all_fail,False,False,False,False,False,0.6584948301315308,0.0,0.0,1e-06,51.18421173095703,24.644984245300293,28.37890625,0.0,0.0,0.0,0.0,0.0,0.0,0.0,0.0,0.0,0.0,0.0,0.0,0.0,0.0,0.0,0.0,10469.0,10469.0,10469.0,10469.0,10469.0,0.0,0.0,150.9783227342441,69.34108029818162,10469.0,1.0,412.0,412.0,412.0,0.0,0.0625,414.0,242.3125,147.0,0.0625,414.0,242.3125,147.0,0.4236278533935547,0.0019658803939819336,0.0004250439233146608,-0.00013059137563686818,0.0012758634984493256,-0.00015760213136672974,0.0022196173667907715,-0.0038883090019226074,0.9998437166213989,0.687172532081604,2.0345616340637207,0.6870149970054626,2.034313201904297,0.0009625749455241627,15.47721797599908,0.41143214591619665,0.010077197104692459,60.00517409294844,2.426620490849018,,69.34108029818162,4.307283135596663,2.090329796075821,0.0,84.0,2.0,2.0,2.0,0.999654233455658,0.06769996881484985,0.004132854752242565,0.007755998056381941,1.0
85.0,0,all_fail,False,False,False,False,False,0.7642039060592651,0.0,0.0,1e-06,51.122901916503906,24.644984245300293,28.37890625,0.0,0.0,0.0,0.0,0.0,0.0,0.0,0.0,0.0,0.0,0.0,0.0,0.0,0.0,0.0,0.0,19826.0,19826.0,19826.0,19826.0,19826.0,0.0,0.0,137.58744477637686,144.0974504048936,19826.0,1.0,960.0,960.0,960.0,0.0,0.0625,479.0,279.125,156.0,0.0625,479.0,279.125,156.0,0.581303596496582,0.001575469970703125,0.0004106503911316395,3.5652294172905385e-05,0.0014318041503429413,-0.00013132765889167786,0.0020572543144226074,-0.0034013986587524414,0.9998700618743896,0.8314396739006042,2.35260009765625,0.8313083052635193,2.3519439697265625,0.0004968874866358389,29.334858375919698,0.35815847014771013,0.009851291310042143,131.00947750685737,3.373043966013938,,144.0974504048936,7.100849829148501,2.0998715893365443,0.0,85.0,2.0,2.0,2.0,0.999686062335968,0.05745270848274231,0.004145739134401083,0.007687823381274939,1.0
86.0,0,all_fail,False,False,False,False,False,0.9378533363342285,0.0,0.0,1e-06,51.13374710083008,24.644984245300293,28.37890625,0.0,0.0,0.0,0.0,0.0,0.0,0.0,0.0,0.0,0.0,0.0,0.0,0.0,0.0,0.0,0.0,14612.0,14612.0,14612.0,14612.0,14612.0,0.0,0.0,189.85816323142592,76.96271654218435,14612.0,1.0,686.0,686.0,686.0,0.0,0.0625,473.0,227.25,139.0,0.0625,473.0,227.25,139.0,0.8800891637802124,0.002045273780822754,0.0004820579197257757,-5.2650724683189765e-05,0.0016543157398700714,0.0003795139491558075,0.0046120285987854,-0.002814948558807373,1.000381588935852,0.942166805267334,2.6330008506774902,0.9425462484359741,2.6341826915740967,0.0006409298285409551,18.153194353067416,0.37779821236682876,0.009365266654640436,66.00501466775313,2.8344069262966514,,76.96271654218435,5.520387479104102,2.090892056003213,0.0,86.0,2.0,2.0,2.0,0.9997042417526245,0.05660092830657959,0.004330230411142111,0.007658970542252064,1.0
87.0,0,all_fail,False,False,False,False,False,0.8258402943611145,0.0,0.0,1e-06,51.17281723022461,24.644984245300293,28.37890625,0.0,0.0,0.0,0.0,0.0,0.0,0.0,0.0,0.0,0.0,0.0,0.0,0.0,0.0,0.0,0.0,15393.0,15393.0,15393.0,15393.0,15393.0,0.0,0.0,171.8978922886834,89.54734578216448,15393.0,1.0,689.0,689.0,689.0,0.0,0.0625,512.0,273.0625,98.0,0.0625,512.0,273.0625,98.0,0.9144607782363892,0.001421809196472168,0.0005095633678138256,0.0003096443833783269,0.002004142850637436,0.0005321092903614044,0.00479811429977417,-0.003915548324584961,1.000535249710083,0.854121208190918,2.398381471633911,0.8546532392501831,2.3995513916015625,0.0006346753703132984,17.85455961321824,0.38609978981460813,0.009769557975232601,78.00657095015049,2.9727451992221177,,89.54734578216448,5.943234064616263,2.107425075955689,0.0,87.0,2.0,2.0,2.0,0.9996756315231323,0.06179249286651611,0.004478610586374998,0.007839184254407883,1.0
88.0,0,all_fail,False,False,False,False,False,0.6737755537033081,0.0,0.0,1e-06,51.13959884643555,24.644984245300293,28.37890625,0.0,0.0,0.0,0.0,0.0,0.0,0.0,0.0,0.0,0.0,0.0,0.0,0.0,0.0,0.0,0.0,13915.0,13915.0,13915.0,13915.0,13915.0,0.0,0.0,165.94420303274637,83.85348656773567,13915.0,1.0,637.0,637.0,637.0,0.0,0.0625,445.0,232.6875,114.0,0.0625,445.0,232.6875,114.0,0.8066028356552124,0.0015435218811035156,0.0004098420322407037,5.134121238370426e-05,0.0023175738751888275,0.00019154325127601624,0.005188405513763428,-0.004560291767120361,1.0001952648162842,0.6851359009742737,2.013929843902588,0.6853274703025818,2.0145561695098877,0.0007359961203714091,19.609421783802556,0.3913959625477933,0.010241386014968157,73.00587730109692,2.804867251776159,,83.85348656773567,5.446274818852544,2.081235363148153,0.0,88.0,2.0,2.0,2.0,0.9996749758720398,0.06055524945259094,0.003936526831239462,0.007783650886267424,1.0
89.0,0,all_fail,False,False,False,False,False,0.9680765271186829,0.0,0.0,1e-06,51.141197204589844,24.644984245300293,28.37890625,0.0,0.0,0.0,0.0,0.0,0.0,0.0,0.0,0.0,0.0,0.0,0.0,0.0,0.0,0.0,0.0,12012.0,12012.0,12012.0,12012.0,12012.0,0.0,0.0,148.27235786308884,81.01307737408206,12012.0,1.0,551.0,551.0,551.0,0.0,0.0625,393.0,199.75,105.0,0.0625,393.0,199.75,105.0,0.4630582332611084,0.0011708736419677734,0.0005265105864964426,0.0004659048281610012,0.0018571987748146057,0.00033912062644958496,0.00606691837310791,-0.00404047966003418,1.0003423690795898,0.9853938817977905,2.7645914554595947,0.9857330322265625,2.765484094619751,0.0008659864813982547,22.217201559427888,0.3998204727684741,0.010402229614555836,71.00617618393153,2.596946910955012,,81.01307737408206,4.802643518894911,2.092993109021336,0.0,89.0,2.0,2.0,2.0,0.9996923208236694,0.0606691837310791,0.00451994501054287,0.00779974739998579,1.0
90.0,0,all_fail,False,False,False,False,False,0.7514302134513855,0.0,0.0,1e-06,51.17387008666992,24.644984245300293,28.37890625,0.0,0.0,0.0,0.0,0.0,0.0,0.0,0.0,0.0,0.0,0.0,0.0,0.0,0.0,0.0,0.0,11812.0,11812.0,11812.0,11812.0,11812.0,0.0,0.0,164.19094895378095,71.94062812393531,11812.0,1.0,519.0,519.0,519.0,0.0,0.0625,512.0,219.25,98.0,0.0625,512.0,219.25,98.0,0.09077727794647217,0.0009016990661621094,0.0004415743169374764,0.0004309671639930457,0.0015634968876838684,0.00039146095514297485,0.0039931535720825195,-0.003410160541534424,1.000393271446228,0.7969826459884644,2.359719753265381,0.7973741292953491,2.3602852821350098,0.000871554798583156,17.675333080931164,0.4018370008576741,0.010294805280864239,62.005068447906524,2.5739667280577123,,71.94062812393531,4.746498654130846,2.102169420104474,0.0,90.0,2.0,2.0,2.0,0.9996739029884338,0.05632731318473816,0.0042524999007582664,0.007746626157313585,1.0
91.0,9,mixed,True,True,True,True,True,0.6772140860557556,0.16036352515220642,0.15776857733726501,1e-06,51.193824768066406,24.644984245300293,28.37890625,0.0,0.0,0.1577685810625553,0.0,0.8539109230041504,-0.1577685922384262,-1.0978854894638062,0.8539109230041504,-0.1577685922384262,-1.0978854894638062,1.0,0.5625,0.0,1.0,0.5625,0.0,15550.0,15550.0,15550.0,15550.0,15550.0,0.0,0.0,208.94560631942656,74.42128252377734,15550.0,1.0,723.0,723.0,723.0,0.0,0.0625,463.0,248.875,107.0,0.0625,463.0,248.875,107.0,0.07618129253387451,-5.733966827392578e-05,0.0003909868828486651,0.0008089432376436889,0.0019418653100728989,0.0011165719479322433,0.006104111671447754,-0.003240644931793213,1.0011202096939087,0.7043716311454773,2.064669609069824,0.7054882049560547,2.0670032501220703,0.0006126643868217131,15.82260190304378,0.37657381242015353,0.009526931215077639,63.005600777920336,2.9458010978996754,,74.42128252377734,5.855722783133388,2.1010324927046895,0.0,91.0,2.0,2.0,2.0,0.9997200965881348,0.05303657054901123,0.0036055133678019047,0.007224203087389469,1.0
92.0,1,mixed,True,True,True,True,True,0.9203131794929504,0.12371645867824554,0.08249125629663467,1e-06,51.14358139038086,24.644984245300293,28.37890625,0.0,0.0,0.08249126002192497,0.0,3.7499847412109375,-0.08249123394489288,-0.24999898672103882,3.7499847412109375,-0.08249123394489288,-0.24999898672103882,1.0,0.0625,0.0,1.0,0.0625,0.0,18544.0,18544.0,18544.0,18544.0,18544.0,0.0,0.0,202.33851381134232,91.64839481469244,18544.0,1.0,862.0,862.0,862.0,0.0,0.0625,512.0,297.0,153.0,0.0625,512.0,297.0,153.0,0.3861004114151001,0.0011179447174072266,0.0004521302180364728,0.000348340516211465,0.0014228373765945435,0.0005492493510246277,0.004671633243560791,-0.0024199485778808594,1.0005513429641724,0.9793633222579956,2.871326208114624,0.9799126386642456,2.872520685195923,0.0005379310954519651,16.62582337986819,0.366062286835826,0.009975394234061241,79.00591270113364,3.2554833912290633,,91.64839481469244,6.788259047083557,2.0848091482184827,0.0,92.0,2.0,2.0,2.0,0.9997135400772095,0.06199926137924194,0.004142443649470806,0.007677999325096607,1.0
93.0,7,mixed,True,True,True,True,True,0.7996693253517151,0.219124436378479,0.20027396082878113,1e-06,51.14392852783203,24.644984245300293,28.37890625,0.0,0.0,0.20027396455407143,0.0,1.0978854894638062,-0.20027391612529755,-0.8539109230041504,1.0978854894638062,-0.20027391612529755,-0.8539109230041504,1.0,0.4375,0.0,1.0,0.4375,0.0,19414.0,19414.0,19414.0,19414.0,19414.0,0.0,0.0,185.22066805327506,104.81551656220108,19414.0,1.0,1026.0,1026.0,1026.0,0.0,0.0625,512.0,187.375,93.0,0.0625,512.0,187.375,93.0,-0.2045905590057373,-0.0011052489280700684,0.000523672963026911,0.001593920635059476,0.00254661962389946,0.0016505829989910126,0.007074236869812012,-0.004689216613769531,1.001656413078308,0.8499314785003662,2.3817105293273926,0.8515821099281311,2.385791778564453,0.0004925333303873825,30.689589519723455,0.3550946212388929,0.009562042076140642,92.00738938013092,3.2981575620360672,,104.81551656220108,6.893806976731867,2.105427622795105,0.0,93.0,2.0,2.0,2.0,0.9996570348739624,0.09387138485908508,0.004342498257756233,0.008185839280486107,1.0
94.0,2,mixed,True,True,True,True,True,0.8481422662734985,0.11269795894622803,0.15045493841171265,1e-06,51.14315414428711,24.644984245300293,28.37890625,0.0,0.0,0.15045494586229324,0.0,2.561730146408081,-0.15045499801635742,-0.3659614622592926,2.561730146408081,-0.15045499801635742,-0.3659614622592926,1.0,0.125,0.0,1.0,0.125,0.0,17377.0,17377.0,17377.0,17377.0,17377.0,0.0,0.0,204.04981077986253,85.1605788487941,17377.0,1.0,777.0,777.0,777.0,0.0,0.0625,512.0,309.0625,154.0,0.0625,512.0,309.0625,154.0,0.6894409656524658,0.0020521879196166992,0.00044164620339870453,-0.00013975407637190074,0.0013340972363948822,-7.453933358192444e-05,0.003934085369110107,-0.002795994281768799,0.9999268651008606,0.8500571250915527,2.4127280712127686,0.8499826192855835,2.412231683731079,0.0005684106013076094,14.763596369738949,0.369177281364748,0.009877271018922329,73.0059840483591,3.135316987056285,,85.1605788487941,6.415193618275225,2.0909717436879873,0.0,94.0,2.0,2.0,2.0,0.9996705055236816,0.06068563461303711,0.004373085685074329,0.007882138714194298,1.0
95.0,0,all_fail,False,False,False,False,False,0.8123700618743896,0.0,0.0,1e-06,51.153656005859375,24.644984245300293,28.37890625,0.0,0.0,0.0,0.0,0.0,0.0,0.0,0.0,0.0,0.0,0.0,0.0,0.0,0.0,0.0,0.0,11631.0,11631.0,11631.0,11631.0,11631.0,0.0,0.0,122.57627151095923,94.88785926206037,11631.0,1.0,499.0,499.0,499.0,0.0,0.0625,512.0,227.9375,93.0,0.0625,512.0,227.9375,93.0,-0.11262649297714233,-7.605552673339844e-05,0.00047880603233352304,0.0009945520432665944,0.0018051378428936005,0.001001056283712387,0.004738569259643555,-0.0014578700065612793,1.0010035037994385,0.8368935585021973,2.411210298538208,0.8378945589065552,2.4131274223327637,0.0009026467513801328,23.30894953608799,0.4048783645352845,0.010498684365302324,85.0077389581129,2.564696103800088,,94.88785926206037,4.709140257909894,2.0908835250884295,0.0,95.0,2.0,2.0,2.0,0.999660849571228,0.0609821081161499,0.004452910274267197,0.008081239648163319,1.0
96.0,13,mixed,True,True,True,True,True,0.6793210506439209,0.15316998958587646,0.00041747093200683594,1e-06,51.206581115722656,24.644984245300293,28.37890625,0.0,0.0,0.00041747093200683594,0.0,0.4651290774345398,-0.00041747643263079226,-2.015559434890747,0.4651290774345398,-0.00041747643263079226,-2.015559434890747,1.0,0.8125,0.0,1.0,0.8125,0.0,10930.0,10930.0,10930.0,10930.0,10930.0,0.0,0.0,200.2571186636802,54.579832531977445,10930.0,1.0,451.0,451.0,451.0,0.0,0.0625,371.0,232.125,102.0,0.0625,371.0,232.125,102.0,-0.04936790466308594,0.0006923675537109375,0.00044375695870257914,0.000543176312930882,0.00125165656208992,0.0006564222276210785,0.0023966431617736816,-0.001890718936920166,1.0006574392318726,0.703545331954956,2.047476291656494,0.7042016983032227,2.0487680435180664,0.0009757245073652224,12.117447930487955,0.40761905974535523,0.01066466886550188,45.004201613832265,2.480323453899473,,54.579832531977445,4.455276323016733,2.1235147616826,0.0,96.0,2.0,2.0,2.0,0.9996629357337952,0.061987847089767456,0.00407529529184103,0.007838745601475239,1.0
97.0,0,all_fail,False,False,False,False,False,0.7724063396453857,0.0,0.0,1e-06,51.158809661865234,24.644984245300293,28.37890625,0.0,0.0,0.0,0.0,0.0,0.0,0.0,0.0,0.0,0.0,0.0,0.0,0.0,0.0,0.0,0.0,18949.0,18949.0,18949.0,18949.0,18949.0,0.0,0.0,180.65733060556255,104.88918405072764,18949.0,1.0,868.0,868.0,868.0,0.0,0.0625,512.0,316.3125,140.0,0.0625,512.0,316.3125,140.0,0.052130699157714844,0.0009109973907470703,0.0004313250829000026,0.0004061656363774091,0.0015154853463172913,0.00044195353984832764,0.005150973796844482,-0.0032156705856323242,1.000443935394287,0.8074687719345093,2.291794538497925,0.807910680770874,2.292909622192383,0.0005271507188134398,18.179849843956298,0.3674240277655361,0.00998897897079587,92.00822006026283,3.309181335847825,,104.88918405072764,6.9623179021291435,2.0962531538680196,0.0,97.0,2.0,2.0,2.0,0.9996906518936157,0.055944859981536865,0.004150190390646458,0.007672690786421299,1.0
98.0,0,all_fail,False,False,False,False,False,0.6701208353042603,0.0,0.0,1e-06,51.2115592956543,24.644984245300293,28.37890625,0.0,0.0,0.0,0.0,0.0,0.0,0.0,0.0,0.0,0.0,0.0,0.0,0.0,0.0,0.0,0.0,8766.0,8766.0,8766.0,8766.0,8766.0,0.0,0.0,142.07623303521171,61.69927096692845,8766.0,1.0,305.0,305.0,305.0,0.0,0.0625,397.0,242.875,135.0,0.0625,397.0,242.875,135.0,0.8890570402145386,0.002471923828125,0.0005053736385889351,-0.00020881004456896335,0.0019037909805774689,-0.00032922253012657166,0.0053324103355407715,-0.00901651382446289,0.9996750354766846,0.6973545551300049,2.037796974182129,0.6970252990722656,2.0366101264953613,0.0011308064304773268,13.639931243351109,0.4379577695589896,0.009912649169564247,53.004772811662406,2.2487999140284956,,61.69927096692845,3.8391378079541028,2.090476362966001,0.0,98.0,2.0,2.0,2.0,0.9996377825737,0.08235582709312439,0.004136341158300638,0.008141841739416122,1.0
99.0,0,all_fail,False,False,False,False,False,0.7673246264457703,0.0,0.0,1e-06,51.16271209716797,24.644984245300293,28.37890625,0.0,0.0,0.0,0.0,0.0,0.0,0.0,0.0,0.0,0.0,0.0,0.0,0.0,0.0,0.0,0.0,15939.0,15939.0,15939.0,15939.0,15939.0,0.0,0.0,159.6359291969809,99.84594370564446,15939.0,1.0,753.0,753.0,753.0,0.0,0.0625,512.0,243.1875,102.0,0.0625,512.0,243.1875,102.0,0.2130662202835083,0.0014524459838867188,0.00036602423642762005,5.4262591220322065e-06,0.0011041145771741867,-0.00024147145450115204,0.00290834903717041,-0.0037163496017456055,0.9997597336769104,0.8186606764793396,2.3959975242614746,0.8184192180633545,2.3946621417999268,0.0006196288804115978,22.61806554509271,0.38090648853652254,0.009876264724880457,88.00689303595573,3.1022108257748187,,99.84594370564446,6.071268520783633,2.1018433710560203,0.0,99.0,2.0,2.0,2.0,0.9996606111526489,0.05589652061462402,0.004300784785300493,0.007875674404203892,1.0
101.0,13,mixed,True,True,True,True,True,0.6448511481285095,0.17705711722373962,-0.039152275770902634,1e-06,50.294464111328125,24.018859386444092,27.9921875,0.0,0.0,-0.039152274606749415,0.0,0.4651290774345398,0.03915225714445114,-2.015559434890747,0.4651290774345398,0.03915225714445114,-2.015559434890747,1.0,0.8125,0.0,1.0,0.8125,0.0,6788.0,6788.0,6788.0,6788.0,6788.0,0.0,0.0,48.05701361677965,141.24889353569597,6788.0,1.0,251.0,251.0,251.0,0.0,0.0625,307.0,173.25,61.0,0.0625,307.0,173.25,61.0,0.29570722579956055,0.0016723871231079102,0.00042979957652278244,2.8845519409514964e-05,0.0016535650938749313,0.00030182860791683197,0.0037631988525390625,-0.003966271877288818,1.000304102897644,0.642698347568512,1.9314048290252686,0.6430001258850098,1.932053565979004,0.0023513559156531577,47.26214833257916,0.6198693877283613,0.015961003955453634,131.01067517790943,3.196591332089156,,141.24889353569597,4.207673403900117,2.084120030980557,0.0,101.0,2.0,2.0,2.0,0.9996678233146667,0.06145408749580383,0.004061422776430845,0.007784455083310604,1.0
102.0,0,all_fail,False,False,False,False,False,0.7479168176651001,0.0,0.0,1e-06,50.18482208251953,24.332544803619385,28.025390625,0.0,0.0,0.0,0.0,0.0,0.0,0.0,0.0,0.0,0.0,0.0,0.0,0.0,0.0,0.0,0.0,11928.0,11928.0,11928.0,11928.0,11928.0,0.0,0.0,94.53756728260146,126.17206411017105,11928.0,1.0,407.0,407.0,407.0,0.0,0.1875,512.0,338.5,111.0,0.1875,512.0,338.5,111.0,0.721646785736084,0.0013821125030517578,0.0004230584600009024,0.0001564614212838933,0.0019439216703176498,-0.0002787988632917404,0.003722250461578369,-0.008455157279968262,0.9997252225875854,0.7842361330986023,2.2419798374176025,0.7839573621749878,2.2406036853790283,0.0008446161930669801,21.41938681352782,0.41092176945713904,0.010074581950902939,116.00739898206666,2.6403280617669225,,126.17206411017105,4.9014748660847545,2.1072480091825128,0.0,102.0,2.0,2.0,2.0,0.9997219443321228,0.06014004349708557,0.0037984612863510847,0.007401585578918457,1.0
103.0,6,mixed,True,True,True,True,True,0.8422635197639465,0.18242286145687103,0.13186204433441162,1e-06,50.26845932006836,24.332544803619385,28.033203125,0.0,0.0,0.13186204992234707,0.0,1.2499974966049194,-0.13186199963092804,-0.7499985098838806,1.2499974966049194,-0.13186199963092804,-0.7499985098838806,1.0,0.375,0.0,1.0,0.375,0.0,9057.0,9057.0,9057.0,9057.0,9057.0,0.0,0.0,141.467965196421,64.02156125893816,9057.0,1.0,360.0,360.0,360.0,0.0,0.0625,412.0,206.0625,109.0,0.0625,412.0,206.0625,109.0,-0.024981975555419922,0.0007318258285522461,0.0004768470535054803,0.0005865315324626863,0.001566711813211441,0.0005607567727565765,0.0048062801361083984,-0.0021045804023742676,1.0005627870559692,0.869471549987793,2.4112093448638916,0.8700323700904846,2.4123830795288086,0.0011888355801499572,16.683068987567395,0.44885901766109904,0.010767283849418163,55.00407845200971,2.3487468850798905,,64.02156125893816,4.065316122956574,2.08695913432166,0.0,103.0,2.0,2.0,2.0,0.9996866583824158,0.0580020546913147,0.0043459683656692505,0.007803895976394415,1.0
104.0,0,all_fail,False,False,False,False,False,0.8899357318878174,0.0,0.0,1e-06,50.36476516723633,24.332544803619385,28.033203125,0.0,0.0,0.0,0.0,0.0,0.0,0.0,0.0,0.0,0.0,0.0,0.0,0.0,0.0,0.0,0.0,16683.0,16683.0,16683.0,16683.0,16683.0,0.0,0.0,146.44546880661883,113.91953698499128,16683.0,1.0,811.0,811.0,811.0,0.0,0.0625,456.0,231.6875,122.0,0.0625,456.0,231.6875,122.0,0.80133056640625,0.0017991065979003906,0.0005553740775212646,0.00021289764845278114,0.00228702649474144,0.0005707703530788422,0.005843639373779297,-0.0053206682205200195,1.000575304031372,0.9107380509376526,2.5222158432006836,0.9113088846206665,2.5236294269561768,0.0005898316852649696,27.51735861505886,0.36387614343010116,0.009840162005275488,102.0068483860232,3.1638883147388697,,113.91953698499128,6.070545700844377,2.1638646693900228,0.0,104.0,2.0,2.0,2.0,0.9996664524078369,0.05629527568817139,0.004622457083314657,0.008052503690123558,1.0
105.0,4,mixed,True,True,True,True,True,0.7325274348258972,0.15657316148281097,0.02936127781867981,1e-06,50.280548095703125,24.332544803619385,28.091796875,0.0,0.0,0.02936127595603466,0.0,1.6770472526550293,-0.029361264780163765,-0.5590157508850098,1.6770472526550293,-0.029361264780163765,-0.5590157508850098,1.0,0.25,0.0,1.0,0.25,0.0,12732.0,12732.0,12732.0,12732.0,12732.0,0.0,0.0,176.25777196830182,72.23511257302016,12732.0,1.0,553.0,553.0,553.0,0.0,0.0625,372.0,242.75,149.0,0.0625,372.0,242.75,149.0,-0.02222806215286255,0.0005080699920654297,0.0004368157824501395,0.0006204389501363039,0.0015191473066806793,0.0005513317883014679,0.004394173622131348,-0.0029358863830566406,1.000553011894226,0.754689633846283,2.1781697273254395,0.7552409172058105,2.1796741485595703,0.0008186676907854899,15.964018243550104,0.38990034246913785,0.010423277039080858,62.0042468579486,2.643719065003097,,72.23511257302016,4.964211160317063,2.111131285317242,0.0,105.0,2.0,2.0,2.0,0.9996594786643982,0.08938789367675781,0.004202160984277725,0.00794212520122528,1.0
106.0,3,mixed,True,True,True,True,True,0.7474327683448792,0.1586989313364029,-0.010962650179862976,1e-06,50.307891845703125,24.332544803619385,28.111328125,0.0,0.0,-0.010962645523250103,0.0,2.015559434890747,0.010962716303765774,-0.4651290774345398,2.015559434890747,0.010962716303765774,-0.4651290774345398,1.0,0.1875,0.0,1.0,0.1875,0.0,18903.0,18903.0,18903.0,18903.0,18903.0,0.0,0.0,208.1940138361821,90.7951177447103,18903.0,1.0,903.0,903.0,903.0,0.0,0.0625,512.0,278.4375,109.0,0.0625,512.0,278.4375,109.0,0.11606383323669434,0.001016378402709961,0.0004131546593271196,0.0003197912883479148,0.0014394484460353851,0.0003831125795841217,0.0035663247108459473,-0.002558112144470215,1.0003845691680908,0.7949814796447754,2.2591500282287598,0.7953645586967468,2.259838581085205,0.0006058628773891704,17.50963919458432,0.36449853321193976,0.011452625971287489,78.00544261187315,3.305151334963739,,90.7951177447103,6.890115773305297,2.079850392881781,0.0,106.0,2.0,2.0,2.0,0.9996755719184875,0.06002676486968994,0.004202771000564098,0.007826664485037327,1.0
107.0,0,all_fail,False,False,False,False,False,0.730924129486084,0.0,0.0,1e-06,50.2205924987793,24.332544803619385,28.111328125,0.0,0.0,0.0,0.0,0.0,0.0,0.0,0.0,0.0,0.0,0.0,0.0,0.0,0.0,0.0,0.0,9822.0,9822.0,9822.0,9822.0,9822.0,0.0,0.0,87.1779108898114,112.6661547604017,9822.0,1.0,371.0,371.0,371.0,0.0,0.0625,508.0,242.875,99.0,0.0625,508.0,242.875,99.0,0.95151686668396,0.0017113685607910156,0.00047664748854003847,0.00011183043534401804,0.002061620354652405,0.00022534281015396118,0.0046250224113464355,-0.004238784313201904,1.0002285242080688,0.750343382358551,2.2123770713806152,0.7505686283111572,2.2130205631256104,0.0010933926622200294,26.50715692406899,0.45011131714166996,0.010739302728325129,103.00681180693209,2.5627378788776696,,112.6661547604017,4.420993356965482,2.0988165359012783,0.0,107.0,2.0,2.0,2.0,0.9996390342712402,0.1352408081293106,0.004255784675478935,0.00811733864247799,1.0
108.0,12,mixed,True,True,True,True,True,0.7145718932151794,0.1609077900648117,0.047728270292282104,1e-06,50.267791748046875,24.332544803619385,28.111328125,0.0,0.0,0.047728270292282104,0.0,0.5590157508850098,-0.047728314995765686,-1.6770472526550293,0.5590157508850098,-0.047728314995765686,-1.6770472526550293,1.0,0.75,0.0,1.0,0.75,0.0,16507.0,16507.0,16507.0,16507.0,16507.0,0.0,0.0,187.9336325184817,87.83419858803973,16507.0,1.0,744.0,744.0,744.0,0.0,0.0625,512.0,287.6875,160.0,0.0625,512.0,287.6875,160.0,0.22343850135803223,0.0001901388168334961,0.000451450003311038,0.0008048863965086639,0.0020080432295799255,0.0009665638208389282,0.005206704139709473,-0.0023078322410583496,1.000969409942627,0.7535971403121948,2.157944917678833,0.7545636892318726,2.159881591796875,0.0005916212127131726,16.51212674337588,0.37371918313986546,0.00976589135825634,76.00531939975917,3.0623091789893806,,87.83419858803973,6.168982556089759,2.08574984036386,0.0,108.0,2.0,2.0,2.0,0.9996945858001709,0.0736655592918396,0.003944654483348131,0.007605327293276787,1.0
109.0,0,all_fail,False,False,False,False,False,0.7545440793037415,0.0,0.0,1e-06,50.303707122802734,24.332544803619385,28.111328125,0.0,0.0,0.0,0.0,0.0,0.0,0.0,0.0,0.0,0.0,0.0,0.0,0.0,0.0,0.0,0.0,9215.0,9215.0,9215.0,9215.0,9215.0,0.0,0.0,86.2718415282974,106.81353077385575,9215.0,1.0,346.0,346.0,346.0,0.0,0.0625,339.0,229.9375,119.0,0.0625,339.0,229.9375,119.0,0.3333404064178467,0.0013327598571777344,0.0004304933245293796,0.0001970010343939066,0.0018451884388923645,0.0002451092004776001,0.004349231719970703,-0.0050313472747802734,1.0002483129501343,0.8031355142593384,2.3466615676879883,0.8033804893493652,2.34757661819458,0.001102009898317423,26.639739502060344,0.42316694018783224,0.010155021212995052,98.00760162808001,2.3013517800718546,,106.81353077385575,3.899483353830874,2.085640605073422,0.0,109.0,2.0,2.0,2.0,0.9996917843818665,0.05858421325683594,0.0040603927336633205,0.007554020266979933,1.0
110.0,4,mixed,True,True,True,True,True,0.6528807878494263,0.1538722664117813,0.05163273215293884,1e-06,50.27973175048828,24.332544803619385,28.111328125,0.0,0.0,0.051632730290293694,0.0,1.6770472526550293,-0.05163269490003586,-0.5590157508850098,1.6770472526550293,-0.05163269490003586,-0.5590157508850098,1.0,0.25,0.0,1.0,0.25,0.0,13389.0,13389.0,13389.0,13389.0,13389.0,0.0,0.0,213.366330818305,62.751231408677995,13389.0,1.0,579.0,579.0,579.0,0.0,0.0625,512.0,257.8125,150.0,0.0625,512.0,257.8125,150.0,-0.1773003339767456,-0.0007557868957519531,0.0004067305417265743,0.0011909229215234518,0.0017655305564403534,0.0010441094636917114,0.0051964521408081055,-0.001986265182495117,1.0010464191436768,0.6509947776794434,1.9433574676513672,0.6520388722419739,1.9455679655075073,0.0007211817284482972,12.606994972874721,0.39923776672057215,0.009655902162194252,52.003854263108224,2.7798969107680023,,62.751231408677995,5.34539445862174,2.107666786760092,0.0,110.0,2.0,2.0,2.0,0.9996863007545471,0.05582648515701294,0.003838042262941599,0.007566384505480528,1.0
111.0,9,mixed,True,True,True,True,True,0.6294156312942505,0.15174885094165802,-0.06603406369686127,1e-06,50.24005889892578,24.332544803619385,28.111328125,0.0,0.0,-0.06603405624628067,0.0,0.8539109230041504,0.06603404134511948,-1.0978854894638062,0.8539109230041504,0.06603404134511948,-1.0978854894638062,1.0,0.5625,0.0,1.0,0.5625,0.0,10471.0,10471.0,10471.0,10471.0,10471.0,0.0,0.0,92.39016881902634,113.33456940110773,10471.0,1.0,392.0,392.0,392.0,0.0,0.0625,386.0,262.4375,164.0,0.0625,386.0,262.4375,164.0,0.4173020124435425,0.0018720626831054688,0.00036738262861035764,-0.00019802519818767905,0.0012287553399801254,-9.256042540073395e-05,0.0023838281631469727,-0.0025268197059631348,0.9999085068702698,0.6563818454742432,1.9788975715637207,0.6562892198562622,1.9789315462112427,0.0009330451789478122,24.76950425603193,0.4105232294893301,0.00976991606876254,104.00714837107807,2.443234344944358,,113.33456940110773,4.298588735982776,2.064745282754302,0.0,111.0,2.0,2.0,2.0,0.9996882677078247,0.07483905553817749,0.003697128500789404,0.007507773116230965,1.0
112.0,0,all_fail,False,False,False,False,False,0.8694295883178711,0.0,0.0,1e-06,50.276893615722656,24.332544803619385,28.111328125,0.0,0.0,0.0,0.0,0.0,0.0,0.0,0.0,0.0,0.0,0.0,0.0,0.0,0.0,0.0,0.0,13903.0,13903.0,13903.0,13903.0,13903.0,0.0,0.0,204.9425628314852,67.83851928031072,13903.0,1.0,650.0,650.0,650.0,0.0,0.0625,512.0,218.9375,131.0,0.0625,512.0,218.9375,131.0,0.003013014793395996,0.0008876323699951172,0.0004565630806609988,0.00047059974167495966,0.0013994984328746796,0.000523444265127182,0.0029427409172058105,-0.0021448135375976562,1.000524878501892,0.9420419931411743,2.9094021320343018,0.942565381526947,2.9110562801361084,0.0007478669990479221,16.272959778207117,0.3870332680641533,0.010397594887763262,57.00417810305953,2.803023218177259,,67.83851928031072,5.380923525895923,2.1004302529618144,0.0,112.0,2.0,2.0,2.0,0.9996850490570068,0.05384978652000427,0.004325433634221554,0.00783482939004898,1.0
113.0,0,all_fail,False,False,False,False,False,0.7582542300224304,0.0,0.0,1e-06,50.30937576293945,24.332544803619385,28.111328125,0.0,0.0,0.0,0.0,0.0,0.0,0.0,0.0,0.0,0.0,0.0,0.0,0.0,0.0,0.0,0.0,17952.0,17952.0,17952.0,17952.0,17952.0,0.0,0.0,223.97628488992322,80.15134284785017,17952.0,1.0,867.0,867.0,867.0,0.0,0.0625,365.0,255.0,143.0,0.0625,365.0,255.0,143.0,-0.008413553237915039,0.00019681453704833984,0.0004477330658119172,0.0007956025074236095,0.0017002690583467484,0.000738365575671196,0.0047463178634643555,-0.0031055212020874023,1.0007407665252686,0.7650225162506104,2.176787853240967,0.7657608389854431,2.1784698963165283,0.0005593764514341924,16.667889783560646,0.35683545326513577,0.010041926056146622,68.00499031692743,3.1386313741095364,,80.15134284785017,6.405910057015717,2.0866839508526027,0.0,113.0,2.0,2.0,2.0,0.9997186064720154,0.0620628297328949,0.003918088506907225,0.0073821102268993855,1.0
114.0,0,all_fail,False,False,False,False,False,0.7668588161468506,0.0,0.0,1e-06,50.242713928222656,24.332544803619385,28.130859375,0.0,0.0,0.0,0.0,0.0,0.0,0.0,0.0,0.0,0.0,0.0,0.0,0.0,0.0,0.0,0.0,13043.0,13043.0,13043.0,13043.0,13043.0,0.0,0.0,168.14104161831148,77.57178065786138,13043.0,1.0,518.0,518.0,518.0,0.0,0.125,512.0,297.1875,141.0,0.125,512.0,297.1875,141.0,2.202070713043213,0.0009579658508300781,0.0004665904853027314,0.0004549840814433992,0.001569017767906189,0.0006586983799934387,0.00399327278137207,-0.004422008991241455,1.0006608963012695,0.7782381772994995,2.226158380508423,0.7788968086242676,2.2278871536254883,0.000817469193163911,14.091454773013147,0.40070398363715976,0.010662250686436892,67.00486744567752,2.7331890230998397,,77.57178065786138,5.226382058579475,2.0917961071245372,0.0,114.0,2.0,2.0,2.0,0.9996536374092102,0.08358603715896606,0.004488540813326836,0.007909059524536133,1.0
115.0,2,mixed,True,True,True,True,True,0.7622113823890686,0.15158475935459137,0.026385948061943054,1e-06,50.26140594482422,24.332544803619385,28.130859375,0.0,0.0,0.02638595551252365,0.0,2.561730146408081,-0.02638597972691059,-0.3659614622592926,2.561730146408081,-0.02638597972691059,-0.3659614622592926,1.0,0.125,0.0,1.0,0.125,0.0,12466.0,12466.0,12466.0,12466.0,12466.0,0.0,0.0,102.8534439625252,121.20158080989495,12466.0,1.0,500.0,500.0,500.0,0.0,0.0625,436.0,279.125,184.0,0.0625,436.0,279.125,184.0,0.09126543998718262,0.00037086009979248047,0.00045316715841181576,0.0007205601432360709,0.0013876520097255707,0.0006561167538166046,0.003172934055328369,-0.002110004425048828,1.000657558441162,0.7740006446838379,2.220137119293213,0.7746567130088806,2.221869468688965,0.0008279310885118134,24.856059840370254,0.3955571499237629,0.010320988949388266,111.00716324709356,2.630936762318015,,121.20158080989495,4.931015430949628,2.1168173057958484,0.0,115.0,2.0,2.0,2.0,0.9996358156204224,0.06114917993545532,0.004488223232328892,0.00815439224243164,1.0
116.0,0,all_fail,False,False,False,False,False,0.9007735848426819,0.0,0.0,1e-06,50.27860641479492,24.332544803619385,28.130859375,0.0,0.0,0.0,0.0,0.0,0.0,0.0,0.0,0.0,0.0,0.0,0.0,0.0,0.0,0.0,0.0,35065.0,35065.0,35065.0,35065.0,35065.0,0.0,0.0,242.88972598807524,144.3659251430072,35065.0,1.0,1933.0,1933.0,1933.0,0.0,0.0625,474.0,258.5625,121.0,0.0625,474.0,258.5625,121.0,0.19170570373535156,0.0013788938522338867,0.0004973334143869579,0.0003057308786083013,0.0017850361764431,0.00028488412499427795,0.006900191307067871,-0.0056021809577941895,1.0002882480621338,0.9459057450294495,2.636530637741089,0.9461906552314758,2.637524127960205,0.00028816091222615516,30.217224945342817,0.33944938172483075,0.01010436238721013,125.00865959888324,4.840356048196554,,144.3659251430072,11.902792570181191,2.098598741926253,0.0,116.0,2.0,2.0,2.0,0.9996694326400757,0.061019062995910645,0.004585975781083107,0.00804124679416418,1.0
117.0,0,all_fail,False,False,False,False,False,0.7731051445007324,0.0,0.0,1e-06,50.3306884765625,24.332544803619385,28.130859375,0.0,0.0,0.0,0.0,0.0,0.0,0.0,0.0,0.0,0.0,0.0,0.0,0.0,0.0,0.0,0.0,13332.0,13332.0,13332.0,13332.0,13332.0,0.0,0.0,165.79801211909415,80.41109678940848,13332.0,1.0,590.0,590.0,590.0,0.0,0.0625,402.0,243.25,126.0,0.0625,402.0,243.25,126.0,0.9901235103607178,0.0037554502487182617,0.00042442133417353034,-0.0010235998779535294,0.001359734684228897,-0.001064937561750412,0.002132594585418701,-0.002827763557434082,0.9989364743232727,0.818351686000824,2.32428240776062,0.8172866702079773,2.3217010498046875,0.0007214677329249222,17.986947576058807,0.38306566571133327,0.009618607815355062,70.00519996602088,2.70328320376575,,80.41109678940848,5.1070314552634954,2.0802304982207716,0.0,117.0,2.0,2.0,2.0,0.9996804594993591,0.06090426445007324,0.004252173472195864,0.007740878965705633,1.0
118.0,0,all_fail,False,False,False,False,False,0.7325403690338135,0.0,0.0,1e-06,50.32497787475586,24.332544803619385,28.130859375,0.0,0.0,0.0,0.0,0.0,0.0,0.0,0.0,0.0,0.0,0.0,0.0,0.0,0.0,0.0,0.0,11268.0,11268.0,11268.0,11268.0,11268.0,0.0,0.0,103.60044049957126,108.76401630789042,11268.0,1.0,412.0,412.0,412.0,0.0,0.0625,512.0,292.25,152.0,0.0625,512.0,292.25,152.0,-0.2749667763710022,-0.0008336901664733887,0.0005151716177351773,0.0014418819919228554,0.001768350601196289,0.0012520253658294678,0.00475388765335083,-0.0020873546600341797,1.001254677772522,0.775143563747406,2.19541072845459,0.7763955593109131,2.1979355812072754,0.0008676576097176817,21.173347850466406,0.40807194408078246,0.009776765946298838,99.00657454878092,2.538265162613243,,108.76401630789042,4.598154665902257,2.1048002019524574,0.0,118.0,2.0,2.0,2.0,0.9996232390403748,0.13539353013038635,0.004476661793887615,0.008335224352777004,1.0
119.0,1,mixed,True,True,True,True,True,0.5445150136947632,0.14536051452159882,0.08669421076774597,1e-06,50.28953552246094,24.332544803619385,28.130859375,0.0,0.0,0.08669421076774597,0.0,3.7499847412109375,-0.08669424057006836,-0.24999898672103882,3.7499847412109375,-0.08669424057006836,-0.24999898672103882,1.0,0.0625,0.0,1.0,0.0625,0.0,10610.0,10610.0,10610.0,10610.0,10610.0,0.0,0.0,157.0700729775199,67.5494688381441,10610.0,1.0,409.0,409.0,409.0,0.0,0.0625,512.0,254.125,114.0,0.0625,512.0,254.125,114.0,0.15032005310058594,0.0008852481842041016,0.0003396121319383383,0.0002359710051678121,0.0014125145971775055,0.00042463839054107666,0.0032431483268737793,-0.0023743510246276855,1.000426173210144,0.5872668623924255,1.8232104778289795,0.5876914858818054,1.8241503238677979,0.0009343007879645953,14.265710460819191,0.42099827135984175,0.009912931360304356,58.00437873369083,2.4815106987953186,,67.5494688381441,4.466791659127921,2.08139829011634,0.0,119.0,2.0,2.0,2.0,0.9996728301048279,0.059208035469055176,0.003585062688216567,0.007331831846386194,1.0
120.0,0,all_fail,False,False,False,False,False,0.867244303226471,0.0,0.0,1e-06,50.29316711425781,24.332544803619385,28.130859375,0.0,0.0,0.0,0.0,0.0,0.0,0.0,0.0,0.0,0.0,0.0,0.0,0.0,0.0,0.0,0.0,13673.0,13673.0,13673.0,13673.0,13673.0,0.0,0.0,169.39503593176076,80.71665102103725,13673.0,1.0,592.0,592.0,592.0,0.0,0.0625,512.0,262.5625,133.0,0.0625,512.0,262.5625,133.0,0.15213871002197266,-0.00013065338134765625,0.0004344190820120275,0.0009331666515208781,0.002202223986387253,0.0008368678390979767,0.005806446075439453,-0.003665924072265625,1.000840425491333,0.9257733821868896,2.903900146484375,0.9266102313995361,2.90846586227417,0.0007034818936979327,16.663879476455712,0.3904389017036448,0.009618707932531834,70.00495768059045,2.7822086201049387,,80.71665102103725,5.338471102993935,2.076782114803791,0.0,120.0,2.0,2.0,2.0,0.9996955990791321,0.061375707387924194,0.004248876590281725,0.007676066365092993,1.0
121.0,13,mixed,True,True,True,True,True,0.5742986798286438,0.15353167057037354,0.05002007633447647,1e-06,50.34434509277344,24.332544803619385,28.130859375,0.0,0.0,0.05002007493749261,0.0,0.4651290774345398,-0.05002008005976677,-2.015559434890747,0.4651290774345398,-0.05002008005976677,-2.015559434890747,1.0,0.8125,0.0,1.0,0.8125,0.0,9533.0,9533.0,9533.0,9533.0,9533.0,0.0,0.0,150.18946861238103,63.473158857785165,9533.0,1.0,343.0,343.0,343.0,0.0,0.0625,509.0,252.8125,97.0,0.0625,509.0,252.8125,97.0,-0.27037763595581055,-0.00010865926742553711,0.00040958536555990577,0.0008685395587235689,0.0011184345930814743,0.000917995348572731,0.003465890884399414,-0.0009683370590209961,1.0009191036224365,0.621204137802124,1.8916221857070923,0.6221221089363098,1.8935511112213135,0.0010620968526337312,13.350819675217306,0.44978241917133943,0.01012496929615736,54.004065586254,2.531639613211155,,63.473158857785165,4.287775801960379,2.085876787081361,0.0,121.0,2.0,2.0,2.0,0.9996771812438965,0.057138264179229736,0.0037103709764778614,0.007521685678511858,1.0
122.0,6,mixed,True,True,True,True,True,0.6786609888076782,0.16203084588050842,0.040992990136146545,1e-06,50.321048736572266,24.332544803619385,28.130859375,0.0,0.0,0.04099299153313041,0.0,1.2499974966049194,-0.040992964059114456,-0.7499985098838806,1.2499974966049194,-0.040992964059114456,-0.7499985098838806,1.0,0.375,0.0,1.0,0.375,0.0,9320.0,9320.0,9320.0,9320.0,9320.0,0.0,0.0,150.93844240383322,61.74702648026869,9320.0,1.0,366.0,366.0,366.0,0.0,0.0625,292.0,216.5,147.0,0.0625,292.0,216.5,147.0,-0.0977475643157959,0.00013530254364013672,0.0004135854833293706,0.0007585986168123782,0.0014916937798261642,0.0006798002868890762,0.003863215446472168,-0.003227531909942627,1.0006816387176514,0.6782729029655457,1.9901823997497559,0.678952693939209,1.9916858673095703,0.0010332176082092038,15.301394673826831,0.4151981921522786,0.009629588108509779,53.00403115013614,2.2649906133301556,,61.74702648026869,3.8696471508592367,2.093276686966419,0.0,122.0,2.0,2.0,2.0,0.9996797442436218,0.05980229377746582,0.003963508643209934,0.007603502366691828,1.0
123.0,3,mixed,True,True,True,True,True,0.6640816926956177,0.13623309135437012,-0.008952200412750244,1e-06,50.34440231323242,24.332544803619385,28.322265625,0.0,0.0,-0.008952198550105095,0.0,2.015559434890747,0.008952288888394833,-0.4651290774345398,2.015559434890747,0.008952288888394833,-0.4651290774345398,1.0,0.1875,0.0,1.0,0.1875,0.0,14702.0,14702.0,14702.0,14702.0,14702.0,0.0,0.0,218.93950113139243,67.15097058331594,14702.0,1.0,566.0,566.0,566.0,0.0,0.125,512.0,352.875,212.0,0.125,512.0,352.875,212.0,0.13519930839538574,0.0011320114135742188,0.00042204424971714616,0.00027416154625825584,0.0010618343949317932,0.0003914758563041687,0.002248227596282959,-0.002694845199584961,1.0003924369812012,0.7063450813293457,2.050623655319214,0.7067365050315857,2.051476240158081,0.000725366814215805,9.91928178641854,0.3843909971567522,0.010664342902600765,56.00426496611908,2.8883335897699,,67.15097058331594,5.6513164401985705,2.092782740946859,0.0,123.0,2.0,2.0,2.0,0.9997138381004333,0.06197112798690796,0.00366822793148458,0.00732823833823204,1.0
124.0,0,all_fail,False,False,False,False,False,0.6208404898643494,0.0,0.0,1e-06,50.358646392822266,24.332544803619385,28.384765625,0.0,0.0,0.0,0.0,0.0,0.0,0.0,0.0,0.0,0.0,0.0,0.0,0.0,0.0,0.0,0.0,11762.0,11762.0,11762.0,11762.0,11762.0,0.0,0.0,180.9489493796996,65.00175900617614,11762.0,1.0,491.0,491.0,491.0,0.0,0.0625,473.0,244.125,128.0,0.0625,473.0,244.125,128.0,0.4234567880630493,0.0017979145050048828,0.0003715294587891549,-0.0001523024111520499,0.0014599282294511795,8.326210081577301e-05,0.004424035549163818,-0.00208204984664917,1.0000848770141602,0.6104559302330017,1.8623459339141846,0.6105391979217529,1.8625853061676025,0.0008832856656752604,14.081824566363998,0.39958068641728334,0.010389205999672413,55.00360675621778,2.6647630170919,,65.00175900617614,4.699868033640087,2.0742531516589224,0.0,124.0,2.0,2.0,2.0,0.9996722340583801,0.05133277177810669,0.0037869326770305634,0.007540205027908087,1.0
125.0,1,mixed,True,True,True,True,True,0.6748571991920471,0.14114779233932495,0.030724920332431793,1e-06,50.333763122558594,24.332544803619385,28.384765625,0.0,0.0,0.030724920332431793,0.0,3.7499847412109375,-0.03072495199739933,-0.24999898672103882,3.7499847412109375,-0.03072495199739933,-0.24999898672103882,1.0,0.0625,0.0,1.0,0.0625,0.0,13612.0,13612.0,13612.0,13612.0,13612.0,0.0,0.0,192.6420941638601,70.65953087294474,13612.0,1.0,568.0,568.0,568.0,0.0,0.0625,461.0,282.75,135.0,0.0625,461.0,282.75,135.0,0.6435186862945557,0.0014861822128295898,0.0004773291293531656,0.00023119350953493267,0.00217391736805439,0.0005829166620969772,0.0065177083015441895,-0.0035218000411987305,1.0005866289138794,0.7175706624984741,2.0755274295806885,0.7181535959243774,2.0770466327667236,0.000819954231585032,13.263692198877877,0.38848293116910076,0.011161217000335455,60.00494350772351,2.76540847402066,,70.65953087294474,5.2880296590738,2.0832693930715322,0.0,125.0,2.0,2.0,2.0,0.9996439814567566,0.1535525918006897,0.003983454313129187,0.008142183534801006,1.0
126.0,1,mixed,True,True,True,True,True,0.6998599767684937,0.16916078329086304,0.04155517369508743,1e-06,50.342376708984375,24.332544803619385,28.384765625,0.0,0.0,0.04155517369508743,0.0,3.7499847412109375,-0.04155519977211952,-0.24999898672103882,3.7499847412109375,-0.04155519977211952,-0.24999898672103882,1.0,0.0625,0.0,1.0,0.0625,0.0,11502.0,11502.0,11502.0,11502.0,11502.0,0.0,0.0,135.5760115858144,84.83801717916504,11502.0,1.0,485.0,485.0,485.0,0.0,0.0625,512.0,233.875,107.0,0.0625,512.0,233.875,107.0,-0.08590584993362427,-3.170967102050781e-05,0.0003707940340973437,0.0007578363874927163,0.0015163682401180267,0.0005630142986774445,0.003859996795654297,-0.0033803582191467285,1.0005648136138916,0.7389900088310242,2.1199049949645996,0.7395530939102173,2.120983600616455,0.0008853319436415364,20.044208868251907,0.40714049189077983,0.010183088015764952,75.00542958499864,2.554288115352392,,84.83801717916504,4.682929937727749,2.0719420011155307,0.0,126.0,2.0,2.0,2.0,0.9996959567070007,0.047798335552215576,0.003938775975257158,0.007391761522740126,1.0
127.0,2,mixed,True,True,True,True,True,0.6641731262207031,0.16648733615875244,-0.16634607315063477,1e-06,50.34220504760742,24.332544803619385,28.384765625,0.0,0.0,-0.16634608048480004,0.0,2.561730146408081,0.16634607315063477,-0.3659614622592926,2.561730146408081,0.16634607315063477,-0.3659614622592926,1.0,0.125,0.0,1.0,0.125,0.0,10221.0,10221.0,10221.0,10221.0,10221.0,0.0,0.0,163.5818212649691,62.48249298706651,10221.0,1.0,447.0,447.0,447.0,0.0,0.0625,437.0,191.8125,76.0,0.0625,437.0,191.8125,76.0,0.2324209213256836,0.00030517578125,0.00038984412094578147,0.0006278264918364584,0.0024357065558433533,0.0008536539971828461,0.005359530448913574,-0.0035637617111206055,1.0008571147918701,0.6863631010055542,2.009866952896118,0.6872166991233826,2.0118918418884277,0.0010679879436000968,17.270947801985233,0.43095506348824586,0.010915904771536589,53.00453880429268,2.4678330100141466,,62.48249298706651,4.404791703913361,2.093113392125815,0.0,127.0,2.0,2.0,2.0,0.9996650218963623,0.05876496434211731,0.004095123615115881,0.007588515058159828,1.0
128.0,2,mixed,True,True,True,True,True,0.5839046239852905,0.132448211312294,-0.025155380368232727,1e-06,50.31047821044922,24.332544803619385,28.384765625,0.0,0.0,-0.025155380368232727,0.0,2.561730146408081,0.0251553226262331,-0.3659614622592926,2.561730146408081,0.0251553226262331,-0.3659614622592926,1.0,0.125,0.0,1.0,0.125,0.0,26558.0,26558.0,26558.0,26558.0,26558.0,0.0,0.0,311.24874163789565,85.32725260267034,26558.0,1.0,1338.0,1338.0,1338.0,0.0,0.1875,512.0,321.875,119.0,0.1875,512.0,321.875,119.0,1.2416749000549316,0.0023566484451293945,0.0003488648508209735,-0.0004799765010830015,0.0011794604361057281,-0.00037775933742523193,0.0020859241485595703,-0.0028275251388549805,0.9996232986450195,0.6106453537940979,1.8798863887786865,0.6102676391601562,1.879359483718872,0.00043189046399893556,13.399188803255702,0.3590385933095322,0.01147014694288373,69.00582233676687,4.044127203989774,,85.32725260267034,9.535346961114556,2.224593082908541,0.0,128.0,2.0,2.0,2.0,0.9997166395187378,0.08839958906173706,0.0033171637915074825,0.007185788359493017,1.0
129.0,1,mixed,True,True,True,True,True,0.8507263660430908,0.1776771992444992,-0.03979356586933136,1e-06,50.33564758300781,24.332544803619385,28.384765625,0.0,0.0,-0.03979356586933136,0.0,3.7499847412109375,0.039793550968170166,-0.24999898672103882,3.7499847412109375,0.039793550968170166,-0.24999898672103882,1.0,0.0625,0.0,1.0,0.0625,0.0,10278.0,10278.0,10278.0,10278.0,10278.0,0.0,0.0,157.3205199873312,65.33159184083343,10278.0,1.0,406.0,406.0,406.0,0.0,0.0625,399.0,236.375,115.0,0.0625,399.0,236.375,115.0,-0.0865280032157898,0.00026810169219970703,0.00046438429853878915,0.0007927175029180944,0.001701507717370987,0.0010720975697040558,0.005095481872558594,-0.0020954012870788574,1.0010745525360107,0.886323094367981,2.4626424312591553,0.8873952031135559,2.4656240940093994,0.0008787482916746281,14.808158353163153,0.4184313037268358,0.009031774941831827,56.004454891663045,2.4227485368028283,,65.33159184083343,4.300636939704418,2.0878916308283806,0.0,129.0,2.0,2.0,2.0,0.9997035264968872,0.057562798261642456,0.004132775589823723,0.00770373921841383,1.0
130.0,2,mixed,True,True,True,True,True,0.7734536528587341,0.1641162782907486,-0.003490447998046875,1e-06,50.35739517211914,24.332544803619385,28.384765625,0.0,0.0,-0.003490447998046875,0.0,2.561730146408081,0.003490350442007184,-0.3659614622592926,2.561730146408081,0.003490350442007184,-0.3659614622592926,1.0,0.125,0.0,1.0,0.125,0.0,13065.0,13065.0,13065.0,13065.0,13065.0,0.0,0.0,180.05300301559564,72.56196664972231,13065.0,1.0,561.0,561.0,561.0,0.0,0.0625,512.0,255.5625,151.0,0.0625,512.0,255.5625,151.0,0.05693697929382324,0.0009180307388305664,0.00043460604501888156,0.00041167158633470535,0.0014533009380102158,0.0004276502877473831,0.003994941711425781,-0.0031152963638305664,1.000429391860962,0.7701432704925537,2.2028348445892334,0.7705709338188171,2.2038607597351074,0.0007364042801871594,15.163762247457273,0.3990194276958943,0.009621121920645237,62.00462382985279,2.735725042875856,,72.56196664972231,5.21318882284686,2.0940431146882474,0.0,130.0,2.0,2.0,2.0,0.9996957778930664,0.05877414345741272,0.004157809540629387,0.007511518895626068,1.0
131.0,10,mixed,True,True,True,True,True,0.7148386836051941,0.16120444238185883,-0.05799895524978638,1e-06,50.31562805175781,24.332544803619385,28.384765625,0.0,0.0,-0.05799895524978638,0.0,0.7499985098838806,0.05799894034862518,-1.2499974966049194,0.7499985098838806,0.05799894034862518,-1.2499974966049194,1.0,0.625,0.0,1.0,0.625,0.0,11879.0,11879.0,11879.0,11879.0,11879.0,0.0,0.0,133.08548003638603,89.25842245714739,11879.0,1.0,476.0,476.0,476.0,0.0,0.0625,512.0,266.4375,158.0,0.0625,512.0,266.4375,158.0,-0.001016080379486084,0.0002932548522949219,0.000423428718931973,0.0007024085498414934,0.0014504790306091309,0.0008549317717552185,0.0037033557891845703,-0.001903533935546875,1.0008565187454224,0.7500073909759521,2.165245532989502,0.7508623003959656,2.1676430702209473,0.0008179249762685945,18.532877600284955,0.4002990806996647,0.009716130793094635,79.00565721001476,2.5854432871565223,,89.25842245714739,4.755152779631317,2.3998838891275227,0.0,131.0,2.0,2.0,2.0,0.9996957778930664,0.056020647287368774,0.003976043779402971,0.007542635779827833,1.0
132.0,0,all_fail,False,False,False,False,False,0.8664769530296326,0.0,0.0,1e-06,50.4484977722168,24.332544803619385,28.384765625,0.0,0.0,0.0,0.0,0.0,0.0,0.0,0.0,0.0,0.0,0.0,0.0,0.0,0.0,0.0,0.0,11361.0,11361.0,11361.0,11361.0,11361.0,0.0,0.0,132.4863926633224,85.75220271013677,11361.0,1.0,500.0,500.0,500.0,0.0,0.0625,512.0,210.0625,99.0,0.0625,512.0,210.0625,99.0,0.24570989608764648,0.0014042854309082031,0.0005190064548514783,0.00034029455855488777,0.0020211227238178253,-0.00017860159277915955,0.0038347840309143066,-0.005692005157470703,0.9998244047164917,0.866570234298706,2.4342451095581055,0.8663917183876038,2.434037923812866,0.0009961058106543932,22.614304337354596,0.4058118893448242,0.01131675811484456,76.0066768778488,2.5437477780506015,,85.75220271013677,4.610428874846548,2.0787921897135675,0.0,132.0,2.0,2.0,2.0,0.9996657967567444,0.13826557993888855,0.004282016307115555,0.00809398666024208,1.0
133.0,1,mixed,True,True,True,True,True,0.6579280495643616,0.117878757417202,0.1300400197505951,1e-06,50.339210510253906,24.332544803619385,28.384765625,0.0,0.0,0.1300400197505951,0.0,3.7499847412109375,-0.1300400197505951,-0.24999898672103882,3.7499847412109375,-0.1300400197505951,-0.24999898672103882,1.0,0.0625,0.0,1.0,0.0625,0.0,15223.0,15223.0,15223.0,15223.0,15223.0,0.0,0.0,215.9935917643717,70.47894280403852,15223.0,1.0,643.0,643.0,643.0,0.0,0.0625,512.0,308.4375,130.0,0.0625,512.0,308.4375,130.0,0.6586010456085205,0.001880645751953125,0.0004163725534453988,-0.00010495173773961142,0.0014547370374202728,-0.0003462694585323334,0.0030014514923095703,-0.007712304592132568,0.9996563792228699,0.6839373707771301,2.005354881286621,0.6835911273956299,2.004734516143799,0.0007731123245405335,11.956438708959832,0.3847128822129475,0.011769088916480541,59.00502502871677,2.9516333737410605,,70.47894280403852,5.8564842059277,2.150767934974283,0.0,133.0,2.0,2.0,2.0,0.9996664524078369,0.061902254819869995,0.003994652535766363,0.007657793816179037,1.0
134.0,0,all_fail,False,False,False,False,False,0.7384754419326782,0.0,0.0,1e-06,50.302589416503906,24.332544803619385,28.384765625,0.0,0.0,0.0,0.0,0.0,0.0,0.0,0.0,0.0,0.0,0.0,0.0,0.0,0.0,0.0,0.0,14577.0,14577.0,14577.0,14577.0,14577.0,0.0,0.0,194.07172825849736,75.11140407109633,14577.0,1.0,594.0,594.0,594.0,0.0,0.0625,440.0,317.0625,209.0,0.0625,440.0,317.0625,209.0,0.4789116382598877,-0.0008158087730407715,0.0004403938364703208,0.0012875620741397142,0.002047967165708542,0.0011266134679317474,0.0038559436798095703,-0.004280149936676025,1.0011292695999146,0.7379201650619507,2.1318283081054688,0.7390467524528503,2.1341609954833984,0.000713013873856655,12.616854514607235,0.38066578862467054,0.01039360323920846,64.0053029526025,2.871451346669346,,75.11140407109633,5.548965200781822,2.1695700166746974,0.0,134.0,2.0,2.0,2.0,0.9996926188468933,0.05797538161277771,0.0040398938581347466,0.007524289656430483,1.0
135.0,15,mixed,True,True,True,True,True,0.8728375434875488,0.27212926745414734,0.30751341581344604,1e-06,50.39290237426758,24.332544803619385,28.384765625,0.0,0.0,0.30751343071460724,0.0,0.24999898672103882,-0.30751335620880127,-3.7499847412109375,0.24999898672103882,-0.30751335620880127,-3.7499847412109375,1.0,0.9375,0.0,1.0,0.9375,0.0,8245.0,8245.0,8245.0,8245.0,8245.0,0.0,0.0,126.93314514771293,64.9554534428753,8245.0,1.0,292.0,292.0,292.0,0.0,0.0625,498.0,223.3125,110.0,0.0625,498.0,223.3125,110.0,0.8041636943817139,0.0032536983489990234,0.0005679925670847297,-0.00047121045645326376,0.0019142590463161469,-0.000533033162355423,0.003576040267944336,-0.004607558250427246,0.9994694590568542,0.8788465261459351,2.454341411590576,0.878313422203064,2.453375816345215,0.001213763286447149,15.674439917419917,0.46933407388659154,0.010007478296756744,56.00477382494137,2.376303054392338,,64.9554534428753,3.8696594391949475,2.1416915799491107,0.0,135.0,2.0,2.0,2.0,0.9996456503868103,0.1851884424686432,0.004494212102144957,0.008434860967099667,1.0
136.0,0,all_fail,False,False,False,False,False,0.7240605354309082,0.0,0.0,1e-06,50.299171447753906,24.332544803619385,28.384765625,0.0,0.0,0.0,0.0,0.0,0.0,0.0,0.0,0.0,0.0,0.0,0.0,0.0,0.0,0.0,0.0,18635.0,18635.0,18635.0,18635.0,18635.0,0.0,0.0,200.5385858455366,92.92476019728929,18635.0,1.0,850.0,850.0,850.0,0.0,0.1875,512.0,314.6875,90.0,0.1875,512.0,314.6875,90.0,1.1936571598052979,0.0026314258575439453,0.0004327240458223969,-0.00044603669084608555,0.0017082244157791138,-0.0005506426095962524,0.005420565605163574,-0.006043910980224609,0.9994528293609619,0.7979474663734436,2.311879873275757,0.7973968386650085,2.3104729652404785,0.0005625318540927389,15.88998337562058,0.3676135966822661,0.01048278110101819,80.00606629624963,3.394145515281707,,92.92476019728929,6.850479374174029,2.1152929440140724,0.0,136.0,2.0,2.0,2.0,0.9996803402900696,0.06209862232208252,0.004198884591460228,0.007629002910107374,1.0
137.0,0,all_fail,False,False,False,False,False,0.8389696478843689,0.0,0.0,1e-06,50.32456970214844,24.332544803619385,28.384765625,0.0,0.0,0.0,0.0,0.0,0.0,0.0,0.0,0.0,0.0,0.0,0.0,0.0,0.0,0.0,0.0,10114.0,10114.0,10114.0,10114.0,10114.0,0.0,0.0,131.02114247068099,77.19364836299792,10114.0,1.0,391.0,391.0,391.0,0.0,0.0625,367.0,241.125,106.0,0.0625,367.0,241.125,106.0,0.33409810066223145,0.0019708871841430664,0.00046619519707746804,-4.707344123744406e-05,0.0013911277055740356,0.0002925172448158264,0.004255056381225586,-0.0023151636123657227,1.0002940893173218,0.8532312512397766,2.400198221206665,0.8535236716270447,2.401106595993042,0.0009506000495013545,17.627016548984653,0.41380906943508067,0.0096143689006567,68.00502984598279,2.4026993149891496,,77.19364836299792,4.185264928266406,2.087316663004458,0.0,137.0,2.0,2.0,2.0,0.9996916651725769,0.05160525441169739,0.004265105351805687,0.007685708813369274,1.0
138.0,0,all_fail,False,False,False,False,False,0.7643841505050659,0.0,0.0,1e-06,50.268585205078125,24.332544803619385,28.384765625,0.0,0.0,0.0,0.0,0.0,0.0,0.0,0.0,0.0,0.0,0.0,0.0,0.0,0.0,0.0,0.0,16968.0,16968.0,16968.0,16968.0,16968.0,0.0,0.0,186.3378787415254,91.06039048312232,16968.0,1.0,795.0,795.0,795.0,0.0,0.125,512.0,265.5,139.0,0.125,512.0,265.5,139.0,0.5024471282958984,0.0011554956436157227,0.00045382880489341915,0.00033262959914281964,0.0016802884638309479,0.00031867995858192444,0.00457608699798584,-0.004037737846374512,1.0003209114074707,0.7735936641693115,2.2356629371643066,0.773912250995636,2.235717296600342,0.0005900344553630569,18.598444475055707,0.37376593948460024,0.01001170463860035,79.00619213003665,3.107641900423914,,91.06039048312232,6.342060461174697,2.0913774017244577,0.0,138.0,2.0,2.0,2.0,0.9996861219406128,0.061203837394714355,0.004190218169242144,0.00769257266074419,1.0
139.0,0,all_fail,False,False,False,False,False,0.8660353422164917,0.0,0.0,1e-06,50.391700744628906,24.332544803619385,28.384765625,0.0,0.0,0.0,0.0,0.0,0.0,0.0,0.0,0.0,0.0,0.0,0.0,0.0,0.0,0.0,0.0,19967.0,19967.0,19967.0,19967.0,19967.0,0.0,0.0,207.94407115877235,96.02101126872003,19967.0,1.0,985.0,985.0,985.0,0.0,0.0625,512.0,262.9375,128.0,0.0625,512.0,262.9375,128.0,0.21156668663024902,0.0005944967269897461,0.00047722156159579754,0.000655771407764405,0.0019797906279563904,0.0004898011684417725,0.005971789360046387,-0.0025771260261535645,1.0004925727844238,0.8889327645301819,2.529053211212158,0.889422595500946,2.5301105976104736,0.0005091694950693245,19.730507970185666,0.35314180119977234,0.010166587308049202,83.0062470305711,3.3675515330396593,,96.02101126872003,7.051182344555855,2.0827695932239294,0.0,139.0,2.0,2.0,2.0,0.999675452709198,0.06169363856315613,0.004444727674126625,0.007849904708564281,1.0
140.0,0,all_fail,False,False,False,False,False,0.7761455774307251,0.0,0.0,1e-06,50.69098663330078,24.332544803619385,28.384765625,0.0,0.0,0.0,0.0,0.0,0.0,0.0,0.0,0.0,0.0,0.0,0.0,0.0,0.0,0.0,0.0,8529.0,8529.0,8529.0,8529.0,8529.0,0.0,0.0,97.17339946739398,87.77093367883936,8529.0,1.0,310.0,310.0,310.0,0.0,0.0625,483.0,223.0625,110.0,0.0625,483.0,223.0625,110.0,0.1347970962524414,0.0006461143493652344,0.00047921520308591425,0.0006345449946820736,0.00171002559363842,0.0004983451217412949,0.00498509407043457,-0.0030450820922851562,1.0005006790161133,0.8179718255996704,2.304652452468872,0.8184701800346375,2.305581569671631,0.0011428501288815922,22.13672382661039,0.4481533121329418,0.0097473687492311,79.00596733717248,2.302119641099125,,87.77093367883936,3.8222995991818607,2.120974122080952,0.0,140.0,2.0,2.0,2.0,0.9996504783630371,0.08439654111862183,0.004447656217962503,0.008024776354432106,1.0
141.0,7,mixed,True,True,True,True,True,0.6723421812057495,0.1511484533548355,-0.006032176315784454,1e-06,50.43068313598633,24.332544803619385,28.384765625,0.0,0.0,-0.006032180041074753,0.0,1.0978854894638062,0.006032224278897047,-0.8539109230041504,1.0978854894638062,0.006032224278897047,-0.8539109230041504,1.0,0.4375,0.0,1.0,0.4375,0.0,16923.0,16923.0,16923.0,16923.0,16923.0,0.0,0.0,272.85287080726874,62.02243703696877,16923.0,1.0,791.0,791.0,791.0,0.0,0.0625,483.0,266.6875,100.0,0.0625,483.0,266.6875,100.0,0.116538405418396,7.069110870361328e-05,0.000432132015703246,0.0008286642841994762,0.0018301289528608322,0.0008004587143659592,0.004590272903442383,-0.0025878548622131348,1.000802993774414,0.6969023942947388,2.102100372314453,0.6977028250694275,2.1034975051879883,0.0005740570704075332,11.718770588187443,0.3695680863254073,0.009714767802506685,50.00399409979582,3.088487294036895,,62.02243703696877,6.254200724884868,2.1575838741846383,0.0,141.0,2.0,2.0,2.0,0.9996464252471924,0.0584600567817688,0.004197390750050545,0.007825939916074276,1.0
142.0,0,all_fail,False,False,False,False,False,0.9029189348220825,0.0,0.0,1e-06,50.478546142578125,24.332544803619385,28.384765625,0.0,0.0,0.0,0.0,0.0,0.0,0.0,0.0,0.0,0.0,0.0,0.0,0.0,0.0,0.0,0.0,13192.0,13192.0,13192.0,13192.0,13192.0,0.0,0.0,112.19247958436814,117.58363883988932,13192.0,1.0,521.0,521.0,521.0,0.0,0.0625,512.0,303.5,158.0,0.0625,512.0,303.5,158.0,0.9520524740219116,0.0023196935653686523,0.0004357724101282656,-0.0002845189883373678,0.0012766644358634949,-0.00010813772678375244,0.004352271556854248,-0.0039193034172058105,0.9998933672904968,0.8716530799865723,2.505934000015259,0.8715448379516602,2.505493640899658,0.0007260864215923881,22.036214436203412,0.3949579229087582,0.009578532073646784,107.00785730220377,2.7397670880891383,,117.58363883988932,5.210284919012338,2.113304775208235,0.0,142.0,2.0,2.0,2.0,0.9997231364250183,0.05860483646392822,0.004074874799698591,0.007487773429602385,1.0
143.0,0,all_fail,False,False,False,False,False,0.7766482830047607,0.0,0.0,1e-06,50.47639465332031,24.332544803619385,28.384765625,0.0,0.0,0.0,0.0,0.0,0.0,0.0,0.0,0.0,0.0,0.0,0.0,0.0,0.0,0.0,0.0,17388.0,17388.0,17388.0,17388.0,17388.0,0.0,0.0,248.0935986777252,70.08645161613822,17388.0,1.0,769.0,769.0,769.0,0.0,0.0625,509.0,317.75,88.0,0.0625,509.0,317.75,88.0,0.6438231468200684,0.001595616340637207,0.0004154540365561843,3.5156750527676195e-05,0.0011478886008262634,-0.00013267993927001953,0.002345442771911621,-0.0026961565017700195,0.9998683929443359,0.8061281442642212,2.329000234603882,0.8059954643249512,2.3285069465637207,0.000647871056839409,11.409200374113967,0.3655330588205987,0.011265181936323643,58.0043747019954,3.1226469189859927,,70.08645161613822,6.355888826772571,2.0911663393490016,0.0,143.0,2.0,2.0,2.0,0.999699592590332,0.06197559833526611,0.004048460628837347,0.007638086099177599,1.0
144.0,0,all_fail,False,False,False,False,False,0.8152680993080139,0.0,0.0,1e-06,50.584136962890625,24.332544803619385,28.384765625,0.0,0.0,0.0,0.0,0.0,0.0,0.0,0.0,0.0,0.0,0.0,0.0,0.0,0.0,0.0,0.0,9590.0,9590.0,9590.0,9590.0,9590.0,0.0,0.0,124.07945092435706,77.28918792400509,9590.0,1.0,370.0,370.0,370.0,0.0,0.0625,432.0,229.375,121.0,0.0625,432.0,229.375,121.0,-0.20674347877502441,7.891654968261719e-05,0.0004587638541124761,0.0008757970645092428,0.0015492439270019531,0.0011056214570999146,0.003968000411987305,-0.001332402229309082,1.0011076927185059,0.8938116431236267,2.5294532775878906,0.8949172496795654,2.5322141647338867,0.0010907046916400305,18.53017609069068,0.43594904109928856,0.010459857992827892,68.0057462528348,2.44461805280298,,77.28918792400509,4.180751304142177,2.0921131167560816,0.0,144.0,2.0,2.0,2.0,0.9997031092643738,0.05960705876350403,0.004170843865722418,0.007629182189702988,1.0
145.0,0,all_fail,False,False,False,False,False,0.7714439630508423,0.0,0.0,1e-06,50.47186279296875,24.332544803619385,28.384765625,0.0,0.0,0.0,0.0,0.0,0.0,0.0,0.0,0.0,0.0,0.0,0.0,0.0,0.0,0.0,0.0,9788.0,9788.0,9788.0,9788.0,9788.0,0.0,0.0,53.76147165830405,182.06346846697852,9788.0,1.0,398.0,398.0,398.0,0.0,0.0625,329.0,213.75,125.0,0.0625,329.0,213.75,125.0,0.1941821575164795,0.0016443729400634766,0.0004687002510763705,0.00011939017713302746,0.001254744827747345,0.00026632100343704224,0.002545773983001709,-0.002093791961669922,1.0002673864364624,0.7934529781341553,2.260315418243408,0.7937191724777222,2.2612271308898926,0.0010052228020675385,50.589064161064464,0.4176640926666549,0.009839120786637068,173.01459943084046,2.3548472891561687,,182.06346846697852,4.088096139021218,2.091773056425154,0.0,145.0,2.0,2.0,2.0,0.9996854662895203,0.06312519311904907,0.004216971807181835,0.007652587722986937,1.0
146.0,2,mixed,True,True,True,True,True,0.7584840059280396,0.14988219738006592,0.11672735214233398,1e-06,50.41065979003906,24.332544803619385,28.384765625,0.0,0.0,0.11672735214233398,0.0,2.561730146408081,-0.11672738939523697,-0.3659614622592926,2.561730146408081,-0.11672738939523697,-0.3659614622592926,1.0,0.125,0.0,1.0,0.125,0.0,12898.0,12898.0,12898.0,12898.0,12898.0,0.0,0.0,160.2818305471055,80.47075551841408,12898.0,1.0,580.0,580.0,580.0,0.0,0.0625,512.0,226.125,117.0,0.0625,512.0,226.125,117.0,0.1996685266494751,0.0007801055908203125,0.0004937315243296325,0.0005983572918921709,0.0018311794847249985,0.0006399583071470261,0.00608515739440918,-0.005671501159667969,1.0006431341171265,0.7585546970367432,2.1819753646850586,0.7591947317123413,2.182779312133789,0.0007881077922329568,19.3492289764612,0.3994626273162944,0.010165014304220676,70.00551043683663,2.7134635807015,,80.47075551841408,5.152268967125565,2.084556994959712,0.0,146.0,2.0,2.0,2.0,0.9996348023414612,0.056033432483673096,0.004585164599120617,0.008043625392019749,1.0
147.0,13,mixed,True,True,True,True,True,0.7216801047325134,0.1680397391319275,-0.0472826212644577,1e-06,50.468170166015625,24.332544803619385,28.384765625,0.0,0.0,-0.0472826212644577,0.0,0.4651290774345398,0.04728259518742561,-2.015559434890747,0.4651290774345398,0.04728259518742561,-2.015559434890747,1.0,0.8125,0.0,1.0,0.8125,0.0,8632.0,8632.0,8632.0,8632.0,8632.0,0.0,0.0,144.54535619738888,59.7182796257548,8632.0,1.0,328.0,328.0,328.0,0.0,0.0625,409.0,211.5,99.0,0.0625,409.0,211.5,99.0,-0.15589725971221924,0.0004432201385498047,0.00045733340084552765,0.0006942152394913137,0.0013572052121162415,0.0009496733546257019,0.004703164100646973,-0.0018097758293151855,1.0009514093399048,0.7372271418571472,2.103656053543091,0.7381768226623535,2.1057167053222656,0.001231221390665406,15.072283208844677,0.44473661383850444,0.010627903044223785,51.00460637873039,2.2629882218316197,,59.7182796257548,3.8389664506539702,2.0916227344423532,0.0,147.0,2.0,2.0,2.0,0.9996535181999207,0.06285333633422852,0.004320631269365549,0.007938526570796967,1.0
148.0,0,all_fail,False,False,False,False,False,0.814916729927063,0.0,0.0,1e-06,50.403404235839844,24.332544803619385,28.384765625,0.0,0.0,0.0,0.0,0.0,0.0,0.0,0.0,0.0,0.0,0.0,0.0,0.0,0.0,0.0,0.0,11296.0,11296.0,11296.0,11296.0,11296.0,0.0,0.0,151.40011386936493,74.61024771584198,11296.0,1.0,466.0,466.0,466.0,0.0,0.0625,418.0,240.0,139.0,0.0625,418.0,240.0,139.0,0.00011444091796875,0.0004706382751464844,0.0004453696892596781,0.0006568255485035479,0.001554984599351883,0.0006595812737941742,0.003482818603515625,-0.0018337368965148926,1.0006612539291382,0.8269206881523132,2.317413806915283,0.8275802731513977,2.318876266479492,0.0008430398150450067,16.92860681359889,0.398860704415958,0.009522977750748396,65.00585016421974,2.499109007883817,,74.61024771584198,4.505530517082661,2.0848426707088947,0.0,148.0,2.0,2.0,2.0,0.9996915459632874,0.055248409509658813,0.00424182740971446,0.007574733812361956,1.0
149.0,0,all_fail,False,False,False,False,False,0.7210575938224792,0.0,0.0,1e-06,50.42685317993164,24.332544803619385,28.384765625,0.0,0.0,0.0,0.0,0.0,0.0,0.0,0.0,0.0,0.0,0.0,0.0,0.0,0.0,0.0,0.0,15312.0,15312.0,15312.0,15312.0,15312.0,0.0,0.0,151.09930498044335,101.33732912922278,15312.0,1.0,653.0,653.0,653.0,0.0,0.0625,512.0,304.0,195.0,0.0625,512.0,304.0,195.0,-0.11026167869567871,-2.6702880859375e-05,0.0004438262840267271,0.000902034342288971,0.0017379950731992722,0.0010089892894029617,0.004294753074645996,-0.001964956521987915,1.0010110139846802,0.7621363401412964,2.1895477771759033,0.7631452083587646,2.1917643547058105,0.0007708504398975253,18.504696766429237,0.3772196910989275,0.011803261935710907,90.00684507191181,2.9322307822294533,,101.33732912922278,5.775987910106778,2.1040179478004575,0.0,149.0,2.0,2.0,2.0,0.9996768236160278,0.06204038858413696,0.004054687451571226,0.007776130922138691,1.0
150.0,0,all_fail,False,False,False,False,False,0.8224465847015381,0.0,0.0,1e-06,50.50586700439453,24.332544803619385,28.384765625,0.0,0.0,0.0,0.0,0.0,0.0,0.0,0.0,0.0,0.0,0.0,0.0,0.0,0.0,0.0,0.0,13258.0,13258.0,13258.0,13258.0,13258.0,0.0,0.0,187.82941809241862,70.58532222826034,13258.0,1.0,573.0,573.0,573.0,0.0,0.0625,451.0,255.625,129.0,0.0625,451.0,255.625,129.0,0.029434680938720703,0.0006433725357055664,0.0004303588648326695,0.0005385950207710266,0.0015914253890514374,0.0006027929484844208,0.006125092506408691,-0.003614187240600586,1.0006051063537598,0.8398894667625427,2.4735612869262695,0.840492308139801,2.475038766860962,0.0007047442187436981,14.671109985072885,0.39411680034614244,0.009343498852103949,60.0048398389481,2.7421035929583013,,70.58532222826034,5.2252005389891565,2.0937463440932333,0.0,150.0,2.0,2.0,2.0,0.9996752142906189,0.05960565805435181,0.004295057151466608,0.007836627773940563,1.0
151.0,0,all_fail,False,False,False,False,False,0.8167936205863953,0.0,0.0,1e-06,50.458255767822266,24.332544803619385,28.384765625,0.0,0.0,0.0,0.0,0.0,0.0,0.0,0.0,0.0,0.0,0.0,0.0,0.0,0.0,0.0,0.0,22468.0,22468.0,22468.0,22468.0,22468.0,0.0,0.0,311.72694145094005,72.07590045128018,22468.0,1.0,1078.0,1078.0,1078.0,0.0,0.1875,512.0,326.25,178.0,0.1875,512.0,326.25,178.0,2.7361574172973633,0.001992940902709961,0.000430180603871122,-0.00013451000268105417,0.002158079296350479,5.556270480155945e-05,0.0035448074340820312,-0.004128098487854004,1.000058889389038,0.7942595481872559,2.284249782562256,0.7943150997161865,2.283513307571411,0.000520660718533202,11.111889145572553,0.35106402432862044,0.011698205024003983,58.00406133988872,3.596318894997239,,72.07590045128018,7.887706498615444,2.072498932015151,0.0,151.0,2.0,2.0,2.0,0.9996607303619385,0.06094473600387573,0.004391059745103121,0.007877206429839134,1.0
152.0,0,all_fail,False,False,False,False,False,0.885897696018219,0.0,0.0,1e-06,50.417911529541016,24.332544803619385,28.384765625,0.0,0.0,0.0,0.0,0.0,0.0,0.0,0.0,0.0,0.0,0.0,0.0,0.0,0.0,0.0,0.0,16785.0,16785.0,16785.0,16785.0,16785.0,0.0,0.0,147.3030736262738,113.94874245859683,16785.0,1.0,807.0,807.0,807.0,0.0,0.0625,512.0,242.0625,117.0,0.0625,512.0,242.0625,117.0,0.27652931213378906,-0.0005635619163513184,0.0005015779170207679,0.0012817151146009564,0.0027073249220848083,0.0014656111598014832,0.00915515422821045,-0.005117535591125488,1.0014722347259521,0.9253692626953125,2.5962648391723633,0.926834762096405,2.601381778717041,0.0007030645389268539,26.338122181282728,0.3711939299418648,0.011800938285887241,102.00754720810801,3.0937724667601287,,113.94874245859683,6.2304901140742,2.101022136863321,0.0,152.0,2.0,2.0,2.0,0.9996809959411621,0.06090196967124939,0.0044623976573348045,0.007926421239972115,1.0
153.0,4,mixed,True,True,True,True,True,0.6671881079673767,0.14340688288211823,0.03939834609627724,1e-06,50.42853927612305,24.332544803619385,28.384765625,0.0,0.0,0.039398349821567535,0.0,1.6770472526550293,-0.039398305118083954,-0.5590157508850098,1.6770472526550293,-0.039398305118083954,-0.5590157508850098,1.0,0.25,0.0,1.0,0.25,0.0,10698.0,10698.0,10698.0,10698.0,10698.0,0.0,0.0,131.3684123994493,81.4351015179418,10698.0,1.0,415.0,415.0,415.0,0.0,0.0625,363.0,253.625,147.0,0.0625,363.0,253.625,147.0,0.20372414588928223,-0.00042933225631713867,0.0003916240530088544,0.000995938666164875,0.0018465537577867508,0.001005249097943306,0.0046765804290771484,-0.003914952278137207,1.0010080337524414,0.6739344596862793,2.004385471343994,0.6749396920204163,2.006361484527588,0.0008711969446140843,17.744158156755017,0.4046091800379734,0.009320064913481474,72.00579380011186,2.4568928880617023,,81.4351015179418,4.32850900804624,2.132368659134954,0.0,153.0,2.0,2.0,2.0,0.9996758699417114,0.05573219060897827,0.004050023388117552,0.0076119787991046906,1.0
154.0,0,all_fail,False,False,False,False,False,0.6321405172348022,0.0,0.0,1e-06,50.46574783325195,24.332544803619385,28.384765625,0.0,0.0,0.0,0.0,0.0,0.0,0.0,0.0,0.0,0.0,0.0,0.0,0.0,0.0,0.0,0.0,14002.0,14002.0,14002.0,14002.0,14002.0,0.0,0.0,199.65103868490908,70.13236741581932,14002.0,1.0,590.0,590.0,590.0,0.0,0.125,512.0,285.125,115.0,0.125,512.0,285.125,115.0,-0.14874267578125,0.0002084970474243164,0.00040340653504244983,0.0006985132931731641,0.0016051512211561203,0.0009779687970876694,0.005675613880157471,-0.0015311241149902344,1.0009804964065552,0.6597830057144165,1.948651909828186,0.6607609987258911,1.9507639408111572,0.0007053785432604207,12.933912787546438,0.4025783837176812,0.00987671036273241,59.00451013678685,2.882013025227934,,70.13236741581932,5.6369025288149714,2.0909755993634462,0.0,154.0,2.0,2.0,2.0,0.9996731877326965,0.0631823018193245,0.0038012773729860783,0.007580135017633438,1.0
155.0,0,all_fail,False,False,False,False,False,0.7910596132278442,0.0,0.0,1e-06,50.542198181152344,24.332544803619385,28.384765625,0.0,0.0,0.0,0.0,0.0,0.0,0.0,0.0,0.0,0.0,0.0,0.0,0.0,0.0,0.0,0.0,11465.0,11465.0,11465.0,11465.0,11465.0,0.0,0.0,102.61095050874263,111.73271413194016,11465.0,1.0,473.0,473.0,473.0,0.0,0.0625,394.0,243.5625,136.0,0.0625,394.0,243.5625,136.0,0.432706356048584,0.0011032819747924805,0.0004487069381866604,0.00034999719355255365,0.0021898075938224792,0.0005100518465042114,0.008846700191497803,-0.003092050552368164,1.0005146265029907,0.8057511448860168,2.272038459777832,0.8062611818313599,2.2733240127563477,0.0008436540491810751,26.175941857309763,0.4006990376572343,0.009672493673861027,102.00764541793615,2.524566253181547,,111.73271413194016,4.594014466740191,2.0867387508042157,0.0,155.0,2.0,2.0,2.0,0.9996997117996216,0.06082195043563843,0.00413657259196043,0.007572474889457226,1.0
156.0,0,all_fail,False,False,False,False,False,0.6858429312705994,0.0,0.0,1e-06,50.49885559082031,24.332544803619385,28.384765625,0.0,0.0,0.0,0.0,0.0,0.0,0.0,0.0,0.0,0.0,0.0,0.0,0.0,0.0,0.0,0.0,15700.0,15700.0,15700.0,15700.0,15700.0,0.0,0.0,166.17114337513888,94.4809049339965,15700.0,1.0,660.0,660.0,660.0,0.0,0.125,512.0,321.25,125.0,0.125,512.0,321.25,125.0,0.6799373626708984,0.0008184909820556641,0.00042112768278457224,0.0004335468402132392,0.0016713812947273254,0.0008847862482070923,0.0045136213302612305,-0.002970874309539795,1.000887393951416,0.7282909154891968,2.1073038578033447,0.7291756868362427,2.1095943450927734,0.0007496222224869546,16.14935758971185,0.3757708716639288,0.011769068893045187,83.00769801111892,2.9635993037372828,,94.4809049339965,5.899602685123682,2.093040468171239,0.0,156.0,2.0,2.0,2.0,0.9996550679206848,0.0652787983417511,0.004145073238760233,0.007869774475693703,1.0
157.0,0,all_fail,False,False,False,False,False,0.5911778211593628,0.0,0.0,1e-06,50.43827438354492,24.332544803619385,28.384765625,0.0,0.0,0.0,0.0,0.0,0.0,0.0,0.0,0.0,0.0,0.0,0.0,0.0,0.0,0.0,0.0,18124.0,18124.0,18124.0,18124.0,18124.0,0.0,0.0,187.81772154931184,96.49781634286046,18124.0,1.0,769.0,769.0,769.0,0.0,0.25,512.0,363.75,214.0,0.25,512.0,363.75,214.0,0.133955717086792,0.00024008750915527344,0.0004087092529516667,0.0006980196922086179,0.0015779230743646622,0.0009085629135370255,0.004274308681488037,-0.0016751289367675781,1.0009105205535889,0.5984810590744019,1.8410496711730957,0.5993895530700684,1.8429900407791138,0.0005939036196242024,14.434167836101476,0.36659282813565214,0.010763909202069044,84.00685680611059,3.211048439145088,,96.49781634286046,6.64412841713056,2.1191206430085003,0.0,157.0,2.0,2.0,2.0,0.9996309876441956,0.059274882078170776,0.00401932280510664,0.0077803730964660645,1.0
158.0,0,all_fail,False,False,False,False,False,0.6865606307983398,0.0,0.0,1e-06,50.44055938720703,24.332544803619385,28.384765625,0.0,0.0,0.0,0.0,0.0,0.0,0.0,0.0,0.0,0.0,0.0,0.0,0.0,0.0,0.0,0.0,11548.0,11548.0,11548.0,11548.0,11548.0,0.0,0.0,160.4549804156466,71.97034314600751,11548.0,1.0,475.0,475.0,475.0,0.0,0.125,512.0,246.75,128.0,0.125,512.0,246.75,128.0,0.04851043224334717,0.0005049705505371094,0.0004079794161953032,0.0005652030813507736,0.001515015959739685,0.0005727522075176239,0.0029985904693603516,-0.003879547119140625,1.0005744695663452,0.6895707249641418,2.060011863708496,0.6901435256004333,2.0605790615081787,0.0008161122945195711,15.70540315293723,0.4141675783766438,0.009424464777112007,62.004931647796184,2.5841701570898294,,71.97034314600751,4.782807195093483,2.084394448902458,0.0,158.0,2.0,2.0,2.0,0.999658465385437,0.06124943494796753,0.004103629384189844,0.007731183432042599,1.0
159.0,0,all_fail,False,False,False,False,False,0.8102121949195862,0.0,0.0,1e-06,50.44769287109375,24.332544803619385,28.384765625,0.0,0.0,0.0,0.0,0.0,0.0,0.0,0.0,0.0,0.0,0.0,0.0,0.0,0.0,0.0,0.0,13574.0,13574.0,13574.0,13574.0,13574.0,0.0,0.0,159.91663379576303,84.88172667101026,13574.0,1.0,583.0,583.0,583.0,0.0,0.0625,484.0,265.375,131.0,0.0625,484.0,265.375,131.0,0.1126399040222168,0.001701951026916504,0.0004557502397801727,6.233870954019949e-05,0.0007847994565963745,0.00010414421558380127,0.0025577545166015625,-0.0017560720443725586,1.0001046657562256,0.8392274379730225,2.4133858680725098,0.8393315672874451,2.413593053817749,0.0007016934123462722,17.429546805210954,0.39375654045210834,0.0095247863791883,74.00585573492572,2.872704226989299,,84.88172667101026,5.344851280096918,2.097720427904278,0.0,159.0,2.0,2.0,2.0,0.9996988773345947,0.08849227428436279,0.004140707664191723,0.0076265400275588036,1.0
160.0,8,mixed,True,True,True,True,True,0.7440213561058044,0.16592766344547272,-0.11630413681268692,1e-06,51.720645904541016,24.332544803619385,28.384765625,0.0,0.0,-0.11630414053797722,0.0,0.9682439565658569,0.11630415171384811,-0.9682439565658569,0.9682439565658569,0.11630415171384811,-0.9682439565658569,1.0,0.5,0.0,1.0,0.5,0.0,13918.0,13918.0,13918.0,13918.0,13918.0,0.0,0.0,196.32686435315605,70.89197928085923,13918.0,1.0,617.0,617.0,617.0,0.0,0.0625,512.0,252.875,75.0,0.0625,512.0,252.875,75.0,-0.09545952081680298,-0.00021189451217651367,0.0004312338132876903,0.0009684063261374831,0.0020181071013212204,0.00036874227225780487,0.0031238794326782227,-0.008174538612365723,1.0003724098205566,0.8198079466819763,2.3737406730651855,0.8201767206192017,2.3746163845062256,0.0006905988751150339,14.83268039271114,0.3924664918077409,0.009611755143851042,60.01302486890927,2.816164456307888,,70.89197928085923,5.462348632980138,2.0874232798814774,0.0,160.0,2.0,2.0,2.0,0.9996611475944519,0.06853443384170532,0.004190319683402777,0.007887143641710281,1.0
161.0,0,all_fail,False,False,False,False,False,0.8812402486801147,0.0,0.0,1e-06,51.72764587402344,24.332544803619385,28.384765625,0.0,0.0,0.0,0.0,0.0,0.0,0.0,0.0,0.0,0.0,0.0,0.0,0.0,0.0,0.0,0.0,13921.0,13921.0,13921.0,13921.0,13921.0,0.0,0.0,156.75018031155642,88.8101051771082,13921.0,1.0,625.0,625.0,625.0,0.0,0.0625,512.0,245.0625,119.0,0.0625,512.0,245.0625,119.0,-0.009143352508544922,0.0005254745483398438,0.00044675718527287245,0.0006303230184130371,0.0015060044825077057,0.0005444176495075226,0.004350244998931885,-0.0037767887115478516,1.0005463361740112,0.9373034238815308,2.6605706214904785,0.9378477931022644,2.66182541847229,0.0006660239226571805,19.894456263447264,0.38419789160654577,0.00927171902731061,78.00616300897673,2.7956831851042807,,88.8101051771082,5.348418849054724,2.1425951127894223,0.0,161.0,2.0,2.0,2.0,0.9997276663780212,0.06605035066604614,0.004068782553076744,0.007371170911937952,1.0
162.0,14,mixed,True,True,True,True,True,0.5528623461723328,0.19834133982658386,0.2754214107990265,1e-06,51.801307678222656,25.28792428970337,28.388671875,0.0,0.0,0.2754214033484459,0.0,0.3659614622592926,-0.2754214406013489,-2.561730146408081,0.3659614622592926,-0.2754214406013489,-2.561730146408081,1.0,0.875,0.0,1.0,0.875,0.0,7433.0,7433.0,7433.0,7433.0,7433.0,0.0,0.0,155.520448971387,47.794357907027006,7433.0,1.0,266.0,266.0,266.0,0.0,0.0625,476.0,198.5625,93.0,0.0625,476.0,198.5625,93.0,0.041407108306884766,0.0005222558975219727,0.0003672070743050426,0.00047450189595110714,0.001829531043767929,0.00030571967363357544,0.004033446311950684,-0.0040590763092041016,1.0003083944320679,0.586117148399353,1.8055235147476196,0.5864229202270508,1.8060848712921143,0.0012842046198911627,12.276761230728585,0.5173915681402519,0.009545492939651012,39.00327043002471,2.313354574609548,,47.794357907027006,3.8457715259864926,2.116258691996336,0.0,162.0,2.0,2.0,2.0,0.9996601343154907,0.06172144412994385,0.0036316202022135258,0.007579607889056206,1.0
163.0,0,all_fail,False,False,False,False,False,0.9952613115310669,0.0,0.0,1e-06,51.76619338989258,25.28792428970337,28.388671875,0.0,0.0,0.0,0.0,0.0,0.0,0.0,0.0,0.0,0.0,0.0,0.0,0.0,0.0,0.0,0.0,17245.0,17245.0,17245.0,17245.0,17245.0,0.0,0.0,111.18594096354263,155.10054464219138,17245.0,1.0,822.0,822.0,822.0,0.0,0.0625,512.0,255.8125,148.0,0.0625,512.0,255.8125,148.0,-0.30693864822387695,-0.001424252986907959,0.000493864354211837,0.0016968678683042526,0.002378080040216446,0.0017082355916500092,0.005359053611755371,-0.0020231008529663086,1.0017120838165283,1.0134737491607666,2.8822178840637207,1.0151820182800293,2.8870811462402344,0.0005531994797123035,34.94020242659494,0.3691395982034952,0.009539925027638674,143.01024853205308,3.1291696871630847,,155.10054464219138,6.365812371019274,2.082122734747827,0.0,163.0,2.0,2.0,2.0,0.9996938109397888,0.056606829166412354,0.004484103061258793,0.007868907414376736,1.0
164.0,0,all_fail,False,False,False,False,False,0.8529554605484009,0.0,0.0,1e-06,51.682373046875,25.28792428970337,28.388671875,0.0,0.0,0.0,0.0,0.0,0.0,0.0,0.0,0.0,0.0,0.0,0.0,0.0,0.0,0.0,0.0,13025.0,13025.0,13025.0,13025.0,13025.0,0.0,0.0,166.13566076003474,78.3997844918631,13025.0,1.0,525.0,525.0,525.0,0.0,0.0625,436.0,289.0625,138.0,0.0625,436.0,289.0625,138.0,1.9588863849639893,0.0017981529235839844,0.00045360421063378453,1.0415696124255192e-05,0.0025071874260902405,-0.0003140270709991455,0.005802452564239502,-0.004651069641113281,0.9996906518936157,0.9299569725990295,2.6139745712280273,0.929642915725708,2.6124119758605957,0.0007040296357675614,14.703856252737948,0.3911258998521802,0.009169986005872488,68.005335168913,2.6932033780030906,,78.3997844918631,5.094414845574647,2.0946279177442193,0.0,164.0,2.0,2.0,2.0,0.9997275471687317,0.048839062452316284,0.004028012044727802,0.0074004544876515865,1.0
165.0,0,all_fail,False,False,False,False,False,0.8001060485839844,0.0,0.0,1e-06,51.73944854736328,25.28792428970337,28.388671875,0.0,0.0,0.0,0.0,0.0,0.0,0.0,0.0,0.0,0.0,0.0,0.0,0.0,0.0,0.0,0.0,13027.0,13027.0,13027.0,13027.0,13027.0,0.0,0.0,74.7370478752709,174.3044496718794,13027.0,1.0,545.0,545.0,545.0,0.0,0.0625,491.0,269.1875,122.0,0.0625,491.0,269.1875,122.0,-0.011035144329071045,0.0003361701965332031,0.0004403364728204906,0.0007107528508640826,0.001457270234823227,0.0006700865924358368,0.0075337886810302734,-0.001933455467224121,1.0006728172302246,0.7857585549354553,2.2174317836761475,0.786428689956665,2.2193691730499268,0.0007420893662164553,37.8483817580718,0.42353295311108696,0.009667198173701763,163.01298023201525,2.950277189258486,,174.3044496718794,5.51736378017813,2.290065331850201,0.0,165.0,2.0,2.0,2.0,0.9996941685676575,0.05787494778633118,0.004205236677080393,0.007545105647295713,1.0
166.0,0,all_fail,False,False,False,False,False,0.8033366203308105,0.0,0.0,1e-06,51.03423309326172,25.28792428970337,28.388671875,0.0,0.0,0.0,0.0,0.0,0.0,0.0,0.0,0.0,0.0,0.0,0.0,0.0,0.0,0.0,0.0,13755.0,13755.0,13755.0,13755.0,13755.0,0.0,0.0,166.41526465891044,82.6546773109585,13755.0,1.0,601.0,601.0,601.0,0.0,0.0625,468.0,258.6875,131.0,0.0625,468.0,258.6875,131.0,-0.03539419174194336,-0.0007380247116088867,0.00044298230204731226,0.001254372764378786,0.002003015950322151,0.0012793708592653275,0.00547182559967041,-0.003112971782684326,1.0012826919555664,0.839704692363739,2.3852224349975586,0.840984046459198,2.388943672180176,0.0006816310991551043,17.396914909158813,0.3840395835099958,0.00937583576887846,72.00583080900833,2.7631040303967893,,82.6546773109585,5.282464471179992,2.0896361297927797,0.0,166.0,2.0,2.0,2.0,0.999700129032135,0.06276899576187134,0.004105199594050646,0.007629941683262587,1.0
167.0,1,mixed,True,True,True,True,True,0.7631531953811646,0.1300131380558014,0.08261152356863022,1e-06,51.09471130371094,25.28792428970337,28.388671875,0.0,0.0,0.08261152356863022,0.0,3.7499847412109375,-0.08261154592037201,-0.24999898672103882,3.7499847412109375,-0.08261154592037201,-0.24999898672103882,1.0,0.0625,0.0,1.0,0.0625,0.0,8286.0,8286.0,8286.0,8286.0,8286.0,0.0,0.0,74.18685652384242,111.69094349397346,8286.0,1.0,258.0,258.0,258.0,0.0,0.0625,395.0,259.875,173.0,0.0625,395.0,259.875,173.0,0.11288702487945557,0.0010107755661010742,0.0004925581160932779,0.00048095048987306654,0.0016638077795505524,0.0005050264298915863,0.003826916217803955,-0.0024940967559814453,1.0005069971084595,0.8041123747825623,2.2730090618133545,0.8046174049377441,2.2743518352508545,0.001127182881656028,24.77335563881888,0.4480793752830953,0.009339837357401848,103.0076127462089,2.318905442021787,,111.69094349397346,3.7127857035957277,2.092172251548618,0.0,167.0,2.0,2.0,2.0,0.999646782875061,0.06206178665161133,0.004396109841763973,0.008105471730232239,1.0
168.0,0,all_fail,False,False,False,False,False,0.7518672347068787,0.0,0.0,1e-06,51.02915954589844,25.28792428970337,28.388671875,0.0,0.0,0.0,0.0,0.0,0.0,0.0,0.0,0.0,0.0,0.0,0.0,0.0,0.0,0.0,0.0,15395.0,15395.0,15395.0,15395.0,15395.0,0.0,0.0,189.04063907312312,81.43751563411206,15395.0,1.0,663.0,663.0,663.0,0.0,0.125,512.0,299.1875,81.0,0.125,512.0,299.1875,81.0,-0.119384765625,0.00026535987854003906,0.00044053050805814564,0.0007469500997103751,0.0013529397547245026,0.0005116797983646393,0.002480626106262207,-0.0029435157775878906,1.0005130767822266,0.7810376882553101,2.201422691345215,0.7815493941307068,2.2025537490844727,0.0006139178897371227,14.624161459388827,0.38177493058892764,0.009451265912503004,70.00586090609431,2.9656057450920343,,81.43751563411206,5.877425056416541,2.0774303381331265,0.0,168.0,2.0,2.0,2.0,0.9996508955955505,0.0601290762424469,0.004335462115705013,0.007944948971271515,1.0
169.0,0,all_fail,False,False,False,False,False,0.8488357663154602,0.0,0.0,1e-06,51.04453659057617,25.28792428970337,28.388671875,0.0,0.0,0.0,0.0,0.0,0.0,0.0,0.0,0.0,0.0,0.0,0.0,0.0,0.0,0.0,0.0,14247.0,14247.0,14247.0,14247.0,14247.0,0.0,0.0,163.96100965362544,86.89260959113017,14247.0,1.0,700.0,700.0,700.0,0.0,0.0625,333.0,190.4375,79.0,0.0625,333.0,190.4375,79.0,0.658069372177124,0.0031969547271728516,0.0005173339741304517,-0.000556725193746388,0.0018475353717803955,-0.0005746334791183472,0.002931058406829834,-0.004025876522064209,0.9994279146194458,0.8686198592185974,2.408188819885254,0.8680453300476074,2.406414270401001,0.0007120938360431683,24.944446354824468,0.3835154528514355,0.01014520088210702,76.00572804315016,2.8169524101540446,,86.89260959113017,5.463944656774402,2.0886494549922645,0.0,169.0,2.0,2.0,2.0,0.9996589422225952,0.05948740243911743,0.00456903874874115,0.008093666285276413,1.0
170.0,0,all_fail,False,False,False,False,False,0.7533797025680542,0.0,0.0,1e-06,51.13020706176758,25.28792428970337,28.388671875,0.0,0.0,0.0,0.0,0.0,0.0,0.0,0.0,0.0,0.0,0.0,0.0,0.0,0.0,0.0,0.0,12157.0,12157.0,12157.0,12157.0,12157.0,0.0,0.0,144.46460115025448,84.15210302872583,12157.0,1.0,550.0,550.0,550.0,0.0,0.0625,512.0,209.8125,68.0,0.0625,512.0,209.8125,68.0,1.063889980316162,0.0021396875381469727,0.0004171215114183724,-0.0002306975657120347,0.002411540597677231,-0.00014305487275123596,0.00547182559967041,-0.005336344242095947,0.9998615384101868,0.8422558903694153,2.415092945098877,0.8421128988265991,2.415146589279175,0.0008472296695592735,22.045354104173885,0.40120126372648324,0.010299771092832088,74.00625372771174,2.6367001067847013,,84.15210302872583,4.877403763122857,2.1177547462284565,0.0,170.0,2.0,2.0,2.0,0.9997093081474304,0.06034103035926819,0.0038897667545825243,0.0074201361276209354,1.0
171.0,0,all_fail,False,False,False,False,False,0.848110556602478,0.0,0.0,1e-06,51.07848358154297,25.28792428970337,28.388671875,0.0,0.0,0.0,0.0,0.0,0.0,0.0,0.0,0.0,0.0,0.0,0.0,0.0,0.0,0.0,0.0,18172.0,18172.0,18172.0,18172.0,18172.0,0.0,0.0,244.14989320851555,74.42968645691872,18172.0,1.0,909.0,909.0,909.0,0.0,0.0625,512.0,226.75,86.0,0.0625,512.0,226.75,86.0,2.506925106048584,0.0019298791885375977,0.0004711642686743289,-1.9995239199488424e-05,0.0022935494780540466,-0.0002186298370361328,0.00463491678237915,-0.005210220813751221,0.999785304069519,0.9230302572250366,2.6821839809417725,0.9228116273880005,2.681506633758545,0.0005245021471211283,17.090754569102543,0.3647596555127103,0.009531253017485142,62.005257576704025,3.208996146917343,,74.42968645691872,6.628412459976971,2.075240585952997,0.0,171.0,2.0,2.0,2.0,0.9996797442436218,0.05867487192153931,0.004419390577822924,0.007916177622973919,1.0
172.0,0,all_fail,False,False,False,False,False,0.7625470757484436,0.0,0.0,1e-06,51.12033462524414,25.28792428970337,28.388671875,0.0,0.0,0.0,0.0,0.0,0.0,0.0,0.0,0.0,0.0,0.0,0.0,0.0,0.0,0.0,0.0,15496.0,15496.0,15496.0,15496.0,15496.0,0.0,0.0,197.20003067082743,78.58010948216543,15496.0,1.0,668.0,668.0,668.0,0.0,0.1875,512.0,300.5,140.0,0.1875,512.0,300.5,140.0,0.32143521308898926,0.0006383657455444336,0.0004698439151979983,0.0006226003752090037,0.0016931705176830292,0.0006031058728694916,0.0042449235916137695,-0.0023679733276367188,1.0006052255630493,0.8109481334686279,2.3180413246154785,0.8115512132644653,2.3195600509643555,0.0006476886932020281,13.936171246078112,0.38551845696933135,0.010036583989858627,67.00511135114357,2.9963088491931558,,78.58010948216543,5.973994009196758,2.090197253972292,0.0,172.0,2.0,2.0,2.0,0.9996673464775085,0.06216055154800415,0.0043230620212852955,0.007918336428701878,1.0
173.0,0,all_fail,False,False,False,False,False,0.8135915994644165,0.0,0.0,1e-06,51.0380744934082,25.28792428970337,28.388671875,0.0,0.0,0.0,0.0,0.0,0.0,0.0,0.0,0.0,0.0,0.0,0.0,0.0,0.0,0.0,0.0,14285.0,14285.0,14285.0,14285.0,14285.0,0.0,0.0,114.41685233692444,124.8504893137142,14285.0,1.0,610.0,610.0,610.0,0.0,0.0625,512.0,282.8125,157.0,0.0625,512.0,282.8125,157.0,1.8387837409973145,0.003548741340637207,0.0005106683820486069,-0.000747575715649873,0.0018462389707565308,-0.0009728074073791504,0.00320279598236084,-0.005628526210784912,0.9990296959877014,0.8316542506217957,2.327378273010254,0.8306813836097717,2.325155258178711,0.0006539668231983472,25.195417709401628,0.3795218586825202,0.00934191606938839,114.00926513504237,2.809620139654726,,124.8504893137142,5.421469751279801,2.093206050340086,0.0,173.0,2.0,2.0,2.0,0.9996588826179504,0.05849647521972656,0.0044940803200006485,0.007982052862644196,1.0
174.0,0,all_fail,False,False,False,False,False,0.8449766635894775,0.0,0.0,1e-06,51.089599609375,25.28792428970337,28.388671875,0.0,0.0,0.0,0.0,0.0,0.0,0.0,0.0,0.0,0.0,0.0,0.0,0.0,0.0,0.0,0.0,16699.0,16699.0,16699.0,16699.0,16699.0,0.0,0.0,194.55789701584973,85.83049187995493,16699.0,1.0,789.0,789.0,789.0,0.0,0.0625,512.0,254.6875,118.0,0.0625,512.0,254.6875,118.0,0.0740973949432373,0.00012445449829101562,0.00048700126353651285,0.0009108044905588031,0.0023247897624969482,0.0010289102792739868,0.005323648452758789,-0.004547297954559326,1.0010329484939575,0.8958073854446411,2.5338943004608154,0.8968362808227539,2.5360517501831055,0.0005799370601838403,18.160973591672864,0.3702698279741271,0.009684368968009949,74.00596738606691,3.056236289907247,,85.83049187995493,6.183135857339948,2.0736549510620534,0.0,174.0,2.0,2.0,2.0,0.9996784329414368,0.061479926109313965,0.004477088805288076,0.007878034375607967,1.0
175.0,0,all_fail,False,False,False,False,False,0.6692115664482117,0.0,0.0,1e-06,51.10546875,25.28792428970337,28.388671875,0.0,0.0,0.0,0.0,0.0,0.0,0.0,0.0,0.0,0.0,0.0,0.0,0.0,0.0,0.0,0.0,11544.0,11544.0,11544.0,11544.0,11544.0,0.0,0.0,195.5494398188136,59.03366438020021,11544.0,1.0,475.0,475.0,475.0,0.0,0.0625,487.0,246.5,110.0,0.0625,487.0,246.5,110.0,-0.10841584205627441,-0.0008836984634399414,0.0004167059378232807,0.0012716402998194098,0.0022705011069774628,0.0012264400720596313,0.0067272186279296875,-0.003196120262145996,1.0012311935424805,0.6863185167312622,2.0244436264038086,0.6875449419021606,2.0274510383605957,0.0008447979959612164,12.42511667066554,0.4111871076360531,0.009752348065376282,49.00466014910489,2.6360430233180523,,59.03366438020021,4.746743970550597,2.085591138806194,0.0,175.0,2.0,2.0,2.0,0.9996579885482788,0.05651634931564331,0.004133230075240135,0.00775498989969492,1.0
176.0,0,all_fail,False,False,False,False,False,0.9884495735168457,0.0,0.0,1e-06,51.108402252197266,25.28792428970337,28.388671875,0.0,0.0,0.0,0.0,0.0,0.0,0.0,0.0,0.0,0.0,0.0,0.0,0.0,0.0,0.0,0.0,20382.0,20382.0,20382.0,20382.0,20382.0,0.0,0.0,203.19979771056924,100.30521796597168,20382.0,1.0,1019.0,1019.0,1019.0,0.0,0.0625,512.0,254.875,113.0,0.0625,512.0,254.875,113.0,0.47166454792022705,0.0010330677032470703,0.0005773449083790183,0.0006430720095522702,0.001860547810792923,0.0006073750555515289,0.003977775573730469,-0.0035109519958496094,1.0006096363067627,0.984126627445221,2.7060041427612305,0.9847339987754822,2.707721471786499,0.0004632521949663865,21.33565067778131,0.3560016897409502,0.00944200623780489,87.00678346399218,3.4139905949123204,,100.30521796597168,7.256026440300047,2.108924505766481,0.0,176.0,2.0,2.0,2.0,0.9996699094772339,0.07293148338794708,0.004719957243651152,0.00802706554532051,1.0
177.0,0,all_fail,False,False,False,False,False,0.6012009382247925,0.0,0.0,1e-06,51.06524658203125,25.28792428970337,28.388671875,0.0,0.0,0.0,0.0,0.0,0.0,0.0,0.0,0.0,0.0,0.0,0.0,0.0,0.0,0.0,0.0,12756.0,12756.0,12756.0,12756.0,12756.0,0.0,0.0,82.57978106874336,154.4688038029708,12756.0,1.0,474.0,474.0,474.0,0.0,0.1875,512.0,323.25,161.0,0.1875,512.0,323.25,161.0,-0.041065871715545654,-0.00023603439331054688,0.00037294867797754705,0.0008616739069111645,0.001553371548652649,0.0009567514061927795,0.004437923431396484,-0.0014652907848358154,1.0009584426879883,0.6380487084388733,1.9418569803237915,0.6390055418014526,1.9443080425262451,0.0008142084688153824,27.844273160036714,0.4031083904111547,0.010386043228209019,144.01058078370988,2.7091537793166935,,154.4688038029708,5.142050628084689,2.0940265897661448,0.0,177.0,2.0,2.0,2.0,0.9996938705444336,0.060706764459609985,0.003618489718064666,0.007350461557507515,1.0
178.0,0,all_fail,False,False,False,False,False,0.7771066427230835,0.0,0.0,1e-06,51.062015533447266,25.28792428970337,28.388671875,0.0,0.0,0.0,0.0,0.0,0.0,0.0,0.0,0.0,0.0,0.0,0.0,0.0,0.0,0.0,0.0,9436.0,9436.0,9436.0,9436.0,9436.0,0.0,0.0,147.81167151189356,63.83798994682729,9436.0,1.0,371.0,371.0,371.0,0.0,0.0625,317.0,218.75,143.0,0.0625,317.0,218.75,143.0,-0.060363948345184326,0.00048613548278808594,0.00045283447252586484,0.000662381702568382,0.0012735463678836823,0.0005027614533901215,0.004966080188751221,-0.0019617676734924316,1.0005042552947998,0.7970697283744812,2.2643775939941406,0.7975726127624512,2.26544451713562,0.0009960762902955324,15.71561825687864,0.4167783590473453,0.009398975875228643,55.00466389907524,2.2931701741181314,,63.83798994682729,3.93272059597075,2.0895237009972334,0.0,178.0,2.0,2.0,2.0,0.9996641874313354,0.053804755210876465,0.004354488104581833,0.007886983454227448,1.0
179.0,2,mixed,True,True,True,True,True,0.9362669587135315,0.20586349070072174,-0.1240481436252594,1e-06,51.073951721191406,25.28792428970337,28.388671875,0.0,0.0,-0.1240481585264206,0.0,2.561730146408081,0.1240481361746788,-0.3659614622592926,2.561730146408081,0.1240481361746788,-0.3659614622592926,1.0,0.125,0.0,1.0,0.125,0.0,18908.0,18908.0,18908.0,18908.0,18908.0,0.0,0.0,121.41762406612364,155.7269807034172,18908.0,1.0,945.0,945.0,945.0,0.0,0.0625,512.0,236.75,103.0,0.0625,512.0,236.75,103.0,0.653551459312439,0.0024405717849731445,0.0005143124144524336,-0.00018835437367670238,0.0017560496926307678,-7.732212543487549e-05,0.004476308822631836,-0.0042726993560791016,0.9999250173568726,0.9649006128311157,2.7098729610443115,0.9648231863975525,2.7099807262420654,0.0005606503531443964,37.75362876613173,0.3617871095861208,0.010600776877254248,143.010745766107,3.268488435074687,,155.7269807034172,6.840670668054372,2.0935943350195885,0.0,179.0,2.0,2.0,2.0,0.9996874928474426,0.05263787508010864,0.004503868520259857,0.007837246172130108,1.0
180.0,0,all_fail,False,False,False,False,False,0.9417781829833984,0.0,0.0,1e-06,51.147010803222656,25.28792428970337,28.388671875,0.0,0.0,0.0,0.0,0.0,0.0,0.0,0.0,0.0,0.0,0.0,0.0,0.0,0.0,0.0,0.0,15328.0,15328.0,15328.0,15328.0,15328.0,0.0,0.0,144.13569959620597,106.34423007583246,15328.0,1.0,693.0,693.0,693.0,0.0,0.0625,512.0,265.0,160.0,0.0625,512.0,265.0,160.0,-0.347426176071167,-0.0006154179573059082,0.000472010433441028,0.0012491241795942187,0.0016774460673332214,0.0013873502612113953,0.0035098791122436523,-0.0011172294616699219,1.0013892650604248,0.9610918760299683,2.6844167709350586,0.9624792337417603,2.6887502670288086,0.000628951730620746,22.407443933013194,0.37877669982395346,0.009640572126954794,95.00756227597594,2.9328208938241005,,106.34423007583246,5.805889254901558,2.0835022157989442,0.0,180.0,2.0,2.0,2.0,0.9996829628944397,0.05832839012145996,0.004561698529869318,0.007744086440652609,1.0
181.0,4,mixed,True,True,True,True,True,0.7231002449989319,0.15151724219322205,0.05203382670879364,1e-06,51.11009216308594,25.28792428970337,28.388671875,0.0,0.0,0.05203381925821304,0.0,1.6770472526550293,-0.05203373730182648,-0.5590157508850098,1.6770472526550293,-0.05203373730182648,-0.5590157508850098,1.0,0.25,0.0,1.0,0.25,0.0,10610.0,10610.0,10610.0,10610.0,10610.0,0.0,0.0,175.11212129701272,60.589751990977675,10610.0,1.0,412.0,412.0,412.0,0.0,0.0625,496.0,251.125,179.0,0.0625,496.0,251.125,179.0,0.281591534614563,0.0015881061553955078,0.0004040261555928737,1.4091662706050556e-05,0.001264980062842369,0.00012964941561222076,0.0032582879066467285,-0.0019544363021850586,1.0001308917999268,0.7438540458679199,2.1676082611083984,0.7439836859703064,2.1679673194885254,0.0009350942554870492,12.693890131919122,0.42212760320826875,0.009921350050717592,51.00405055005103,2.4831242822110653,,60.589751990977675,4.478773870039731,2.105517457704991,0.0,181.0,2.0,2.0,2.0,0.9996749758720398,0.058688580989837646,0.004094011150300503,0.0077022649347782135,1.0
182.0,0,all_fail,False,False,False,False,False,0.9316907525062561,0.0,0.0,1e-06,51.072940826416016,25.28792428970337,28.388671875,0.0,0.0,0.0,0.0,0.0,0.0,0.0,0.0,0.0,0.0,0.0,0.0,0.0,0.0,0.0,0.0,12041.0,12041.0,12041.0,12041.0,12041.0,0.0,0.0,206.53383403773196,58.30037512304261,12041.0,1.0,445.0,445.0,445.0,0.0,0.1875,512.0,307.5625,108.0,0.1875,512.0,307.5625,108.0,0.797321081161499,0.002344846725463867,0.0004107908171135932,-0.0003475899575278163,0.001258712261915207,-0.0002750381827354431,0.0039023756980895996,-0.00248563289642334,0.9997262954711914,0.9205631017684937,2.88946533203125,0.9202881455421448,2.8885703086853027,0.0008250964987556183,9.754987371477187,0.4125343867406755,0.0099349869415164,48.00429285503924,2.7186097679659724,,58.30037512304261,4.967326550744474,2.095486018806696,0.0,182.0,2.0,2.0,2.0,0.9997172355651855,0.05683022737503052,0.004076289013028145,0.007563171908259392,1.0
183.0,0,all_fail,False,False,False,False,False,0.6532167792320251,0.0,0.0,1e-06,51.11104965209961,25.28792428970337,28.388671875,0.0,0.0,0.0,0.0,0.0,0.0,0.0,0.0,0.0,0.0,0.0,0.0,0.0,0.0,0.0,0.0,14736.0,14736.0,14736.0,14736.0,14736.0,0.0,0.0,159.79666348731303,92.21719451714307,14736.0,1.0,656.0,656.0,656.0,0.0,0.0625,512.0,265.0,130.0,0.0625,512.0,265.0,130.0,1.2099647521972656,0.0010443925857543945,0.000458814058220014,0.0003949721285607666,0.001902896910905838,0.0006276406347751617,0.004976987838745117,-0.003649592399597168,1.0006303787231445,0.6975610852241516,2.0433998107910156,0.6981887817382812,2.0449929237365723,0.000689858236996281,19.10540787195611,0.3862486003612923,0.010165750980377197,81.00692937709391,2.8929149713367224,,92.21719451714307,5.691759374924004,2.1070956788025796,0.0,183.0,2.0,2.0,2.0,0.9996610283851624,0.075080007314682,0.004026867914944887,0.007816119119524956,1.0
184.0,0,all_fail,False,False,False,False,False,0.7056741714477539,0.0,0.0,1e-06,51.13267517089844,25.28792428970337,28.388671875,0.0,0.0,0.0,0.0,0.0,0.0,0.0,0.0,0.0,0.0,0.0,0.0,0.0,0.0,0.0,0.0,16247.0,16247.0,16247.0,16247.0,16247.0,0.0,0.0,141.52833943802747,114.79679663106799,16247.0,1.0,696.0,696.0,696.0,0.0,0.1875,512.0,319.4375,77.0,0.1875,512.0,319.4375,77.0,0.18995356559753418,0.00012683868408203125,0.0004166147846262902,0.0007674966473132372,0.0018025394529104233,0.0008600708097219467,0.004419505596160889,-0.002796471118927002,1.0008624792099,0.7739012241363525,2.235882520675659,0.7747612595558167,2.237957239151001,0.0005902849103847987,20.154286289215523,0.3770227030856507,0.009590358939021826,103.00855722418055,3.0358546799980104,,114.79679663106799,6.125487857032567,2.1082257479429245,0.0,184.0,2.0,2.0,2.0,0.999681830406189,0.09554719924926758,0.0040298402309417725,0.007630064617842436,1.0
185.0,1,mixed,True,True,True,True,True,0.6343039274215698,0.11937596648931503,-0.13017390668392181,1e-06,51.05712890625,25.28792428970337,28.388671875,0.0,0.0,-0.130173921585083,0.0,3.7499847412109375,0.1301739364862442,-0.24999898672103882,3.7499847412109375,0.1301739364862442,-0.24999898672103882,1.0,0.0625,0.0,1.0,0.0625,0.0,13643.0,13643.0,13643.0,13643.0,13643.0,0.0,0.0,195.12343614557,69.91984289279208,13643.0,1.0,516.0,516.0,516.0,0.0,0.125,512.0,336.6875,135.0,0.125,512.0,336.6875,135.0,0.08774471282958984,0.0006844997406005859,0.000375506206182763,0.00040828395867720246,0.0012746471911668777,0.000509241595864296,0.005503654479980469,-0.0019693374633789062,1.000510811805725,0.7329919338226318,2.242898464202881,0.733501136302948,2.2437920570373535,0.0007003285334836893,10.953290545744142,0.4026489084520831,0.009554582182317972,59.00537616992369,2.8126523601822555,,69.91984289279208,5.49333905801177,2.0872942260466516,0.0,185.0,2.0,2.0,2.0,0.9996829628944397,0.06221252679824829,0.0037856483832001686,0.007535166572779417,1.0
186.0,0,all_fail,False,False,False,False,False,0.6322744488716125,0.0,0.0,1e-06,51.0888786315918,25.28792428970337,28.388671875,0.0,0.0,0.0,0.0,0.0,0.0,0.0,0.0,0.0,0.0,0.0,0.0,0.0,0.0,0.0,0.0,11741.0,11741.0,11741.0,11741.0,11741.0,0.0,0.0,115.1023097241334,102.00490353442729,11741.0,1.0,465.0,465.0,465.0,0.0,0.125,512.0,268.8125,120.0,0.125,512.0,268.8125,120.0,-0.288679838180542,-0.0006276965141296387,0.00039291707798838615,0.001097218249924481,0.0015024542808532715,0.001129239797592163,0.0036923885345458984,-0.002261817455291748,1.0011309385299683,0.6721066832542419,1.9787639379501343,0.6732358932495117,1.98105788230896,0.0008172837871550173,21.392269210616668,0.4066721862709514,0.009595728944987059,92.00814987486228,2.599240125156939,,102.00490353442729,4.7747381390072405,2.110238655935973,0.0,186.0,2.0,2.0,2.0,0.9997133612632751,0.055017322301864624,0.003669112455099821,0.007243908476084471,1.0
187.0,0,all_fail,False,False,False,False,False,0.779763400554657,0.0,0.0,1e-06,51.10939025878906,25.28792428970337,28.388671875,0.0,0.0,0.0,0.0,0.0,0.0,0.0,0.0,0.0,0.0,0.0,0.0,0.0,0.0,0.0,0.0,18142.0,18142.0,18142.0,18142.0,18142.0,0.0,0.0,171.8011063268013,105.59885432571173,18142.0,1.0,819.0,819.0,819.0,0.0,0.1875,512.0,314.875,169.0,0.1875,512.0,314.875,169.0,0.47122621536254883,0.0010151863098144531,0.000440081610577181,0.00037492820410989225,0.001670096069574356,0.0003216303884983063,0.004488110542297363,-0.0025086402893066406,1.0003235340118408,0.7886375188827515,2.227545976638794,0.7889591455459595,2.228154420852661,0.0005158539888134944,18.461248249650364,0.37163719120085825,0.009358623065054417,93.00776868173853,3.2403057599440217,,105.59885432571173,6.74224192276597,2.096928569022566,0.0,187.0,2.0,2.0,2.0,0.9996747970581055,0.06121090054512024,0.004281168337911367,0.0077681648544967175,1.0
188.0,0,all_fail,False,False,False,False,False,0.8320817351341248,0.0,0.0,1e-06,51.14097213745117,25.28792428970337,28.388671875,0.0,0.0,0.0,0.0,0.0,0.0,0.0,0.0,0.0,0.0,0.0,0.0,0.0,0.0,0.0,0.0,16085.0,16085.0,16085.0,16085.0,16085.0,0.0,0.0,161.5018346540572,99.59639179613441,16085.0,1.0,670.0,670.0,670.0,0.0,0.125,512.0,335.3125,179.0,0.125,512.0,335.3125,179.0,0.17006516456604004,0.0011861324310302734,0.00046972333802841604,0.0003464498440735042,0.0011869482696056366,0.00025540217757225037,0.0030181407928466797,-0.002944767475128174,1.0002565383911133,0.8133013844490051,2.271653175354004,0.8135568499565125,2.2720706462860107,0.0005827940778125322,16.404015774502724,0.373178495879884,0.00937424274161458,88.00754463020712,2.9932374637573957,,99.59639179613441,6.002576106227934,2.0785079831257463,0.0,188.0,2.0,2.0,2.0,0.9996849894523621,0.058761000633239746,0.0042926473543047905,0.007744180969893932,1.0
189.0,0,all_fail,False,False,False,False,False,0.8008711338043213,0.0,0.0,1e-06,51.13776779174805,25.28792428970337,28.388671875,0.0,0.0,0.0,0.0,0.0,0.0,0.0,0.0,0.0,0.0,0.0,0.0,0.0,0.0,0.0,0.0,17489.0,17489.0,17489.0,17489.0,17489.0,0.0,0.0,205.83166559441577,84.96749005792663,17489.0,1.0,796.0,796.0,796.0,0.0,0.0625,450.0,297.0625,123.0,0.0625,450.0,297.0625,123.0,0.3683135509490967,0.0011371374130249023,0.00044934102334082127,0.00033439413527958095,0.0014854054898023605,0.0002989228814840317,0.004516184329986572,-0.0025877952575683594,1.000300645828247,0.8216065168380737,2.3254661560058594,0.8219054341316223,2.326186180114746,0.000575125504785026,15.359920659411111,0.3589607286997865,0.01005836995318532,73.00570289418101,3.098895133007318,,84.96749005792663,6.277864184230566,2.0719216498546302,0.0,189.0,2.0,2.0,2.0,0.9997001886367798,0.08638334274291992,0.0041032759472727776,0.007626631297171116,1.0
190.0,0,all_fail,False,False,False,False,False,0.8782781958580017,0.0,0.0,1e-06,51.133522033691406,25.28792428970337,28.388671875,0.0,0.0,0.0,0.0,0.0,0.0,0.0,0.0,0.0,0.0,0.0,0.0,0.0,0.0,0.0,0.0,9493.0,9493.0,9493.0,9493.0,9493.0,0.0,0.0,67.36211596914336,140.92490806477144,9493.0,1.0,404.0,404.0,404.0,0.0,0.0625,326.0,189.3125,107.0,0.0625,326.0,189.3125,107.0,-0.20794403553009033,-0.00037544965744018555,0.0005157928681001067,0.0012161647900938988,0.0018344689160585403,0.001232566311955452,0.0043711066246032715,-0.002611219882965088,1.001235008239746,0.8919005393981934,2.5786659717559814,0.8931331038475037,2.582282781600952,0.0009991710380239304,43.58224784657138,0.41907953039945006,0.009485130663961172,132.0106287272647,2.322944703977555,,140.92490806477144,3.9783219820819795,2.1004468048922718,0.0,190.0,2.0,2.0,2.0,0.9996785521507263,0.07675737142562866,0.004414109978824854,0.007954468950629234,1.0
191.0,1,mixed,True,True,True,True,True,0.637421190738678,0.1695200502872467,-0.035826921463012695,1e-06,51.171722412109375,25.28792428970337,28.388671875,0.0,0.0,-0.035826921463012695,0.0,3.7499847412109375,0.03582695126533508,-0.24999898672103882,3.7499847412109375,0.03582695126533508,-0.24999898672103882,1.0,0.0625,0.0,1.0,0.0625,0.0,14170.0,14170.0,14170.0,14170.0,14170.0,0.0,0.0,166.93830081372624,84.88165945699438,14170.0,1.0,569.0,569.0,569.0,0.0,0.0625,512.0,316.625,102.0,0.0625,512.0,316.625,102.0,0.36620914936065674,0.00128173828125,0.0004518534115049988,0.0002628719084896147,0.00097622349858284,0.00031887367367744446,0.0026608705520629883,-0.0019739866256713867,1.0003197193145752,0.652935266494751,1.9536079168319702,0.6532541513442993,1.9542886018753052,0.0006721930771582381,14.608476134208301,0.38483720657270437,0.009524975903332233,74.00654009589925,2.824935471639037,,84.88165945699438,5.453143217135221,2.08502762299031,0.0,191.0,2.0,2.0,2.0,0.9996103644371033,0.07779926061630249,0.004314699675887823,0.0081024793908,1.0
192.0,0,all_fail,False,False,False,False,False,0.9922765493392944,0.0,0.0,1e-06,51.11330795288086,25.28792428970337,28.388671875,0.0,0.0,0.0,0.0,0.0,0.0,0.0,0.0,0.0,0.0,0.0,0.0,0.0,0.0,0.0,0.0,14586.0,14586.0,14586.0,14586.0,14586.0,0.0,0.0,161.46278018886673,90.33660874003544,14586.0,1.0,631.0,631.0,631.0,0.0,0.125,512.0,280.625,126.0,0.125,512.0,280.625,126.0,0.37123608589172363,0.0012978315353393555,0.00043281001853756607,0.00021841433772351593,0.001414366066455841,6.413459777832031e-05,0.0028340816497802734,-0.00372159481048584,1.000065565109253,1.0502581596374512,2.935122013092041,1.0503222942352295,2.9352316856384277,0.0006773174955805486,17.596154015113026,0.3960249736028048,0.009879352990537882,79.00673152785748,2.915405605919659,,90.33660874003544,5.776420264970511,2.124486613087356,0.0,192.0,2.0,2.0,2.0,0.9997454285621643,0.060048460960388184,0.003970596008002758,0.007269600406289101,1.0
193.0,0,all_fail,False,False,False,False,False,0.7528066039085388,0.0,0.0,1e-06,51.11220932006836,25.28792428970337,28.388671875,0.0,0.0,0.0,0.0,0.0,0.0,0.0,0.0,0.0,0.0,0.0,0.0,0.0,0.0,0.0,0.0,20274.0,20274.0,20274.0,20274.0,20274.0,0.0,0.0,178.77478397217374,113.40525520173833,20274.0,1.0,963.0,963.0,963.0,0.0,0.125,512.0,304.125,142.0,0.125,512.0,304.125,142.0,0.07215964794158936,0.0012763738632202148,0.00044991634786129,0.0002660651516634971,0.0011019185185432434,5.628913640975952e-05,0.002424895763397217,-0.0037732720375061035,1.000057339668274,0.7773076295852661,2.2151007652282715,0.7773640155792236,2.2150611877441406,0.0004915618991371418,20.55250147468209,0.362707296392976,0.009965925943106413,100.00847217580304,3.4336845274083316,,113.40525520173833,7.353527727071196,2.0939877252094448,0.0,193.0,2.0,2.0,2.0,0.9996973872184753,0.06011149287223816,0.004100966267287731,0.007539915386587381,1.0
194.0,0,all_fail,False,False,False,False,False,0.7555645704269409,0.0,0.0,1e-06,51.12367630004883,25.28792428970337,28.388671875,0.0,0.0,0.0,0.0,0.0,0.0,0.0,0.0,0.0,0.0,0.0,0.0,0.0,0.0,0.0,0.0,20584.0,20584.0,20584.0,20584.0,20584.0,0.0,0.0,173.91943718721,118.35364886699244,20584.0,1.0,996.0,996.0,996.0,0.0,0.0625,512.0,290.5,192.0,0.0625,512.0,290.5,192.0,-0.3365740180015564,-0.0007449984550476074,0.00045105244498699903,0.0012733321636915207,0.0015823021531105042,0.001076824963092804,0.0035320520401000977,-0.0015810132026672363,1.0010783672332764,0.7282344698905945,2.0903801918029785,0.7293112874031067,2.0925254821777344,0.0005037726005890399,22.592324677076537,0.35501496833407065,0.010369655210524797,105.00912509905174,3.4227266078814864,,118.35364886699244,7.30762810818851,2.101736187003553,0.0,194.0,2.0,2.0,2.0,0.9996669292449951,0.06233075261116028,0.004213384818285704,0.007818376645445824,1.0
195.0,6,mixed,True,True,True,True,True,0.7587280869483948,0.1738063544034958,0.061783626675605774,1e-06,51.12630844116211,25.28792428970337,28.388671875,0.0,0.0,0.06178361922502518,0.0,1.2499974966049194,-0.061783600598573685,-0.7499985098838806,1.2499974966049194,-0.061783600598573685,-0.7499985098838806,1.0,0.375,0.0,1.0,0.375,0.0,8907.0,8907.0,8907.0,8907.0,8907.0,0.0,0.0,125.96908560998065,70.70782451797277,8907.0,1.0,344.0,344.0,344.0,0.0,0.0625,342.0,212.6875,128.0,0.0625,342.0,212.6875,128.0,0.4327176809310913,0.0007255077362060547,0.0004689357883762568,0.0005730804987251759,0.0022695064544677734,0.00025081634521484375,0.004174470901489258,-0.00443267822265625,1.000254511833191,0.7628422975540161,2.17828631401062,0.7630932331085205,2.179283380508423,0.0011957587430215355,18.220820921234285,0.4310338068144937,0.010650623124092817,62.00545359496027,2.2511845398694277,,70.70782451797277,3.8392181172966957,2.100214498117566,0.0,195.0,2.0,2.0,2.0,0.9996610283851624,0.053965091705322266,0.0043350523337721825,0.007833046838641167,1.0
196.0,16,all_pass,True,False,False,False,False,0.6615726947784424,0.0,0.0,1e-06,51.151580810546875,25.28792428970337,28.388671875,0.0,0.0,0.0,0.0,0.0,0.0,0.0,0.0,0.0,0.0,1.0,1.0,1.0,1.0,1.0,1.0,7186.0,7186.0,7186.0,7186.0,7186.0,0.0,0.0,146.48930945740182,49.054774212650955,7186.0,1.0,269.0,269.0,269.0,0.0,0.0625,293.0,180.125,68.0,0.0625,293.0,180.125,68.0,0.5902189016342163,0.0023407936096191406,0.0003848960914183408,-0.0003964086063206196,0.0017129946500062943,-0.00036226771771907806,0.0038643479347229004,-0.003983199596405029,0.9996399879455566,0.6742855310440063,1.982945203781128,0.6739233136177063,1.9820672273635864,0.0014522571957545994,14.227551718175897,0.46623590465291875,0.01043592020869255,41.003804051782936,2.0973357362672687,,49.054774212650955,3.350371210835874,2.0905024521052837,0.0,196.0,2.0,2.0,2.0,0.9996938109397888,0.05243861675262451,0.0037847328931093216,0.007345249876379967,1.0
197.0,0,all_fail,False,False,False,False,False,0.9505303502082825,0.0,0.0,1e-06,51.1093635559082,25.28792428970337,28.388671875,0.0,0.0,0.0,0.0,0.0,0.0,0.0,0.0,0.0,0.0,0.0,0.0,0.0,0.0,0.0,0.0,11835.0,11835.0,11835.0,11835.0,11835.0,0.0,0.0,137.82835914620748,85.8676695660688,11835.0,1.0,500.0,500.0,500.0,0.0,0.0625,392.0,239.6875,140.0,0.0625,392.0,239.6875,140.0,0.011481404304504395,0.0005872249603271484,0.0005006800638511777,0.0007044478552415967,0.0015681274235248566,0.0010498352348804474,0.005554556846618652,-0.002141594886779785,1.001051902770996,0.9827675819396973,2.7589282989501953,0.9838173985481262,2.761904716491699,0.0008297291709040104,19.819172919695077,0.39659279434425093,0.009819844737648964,76.00652814703062,2.5686088409274817,,85.8676695660688,4.69367572106421,2.0859011108987033,0.0,197.0,2.0,2.0,2.0,0.9997157454490662,0.0647537112236023,0.004225197713822126,0.007681077811866999,1.0
198.0,0,all_fail,False,False,False,False,False,0.7388575673103333,0.0,0.0,1e-06,51.117374420166016,25.28792428970337,28.388671875,0.0,0.0,0.0,0.0,0.0,0.0,0.0,0.0,0.0,0.0,0.0,0.0,0.0,0.0,0.0,0.0,14360.0,14360.0,14360.0,14360.0,14360.0,0.0,0.0,87.54790924146916,164.02447670558468,14360.0,1.0,635.0,635.0,635.0,0.0,0.125,512.0,262.5,125.0,0.125,512.0,262.5,125.0,-0.03858470916748047,0.0010927915573120117,0.0004695682437159121,0.00039227251545526087,0.0010555963963270187,0.0003008302301168442,0.0038466155529022217,-0.0025591254234313965,1.0003018379211426,0.7742694616317749,2.2212142944335938,0.7745702862739563,2.22184681892395,0.0008334279900888879,36.43149669282138,0.38544445150741957,0.01196802593767643,153.0122861098498,2.843937939964235,,164.02447670558468,5.534982323646545,2.1186282481066883,0.0,198.0,2.0,2.0,2.0,0.999646782875061,0.05630937218666077,0.004347450565546751,0.008105129934847355,1.0
199.0,0,all_fail,False,False,False,False,False,0.8519271612167358,0.0,0.0,1e-06,51.125572204589844,25.28792428970337,28.388671875,0.0,0.0,0.0,0.0,0.0,0.0,0.0,0.0,0.0,0.0,0.0,0.0,0.0,0.0,0.0,0.0,8865.0,8865.0,8865.0,8865.0,8865.0,0.0,0.0,106.89541192665327,82.93152942880988,8865.0,1.0,361.0,361.0,361.0,0.0,0.0625,504.0,193.0625,76.0,0.0625,504.0,193.0625,76.0,0.46073925495147705,0.0024483203887939453,0.0004552683385554701,-0.0003088313387706876,0.0017230957746505737,-0.000799134373664856,0.003172755241394043,-0.004743099212646484,0.9992034435272217,0.9515277147293091,2.6985831260681152,0.9507286548614502,2.6966371536254883,0.0011493922019502369,23.958019691547477,0.45141982559684096,0.010189361870288849,74.00632282719016,2.3134407470934093,,82.93152942880988,4.001836753915995,2.0990127101540565,0.0,199.0,2.0,2.0,2.0,0.999707043170929,0.055064857006073,0.004136413335800171,0.007670578081160784,1.0
201.0,0,all_fail,False,False,False,False,False,0.7371169924736023,0.0,0.0,1e-06,49.716636657714844,24.018873691558838,28.24609375,0.0,0.0,0.0,0.0,0.0,0.0,0.0,0.0,0.0,0.0,0.0,0.0,0.0,0.0,0.0,0.0,10984.0,10984.0,10984.0,10984.0,10984.0,0.0,0.0,51.88726197184229,211.6897208020091,10984.0,1.0,416.0,416.0,416.0,0.0,0.0625,512.0,270.5,134.0,0.0625,512.0,270.5,134.0,0.6172387599945068,0.0019001960754394531,0.00041945232078433037,-0.00010954427852993831,0.001520080491900444,-9.469874203205109e-05,0.00496065616607666,-0.0041942596435546875,0.9999074935913086,0.7602315545082092,2.1700189113616943,0.7601368427276611,2.1697652339935303,0.002472231894438491,45.98345547019764,0.5195939337929001,0.027154995128512383,199.01639527501538,3.8848171439021826,,211.6897208020091,5.707219768781215,2.1721986141055822,0.0,201.0,2.0,2.0,2.0,0.9996995329856873,0.057530343532562256,0.003929581493139267,0.00742088258266449,1.0
202.0,0,all_fail,False,False,False,False,False,0.8172446489334106,0.0,0.0,1e-06,49.565128326416016,24.03665828704834,28.24609375,0.0,0.0,0.0,0.0,0.0,0.0,0.0,0.0,0.0,0.0,0.0,0.0,0.0,0.0,0.0,0.0,17602.0,17602.0,17602.0,17602.0,17602.0,0.0,0.0,179.31334772768082,98.16335606388748,17602.0,1.0,816.0,816.0,816.0,0.0,0.0625,512.0,284.125,132.0,0.0625,512.0,284.125,132.0,1.0652847290039062,0.0030673742294311523,0.0004641529230866581,-0.0005996766267344356,0.0015475116670131683,-0.0005813874304294586,0.004036068916320801,-0.00463712215423584,0.9994206428527832,0.8480934500694275,2.374413013458252,0.8475120663642883,2.3728227615356445,0.0006240731884679148,18.919007959921082,0.36473079037343276,0.010984936263412237,86.00581018580124,3.1434356342069805,,98.16335606388748,6.419991372153163,2.080032681580633,0.0,202.0,2.0,2.0,2.0,0.9996938705444336,0.05972033739089966,0.004217290319502354,0.007602181751281023,1.0
203.0,0,all_fail,False,False,False,False,False,0.7238773703575134,0.0,0.0,1e-06,49.486080169677734,24.03665828704834,28.24609375,0.0,0.0,0.0,0.0,0.0,0.0,0.0,0.0,0.0,0.0,0.0,0.0,0.0,0.0,0.0,0.0,16533.0,16533.0,16533.0,16533.0,16533.0,0.0,0.0,248.22867329674918,66.60390913113952,16533.0,1.0,808.0,808.0,808.0,0.0,0.0625,385.0,225.3125,129.0,0.0625,385.0,225.3125,129.0,0.24542629718780518,0.001027822494506836,0.0004700378922279924,0.0004268262709956616,0.0013170074671506882,0.0002800729125738144,0.0032129287719726562,-0.006004512310028076,1.0002820491790771,0.7290775775909424,2.1493728160858154,0.7293576598167419,2.1500892639160156,0.0005813079426983397,15.257657527272562,0.36338954364166304,0.009610764216631651,55.00385538581759,2.9972128169611096,,66.60390913113952,6.007919325027615,2.0847796802408993,0.0,203.0,2.0,2.0,2.0,0.9996486902236938,0.059111833572387695,0.004497413989156485,0.00790089089423418,1.0
204.0,0,all_fail,False,False,False,False,False,0.6001749634742737,0.0,0.0,1e-06,49.39713668823242,24.036685943603516,28.380859375,0.0,0.0,0.0,0.0,0.0,0.0,0.0,0.0,0.0,0.0,0.0,0.0,0.0,0.0,0.0,0.0,14677.0,14677.0,14677.0,14677.0,14677.0,0.0,0.0,152.69895036184138,96.11722913105041,14677.0,1.0,658.0,658.0,658.0,0.0,0.0625,415.0,259.3125,99.0,0.0625,415.0,259.3125,99.0,0.09473896026611328,0.0005545616149902344,0.00039195455610752106,0.0005072831991128623,0.0011830031871795654,0.00034635141491889954,0.002815544605255127,-0.0034245848655700684,1.00034761428833,0.640778124332428,1.9458913803100586,0.6411244869232178,1.946407675743103,0.0006736843073417618,20.48822450351664,0.3843370431253263,0.009887664578855038,85.00564346509054,2.874625314027071,,96.11722913105041,5.640914781950414,2.083865873981267,0.0,204.0,2.0,2.0,2.0,0.9996749758720398,0.05571529269218445,0.003789641661569476,0.00740105239674449,1.0
205.0,0,all_fail,False,False,False,False,False,0.7307783961296082,0.0,0.0,1e-06,49.50687789916992,24.03668737411499,28.380859375,0.0,0.0,0.0,0.0,0.0,0.0,0.0,0.0,0.0,0.0,0.0,0.0,0.0,0.0,0.0,0.0,11156.0,11156.0,11156.0,11156.0,11156.0,0.0,0.0,155.43952630637514,71.77067677117884,11156.0,1.0,444.0,444.0,444.0,0.0,0.0625,487.0,253.25,138.0,0.0625,487.0,253.25,138.0,0.18111586570739746,0.0009644031524658203,0.0004432902205735445,0.0004043767403345555,0.0013952646404504776,0.0004625339061021805,0.002674281597137451,-0.002273380756378174,1.0004639625549316,0.7640900015830994,2.1700525283813477,0.7645525336265564,2.170910120010376,0.0009718958395955682,15.30211859349132,0.41297189359559505,0.010842469986528158,62.00418454082683,2.5363172609359026,,71.77067677117884,4.607114444952458,2.1128558381460607,0.0,205.0,2.0,2.0,2.0,0.9996781945228577,0.06195831298828125,0.004112177528440952,0.007766593247652054,1.0
206.0,9,mixed,True,True,True,True,True,0.6987338662147522,0.16779261827468872,0.03540568798780441,1e-06,49.441551208496094,24.0367112159729,28.380859375,0.0,0.0,0.035405686125159264,0.0,0.8539109230041504,-0.035405710339546204,-1.0978854894638062,0.8539109230041504,-0.035405710339546204,-1.0978854894638062,1.0,0.5625,0.0,1.0,0.5625,0.0,7540.0,7540.0,7540.0,7540.0,7540.0,0.0,0.0,146.98519859438937,51.2976821619086,7540.0,1.0,274.0,274.0,274.0,0.0,0.0625,327.0,197.25,102.0,0.0625,327.0,197.25,102.0,0.48005568981170654,0.0024033784866333008,0.00043878110591322184,-0.00032014973112381995,0.001682370901107788,-0.0001588687300682068,0.0038871169090270996,-0.0031924843788146973,0.999843180179596,0.675784707069397,1.9730874300003052,0.6756259202957153,1.9726476669311523,0.0013885462523218176,13.625867476542828,0.4661918583817642,0.010469638742506504,43.00323775596917,2.1684757051989436,,51.2976821619086,3.515086612198502,2.097696727141738,0.0,206.0,2.0,2.0,2.0,0.9996321797370911,0.058467477560043335,0.0044350577518343925,0.007970437407493591,1.0
207.0,0,all_fail,False,False,False,False,False,0.6626692414283752,0.0,0.0,1e-06,49.446632385253906,24.0367112159729,28.380859375,0.0,0.0,0.0,0.0,0.0,0.0,0.0,0.0,0.0,0.0,0.0,0.0,0.0,0.0,0.0,0.0,16573.0,16573.0,16573.0,16573.0,16573.0,0.0,0.0,174.44612236257214,95.0035447939299,16573.0,1.0,761.0,761.0,761.0,0.0,0.125,512.0,274.8125,116.0,0.125,512.0,274.8125,116.0,-0.07308846712112427,0.00025832653045654297,0.0003925980709027499,0.0006544592324644327,0.001430349424481392,0.0008957069367170334,0.004679441452026367,-0.0012106895446777344,1.0008976459503174,0.7032239437103271,2.061793565750122,0.7041196823120117,2.0635292530059814,0.0006197608662544979,18.877757994056914,0.3791505731111764,0.010271296836435795,83.00550189986825,3.1059777792543173,,95.0035447939299,6.283662448171526,2.096238191239536,0.0,207.0,2.0,2.0,2.0,0.9996933341026306,0.061559438705444336,0.0037799624260514975,0.007504516281187534,1.0
208.0,0,all_fail,False,False,False,False,False,0.7479273080825806,0.0,0.0,1e-06,49.44327926635742,24.41404390335083,28.380859375,0.0,0.0,0.0,0.0,0.0,0.0,0.0,0.0,0.0,0.0,0.0,0.0,0.0,0.0,0.0,0.0,11915.0,11915.0,11915.0,11915.0,11915.0,0.0,0.0,92.2118486829292,129.21332963369787,11915.0,1.0,470.0,470.0,470.0,0.0,0.0625,512.0,274.6875,114.0,0.0625,512.0,274.6875,114.0,0.7880498170852661,0.002560257911682129,0.00042981450678780675,-0.0004142079269513488,0.0015766993165016174,-0.0004864633083343506,0.0035747885704040527,-0.0034485459327697754,0.9995154142379761,0.7600873708724976,2.185447931289673,0.7596008777618408,2.1842496395111084,0.0009471467730131561,27.07823091626286,0.4150299762621478,0.011285253800451756,119.00882487697527,2.6542965481057763,,129.21332963369787,4.945082167163491,2.0908880876377225,0.0,208.0,2.0,2.0,2.0,0.9996950626373291,0.05228346586227417,0.003986043855547905,0.007620634976774454,1.0
209.0,1,mixed,True,True,True,True,True,0.5713269710540771,0.13109014928340912,0.0318034365773201,1e-06,49.522403717041016,24.45480489730835,28.380859375,0.0,0.0,0.0318034365773201,0.0,3.7499847412109375,-0.031803447753190994,-0.24999898672103882,3.7499847412109375,-0.031803447753190994,-0.24999898672103882,1.0,0.0625,0.0,1.0,0.0625,0.0,12056.0,12056.0,12056.0,12056.0,12056.0,0.0,0.0,77.1908230317457,156.18436915799975,12056.0,1.0,443.0,443.0,443.0,0.0,0.0625,512.0,310.5,198.0,0.0625,512.0,310.5,198.0,0.08082842826843262,0.0007485151290893555,0.0004006116359960288,0.0004260263522155583,0.0013737771660089493,0.00046848319470882416,0.0036985278129577637,-0.002711474895477295,1.0004700422286987,0.5952538847923279,1.8415145874023438,0.5957223773002625,1.8423385620117188,0.0008170692405867988,29.390042146158684,0.4099315144297776,0.009850586764514446,146.00972938211635,2.646051208022982,,156.18436915799975,4.942134337965399,2.074629489798099,0.0,209.0,2.0,2.0,2.0,0.9996510744094849,0.05997985601425171,0.0039162286557257175,0.007583587430417538,1.0
210.0,0,all_fail,False,False,False,False,False,0.89480060338974,0.0,0.0,1e-06,49.437137603759766,24.45480489730835,28.380859375,0.0,0.0,0.0,0.0,0.0,0.0,0.0,0.0,0.0,0.0,0.0,0.0,0.0,0.0,0.0,0.0,17425.0,17425.0,17425.0,17425.0,17425.0,0.0,0.0,225.97779164534762,77.10934722004458,17425.0,1.0,825.0,825.0,825.0,0.0,0.0625,495.0,264.0625,126.0,0.0625,495.0,264.0625,126.0,0.3866339921951294,0.001495957374572754,0.0004996077623218298,0.0002585633483249694,0.001454230397939682,0.00042124465107917786,0.003836989402770996,-0.0021669864654541016,1.0004229545593262,0.9787291288375854,3.0159478187561035,0.9791502952575684,3.018368721008301,0.0006258065466217195,15.385703543895447,0.3656894082158077,0.010904679074883461,65.00459747295827,3.132608729880303,,77.10934722004458,6.372137938160449,2.0897279363125563,0.0,210.0,2.0,2.0,2.0,0.999681830406189,0.14604735374450684,0.004439315292984247,0.008034068159759045,1.0
211.0,0,all_fail,False,False,False,False,False,0.6780645847320557,0.0,0.0,1e-06,49.482940673828125,24.45480489730835,28.380859375,0.0,0.0,0.0,0.0,0.0,0.0,0.0,0.0,0.0,0.0,0.0,0.0,0.0,0.0,0.0,0.0,16871.0,16871.0,16871.0,16871.0,16871.0,0.0,0.0,211.1481896486082,79.90122969122604,16871.0,1.0,744.0,744.0,744.0,0.0,0.125,512.0,310.4375,143.0,0.125,512.0,310.4375,143.0,0.22396254539489746,0.0012527704238891602,0.00040728290332481265,0.00018972053658217192,0.0008373111486434937,0.00014565140008926392,0.0019404292106628418,-0.002657949924468994,1.0001462697982788,0.7306690216064453,2.1284360885620117,0.7308146953582764,2.128810405731201,0.0005889443333861484,13.691309537983814,0.36789474238327846,0.00993607984855771,68.0047344751656,3.080012563150376,,79.90122969122604,6.2067521987482905,2.1006146632134914,0.0,211.0,2.0,2.0,2.0,0.9996923208236694,0.06669473648071289,0.00386534514836967,0.007569953799247742,1.0
212.0,0,all_fail,False,False,False,False,False,0.741301417350769,0.0,0.0,1e-06,51.134857177734375,24.45480489730835,28.380859375,0.0,0.0,0.0,0.0,0.0,0.0,0.0,0.0,0.0,0.0,0.0,0.0,0.0,0.0,0.0,0.0,19913.0,19913.0,19913.0,19913.0,19913.0,0.0,0.0,233.4468174391638,85.29994205292314,19913.0,1.0,912.0,912.0,912.0,0.0,0.125,512.0,332.5625,173.0,0.125,512.0,332.5625,173.0,-0.44725102186203003,-0.0009536147117614746,0.0004572349425870925,0.0013899988261982799,0.0016983412206172943,0.001545589417219162,0.005752205848693848,-0.0008502006530761719,1.0015482902526855,0.7664043307304382,2.186971664428711,0.7679499983787537,2.190779209136963,0.0005132090626773222,13.344325658264403,0.38950251364767213,0.010219532065093517,71.00515682762489,3.892302328720689,,85.29994205292314,7.756163554266095,2.0956044588238,0.0,212.0,2.0,2.0,2.0,0.9996786117553711,0.05166131258010864,0.00428260862827301,0.007615189533680677,1.0
213.0,0,all_fail,False,False,False,False,False,0.712134063243866,0.0,0.0,1e-06,49.501441955566406,24.45480489730835,28.380859375,0.0,0.0,0.0,0.0,0.0,0.0,0.0,0.0,0.0,0.0,0.0,0.0,0.0,0.0,0.0,0.0,16148.0,16148.0,16148.0,16148.0,16148.0,0.0,0.0,213.47370581618566,75.64397656498477,16148.0,1.0,698.0,698.0,698.0,0.0,0.0625,512.0,311.25,160.0,0.0625,512.0,311.25,160.0,0.8220058679580688,0.0009347200393676758,0.0004081561928614974,0.00035146137815900147,0.001475512981414795,0.0003974810242652893,0.0036920905113220215,-0.0036951303482055664,1.0003992319107056,0.6985939145088196,2.0270323753356934,0.6989912986755371,2.02785587310791,0.0006204703938080321,12.852327768077483,0.3738093491473413,0.010019355919212103,64.00459228502586,3.0120794735848904,,75.64397656498477,6.036273370031267,2.0772086759097874,0.0,213.0,2.0,2.0,2.0,0.9996845722198486,0.05332767963409424,0.0039573051035404205,0.007600635290145874,1.0
214.0,0,all_fail,False,False,False,False,False,0.8399062156677246,0.0,0.0,1e-06,49.47735595703125,24.45480489730835,28.380859375,0.0,0.0,0.0,0.0,0.0,0.0,0.0,0.0,0.0,0.0,0.0,0.0,0.0,0.0,0.0,0.0,13289.0,13289.0,13289.0,13289.0,13289.0,0.0,0.0,180.54866396875735,73.60342473816127,13289.0,1.0,595.0,595.0,595.0,0.0,0.0625,469.0,235.5625,76.0,0.0625,469.0,235.5625,76.0,-0.11364549398422241,0.00031697750091552734,0.0004990251618437469,0.0008430468151345849,0.0016511492431163788,0.0010119415819644928,0.007130682468414307,-0.0026568174362182617,1.0010145902633667,0.9538884162902832,3.3546361923217773,0.9549004435539246,3.357729911804199,0.0010083589442979762,16.716441733856026,0.3945982579580009,0.013400082010775805,63.00426889490336,2.7459350638091564,,73.60342473816127,5.243816250003874,2.0961965871974826,0.0,214.0,2.0,2.0,2.0,0.9996734857559204,0.05379897356033325,0.004489653743803501,0.007845958694815636,1.0
215.0,16,all_pass,True,False,False,False,False,0.7214038372039795,0.0,0.0,1e-06,49.47640609741211,24.45480489730835,28.380859375,0.0,0.0,0.0,0.0,0.0,0.0,0.0,0.0,0.0,0.0,1.0,1.0,1.0,1.0,1.0,1.0,6687.0,6687.0,6687.0,6687.0,6687.0,0.0,0.0,155.36050939700414,43.04182591801509,6687.0,1.0,251.0,251.0,251.0,0.0,0.0625,356.0,166.9375,60.0,0.0625,356.0,166.9375,60.0,0.25359010696411133,0.0005178451538085938,0.0005102679133415222,0.0007680912967771292,0.0028986074030399323,0.0010712482035160065,0.007328510284423828,-0.005173444747924805,1.0010770559310913,0.7269617319107056,2.0912697315216064,0.7280330061912537,2.0937724113464355,0.001402457035923104,13.104693359688053,0.4994699769630121,0.009378230199217796,35.00263596372679,2.1008938811719418,,43.04182591801509,3.339955735951662,2.088168495800346,0.0,215.0,2.0,2.0,2.0,0.9996538162231445,0.061191827058792114,0.00427806144580245,0.007957828231155872,1.0
216.0,0,all_fail,False,False,False,False,False,0.7307079434394836,0.0,0.0,1e-06,49.53243637084961,24.753655910491943,28.380859375,0.0,0.0,0.0,0.0,0.0,0.0,0.0,0.0,0.0,0.0,0.0,0.0,0.0,0.0,0.0,0.0,12151.0,12151.0,12151.0,12151.0,12151.0,0.0,0.0,180.48513714573807,67.3241032040678,12151.0,1.0,484.0,484.0,484.0,0.0,0.0625,512.0,275.4375,117.0,0.0625,512.0,275.4375,117.0,0.13174617290496826,0.0012625455856323242,0.0004613125347532332,0.00029436213662847877,0.0015048254281282425,6.74668699502945e-05,0.0025297999382019043,-0.0037844181060791016,1.0000691413879395,0.722762942314148,2.076843023300171,0.7228302955627441,2.076873540878296,0.000843285650331271,12.934953620349209,0.4112421594049379,0.010246763937175274,57.00434060487896,2.7306610927917063,,67.3241032040678,4.9970034789294,2.0804262892343104,0.0,216.0,2.0,2.0,2.0,0.9996367692947388,0.07194897532463074,0.004416185896843672,0.008127556182444096,1.0
217.0,0,all_fail,False,False,False,False,False,0.7805448770523071,0.0,0.0,1e-06,49.4579963684082,24.753655910491943,28.380859375,0.0,0.0,0.0,0.0,0.0,0.0,0.0,0.0,0.0,0.0,0.0,0.0,0.0,0.0,0.0,0.0,14738.0,14738.0,14738.0,14738.0,14738.0,0.0,0.0,198.53905730906743,74.23224528087303,14738.0,1.0,645.0,645.0,645.0,0.0,0.0625,512.0,276.125,133.0,0.0625,512.0,276.125,133.0,0.2872352600097656,0.0013151168823242188,0.0004156201903242618,0.00017409208521712571,0.001474207267165184,0.0005310159176588058,0.003079652786254883,-0.0021979808807373047,1.0005325078964233,0.8284252882003784,2.3634588718414307,0.8289562463760376,2.3651833534240723,0.0006971152948991854,14.260947476016781,0.38858413367564676,0.010274085216224194,63.00486594904214,2.9058365817181766,,74.23224528087303,5.726952962111682,2.081392525229603,0.0,217.0,2.0,2.0,2.0,0.9996834993362427,0.06098747253417969,0.004107230342924595,0.007692056242376566,1.0
218.0,0,all_fail,False,False,False,False,False,0.7373575568199158,0.0,0.0,1e-06,49.5051155090332,24.753655910491943,28.380859375,0.0,0.0,0.0,0.0,0.0,0.0,0.0,0.0,0.0,0.0,0.0,0.0,0.0,0.0,0.0,0.0,11561.0,11561.0,11561.0,11561.0,11561.0,0.0,0.0,170.54871529142417,67.7870834749192,11561.0,1.0,484.0,484.0,484.0,0.0,0.0625,411.0,238.5625,129.0,0.0625,411.0,238.5625,129.0,-0.05231058597564697,0.00047969818115234375,0.00051629648078233,0.0007948724087327719,0.00167078897356987,0.0008086748421192169,0.007648825645446777,-0.0017067193984985352,1.0008115768432617,0.7648264169692993,2.2073421478271484,0.7656350135803223,2.208949089050293,0.0009929470720484784,15.196177635106674,0.40216213412020263,0.01147946109995246,58.00381003320217,2.5522083430550992,,67.7870834749192,4.6493964325636625,2.0698138582520187,0.0,218.0,2.0,2.0,2.0,0.9996434450149536,0.059542179107666016,0.004465286619961262,0.008144240826368332,1.0
219.0,0,all_fail,False,False,False,False,False,0.8594896793365479,0.0,0.0,1e-06,49.445228576660156,24.753655910491943,28.380859375,0.0,0.0,0.0,0.0,0.0,0.0,0.0,0.0,0.0,0.0,0.0,0.0,0.0,0.0,0.0,0.0,13181.0,13181.0,13181.0,13181.0,13181.0,0.0,0.0,147.0304791281932,89.64807894360274,13181.0,1.0,590.0,590.0,590.0,0.0,0.0625,470.0,233.8125,100.0,0.0625,470.0,233.8125,100.0,0.5146551132202148,0.0015287399291992188,0.00045148161007091403,0.00013818865409120917,0.0018752440810203552,0.00023636966943740845,0.0038040876388549805,-0.0034949779510498047,1.0002388954162598,0.9109232425689697,2.5548644065856934,0.9111596941947937,2.5555832386016846,0.0007188371710852891,21.118871889315372,0.40036171252768116,0.009474992752075195,79.00569973792881,2.758182532619685,,89.64807894360274,5.277167732827365,2.0973037681542337,0.0,219.0,2.0,2.0,2.0,0.9997067451477051,0.05421823263168335,0.004156296141445637,0.007564871106296778,1.0
220.0,1,mixed,True,True,True,True,True,0.850466251373291,0.13892300426959991,0.04705100506544113,1e-06,49.45445251464844,24.753655910491943,28.380859375,0.0,0.0,0.04705100506544113,0.0,3.7499847412109375,-0.04705096408724785,-0.24999898672103882,3.7499847412109375,-0.04705096408724785,-0.24999898672103882,1.0,0.0625,0.0,1.0,0.0625,0.0,16372.0,16372.0,16372.0,16372.0,16372.0,0.0,0.0,197.59908854583907,82.85463318927214,16372.0,1.0,735.0,735.0,735.0,0.0,0.1875,512.0,288.25,121.0,0.1875,512.0,288.25,121.0,0.3297814130783081,0.0016660690307617188,0.00041861156933009624,3.7576257909677224e-06,0.00139545276761055,-0.00010799244046211243,0.004407942295074463,-0.004100799560546875,0.9998936057090759,0.8619462847709656,2.43500018119812,0.8618382215499878,2.4347472190856934,0.0006445032375371605,15.395703472290753,0.3791018064351579,0.010551807004958391,71.00498441420496,3.058752009179443,,82.85463318927214,6.206654774956405,2.073118262924254,0.0,220.0,2.0,2.0,2.0,0.9997208118438721,0.0619547963142395,0.003974216524511576,0.007415012456476688,1.0
221.0,0,all_fail,False,False,False,False,False,0.5742642879486084,0.0,0.0,1e-06,49.51287841796875,24.753655910491943,28.380859375,0.0,0.0,0.0,0.0,0.0,0.0,0.0,0.0,0.0,0.0,0.0,0.0,0.0,0.0,0.0,0.0,10509.0,10509.0,10509.0,10509.0,10509.0,0.0,0.0,217.36337105970625,48.3476123358123,10509.0,1.0,448.0,448.0,448.0,0.0,0.0625,336.0,208.8125,104.0,0.0625,336.0,208.8125,104.0,-0.06309574842453003,-6.008148193359375e-05,0.0004134505579713732,0.0008548679761588573,0.0017932429909706116,0.0007925145328044891,0.003769814968109131,-0.0020162761211395264,1.0007946491241455,0.5662378072738647,1.773611068725586,0.5670302510261536,1.775043249130249,0.0009306571606320833,11.674138463685717,0.40988950236060717,0.009780276101082563,39.00329660717398,2.438863934017718,,48.3476123358123,4.307528780307621,2.087640149053186,0.0,221.0,2.0,2.0,2.0,0.9996150135993958,0.060726046562194824,0.004079069010913372,0.007907679304480553,1.0
222.0,3,mixed,True,True,True,True,True,0.6627728343009949,0.12542492151260376,0.014172621071338654,1e-06,49.459434509277344,24.753655910491943,28.380859375,0.0,0.0,0.014172622002661228,0.0,2.015559434890747,-0.014172549359500408,-0.4651290774345398,2.015559434890747,-0.014172549359500408,-0.4651290774345398,1.0,0.1875,0.0,1.0,0.1875,0.0,14998.0,14998.0,14998.0,14998.0,14998.0,0.0,0.0,173.9525600026294,86.21890933811665,14998.0,1.0,575.0,575.0,575.0,0.0,0.25,512.0,362.375,150.0,0.25,512.0,362.375,150.0,-0.01355588436126709,0.0006252527236938477,0.00041562344995327294,0.0005193986580707133,0.0013793744146823883,0.0007339455187320709,0.006907641887664795,-0.0014087557792663574,1.000736117362976,0.7015635967254639,2.0506978034973145,0.702297568321228,2.0524187088012695,0.0006585062873539948,12.936334772708191,0.38069489958831065,0.009876277297735214,75.00486901216209,2.899983526673168,,86.21890933811665,5.709662104025483,2.095851399935782,0.0,222.0,2.0,2.0,2.0,0.9996786117553711,0.05319410562515259,0.0039337752386927605,0.007508889771997929,1.0
223.0,0,all_fail,False,False,False,False,False,0.9370814561843872,0.0,0.0,1e-06,50.878536224365234,24.753655910491943,28.380859375,0.0,0.0,0.0,0.0,0.0,0.0,0.0,0.0,0.0,0.0,0.0,0.0,0.0,0.0,0.0,0.0,10558.0,10558.0,10558.0,10558.0,10558.0,0.0,0.0,111.86867354550549,94.37852139817551,10558.0,1.0,427.0,427.0,427.0,0.0,0.0625,512.0,232.875,129.0,0.0625,512.0,232.875,129.0,0.8185509443283081,0.003325343132019043,0.0004781722091138363,-0.0007033519796095788,0.0018398724496364594,-0.0006698854267597198,0.0023910999298095703,-0.005244195461273193,0.99933260679245,0.9653394222259521,2.671109676361084,0.9646695256233215,2.6690139770507812,0.0010144785748730106,22.545963790596645,0.46113385909931537,0.010710864793509245,84.00626108376309,2.8513470548205078,,94.37852139817551,4.868651284370571,2.1176340049132705,0.0,223.0,2.0,2.0,2.0,0.9997063279151917,0.05418682098388672,0.004356446210294962,0.007705461699515581,1.0
224.0,0,all_fail,False,False,False,False,False,0.7901960015296936,0.0,0.0,1e-06,49.81686782836914,24.753655910491943,28.380859375,0.0,0.0,0.0,0.0,0.0,0.0,0.0,0.0,0.0,0.0,0.0,0.0,0.0,0.0,0.0,0.0,14205.0,14205.0,14205.0,14205.0,14205.0,0.0,0.0,173.45115948863628,81.8962527657859,14205.0,1.0,611.0,611.0,611.0,0.0,0.0625,512.0,276.8125,107.0,0.0625,512.0,276.8125,107.0,0.25852882862091064,0.0018012523651123047,0.00043753028148785233,-2.3079095626599155e-05,0.0011400356888771057,-1.1362135410308838e-05,0.0031731128692626953,-0.0026568472385406494,0.9999897480010986,0.7826266884803772,2.235464572906494,0.7826153039932251,2.235927104949951,0.0007086648844741088,16.031894162272014,0.3845504575547661,0.010066584683954716,71.00525924470276,2.82982830516994,,81.8962527657859,5.462539249565452,2.088018264155835,0.0,224.0,2.0,2.0,2.0,0.999684751033783,0.06022477149963379,0.00414554076269269,0.007790468633174896,1.0
225.0,0,all_fail,False,False,False,False,False,0.7444050312042236,0.0,0.0,1e-06,49.74200439453125,24.753655910491943,28.380859375,0.0,0.0,0.0,0.0,0.0,0.0,0.0,0.0,0.0,0.0,0.0,0.0,0.0,0.0,0.0,0.0,16938.0,16938.0,16938.0,16938.0,16938.0,0.0,0.0,170.88493495053137,99.11932848207653,16938.0,1.0,766.0,766.0,766.0,0.0,0.0625,512.0,292.625,122.0,0.0625,512.0,292.625,122.0,0.09005701541900635,0.001323699951171875,0.00045390971354208887,0.0002482265990693122,0.0010879263281822205,0.00013480335474014282,0.0023928284645080566,-0.0030324459075927734,1.000135898590088,0.7720469236373901,2.2126166820526123,0.7721817493438721,2.212690591812134,0.0005811166672779659,18.58310372020058,0.3716218545777779,0.009842954110354185,87.00609161797911,3.103995277080685,,99.11932848207653,6.294530972838402,2.2032130789011717,0.0,225.0,2.0,2.0,2.0,0.9996811747550964,0.060964882373809814,0.004138377495110035,0.00772519875317812,1.0
226.0,0,all_fail,False,False,False,False,False,0.8688333034515381,0.0,0.0,1e-06,49.72639083862305,24.753655910491943,28.380859375,0.0,0.0,0.0,0.0,0.0,0.0,0.0,0.0,0.0,0.0,0.0,0.0,0.0,0.0,0.0,0.0,14690.0,14690.0,14690.0,14690.0,14690.0,0.0,0.0,137.03059015182205,107.20234061405063,14690.0,1.0,649.0,649.0,649.0,0.0,0.125,512.0,269.125,88.0,0.125,512.0,269.125,88.0,-0.1676403284072876,0.0007052421569824219,0.0005033731576986611,0.000656766933389008,0.0013367310166358948,0.001040235161781311,0.004217982292175293,-0.0013813376426696777,1.0010420083999634,0.8556739091873169,2.369314193725586,0.8567140698432922,2.371718406677246,0.0007223259274695015,22.29607620553788,0.38870844712330016,0.010610967874526978,96.0069041410461,2.9005825673229992,,107.20234061405063,5.710127088241279,2.0736599429510534,0.0,226.0,2.0,2.0,2.0,0.9996775388717651,0.062206774950027466,0.00445738947018981,0.00792562123388052,1.0
227.0,0,all_fail,False,False,False,False,False,0.920818030834198,0.0,0.0,1e-06,49.74254608154297,24.753655910491943,28.380859375,0.0,0.0,0.0,0.0,0.0,0.0,0.0,0.0,0.0,0.0,0.0,0.0,0.0,0.0,0.0,0.0,17754.0,17754.0,17754.0,17754.0,17754.0,0.0,0.0,245.70446823257566,72.25753820315003,17754.0,1.0,842.0,842.0,842.0,0.0,0.0625,512.0,267.625,140.0,0.0625,512.0,267.625,140.0,0.6901887655258179,0.0019576549530029297,0.00045752551523037255,-6.258255598368123e-05,0.0018774643540382385,-0.0001963973045349121,0.0034116506576538086,-0.005732178688049316,0.99980628490448,0.9459695816040039,2.715224266052246,0.9457732439041138,2.7146475315093994,0.0005862948121611057,14.013185673025738,0.36477616929265644,0.01040907809510827,60.004461051896214,3.1626716051250696,,72.25753820315003,6.476236109621823,2.10105498181656,0.0,227.0,2.0,2.0,2.0,0.9996874332427979,0.044619739055633545,0.0044342270120978355,0.007784669753164053,1.0
228.0,13,mixed,True,True,True,True,True,0.6269299387931824,0.17689664661884308,0.08365494012832642,1e-06,49.767799377441406,24.753655910491943,28.380859375,0.0,0.0,0.08365493873134255,0.0,0.4651290774345398,-0.08365498483181,-2.015559434890747,0.4651290774345398,-0.08365498483181,-2.015559434890747,1.0,0.8125,0.0,1.0,0.8125,0.0,8247.0,8247.0,8247.0,8247.0,8247.0,0.0,0.0,127.78339297349184,64.5389029677026,8247.0,1.0,314.0,314.0,314.0,0.0,0.0625,326.0,201.4375,119.0,0.0625,326.0,201.4375,119.0,0.6899958848953247,0.002950310707092285,0.0003916917776223272,-0.0006864144816063344,0.0015731416642665863,-0.0005891695618629456,0.0030094385147094727,-0.003254234790802002,0.9994126558303833,0.6098245978355408,1.8529728651046753,0.609235405921936,1.8519278764724731,0.0011183374439519406,17.376405902564056,0.4509282925704746,0.009222928900271654,56.004156223963946,2.2082013092003763,,64.5389029677026,3.7188056288287044,2.0926081109791994,0.0,228.0,2.0,2.0,2.0,0.9996200799942017,0.06117698550224304,0.004139188677072525,0.007925346493721008,1.0
229.0,0,all_fail,False,False,False,False,False,0.9097570776939392,0.0,0.0,1e-06,49.75930404663086,24.753655910491943,28.380859375,0.0,0.0,0.0,0.0,0.0,0.0,0.0,0.0,0.0,0.0,0.0,0.0,0.0,0.0,0.0,0.0,16345.0,16345.0,16345.0,16345.0,16345.0,0.0,0.0,176.68429095802458,92.50963914999738,16345.0,1.0,772.0,772.0,772.0,0.0,0.0625,360.0,249.5625,101.0,0.0625,360.0,249.5625,101.0,-0.07772201299667358,0.0006101131439208984,0.0004526342963799834,0.000601358653511852,0.0012840665876865387,0.0004621930420398712,0.002585113048553467,-0.0035576820373535156,1.0004634857177734,0.9400072693824768,2.654095411300659,0.9404695630073547,2.6543633937835693,0.0007487125250315148,20.287008516186315,0.36238677564378213,0.01223770622164011,81.00602500513196,2.975788962095976,,92.50963914999738,5.923211847897619,2.090235128067434,0.0,229.0,2.0,2.0,2.0,0.9997043609619141,0.057423025369644165,0.004276524763554335,0.007577040232717991,1.0
230.0,5,mixed,True,True,True,True,True,0.8115490674972534,0.19374065101146698,-0.1538441777229309,1e-06,49.80089569091797,24.753655910491943,28.380859375,0.0,0.0,-0.1538441814482212,0.0,1.4361376762390137,0.15384413301944733,-0.652789831161499,1.4361376762390137,0.15384413301944733,-0.652789831161499,1.0,0.3125,0.0,1.0,0.3125,0.0,11828.0,11828.0,11828.0,11828.0,11828.0,0.0,0.0,197.5268327171022,59.88047212269157,11828.0,1.0,529.0,529.0,529.0,0.0,0.0625,392.0,210.25,108.0,0.0625,392.0,210.25,108.0,0.3992927074432373,0.0015426874160766602,0.00046087338705547154,0.00015023512241896242,0.0017011985182762146,8.267909288406372e-05,0.0028246641159057617,-0.0032709240913391113,1.0000847578048706,0.8004382252693176,2.2536027431488037,0.8005208969116211,2.253842830657959,0.0008512375732057998,14.864426639704,0.3973714000472058,0.0100684380158782,50.00393121596426,2.5618664929643273,,59.88047212269157,4.70010891975835,2.103544677142054,0.0,230.0,2.0,2.0,2.0,0.9997085332870483,0.05589580535888672,0.004120214842259884,0.007458093110471964,1.0
231.0,0,all_fail,False,False,False,False,False,0.7878796458244324,0.0,0.0,1e-06,49.74637985229492,24.753655910491943,28.380859375,0.0,0.0,0.0,0.0,0.0,0.0,0.0,0.0,0.0,0.0,0.0,0.0,0.0,0.0,0.0,0.0,19948.0,19948.0,19948.0,19948.0,19948.0,0.0,0.0,158.30716281459888,126.00819599907845,19948.0,1.0,964.0,964.0,964.0,0.0,0.0625,493.0,282.75,170.0,0.0625,493.0,282.75,170.0,-0.1258857250213623,-1.1444091796875e-05,0.000433247972978279,0.0008722506463527679,0.0014295540750026703,0.0008030571043491364,0.002891838550567627,-0.0018178820610046387,1.0008046627044678,0.7793391346931458,2.2009410858154297,0.7801421880722046,2.202641487121582,0.0005687220652924049,24.97977612517069,0.35251771718568403,0.011344867758452892,113.00850719027221,3.3544954410754144,,126.00819599907845,7.032023422420025,2.1010339851491153,0.0,231.0,2.0,2.0,2.0,0.9997075796127319,0.06180763244628906,0.003963917959481478,0.007465306203812361,1.0
232.0,0,all_fail,False,False,False,False,False,0.8052932620048523,0.0,0.0,1e-06,49.74943161010742,24.753655910491943,28.380859375,0.0,0.0,0.0,0.0,0.0,0.0,0.0,0.0,0.0,0.0,0.0,0.0,0.0,0.0,0.0,0.0,16972.0,16972.0,16972.0,16972.0,16972.0,0.0,0.0,158.9595549743321,106.7692974023521,16972.0,1.0,805.0,805.0,805.0,0.0,0.0625,505.0,255.75,124.0,0.0625,505.0,255.75,124.0,0.6043218374252319,0.0022509098052978516,0.0006811707862652838,0.00026555004296824336,0.0015303362160921097,0.00023450516164302826,0.0036922693252563477,-0.004892706871032715,1.0002367496490479,0.795352041721344,2.2510650157928467,0.7955865859985352,2.251356601715088,0.0005672188258865743,23.217807643963088,0.36067972194022363,0.00962683791294694,95.00726887909696,3.0454577491618693,,106.7692974023521,6.121456240769476,2.085754118859768,0.0,232.0,2.0,2.0,2.0,0.9995631575584412,0.13056513667106628,0.005117607302963734,0.008914671838283539,1.0
233.0,5,mixed,True,True,True,True,True,0.5908986330032349,0.13896574079990387,-0.12328970432281494,1e-06,49.77119064331055,24.753655910491943,28.380859375,0.0,0.0,-0.12328972294926643,0.0,1.4361376762390137,0.12328972667455673,-0.652789831161499,1.4361376762390137,0.12328972667455673,-0.652789831161499,1.0,0.3125,0.0,1.0,0.3125,0.0,12875.0,12875.0,12875.0,12875.0,12875.0,0.0,0.0,164.00626498101798,78.50309865595773,12875.0,1.0,533.0,533.0,533.0,0.0,0.0625,512.0,271.6875,145.0,0.0625,512.0,271.6875,145.0,-0.0637935996055603,0.0005128383636474609,0.00038624147418886423,0.0005180602893233299,0.001264494378119707,0.0005174535326659679,0.0030957460403442383,-0.002749800682067871,1.000518560409546,0.6568695902824402,1.9763941764831543,0.6573869585990906,1.977562427520752,0.0007634429460011639,15.644081796459256,0.4012286006970313,0.009829327929764986,68.00482356920838,2.7200192250311375,,78.50309865595773,5.165818233974278,2.102370765991509,0.0,233.0,2.0,2.0,2.0,0.9997230172157288,0.05964574217796326,0.00335135031491518,0.007099779788404703,1.0
234.0,0,all_fail,False,False,False,False,False,0.8196892142295837,0.0,0.0,1e-06,49.76559066772461,24.753655910491943,28.380859375,0.0,0.0,0.0,0.0,0.0,0.0,0.0,0.0,0.0,0.0,0.0,0.0,0.0,0.0,0.0,0.0,14706.0,14706.0,14706.0,14706.0,14706.0,0.0,0.0,162.81932673036962,90.3209729171358,14706.0,1.0,640.0,640.0,640.0,0.0,0.0625,512.0,279.125,143.0,0.0625,512.0,279.125,143.0,-0.14660197496414185,-9.059906005859375e-06,0.00045860177488066256,0.00092144007794559,0.0017989948391914368,0.0011684596538543701,0.006222784519195557,-0.0031746625900268555,1.0011714696884155,0.8477699160575867,2.392943859100342,0.8489383459091187,2.395265579223633,0.0006366715794734431,17.690516219725037,0.3934683047113926,0.009362892247736454,79.00584543729201,2.9256194280460477,,90.3209729171358,5.78634488908574,2.094512793235481,0.0,234.0,2.0,2.0,2.0,0.9996777176856995,0.05979347229003906,0.004283311311155558,0.007874398492276669,1.0
235.0,1,mixed,True,True,True,True,True,0.8743234872817993,0.18364062905311584,-0.051100634038448334,1e-06,49.76021194458008,24.753655910491943,28.380859375,0.0,0.0,-0.05110062658786774,0.0,3.7499847412109375,0.05110066756606102,-0.24999898672103882,3.7499847412109375,0.05110066756606102,-0.24999898672103882,1.0,0.0625,0.0,1.0,0.0625,0.0,10417.0,10417.0,10417.0,10417.0,10417.0,0.0,0.0,124.94736234334212,83.3711076779291,10417.0,1.0,441.0,441.0,441.0,0.0,0.0625,512.0,210.0625,134.0,0.0625,512.0,210.0625,134.0,0.022120237350463867,0.0006598234176635742,0.0004654792428482324,0.000602342770434916,0.0018211491405963898,0.0007040388882160187,0.0057280659675598145,-0.002254962921142578,1.0007067918777466,0.8675038814544678,2.5517923831939697,0.8682080507278442,2.5526692867279053,0.0009323951556779401,22.018893587917567,0.41615656817815944,0.009712760336697102,74.00550134899095,2.4411776992492378,,83.3711076779291,4.335102970711887,2.0804238757118583,0.0,235.0,2.0,2.0,2.0,0.999687910079956,0.05968031287193298,0.004389523528516293,0.007798794191330671,1.0
236.0,0,all_fail,False,False,False,False,False,0.8987849354743958,0.0,0.0,1e-06,49.75506591796875,24.753655910491943,28.380859375,0.0,0.0,0.0,0.0,0.0,0.0,0.0,0.0,0.0,0.0,0.0,0.0,0.0,0.0,0.0,0.0,16084.0,16084.0,16084.0,16084.0,16084.0,0.0,0.0,155.33804631086022,103.5419228062965,16084.0,1.0,766.0,766.0,766.0,0.0,0.0625,413.0,239.25,92.0,0.0625,413.0,239.25,92.0,-0.08391886949539185,0.0002435445785522461,0.00048014812637120485,0.0008376059704460204,0.001531708985567093,0.0007541440427303314,0.00330507755279541,-0.0018984675407409668,1.0007559061050415,0.9267199635505676,2.5797128677368164,0.9274740815162659,2.58132266998291,0.0005843289459605503,24.03509690277395,0.3701588674546867,0.00939834676682949,92.00635094381869,2.986466073896736,,103.5419228062965,5.9536352241411805,2.0865745558403432,0.0,236.0,2.0,2.0,2.0,0.9996668100357056,0.05134880542755127,0.004622646141797304,0.00788471195846796,1.0
237.0,0,all_fail,False,False,False,False,False,0.9307594895362854,0.0,0.0,1e-06,49.84981918334961,24.753655910491943,28.380859375,0.0,0.0,0.0,0.0,0.0,0.0,0.0,0.0,0.0,0.0,0.0,0.0,0.0,0.0,0.0,0.0,11625.0,11625.0,11625.0,11625.0,11625.0,0.0,0.0,111.93579426267674,103.8541788761504,11625.0,1.0,487.0,487.0,487.0,0.0,0.0625,443.0,239.5625,135.0,0.0625,443.0,239.5625,135.0,0.35711753368377686,0.0004222393035888672,0.000481899973237887,0.0007536859484389424,0.0020226798951625824,0.0007935576140880585,0.0034148693084716797,-0.004186034202575684,1.0007961988449097,0.965692937374115,2.7514960765838623,0.9664864540100098,2.754204273223877,0.0008405676532176233,24.52566384398829,0.4014581944993747,0.009771598968654871,94.00686951400712,2.5632035159505904,,103.8541788761504,4.666951511055231,2.1060925661586225,0.0,237.0,2.0,2.0,2.0,0.9996898770332336,0.05159175395965576,0.0044755288399755955,0.00784335471689701,1.0
238.0,0,all_fail,False,False,False,False,False,0.7680178880691528,0.0,0.0,1e-06,49.779151916503906,24.753655910491943,28.380859375,0.0,0.0,0.0,0.0,0.0,0.0,0.0,0.0,0.0,0.0,0.0,0.0,0.0,0.0,0.0,0.0,13984.0,13984.0,13984.0,13984.0,13984.0,0.0,0.0,153.57377211340835,91.05721509316936,13984.0,1.0,567.0,567.0,567.0,0.0,0.1875,512.0,307.0,64.0,0.1875,512.0,307.0,64.0,1.321014165878296,0.0021500587463378906,0.00047042666119523346,-0.0001320014998782426,0.001985359936952591,-0.0006555728614330292,0.002688169479370117,-0.01053166389465332,0.9993492960929871,0.9033225774765015,2.8982956409454346,0.9026669859886169,2.8901288509368896,0.0007444102497178916,16.287823822648882,0.3986753802000624,0.010409832932054996,80.0057906168513,2.855504585430026,,91.05721509316936,5.575076516717672,2.1090956162661314,0.0,238.0,2.0,2.0,2.0,0.9996626973152161,0.05885457992553711,0.004288045689463615,0.008011273108422756,1.0
239.0,0,all_fail,False,False,False,False,False,0.6634709239006042,0.0,0.0,1e-06,49.80661392211914,24.753655910491943,28.380859375,0.0,0.0,0.0,0.0,0.0,0.0,0.0,0.0,0.0,0.0,0.0,0.0,0.0,0.0,0.0,0.0,14889.0,14889.0,14889.0,14889.0,14889.0,0.0,0.0,205.53953902716427,72.43861726298928,14889.0,1.0,654.0,654.0,654.0,0.0,0.1875,512.0,276.5625,111.0,0.1875,512.0,276.5625,111.0,0.42083775997161865,0.0018683671951293945,0.0003848640772048384,-0.00016231733025051653,0.0014774017035961151,0.00010951980948448181,0.00429987907409668,-0.003315567970275879,1.0001113414764404,0.7338342666625977,2.1482207775115967,0.7339438199996948,2.148843765258789,0.0006783323532483425,13.78628515980422,0.39508579730706317,0.010099690407514572,61.00431183213368,2.957005489151925,,72.43861726298928,5.882432436104864,2.085081930272281,0.0,239.0,2.0,2.0,2.0,0.9996739625930786,0.06137403845787048,0.0038393312133848667,0.007558922749012709,1.0
240.0,0,all_fail,False,False,False,False,False,0.8013663291931152,0.0,0.0,1e-06,49.773956298828125,24.957416534423828,28.380859375,0.0,0.0,0.0,0.0,0.0,0.0,0.0,0.0,0.0,0.0,0.0,0.0,0.0,0.0,0.0,0.0,11767.0,11767.0,11767.0,11767.0,11767.0,0.0,0.0,120.93658234848398,97.29892950085923,11767.0,1.0,453.0,453.0,453.0,0.0,0.1875,512.0,282.4375,152.0,0.1875,512.0,282.4375,152.0,0.6818273067474365,0.0021305084228515625,0.0004805772623512894,-0.00010144499538000673,0.0017565526068210602,-3.145262598991394e-05,0.004466235637664795,-0.004335761070251465,0.9999707341194153,0.8419927358627319,2.3824801445007324,0.8419612646102905,2.381939172744751,0.0008124879668925404,19.253470686588518,0.4229416499384336,0.009560545906424522,87.0064340326935,2.7164692441001534,,97.29892950085923,4.976754394825548,2.089109096676111,0.0,240.0,2.0,2.0,2.0,0.9996761679649353,0.05815279483795166,0.004353048279881477,0.0077747562900185585,1.0
241.0,0,all_fail,False,False,False,False,False,0.8733819723129272,0.0,0.0,1e-06,49.800785064697266,24.957416534423828,28.380859375,0.0,0.0,0.0,0.0,0.0,0.0,0.0,0.0,0.0,0.0,0.0,0.0,0.0,0.0,0.0,0.0,19360.0,19360.0,19360.0,19360.0,19360.0,0.0,0.0,169.75513904568479,114.04662096733227,19360.0,1.0,950.0,950.0,950.0,0.0,0.0625,502.0,260.0,126.0,0.0625,502.0,260.0,126.0,0.14241361618041992,0.0004897117614746094,0.0004495715256780386,0.0006556196603924036,0.001798674464225769,0.0005785226821899414,0.005178570747375488,-0.0037964582443237305,1.0005810260772705,0.8693554401397705,2.430314540863037,0.8699338436126709,2.4314498901367188,0.0005278212243444787,24.280740480081967,0.3648027931849957,0.010218618903309107,101.00788039714098,3.379395741969347,,114.04662096733227,7.062582076061517,2.086243802215904,0.0,241.0,2.0,2.0,2.0,0.9996926188468933,0.06257510185241699,0.004321723245084286,0.007679244969040155,1.0
242.0,2,mixed,True,True,True,True,True,0.6018229722976685,0.18782107532024384,-0.10395669937133789,1e-06,49.78819274902344,24.957416534423828,28.380859375,0.0,0.0,-0.10395670682191849,0.0,2.561730146408081,0.1039566844701767,-0.3659614622592926,2.561730146408081,0.1039566844701767,-0.3659614622592926,1.0,0.125,0.0,1.0,0.125,0.0,10248.0,10248.0,10248.0,10248.0,10248.0,0.0,0.0,176.1493888450791,58.177891318220645,10248.0,1.0,424.0,424.0,424.0,0.0,0.0625,315.0,216.5,112.0,0.0625,315.0,216.5,112.0,-0.02229893207550049,0.0006541013717651367,0.0003795060911215842,0.0004343902401160449,0.0013104081153869629,0.0006180554628372192,0.0031795501708984375,-0.0014683306217193604,1.0006191730499268,0.6052879095077515,1.8560032844543457,0.605906069278717,1.8573987483978271,0.0009728646688134199,14.146685007315421,0.4079097565746983,0.009969917125999928,49.00411686534062,2.385418256279081,,58.177891318220645,4.180259185377508,2.097046982962638,0.0,242.0,2.0,2.0,2.0,0.9996655583381653,0.056692689657211304,0.0038755449932068586,0.007518737111240625,1.0
243.0,5,mixed,True,True,True,True,True,0.7409957647323608,0.18783622980117798,0.010225251317024231,1e-06,49.778953552246094,24.957416534423828,28.380859375,0.0,0.0,0.010225251317024231,0.0,1.4361376762390137,-0.01022532768547535,-0.652789831161499,1.4361376762390137,-0.01022532768547535,-0.652789831161499,1.0,0.3125,0.0,1.0,0.3125,0.0,13028.0,13028.0,13028.0,13028.0,13028.0,0.0,0.0,150.77334402537406,86.40784671995789,13028.0,1.0,594.0,594.0,594.0,0.0,0.0625,474.0,220.25,93.0,0.0625,474.0,220.25,93.0,-0.08515071868896484,2.872943878173828e-05,0.00039116546395234764,0.0007674988592043519,0.0016309581696987152,0.0007894113659858704,0.004185080528259277,-0.0029865503311157227,1.0007914304733276,0.8367627263069153,2.382556676864624,0.8375520706176758,2.3846616744995117,0.0007336087897191173,21.568008176570125,0.39230529391908797,0.009557455312460661,76.00566081423312,2.699923461303115,,86.40784671995789,5.110953369177878,2.08244952512905,0.0,243.0,2.0,2.0,2.0,0.999682605266571,0.06044742465019226,0.004081412218511105,0.007777704857289791,1.0
244.0,0,all_fail,False,False,False,False,False,0.7580230236053467,0.0,0.0,1e-06,49.83384323120117,24.957416534423828,28.380859375,0.0,0.0,0.0,0.0,0.0,0.0,0.0,0.0,0.0,0.0,0.0,0.0,0.0,0.0,0.0,0.0,14552.0,14552.0,14552.0,14552.0,14552.0,0.0,0.0,223.50912292185777,65.1069621220231,14552.0,1.0,631.0,631.0,631.0,0.0,0.0625,490.0,278.5,129.0,0.0625,490.0,278.5,129.0,0.5499043464660645,0.0013900995254516602,0.0004572957113850862,0.00022177053324412555,0.001447940245270729,0.00014866329729557037,0.002062499523162842,-0.004098832607269287,1.0001503229141235,0.7496098875999451,2.1379263401031494,0.7497586011886597,2.1384823322296143,0.0007373152247979754,12.119439657095358,0.38558110005184887,0.010729411151260138,54.004223112016916,2.866743986029178,,65.1069621220231,5.6109761679545045,2.1147558921948075,0.0,244.0,2.0,2.0,2.0,0.9996621012687683,0.06210401654243469,0.004322843160480261,0.007863025180995464,1.0
245.0,0,all_fail,False,False,False,False,False,0.8913652300834656,0.0,0.0,1e-06,49.79627990722656,24.957416534423828,28.380859375,0.0,0.0,0.0,0.0,0.0,0.0,0.0,0.0,0.0,0.0,0.0,0.0,0.0,0.0,0.0,0.0,18450.0,18450.0,18450.0,18450.0,18450.0,0.0,0.0,240.88530183705979,76.59246894391254,18450.0,1.0,914.0,914.0,914.0,0.0,0.0625,512.0,239.125,139.0,0.0625,512.0,239.125,139.0,0.02798748016357422,0.00031745433807373047,0.00047768864897079766,0.0007979046204127371,0.001898389309644699,0.0006033740937709808,0.0037387609481811523,-0.004030108451843262,1.000605821609497,0.959714949131012,2.729336738586426,0.9603182077407837,2.7304322719573975,0.0005166060202893849,16.72886115471091,0.3634116646699951,0.009531381074339151,64.00462277792394,3.228562168776989,,76.59246894391254,6.704945213161409,2.143701537977904,0.0,245.0,2.0,2.0,2.0,0.9997022747993469,0.060765236616134644,0.004267290234565735,0.007590285036712885,1.0
246.0,0,all_fail,False,False,False,False,False,0.9326364994049072,0.0,0.0,1e-06,49.82357406616211,24.957416534423828,28.380859375,0.0,0.0,0.0,0.0,0.0,0.0,0.0,0.0,0.0,0.0,0.0,0.0,0.0,0.0,0.0,0.0,11889.0,11889.0,11889.0,11889.0,11889.0,0.0,0.0,152.4219232630977,78.00059037096798,11889.0,1.0,487.0,487.0,487.0,0.0,0.0625,512.0,256.0625,127.0,0.0625,512.0,256.0625,127.0,0.5301740169525146,0.00203549861907959,0.0004957482451573014,-2.054467586276587e-05,0.0014663226902484894,-2.3093074560165405e-05,0.002455770969390869,-0.004249691963195801,0.9999785423278809,0.9356295466423035,2.5973737239837646,0.9356063604354858,2.5968663692474365,0.0007855553947347138,16.59880842320659,0.403534732784066,0.009339468088001013,68.00531810987741,2.599430193193257,,78.00059037096798,4.797624438069761,2.0890086139552295,0.0,246.0,2.0,2.0,2.0,0.9996914863586426,0.11819246411323547,0.004375245422124863,0.007745217066258192,1.0
247.0,0,all_fail,False,False,False,False,False,0.7079126834869385,0.0,0.0,1e-06,49.802581787109375,24.957416534423828,28.380859375,0.0,0.0,0.0,0.0,0.0,0.0,0.0,0.0,0.0,0.0,0.0,0.0,0.0,0.0,0.0,0.0,14509.0,14509.0,14509.0,14509.0,14509.0,0.0,0.0,185.78615791848685,78.095161461737,14509.0,1.0,601.0,601.0,601.0,0.0,0.0625,472.0,305.8125,125.0,0.0625,472.0,305.8125,125.0,-0.19596892595291138,0.0005173683166503906,0.0004262338625267148,0.0005906362785026431,0.0009308978915214539,0.0006076395511627197,0.003275573253631592,-0.001234591007232666,1.0006084442138672,0.695082426071167,2.0185773372650146,0.6956901550292969,2.019815444946289,0.0007137189491442246,13.694165578946066,0.3880645184466295,0.010355348233133554,67.0055521777831,2.8676170189864933,,78.095161461737,5.630428098142147,2.0817500189878047,0.0,247.0,2.0,2.0,2.0,0.9996676445007324,0.09839600324630737,0.004145660437643528,0.007733132224529982,1.0
248.0,1,mixed,True,True,True,True,True,0.8817409873008728,0.14415322244167328,0.04551731050014496,1e-06,49.855224609375,24.957416534423828,28.380859375,0.0,0.0,0.04551731050014496,0.0,3.7499847412109375,-0.04551731050014496,-0.24999898672103882,3.7499847412109375,-0.04551731050014496,-0.24999898672103882,1.0,0.0625,0.0,1.0,0.0625,0.0,13203.0,13203.0,13203.0,13203.0,13203.0,0.0,0.0,192.6781555080431,68.52359555335715,13203.0,1.0,577.0,577.0,577.0,0.0,0.0625,512.0,248.1875,124.0,0.0625,512.0,248.1875,124.0,0.7630801200866699,0.001264810562133789,0.0004690455098170787,0.0003065144410356879,0.0017589554190635681,0.0005720779299736023,0.00605618953704834,-0.003663301467895508,1.0005744695663452,0.915401041507721,2.56563401222229,0.9159731268882751,2.5675885677337646,0.0007776202443381345,14.607065351521847,0.3940345063305602,0.01026692008599639,58.004656510893255,2.731310761999339,,68.52359555335715,5.202437587082386,2.0740112368948758,0.0,248.0,2.0,2.0,2.0,0.999687910079956,0.0635383129119873,0.0043983361683785915,0.007882258854806423,1.0
249.0,0,all_fail,False,False,False,False,False,0.6619085669517517,0.0,0.0,1e-06,49.82722091674805,24.957416534423828,28.380859375,0.0,0.0,0.0,0.0,0.0,0.0,0.0,0.0,0.0,0.0,0.0,0.0,0.0,0.0,0.0,0.0,9502.0,9502.0,9502.0,9502.0,9502.0,0.0,0.0,111.43867384301817,85.26662847213447,9502.0,1.0,291.0,291.0,291.0,0.0,0.0625,512.0,302.875,125.0,0.0625,512.0,302.875,125.0,-0.22781723737716675,0.0002319812774658203,0.0004147093277424574,0.0007138127111829817,0.0011410508304834366,0.0009431038051843643,0.0031058788299560547,-0.0007045269012451172,1.0009443759918213,0.7229450941085815,2.152031660079956,0.7238882780075073,2.1538548469543457,0.0010383492004392121,15.684153549672956,0.44604173799303554,0.009866394102573395,76.00540810171515,2.4217869518324733,,85.26662847213447,4.238288594409823,2.091812254860997,0.0,249.0,2.0,2.0,2.0,0.9997010231018066,0.07946950197219849,0.0036433928180485964,0.007491342723369598,1.0
250.0,1,mixed,True,True,True,True,True,0.6630518436431885,0.16381658613681793,-0.028918787837028503,1e-06,49.811100006103516,24.957416534423828,28.380859375,0.0,0.0,-0.028918791562318802,0.0,3.7499847412109375,0.028918758034706116,-0.24999898672103882,3.7499847412109375,0.028918758034706116,-0.24999898672103882,1.0,0.0625,0.0,1.0,0.0625,0.0,12948.0,12948.0,12948.0,12948.0,12948.0,0.0,0.0,179.16188512867964,72.2698356891051,12948.0,1.0,578.0,578.0,578.0,0.0,0.0625,470.0,231.25,148.0,0.0625,470.0,231.25,148.0,0.38006627559661865,0.0019626617431640625,0.0003875756810884923,-0.0002044496068265289,0.0012154094874858856,-0.00023828446865081787,0.00212174654006958,-0.003017902374267578,0.9997629523277283,0.6578962802886963,1.953234076499939,0.657658040523529,1.952648401260376,0.0008430413152029347,16.758075654003267,0.38568754642332936,0.010915698949247599,62.00487991981208,2.6604914106428623,,72.2698356891051,4.993882351089269,2.09784522280097,0.0,250.0,2.0,2.0,2.0,0.9996793270111084,0.07678794860839844,0.0038477799389511347,0.007536496501415968,1.0
251.0,1,mixed,True,True,True,True,True,0.6157964468002319,0.11730874329805374,0.08102461695671082,1e-06,49.802772521972656,24.957416534423828,28.380859375,0.0,0.0,0.08102462440729141,0.0,3.7499847412109375,-0.08102459460496902,-0.24999898672103882,3.7499847412109375,-0.08102459460496902,-0.24999898672103882,1.0,0.0625,0.0,1.0,0.0625,0.0,17424.0,17424.0,17424.0,17424.0,17424.0,0.0,0.0,231.85682604230672,75.14982542209327,17424.0,1.0,728.0,728.0,728.0,0.0,0.1875,512.0,361.0,137.0,0.1875,512.0,361.0,137.0,-0.1916521191596985,0.00011587142944335938,0.00039058655966073275,0.0007243317668326199,0.0011389045976102352,0.0007567792199552059,0.0025553107261657715,-0.0011560320854187012,1.0007575750350952,0.6864447593688965,2.147050380706787,0.6872015595436096,2.1486051082611084,0.0005777932682542406,10.90805227195888,0.36833476665074005,0.010067469906061888,63.004909922834486,3.1365704983472824,,75.14982542209327,6.4178649741224945,2.0793177438899875,0.0,251.0,2.0,2.0,2.0,0.9996740818023682,0.08394727110862732,0.0037254909984767437,0.007590265944600105,1.0
252.0,0,all_fail,False,False,False,False,False,0.7628231644630432,0.0,0.0,1e-06,49.867679595947266,24.957416534423828,28.380859375,0.0,0.0,0.0,0.0,0.0,0.0,0.0,0.0,0.0,0.0,0.0,0.0,0.0,0.0,0.0,0.0,12316.0,12316.0,12316.0,12316.0,12316.0,0.0,0.0,133.70232119256423,92.11507990397513,12316.0,1.0,512.0,512.0,512.0,0.0,0.0625,463.0,257.75,112.0,0.0625,463.0,257.75,112.0,0.07985401153564453,0.000952601432800293,0.0004922822117805481,0.000510665588080883,0.0016390606760978699,0.0004949420690536499,0.005378782749176025,-0.0028249621391296387,1.0004969835281372,0.7795077562332153,2.2004599571228027,0.7800025939941406,2.2016220092773438,0.0007612477294125507,19.885060845225667,0.3972857290368918,0.009375527035444975,82.00599092571065,2.6173930559307337,,92.11507990397513,4.892971038818359,2.0875487751327455,0.0,252.0,2.0,2.0,2.0,0.9996430277824402,0.13474148511886597,0.004289217758923769,0.008327741175889969,1.0
253.0,0,all_fail,False,False,False,False,False,0.7954072952270508,0.0,0.0,1e-06,49.85738754272461,24.957416534423828,28.380859375,0.0,0.0,0.0,0.0,0.0,0.0,0.0,0.0,0.0,0.0,0.0,0.0,0.0,0.0,0.0,0.0,19313.0,19313.0,19313.0,19313.0,19313.0,0.0,0.0,163.42339999718052,118.17769058980048,19313.0,1.0,926.0,926.0,926.0,0.0,0.125,512.0,281.0625,72.0,0.125,512.0,281.0625,72.0,0.2017197608947754,0.0011214017868041992,0.0005144231836311519,0.0004667972680181265,0.0019908808171749115,0.001159030944108963,0.006552457809448242,-0.002312302589416504,1.0011632442474365,0.9657033681869507,2.945742130279541,0.9668623805046082,2.9525442123413086,0.000536955301059383,23.35064459657547,0.36758647282894635,0.010370217729359865,105.0078487507999,3.371662639081478,,118.17769058980048,7.0991975497454405,2.185020722914487,0.0,253.0,2.0,2.0,2.0,0.9997024536132812,0.056987255811691284,0.0041708992794156075,0.007677997928112745,1.0
254.0,0,all_fail,False,False,False,False,False,0.7726002931594849,0.0,0.0,1e-06,49.83323287963867,24.957416534423828,28.380859375,0.0,0.0,0.0,0.0,0.0,0.0,0.0,0.0,0.0,0.0,0.0,0.0,0.0,0.0,0.0,0.0,17217.0,17217.0,17217.0,17217.0,17217.0,0.0,0.0,218.38489891238768,78.8378687617369,17217.0,1.0,812.0,812.0,812.0,0.0,0.0625,410.0,264.0625,128.0,0.0625,410.0,264.0625,128.0,0.48232364654541016,0.00186920166015625,0.0004645196022465825,-6.687909262836911e-06,0.0015421956777572632,1.934915781021118e-05,0.0038141608238220215,-0.0034404993057250977,1.00002121925354,0.7788817882537842,2.2429847717285156,0.778901219367981,2.242844343185425,0.0005748788060478379,15.859243640091998,0.358970010099332,0.009897688403725624,67.00530437938869,3.0602651783265173,,78.8378687617369,6.180386663880199,2.0797329833731055,0.0,254.0,2.0,2.0,2.0,0.9996826648712158,0.05761033296585083,0.004284158814698458,0.007680756971240044,1.0
255.0,0,all_fail,False,False,False,False,False,0.8524063229560852,0.0,0.0,1e-06,49.8393440246582,24.957416534423828,28.380859375,0.0,0.0,0.0,0.0,0.0,0.0,0.0,0.0,0.0,0.0,0.0,0.0,0.0,0.0,0.0,0.0,15609.0,15609.0,15609.0,15609.0,15609.0,0.0,0.0,159.9565735477533,97.58273545000702,15609.0,1.0,732.0,732.0,732.0,0.0,0.0625,481.0,243.5625,146.0,0.0625,481.0,243.5625,146.0,0.680579662322998,0.002552628517150879,0.0005043675773777068,-0.00026542218984104693,0.0016551539301872253,-0.0002598688006401062,0.0032444000244140625,-0.0031336545944213867,0.9997419118881226,0.8955143690109253,2.5130157470703125,0.8952544927597046,2.5125503540039062,0.0006268925626408214,22.069915968156188,0.38092958503599367,0.009785166010260582,86.00646252790466,2.9806460007093847,,97.58273545000702,5.945929892826825,2.1387323131784797,0.0,255.0,2.0,2.0,2.0,0.9997125864028931,0.0780261754989624,0.004162652883678675,0.007566903252154589,1.0
256.0,0,all_fail,False,False,False,False,False,0.7840127348899841,0.0,0.0,1e-06,49.82818603515625,24.957416534423828,28.380859375,0.0,0.0,0.0,0.0,0.0,0.0,0.0,0.0,0.0,0.0,0.0,0.0,0.0,0.0,0.0,0.0,21469.0,21469.0,21469.0,21469.0,21469.0,0.0,0.0,252.87198710023833,84.90066553512588,21469.0,1.0,1027.0,1027.0,1027.0,0.0,0.125,512.0,314.8125,121.0,0.125,512.0,314.8125,121.0,0.33448851108551025,0.0011507272720336914,0.000423105841036886,0.00027220253832638264,0.0017589367926120758,0.00010857358574867249,0.004025101661682129,-0.0030964016914367676,1.0001106262207031,0.8240772485733032,2.376488208770752,0.8241857886314392,2.376891851425171,0.00044160753605145756,14.09676116237597,0.3608488255227746,0.009480872191488743,71.00538597488776,3.558665901888162,,84.90066553512588,7.747063435148448,2.0801575030200183,0.0,256.0,2.0,2.0,2.0,0.999714732170105,0.10681968927383423,0.0038715950213372707,0.00757903466001153,1.0
257.0,10,mixed,True,True,True,True,True,0.5809168815612793,0.14017382264137268,-0.04812824726104736,1e-06,49.9309196472168,24.957416534423828,28.380859375,0.0,0.0,-0.04812825284898281,0.0,0.7499985098838806,0.04812822490930557,-1.2499974966049194,0.7499985098838806,0.04812822490930557,-1.2499974966049194,1.0,0.625,0.0,1.0,0.625,0.0,10696.0,10696.0,10696.0,10696.0,10696.0,0.0,0.0,176.47576969031613,60.608887094073,10696.0,1.0,388.0,388.0,388.0,0.0,0.0625,512.0,280.5,120.0,0.0625,512.0,280.5,120.0,0.08335244655609131,0.000560760498046875,0.0003864322497975081,0.0004937207559123635,0.0015081334859132767,0.000533493235707283,0.0030612945556640625,-0.0024123191833496094,1.0005348920822144,0.5708822011947632,1.7815172672271729,0.5714156627655029,1.7823944091796875,0.0008903545252254363,11.364565481479096,0.4215514174681338,0.009523232001811266,51.00416988087818,2.494473133701831,,60.608887094073,4.508913961239159,2.088370703160763,0.0,257.0,2.0,2.0,2.0,0.999657928943634,0.05992335081100464,0.003832668298855424,0.0075293900445103645,1.0
258.0,0,all_fail,False,False,False,False,False,0.6809264421463013,0.0,0.0,1e-06,49.85071563720703,24.957416534423828,28.380859375,0.0,0.0,0.0,0.0,0.0,0.0,0.0,0.0,0.0,0.0,0.0,0.0,0.0,0.0,0.0,0.0,19039.0,19039.0,19039.0,19039.0,19039.0,0.0,0.0,207.4805039127757,91.76283863279969,19039.0,1.0,868.0,868.0,868.0,0.0,0.0625,512.0,321.9375,162.0,0.0625,512.0,321.9375,162.0,0.023294925689697266,3.5881996154785156e-05,0.00039830742753110826,0.000777140783611685,0.0015463437885046005,0.0008840952068567276,0.005428194999694824,-0.0017795860767364502,1.00088632106781,0.6689497232437134,1.9682077169418335,0.6698338985443115,1.9699547290802002,0.0005181356082694409,15.338029680074627,0.3603593901434101,0.009864783845841885,79.0061908820644,3.294902488589287,,91.76283863279969,6.860882428940386,2.089960058685392,0.0,258.0,2.0,2.0,2.0,0.9996522665023804,0.06188845634460449,0.004052385687828064,0.007891452871263027,1.0
259.0,2,mixed,True,True,True,True,True,0.7032884359359741,0.19646510481834412,-0.26500654220581055,1e-06,49.85666275024414,24.957416534423828,28.380859375,0.0,0.0,-0.26500653475522995,0.0,2.561730146408081,0.26500651240348816,-0.3659614622592926,2.561730146408081,0.26500651240348816,-0.3659614622592926,1.0,0.125,0.0,1.0,0.125,0.0,17408.0,17408.0,17408.0,17408.0,17408.0,0.0,0.0,206.7624940920816,84.19321926077828,17408.0,1.0,856.0,856.0,856.0,0.0,0.125,512.0,232.0,117.0,0.125,512.0,232.0,117.0,0.02218484878540039,0.0003458261489868164,0.00046317034866660833,0.0007558446959592402,0.0016359984874725342,0.0008488595485687256,0.005272269248962402,-0.001713097095489502,1.0008511543273926,0.7234774827957153,2.0909082889556885,0.7243263125419617,2.0927746295928955,0.0005397864429944414,19.397930631134056,0.36951719732100813,0.009396602399647236,72.00511850276962,3.133457464631647,,84.19321926077828,6.43255537096411,2.112533080857247,0.0,259.0,2.0,2.0,2.0,0.9996589422225952,0.05844682455062866,0.004234401509165764,0.007931622676551342,1.0
260.0,0,all_fail,False,False,False,False,False,0.936166524887085,0.0,0.0,1e-06,51.564414978027344,24.957416534423828,28.380859375,0.0,0.0,0.0,0.0,0.0,0.0,0.0,0.0,0.0,0.0,0.0,0.0,0.0,0.0,0.0,0.0,10321.0,10321.0,10321.0,10321.0,10321.0,0.0,0.0,134.45720292571113,76.76048419438303,10321.0,1.0,414.0,414.0,414.0,0.0,0.0625,364.0,231.0625,131.0,0.0625,364.0,231.0625,131.0,0.5097613334655762,0.0011744499206542969,0.0004625765432137996,0.0003394742379896343,0.0021851249039173126,5.836412310600281e-05,0.006166696548461914,-0.007364213466644287,1.0000627040863037,0.9548794627189636,2.9059669971466064,0.9549378156661987,2.907163381576538,0.0010053061866365238,18.260791607695857,0.41065239170204354,0.010375765152275562,67.51014657365158,2.40848690783605,,76.76048419438303,4.238343334756792,2.092974958010018,0.0,260.0,2.0,2.0,2.0,0.9997190833091736,0.05811372399330139,0.004175964742898941,0.007598750293254852,1.0
261.0,7,mixed,True,True,True,True,True,0.5815088152885437,0.14115305244922638,-0.12769925594329834,1e-06,51.536502838134766,24.957416534423828,28.380859375,0.0,0.0,-0.12769924849271774,0.0,1.0978854894638062,0.12769924104213715,-0.8539109230041504,1.0978854894638062,0.12769924104213715,-0.8539109230041504,1.0,0.4375,0.0,1.0,0.4375,0.0,11365.0,11365.0,11365.0,11365.0,11365.0,0.0,0.0,118.520030167564,95.89096445497125,11365.0,1.0,422.0,422.0,422.0,0.0,0.0625,512.0,288.3125,128.0,0.0625,512.0,288.3125,128.0,0.39674901962280273,0.0013382434844970703,0.0003863093152176589,0.00010453576396685094,0.0012420490384101868,-9.413808584213257e-06,0.0026404857635498047,-0.003660917282104492,0.9999917149543762,0.5930080413818359,1.8168936967849731,0.5929986834526062,1.8168028593063354,0.0008391061928033094,18.64433115745541,0.41198912131965976,0.009536441881209612,86.00629962934181,2.550935403909534,,95.89096445497125,4.682256363797933,2.141652998048812,0.0,261.0,2.0,2.0,2.0,0.9996569752693176,0.05054199695587158,0.0038617639802396297,0.0075861606746912,1.0
262.0,1,mixed,True,True,True,True,True,0.8423755764961243,0.16426697373390198,-0.00658164918422699,1e-06,51.5872917175293,24.957416534423828,28.380859375,0.0,0.0,-0.006581645458936691,0.0,3.7499847412109375,0.00658161798492074,-0.24999898672103882,3.7499847412109375,0.00658161798492074,-0.24999898672103882,1.0,0.0625,0.0,1.0,0.0625,0.0,13282.0,13282.0,13282.0,13282.0,13282.0,0.0,0.0,187.9601137610952,70.66392828896642,13282.0,1.0,531.0,531.0,531.0,0.0,0.0625,481.0,299.125,150.0,0.0625,481.0,299.125,150.0,-0.12008655071258545,0.0006464719772338867,0.0004758273425977677,0.0006278331275098026,0.0011603347957134247,0.0006556175649166107,0.0034027099609375,-0.001105189323425293,1.0006566047668457,0.8560305237770081,2.383359432220459,0.8566861152648926,2.3849029541015625,0.0007247608090502511,12.537540461419706,0.3984464731299093,0.009626273065805435,60.00466864835471,2.753071574959904,,70.66392828896642,5.292166056111455,2.104256621096283,0.0,262.0,2.0,2.0,2.0,0.9996833205223083,0.05805507302284241,0.004315291065722704,0.007869673892855644,1.0
263.0,0,all_fail,False,False,False,False,False,0.5668931007385254,0.0,0.0,1e-06,51.611270904541016,24.957416534423828,28.380859375,0.0,0.0,0.0,0.0,0.0,0.0,0.0,0.0,0.0,0.0,0.0,0.0,0.0,0.0,0.0,0.0,9411.0,9411.0,9411.0,9411.0,9411.0,0.0,0.0,149.21192038614933,63.07136839767918,9411.0,1.0,330.0,330.0,330.0,0.0,0.0625,411.0,258.1875,121.0,0.0625,411.0,258.1875,121.0,0.39988958835601807,0.001872420310974121,0.0003823160659521818,-0.00016661490371916443,0.0011490192264318466,-0.0003689434379339218,0.0027147531509399414,-0.002689361572265625,0.9996320605278015,0.5649374723434448,1.7672783136367798,0.5645685195922852,1.7665228843688965,0.0009980741874430134,13.072966013840485,0.4343147428284516,0.0093928761780262,54.004422603175044,2.350813346914947,,63.07136839767918,4.087336044758558,2.1168426419608295,0.0,263.0,2.0,2.0,2.0,0.9996563196182251,0.09359484910964966,0.0038173638749867678,0.00761336088180542,1.0
264.0,0,all_fail,False,False,False,False,False,0.8576029539108276,0.0,0.0,1e-06,51.52387619018555,24.957416534423828,28.380859375,0.0,0.0,0.0,0.0,0.0,0.0,0.0,0.0,0.0,0.0,0.0,0.0,0.0,0.0,0.0,0.0,18814.0,18814.0,18814.0,18814.0,18814.0,0.0,0.0,188.79326537569295,99.6539784539491,18814.0,1.0,882.0,882.0,882.0,0.0,0.125,512.0,293.875,165.0,0.125,512.0,293.875,165.0,0.3128474950790405,0.0015932321548461914,0.000494669598992914,0.00019421239267103374,0.0013915486633777618,0.0003829188644886017,0.0033916831016540527,-0.002704143524169922,1.0003844499588013,0.8760839700698853,2.477546453475952,0.8764668107032776,2.4784257411956787,0.0005116140173097289,18.5042063012182,0.3603280374563084,0.00962550612166524,87.00677802832797,3.2534120809286833,,99.6539784539491,6.779211696702987,2.0992703307420015,0.0,264.0,2.0,2.0,2.0,0.999709963798523,0.061412513256073,0.004243603441864252,0.007627542596310377,1.0
265.0,0,all_fail,False,False,False,False,False,0.679866373538971,0.0,0.0,1e-06,50.52674102783203,24.957416534423828,28.380859375,0.0,0.0,0.0,0.0,0.0,0.0,0.0,0.0,0.0,0.0,0.0,0.0,0.0,0.0,0.0,0.0,14568.0,14568.0,14568.0,14568.0,14568.0,0.0,0.0,116.3593396667284,125.1983729172498,14568.0,1.0,638.0,638.0,638.0,0.0,0.0625,512.0,272.5,143.0,0.0625,512.0,272.5,143.0,-0.13875246047973633,-0.000573277473449707,0.00045226752990856767,0.0011883169645443559,0.0017009880393743515,0.001186629757285118,0.005982756614685059,-0.003645598888397217,1.0011893510818481,0.709652304649353,2.084177255630493,0.7108389139175415,2.0867481231689453,0.0006622432939245896,26.14861287447889,0.388122435956058,0.009647560305893421,114.00795213272795,2.8904508939012885,,125.1983729172498,5.654167647007853,2.133162382990122,0.0,265.0,2.0,2.0,2.0,0.9996462464332581,0.06964951753616333,0.004241980612277985,0.00806400552392006,1.0
266.0,0,all_fail,False,False,False,False,False,0.9192669987678528,0.0,0.0,1e-06,50.57973861694336,24.957416534423828,28.380859375,0.0,0.0,0.0,0.0,0.0,0.0,0.0,0.0,0.0,0.0,0.0,0.0,0.0,0.0,0.0,0.0,16197.0,16197.0,16197.0,16197.0,16197.0,0.0,0.0,140.1801504036771,115.5441762143746,16197.0,1.0,775.0,775.0,775.0,0.0,0.0625,420.0,237.3125,121.0,0.0625,420.0,237.3125,121.0,0.4363616704940796,0.0009644031524658203,0.0004959242069162428,0.0005141899455338717,0.002055857330560684,0.000849161297082901,0.005072116851806641,-0.0026387572288513184,1.0008522272109985,0.9839957356452942,2.7562036514282227,0.9848449230194092,2.758976459503174,0.0006281121019217647,27.392075968941114,0.3677867741085441,0.010173531714826822,104.0077124540694,2.981472103856504,,115.5441762143746,5.957042380236089,2.085143330041319,0.0,266.0,2.0,2.0,2.0,0.999721348285675,0.05380710959434509,0.004257839173078537,0.007517896592617035,1.0
267.0,0,all_fail,False,False,False,False,False,0.87110435962677,0.0,0.0,1e-06,50.569698333740234,24.957416534423828,28.380859375,0.0,0.0,0.0,0.0,0.0,0.0,0.0,0.0,0.0,0.0,0.0,0.0,0.0,0.0,0.0,0.0,12229.0,12229.0,12229.0,12229.0,12229.0,0.0,0.0,156.75672606942467,78.01260147895664,12229.0,1.0,549.0,549.0,549.0,0.0,0.0625,498.0,215.3125,105.0,0.0625,498.0,215.3125,105.0,0.09312009811401367,0.0008828639984130859,0.0004656757228076458,0.0004926895489916205,0.0015562362968921661,0.0006300769746303558,0.002967238426208496,-0.003737151622772217,1.0006316900253296,0.8867700695991516,2.514669895172119,0.8874001502990723,2.5165724754333496,0.0007988749714262868,19.7403505406679,0.3921841292926351,0.009769442025572062,68.00550761260092,2.5899936677888036,,78.01260147895664,4.796019717119634,2.1114648119546473,0.0,267.0,2.0,2.0,2.0,0.9996929168701172,0.06127387285232544,0.004270405974239111,0.007798221427947283,1.0
268.0,0,all_fail,False,False,False,False,False,0.854567289352417,0.0,0.0,1e-06,50.58253860473633,24.957416534423828,28.380859375,0.0,0.0,0.0,0.0,0.0,0.0,0.0,0.0,0.0,0.0,0.0,0.0,0.0,0.0,0.0,0.0,19040.0,19040.0,19040.0,19040.0,19040.0,0.0,0.0,207.2260813648326,91.88032642705366,19040.0,1.0,884.0,884.0,884.0,0.0,0.0625,512.0,306.0,152.0,0.0625,512.0,306.0,152.0,0.6131922006607056,0.0019130706787109375,0.0004359935992397368,-8.240488386945799e-05,0.0014528445899486542,-8.401647210121155e-05,0.003684401512145996,-0.003337860107421875,0.99991774559021,0.8477064371109009,2.4081497192382812,0.8476224541664124,2.4074478149414062,0.0005723653212502724,16.13695503880568,0.3600535701281399,0.010897835716605186,79.00653186999261,3.2769545447081327,,91.88032642705366,6.8554199752397835,2.2311537098139524,0.0,268.0,2.0,2.0,2.0,0.9996581673622131,0.06118416786193848,0.0044777002185583115,0.008036375977098942,1.0
269.0,0,all_fail,False,False,False,False,False,0.69887375831604,0.0,0.0,1e-06,51.59404754638672,24.957416534423828,28.380859375,0.0,0.0,0.0,0.0,0.0,0.0,0.0,0.0,0.0,0.0,0.0,0.0,0.0,0.0,0.0,0.0,14888.0,14888.0,14888.0,14888.0,14888.0,0.0,0.0,208.77192296024572,71.31227125227451,14888.0,1.0,647.0,647.0,647.0,0.0,0.125,512.0,283.5,151.0,0.125,512.0,283.5,151.0,-0.45021677017211914,-0.001689612865447998,0.00043597171315923333,0.001715396298095584,0.0021330341696739197,0.0019949302077293396,0.005867719650268555,-0.0008440613746643066,1.0019981861114502,0.6972549557685852,2.031426191329956,0.6992499232292175,2.0358200073242188,0.0006794609659396949,13.22870848281966,0.38757697493438437,0.010115814860910177,60.00542167806998,2.911756271030754,,71.31227125227451,5.770246002823114,2.1128991111181676,0.0,269.0,2.0,2.0,2.0,0.9996369481086731,0.062203019857406616,0.004348178394138813,0.007928511127829552,1.0
270.0,0,all_fail,False,False,False,False,False,0.8066631555557251,0.0,0.0,1e-06,51.474788665771484,24.957416534423828,28.380859375,0.0,0.0,0.0,0.0,0.0,0.0,0.0,0.0,0.0,0.0,0.0,0.0,0.0,0.0,0.0,0.0,9738.0,9738.0,9738.0,9738.0,9738.0,0.0,0.0,138.3885925568722,70.36707159224898,9738.0,1.0,365.0,365.0,365.0,0.0,0.0625,512.0,243.625,109.0,0.0625,512.0,243.625,109.0,0.26151418685913086,0.0017675161361694336,0.000436661415733397,-8.340552085428499e-06,0.0014135483652353287,-1.2272968888282776e-05,0.0051024556159973145,-0.0029105544090270996,0.99998939037323,0.8312659859657288,2.3242452144622803,0.831253707408905,2.324045181274414,0.0010370470535237335,15.650473853545488,0.44516675436475617,0.010098764207214117,61.00554708112031,2.4318969729356468,,70.36707159224898,4.335033854003996,2.082961946260184,0.0,270.0,2.0,2.0,2.0,0.9997138381004333,0.059150636196136475,0.004038107115775347,0.0074593862518668175,1.0
271.0,0,all_fail,False,False,False,False,False,0.6281521916389465,0.0,0.0,1e-06,51.42957305908203,24.957416534423828,28.380859375,0.0,0.0,0.0,0.0,0.0,0.0,0.0,0.0,0.0,0.0,0.0,0.0,0.0,0.0,0.0,0.0,14166.0,14166.0,14166.0,14166.0,14166.0,0.0,0.0,206.02848568073816,68.75748250633478,14166.0,1.0,666.0,666.0,666.0,0.0,0.0625,512.0,219.375,142.0,0.0625,512.0,219.375,142.0,0.18895161151885986,0.0005309581756591797,0.00040967922541312873,0.0005547740729525685,0.001678096130490303,0.00043491460382938385,0.004321873188018799,-0.0037511587142944336,1.0004370212554932,0.6566950082778931,1.937004804611206,0.6571299433708191,1.9378345012664795,0.0007217896232581586,16.52568472679333,0.378302737817244,0.010224871803075075,58.00515339104459,2.790804248303175,,68.75748250633478,5.359036583919078,2.090119421016425,0.0,271.0,2.0,2.0,2.0,0.9996721744537354,0.058250248432159424,0.003855471033602953,0.007614958565682173,1.0
272.0,0,all_fail,False,False,False,False,False,1.0021576881408691,0.0,0.0,1e-06,51.38992691040039,24.957416534423828,28.380859375,0.0,0.0,0.0,0.0,0.0,0.0,0.0,0.0,0.0,0.0,0.0,0.0,0.0,0.0,0.0,0.0,27821.0,27821.0,27821.0,27821.0,27821.0,0.0,0.0,217.82723362386125,127.72048534592614,27821.0,1.0,1396.0,1396.0,1396.0,0.0,0.1875,512.0,342.8125,163.0,0.1875,512.0,342.8125,163.0,0.3241513967514038,0.0006302595138549805,0.00047999329399317503,0.000644393265247345,0.0015518739819526672,0.0005438253283500671,0.004213929176330566,-0.004820883274078369,1.0005459785461426,1.0595964193344116,3.029740571975708,1.0601403713226318,3.0314269065856934,0.0003798522025958421,20.238599616952694,0.35525757883620196,0.010567868128418922,111.00871889898553,4.178399806842208,,127.72048534592614,9.883621100801975,2.1390850180760026,0.0,272.0,2.0,2.0,2.0,0.9997011423110962,0.057589948177337646,0.00443795882165432,0.007805965840816498,1.0
273.0,4,mixed,True,True,True,True,True,0.8414027690887451,0.16677065193653107,-0.06225259602069855,1e-06,51.47242736816406,24.957416534423828,28.380859375,0.0,0.0,-0.0622525941580534,0.0,1.6770472526550293,0.06225266680121422,-0.5590157508850098,1.6770472526550293,0.06225266680121422,-0.5590157508850098,1.0,0.25,0.0,1.0,0.25,0.0,11997.0,11997.0,11997.0,11997.0,11997.0,0.0,0.0,134.49903569357252,89.19766553072259,11997.0,1.0,472.0,472.0,472.0,0.0,0.125,512.0,277.8125,105.0,0.125,512.0,277.8125,105.0,-0.06072205305099487,-0.0009250640869140625,0.0004658507532440126,0.0013886544620618224,0.0018755272030830383,0.0009734705090522766,0.003983676433563232,-0.004239439964294434,1.0009760856628418,0.9429547786712646,2.755906343460083,0.9439283013343811,2.757305860519409,0.0008415003666045458,17.77407633343919,0.411665999563702,0.010095479898154736,79.0057693021372,2.635949696879834,,89.19766553072259,4.938756996765733,2.1063527269288898,0.0,273.0,2.0,2.0,2.0,0.9996735453605652,0.05622473359107971,0.004414261318743229,0.007943603210151196,1.0
274.0,0,all_fail,False,False,False,False,False,0.7069205641746521,0.0,0.0,1e-06,51.43919372558594,24.957416534423828,28.380859375,0.0,0.0,0.0,0.0,0.0,0.0,0.0,0.0,0.0,0.0,0.0,0.0,0.0,0.0,0.0,0.0,19139.0,19139.0,19139.0,19139.0,19139.0,0.0,0.0,255.75524554674007,74.83326474530622,19139.0,1.0,924.0,924.0,924.0,0.0,0.0625,512.0,272.1875,125.0,0.0625,512.0,272.1875,125.0,-0.19413524866104126,-0.00023478269577026367,0.00044018495827913284,0.0009996633743867278,0.0013428907841444016,0.0006598513573408127,0.003037095069885254,-0.0018651485443115234,1.0006611347198486,0.7593777775764465,2.2086455821990967,0.7600376605987549,2.2094335556030273,0.000501270032961719,14.237610770797893,0.3610929124167461,0.00959380716085434,62.00479490682483,3.2970245289616287,,74.83326474530622,6.910957250744104,2.109149989206344,0.0,274.0,2.0,2.0,2.0,0.9996843934059143,0.05678361654281616,0.0040558804757893085,0.007682424504309893,1.0
275.0,2,mixed,True,True,True,True,True,0.9441996216773987,0.13482041656970978,0.18619678914546967,1e-06,51.41791534423828,24.957416534423828,28.380859375,0.0,0.0,0.18619678914546967,0.0,2.561730146408081,-0.18619681894779205,-0.3659614622592926,2.561730146408081,-0.18619681894779205,-0.3659614622592926,1.0,0.125,0.0,1.0,0.125,0.0,16557.0,16557.0,16557.0,16557.0,16557.0,0.0,0.0,197.31499249687343,83.91151524009183,16557.0,1.0,761.0,761.0,761.0,0.0,0.0625,485.0,273.8125,131.0,0.0625,485.0,273.8125,131.0,0.2001969814300537,0.0012080669403076172,0.0004984716069884598,0.0003952505358029157,0.0013171136379241943,0.0005512908101081848,0.003106355667114258,-0.002166450023651123,1.0005524158477783,1.0163512229919434,2.896883487701416,1.0169025659561157,2.8990204334259033,0.0005770352217208189,16.435962508155573,0.3730945879810727,0.009553972166031599,72.00595174822956,3.0515216579660773,,83.91151524009183,6.177327093202621,2.1660581780597568,0.0,275.0,2.0,2.0,2.0,0.9996710419654846,0.05836224555969238,0.004530482459813356,0.008059707470238209,1.0
276.0,1,mixed,True,True,True,True,True,0.6362228989601135,0.15124963223934174,-0.027948126196861267,1e-06,51.46780014038086,24.957416534423828,28.380859375,0.0,0.0,-0.027948126196861267,0.0,3.7499847412109375,0.02794809825718403,-0.24999898672103882,3.7499847412109375,0.02794809825718403,-0.24999898672103882,1.0,0.0625,0.0,1.0,0.0625,0.0,13458.0,13458.0,13458.0,13458.0,13458.0,0.0,0.0,214.7908233932713,62.6563080647029,13458.0,1.0,556.0,556.0,556.0,0.0,0.0625,512.0,285.125,156.0,0.0625,512.0,285.125,156.0,-0.23763269186019897,-0.0009160637855529785,0.0003609702689573169,0.001176787307485938,0.001766115427017212,0.0012380555272102356,0.004951953887939453,-0.003161609172821045,1.0012407302856445,0.6508668065071106,1.9429941177368164,0.6521047949790955,1.945664644241333,0.0007078198967663454,11.399527254495206,0.39391180205310167,0.009525840170681477,52.00464333500713,2.761226049158722,,62.6563080647029,5.301265032030642,2.078492660075426,0.0,276.0,2.0,2.0,2.0,0.9996744990348816,0.05707329511642456,0.0038230486679822206,0.0075020818039774895,1.0
277.0,0,all_fail,False,False,False,False,False,0.7645415663719177,0.0,0.0,1e-06,51.477569580078125,24.957416534423828,28.380859375,0.0,0.0,0.0,0.0,0.0,0.0,0.0,0.0,0.0,0.0,0.0,0.0,0.0,0.0,0.0,0.0,10653.0,10653.0,10653.0,10653.0,10653.0,0.0,0.0,132.09310170246002,80.64766337303445,10653.0,1.0,402.0,402.0,402.0,0.0,0.0625,512.0,263.8125,141.0,0.0625,512.0,263.8125,141.0,0.22513604164123535,0.0014681816101074219,0.0004862177884206176,0.00023988397151697427,0.0013216789811849594,1.7954036593437195e-05,0.002005964517593384,-0.004640758037567139,1.0000194311141968,0.8079337477684021,2.3134360313415527,0.807951807975769,2.313290596008301,0.0011615110177462464,16.82206931078506,0.426476802070197,0.012373576872050762,71.00595456082374,2.500218889210373,,80.64766337303445,4.543257372453809,2.08681715792045,0.0,277.0,2.0,2.0,2.0,0.9996879696846008,0.056555747985839844,0.0042326548136770725,0.007727597374469042,1.0
278.0,0,all_fail,False,False,False,False,False,0.8045795559883118,0.0,0.0,1e-06,51.41774368286133,24.957416534423828,28.380859375,0.0,0.0,0.0,0.0,0.0,0.0,0.0,0.0,0.0,0.0,0.0,0.0,0.0,0.0,0.0,0.0,16934.0,16934.0,16934.0,16934.0,16934.0,0.0,0.0,232.3526301323322,72.88060389226303,16934.0,1.0,801.0,801.0,801.0,0.0,0.0625,433.0,257.375,155.0,0.0625,433.0,257.375,155.0,0.13798880577087402,0.0010062456130981445,0.00045410048915073276,0.00040330918272957206,0.0015180520713329315,0.0005806423723697662,0.004354357719421387,-0.002162933349609375,1.0005823373794556,0.8163546919822693,2.331705331802368,0.8169353604316711,2.333487033843994,0.0005820592850168635,14.81434207268497,0.36546460468772135,0.009856591932475567,61.00546065531671,3.0589383020997047,,72.88060389226303,6.1887776157818735,2.116244623903185,0.0,278.0,2.0,2.0,2.0,0.9996716976165771,0.06145024299621582,0.004309836775064468,0.007830223999917507,1.0
279.0,0,all_fail,False,False,False,False,False,0.7942749261856079,0.0,0.0,1e-06,51.43387222290039,24.957416534423828,28.380859375,0.0,0.0,0.0,0.0,0.0,0.0,0.0,0.0,0.0,0.0,0.0,0.0,0.0,0.0,0.0,0.0,11458.0,11458.0,11458.0,11458.0,11458.0,0.0,0.0,119.37367470409545,95.98431168682873,11458.0,1.0,442.0,442.0,442.0,0.0,0.0625,512.0,274.125,107.0,0.0625,512.0,274.125,107.0,0.38733816146850586,0.0017775297164916992,0.00041861439240165055,-4.956737029715441e-05,0.0014594979584217072,0.00035090371966362,0.007337987422943115,-0.0019192099571228027,1.0003533363342285,0.8134424686431885,2.2923436164855957,0.813793420791626,2.2930774688720703,0.0008304975179086952,19.60942292629711,0.4165400535945707,0.00951584056019783,86.00692895473912,2.590532082132995,,95.98431168682873,4.772715934086591,2.1034165751188993,0.0,279.0,2.0,2.0,2.0,0.9997174143791199,0.05438649654388428,0.004056165460497141,0.007327181287109852,1.0
280.0,0,all_fail,False,False,False,False,False,0.760036051273346,0.0,0.0,1e-06,51.43113708496094,24.957416534423828,28.380859375,0.0,0.0,0.0,0.0,0.0,0.0,0.0,0.0,0.0,0.0,0.0,0.0,0.0,0.0,0.0,0.0,11773.0,11773.0,11773.0,11773.0,11773.0,0.0,0.0,145.93277369792074,80.67413303861395,11773.0,1.0,498.0,498.0,498.0,0.0,0.0625,344.0,237.8125,108.0,0.0625,344.0,237.8125,108.0,0.33310985565185547,0.0008853673934936523,0.0004387743538245559,0.000433784764027223,0.0017303694039583206,0.00028017349541187286,0.005010247230529785,-0.005106329917907715,1.0002830028533936,0.7677775621414185,2.1950325965881348,0.7680577635765076,2.195404529571533,0.0008094170536052641,18.661210257266298,0.38600336063511154,0.009529266972094774,71.00590502889827,2.512100061867386,,80.67413303861395,4.544417564757168,2.0976553368382156,0.0,280.0,2.0,2.0,2.0,0.9996668696403503,0.05956360697746277,0.004299917258322239,0.007817943580448627,1.0
281.0,0,all_fail,False,False,False,False,False,0.9011683464050293,0.0,0.0,1e-06,50.769020080566406,24.957416534423828,28.380859375,0.0,0.0,0.0,0.0,0.0,0.0,0.0,0.0,0.0,0.0,0.0,0.0,0.0,0.0,0.0,0.0,15917.0,15917.0,15917.0,15917.0,15917.0,0.0,0.0,170.02590382953085,93.61514711286873,15917.0,1.0,669.0,669.0,669.0,0.0,0.125,512.0,325.8125,123.0,0.125,512.0,325.8125,123.0,0.6411285400390625,0.000754237174987793,0.00047297083074226975,0.0005697449669241905,0.0018218718469142914,0.0005819611251354218,0.0037121176719665527,-0.002271115779876709,1.0005840063095093,0.9222888946533203,2.5735926628112793,0.9228708744049072,2.5749075412750244,0.0005993236593769642,15.731122463715755,0.378201677060046,0.009539434686303139,82.00634140335023,2.9983384320512414,,93.61514711286873,6.019836093764752,2.080673759803176,0.0,281.0,2.0,2.0,2.0,0.9996867179870605,0.05827870965003967,0.00444863410666585,0.007845025509595871,1.0
282.0,14,mixed,True,True,True,True,True,0.7386907935142517,0.1885623335838318,0.004809513688087463,1e-06,50.75188446044922,24.957416534423828,28.380859375,0.0,0.0,0.004809513688087463,0.0,0.3659614622592926,-0.004809499252587557,-2.561730146408081,0.3659614622592926,-0.004809499252587557,-2.561730146408081,1.0,0.875,0.0,1.0,0.875,0.0,7716.0,7716.0,7716.0,7716.0,7716.0,0.0,0.0,178.13174146672804,43.31625535385683,7716.0,1.0,273.0,273.0,273.0,0.0,0.0625,339.0,209.25,64.0,0.0625,339.0,209.25,64.0,0.4146915674209595,0.0016001462936401367,0.0003845275496132672,-3.100041431025602e-05,0.0017685573548078537,5.341134965419769e-05,0.0042417049407958984,-0.0028491616249084473,1.0000556707382202,0.7321203947067261,2.278118848800659,0.7321738600730896,2.2783327102661133,0.0012736104162262164,10.454998446907737,0.4569834283856746,0.009827177971601486,35.0033348002471,2.1568915829993784,,43.31625535385683,3.526084133423865,2.1220033220015466,0.0,282.0,2.0,2.0,2.0,0.9996944665908813,0.06033697724342346,0.003972217440605164,0.007637188769876957,1.0
283.0,0,all_fail,False,False,False,False,False,0.7176238298416138,0.0,0.0,1e-06,50.736778259277344,24.957416534423828,28.380859375,0.0,0.0,0.0,0.0,0.0,0.0,0.0,0.0,0.0,0.0,0.0,0.0,0.0,0.0,0.0,0.0,15085.0,15085.0,15085.0,15085.0,15085.0,0.0,0.0,192.51313356334003,78.35829026717693,15085.0,1.0,621.0,621.0,621.0,0.0,0.125,512.0,321.8125,140.0,0.125,512.0,321.8125,140.0,0.6512537002563477,0.002113938331604004,0.00042852750630117953,-0.0001992021716432646,0.0013274941593408585,-0.0001857522875070572,0.0034676194190979004,-0.003919363021850586,0.999815821647644,0.7449190616607666,2.14909291267395,0.7447332739830017,2.148475408554077,0.0006311031025709362,13.013390645946947,0.38509431070060696,0.009520190302282572,67.00594843598083,2.9296575309708714,,78.35829026717693,5.809147676918656,2.102802177891135,0.0,283.0,2.0,2.0,2.0,0.9996710419654846,0.09591913223266602,0.004090018104761839,0.007848712615668774,1.0
284.0,14,mixed,True,True,True,True,True,0.48117321729660034,0.10799507051706314,-0.07804343104362488,1e-06,50.74700164794922,24.957416534423828,28.380859375,0.0,0.0,-0.07804343476891518,0.0,0.3659614622592926,0.07804345339536667,-2.561730146408081,0.3659614622592926,0.07804345339536667,-2.561730146408081,1.0,0.875,0.0,1.0,0.875,0.0,13495.0,13495.0,13495.0,13495.0,13495.0,0.0,0.0,178.66370807122365,75.53296719118953,13495.0,1.0,553.0,553.0,553.0,0.0,0.0625,512.0,290.4375,162.0,0.0625,512.0,290.4375,162.0,0.7402685880661011,0.0018582344055175781,0.0003444317262619734,-0.0002359361678827554,0.0012912694364786148,-0.0001717749983072281,0.0029180049896240234,-0.003965556621551514,0.9998296499252319,0.5013990998268127,1.6652393341064453,0.5012273192405701,1.6649104356765747,0.0007702166745290795,13.988835376865516,0.3840330455047791,0.010394074022769928,65.00611799629405,2.718875750899315,,75.53296719118953,5.182525949086994,2.1134062986820936,0.0,284.0,2.0,2.0,2.0,0.9996799826622009,0.06188875436782837,0.003241671482101083,0.007226357702165842,1.0
285.0,0,all_fail,False,False,False,False,False,0.6370370388031006,0.0,0.0,1e-06,50.78728485107422,24.957416534423828,28.380859375,0.0,0.0,0.0,0.0,0.0,0.0,0.0,0.0,0.0,0.0,0.0,0.0,0.0,0.0,0.0,0.0,14753.0,14753.0,14753.0,14753.0,14753.0,0.0,0.0,193.77219389313342,76.13579484028742,14753.0,1.0,596.0,596.0,596.0,0.0,0.0625,512.0,326.0625,160.0,0.0625,512.0,326.0625,160.0,0.40203630924224854,0.0020383596420288086,0.0004385228385217488,-0.0001387410593451932,0.0009325779974460602,-0.00022085383534431458,0.0012224912643432617,-0.0023178160190582275,0.9997798204421997,0.6572811603546143,1.9509975910186768,0.6570603847503662,1.950523853302002,0.0006484367672523418,12.460319185727672,0.3835506930907912,0.009566387627273798,65.00548519194126,2.8772885939106345,,76.13579484028742,5.658523375168443,2.0847854311577976,0.0,285.0,2.0,2.0,2.0,0.9996485114097595,0.06237715482711792,0.004081226419657469,0.007847567088901997,1.0
286.0,0,all_fail,False,False,False,False,False,0.8404495120048523,0.0,0.0,1e-06,50.787845611572266,24.957416534423828,28.380859375,0.0,0.0,0.0,0.0,0.0,0.0,0.0,0.0,0.0,0.0,0.0,0.0,0.0,0.0,0.0,0.0,10932.0,10932.0,10932.0,10932.0,10932.0,0.0,0.0,154.7412924191787,70.64694774802774,10932.0,1.0,446.0,446.0,446.0,0.0,0.0625,471.0,237.25,94.0,0.0625,471.0,237.25,94.0,0.9985241889953613,0.0024927854537963867,0.0004866139788646251,-0.0002711839333642274,0.002158448100090027,-0.00019297748804092407,0.003462374210357666,-0.006495118141174316,0.9998104572296143,0.8920573592185974,2.5632028579711914,0.8918642997741699,2.561746597290039,0.0008728704117088583,16.070914856752907,0.41534633334300813,0.009542219340801239,61.00519279623404,2.508225987199694,,70.64694774802774,4.540566116105765,2.083955831825733,0.0,286.0,2.0,2.0,2.0,0.9996961355209351,0.05332052707672119,0.004241617396473885,0.0077061099000275135,1.0
287.0,0,all_fail,False,False,False,False,False,0.7901057600975037,0.0,0.0,1e-06,50.75859832763672,24.957416534423828,28.380859375,0.0,0.0,0.0,0.0,0.0,0.0,0.0,0.0,0.0,0.0,0.0,0.0,0.0,0.0,0.0,0.0,18634.0,18634.0,18634.0,18634.0,18634.0,0.0,0.0,236.76513900966785,78.70246472069994,18634.0,1.0,903.0,903.0,903.0,0.0,0.0625,392.0,261.625,147.0,0.0625,392.0,261.625,147.0,0.16772091388702393,0.0014996528625488281,0.00044833862921223044,0.00014610546350013465,0.0012181960046291351,0.0002193264663219452,0.0020813941955566406,-0.0025504231452941895,1.0002202987670898,0.8200428485870361,2.506441593170166,0.8202621936798096,2.5077288150787354,0.0005151213432530343,15.76818922771309,0.3577271710842963,0.00959877111017704,66.005640107207,3.2303325533866882,,78.70246472069994,6.665888105984777,2.2914007799699903,0.0,287.0,2.0,2.0,2.0,0.9996803402900696,0.059938907623291016,0.00430350610986352,0.007762325927615166,1.0
288.0,0,all_fail,False,False,False,False,False,0.8098936080932617,0.0,0.0,1e-06,50.78274154663086,24.957416534423828,28.380859375,0.0,0.0,0.0,0.0,0.0,0.0,0.0,0.0,0.0,0.0,0.0,0.0,0.0,0.0,0.0,0.0,13393.0,13393.0,13393.0,13393.0,13393.0,0.0,0.0,159.78778532648548,83.81742054084316,13393.0,1.0,611.0,611.0,611.0,0.0,0.0625,512.0,226.0625,99.0,0.0625,512.0,226.0625,99.0,-0.04465138912200928,0.00014400482177734375,0.0004790674429386854,0.0008840071386657655,0.0017948094755411148,0.00017828308045864105,0.0023851990699768066,-0.006353259086608887,1.000180721282959,0.8904218673706055,2.577017307281494,0.8906002044677734,2.5769600868225098,0.0009589678974554998,20.184282875314196,0.397193258037037,0.01284345705062151,73.00655116001144,2.7646916396915913,,83.81742054084316,5.319609304890037,2.2106471098959446,0.0,288.0,2.0,2.0,2.0,0.9996970891952515,0.06162375211715698,0.004146442748606205,0.00775721063837409,1.0
289.0,0,all_fail,False,False,False,False,False,0.8154526948928833,0.0,0.0,1e-06,50.77220916748047,24.957416534423828,28.380859375,0.0,0.0,0.0,0.0,0.0,0.0,0.0,0.0,0.0,0.0,0.0,0.0,0.0,0.0,0.0,0.0,17335.0,17335.0,17335.0,17335.0,17335.0,0.0,0.0,171.49410942334436,101.08218911010772,17335.0,1.0,768.0,768.0,768.0,0.0,0.125,512.0,315.4375,158.0,0.125,512.0,315.4375,158.0,0.10320520401000977,0.001011490821838379,0.0004998395452275872,0.0004951396840624511,0.0013833679258823395,0.0006402470171451569,0.003350496292114258,-0.001567840576171875,1.0006415843963623,0.8126488924026489,2.395663022994995,0.8132891654968262,2.397315263748169,0.0005724293214462661,17.635742613626118,0.3660596419584607,0.009923062287271023,89.00759297097102,3.1183452252298594,,101.08218911010772,6.345643893349916,2.09848652780056,0.0,289.0,2.0,2.0,2.0,0.9996208548545837,0.060246020555496216,0.004705130122601986,0.008451647125184536,1.0
290.0,0,all_fail,False,False,False,False,False,0.8331608772277832,0.0,0.0,1e-06,50.77363967895508,24.957416534423828,28.380859375,0.0,0.0,0.0,0.0,0.0,0.0,0.0,0.0,0.0,0.0,0.0,0.0,0.0,0.0,0.0,0.0,15017.0,15017.0,15017.0,15017.0,15017.0,0.0,0.0,126.83170046169178,118.40099868830293,15017.0,1.0,653.0,653.0,653.0,0.0,0.125,512.0,285.5625,129.0,0.125,512.0,285.5625,129.0,-0.22727763652801514,5.2809715270996094e-05,0.0004167903680354357,0.0008087051683105528,0.0012374743819236755,0.0008233785629272461,0.003238976001739502,-0.0013998746871948242,1.0008243322372437,0.9002169966697693,2.522726058959961,0.9010403752326965,2.5248844623565674,0.0006765346849354462,23.420585864760646,0.38863361339373376,0.010159521363675594,107.00865681609139,2.9359502969309688,,118.40099868830293,5.8361109723336995,2.10931563610211,0.0,290.0,2.0,2.0,2.0,0.999717116355896,0.05808967351913452,0.00395651999861002,0.007447647862136364,1.0
291.0,0,all_fail,False,False,False,False,False,0.8898561000823975,0.0,0.0,1e-06,50.768184661865234,24.957416534423828,28.380859375,0.0,0.0,0.0,0.0,0.0,0.0,0.0,0.0,0.0,0.0,0.0,0.0,0.0,0.0,0.0,0.0,16090.0,16090.0,16090.0,16090.0,16090.0,0.0,0.0,179.37514023230327,89.70027830591425,16090.0,1.0,731.0,731.0,731.0,0.0,0.0625,512.0,274.625,98.0,0.0625,512.0,274.625,98.0,-0.13826507329940796,-2.664327621459961e-05,0.0004773714463226497,0.0009680320508778095,0.0015536956489086151,0.0007046572864055634,0.004905223846435547,-0.003478527069091797,1.0007067918777466,0.9022542834281921,2.5574262142181396,0.9029589295387268,2.5582926273345947,0.0006083061315485082,17.75301473915092,0.3771823929012692,0.009787645656615496,78.00674676382914,3.0102684986777604,,89.70027830591425,6.068864701781422,2.10468618106097,0.0,291.0,2.0,2.0,2.0,0.9996956586837769,0.058217525482177734,0.00432146992534399,0.007779017556458712,1.0
292.0,0,all_fail,False,False,False,False,False,0.7204970717430115,0.0,0.0,1e-06,50.76470184326172,24.957416534423828,28.380859375,0.0,0.0,0.0,0.0,0.0,0.0,0.0,0.0,0.0,0.0,0.0,0.0,0.0,0.0,0.0,0.0,18805.0,18805.0,18805.0,18805.0,18805.0,0.0,0.0,221.56596995516878,84.87314186291769,18805.0,1.0,861.0,861.0,861.0,0.0,0.0625,512.0,314.3125,165.0,0.0625,512.0,314.3125,165.0,1.7088813781738281,0.0011290311813354492,0.000468626240035519,0.0003722161636687815,0.001940898597240448,0.0005697011947631836,0.005299270153045654,-0.003488898277282715,1.000572681427002,0.742988109588623,2.129194974899292,0.7435578107833862,2.1302430629730225,0.0005248962507559182,14.318170240024825,0.3691059827202338,0.00987067399546504,72.00607813708484,3.3206640742719173,,84.87314186291769,6.941038005053997,2.0954813761636615,0.0,292.0,2.0,2.0,2.0,0.9996600151062012,0.061448752880096436,0.004225558135658503,0.00791369192302227,1.0
293.0,0,all_fail,False,False,False,False,False,0.700975239276886,0.0,0.0,1e-06,50.79214096069336,24.957416534423828,28.380859375,0.0,0.0,0.0,0.0,0.0,0.0,0.0,0.0,0.0,0.0,0.0,0.0,0.0,0.0,0.0,0.0,13622.0,13622.0,13622.0,13622.0,13622.0,0.0,0.0,142.26298927498226,95.75224075792357,13622.0,1.0,605.0,605.0,605.0,0.0,0.0625,471.0,246.375,101.0,0.0625,471.0,246.375,101.0,0.44636237621307373,0.0017495155334472656,0.0004691877111326903,9.089786908589303e-05,0.0015543662011623383,-5.3044408559799194e-05,0.004236876964569092,-0.0030604004859924316,0.9999488592147827,0.6990399360656738,2.043041944503784,0.6989869475364685,2.042701244354248,0.0007260367772010713,21.56438425472474,0.39166511203139265,0.009890072979032993,85.00680273212492,2.7777578569948673,,95.75224075792357,5.3352621560916305,2.1206749309785664,0.0,293.0,2.0,2.0,2.0,0.9996256232261658,0.16846609115600586,0.004129448439925909,0.008275048807263374,1.0
294.0,2,mixed,True,True,True,True,True,0.726795494556427,0.14752954244613647,-0.020919814705848694,1e-06,50.76801300048828,24.957416534423828,28.380859375,0.0,0.0,-0.020919807255268097,0.0,2.561730146408081,0.020919814705848694,-0.3659614622592926,2.561730146408081,0.020919814705848694,-0.3659614622592926,1.0,0.125,0.0,1.0,0.125,0.0,18140.0,18140.0,18140.0,18140.0,18140.0,0.0,0.0,173.4985659469766,104.55417830683291,18140.0,1.0,797.0,797.0,797.0,0.0,0.25,512.0,336.75,54.0,0.25,512.0,336.75,54.0,-0.05240976810455322,-0.00028783082962036133,0.00040892785182222724,0.0009622034267522395,0.00162561796605587,0.0008971523493528366,0.0039041638374328613,-0.0018246173858642578,1.000899076461792,0.7564681172370911,2.1862287521362305,0.7573652863502502,2.18792986869812,0.0005102730761749347,17.076473872995926,0.36789839956375475,0.009256353601813316,92.00804122770205,3.2206923197954893,,104.55417830683291,6.673676968086511,2.1407952490262687,0.0,294.0,2.0,2.0,2.0,0.999664843082428,0.060275495052337646,0.004135189112275839,0.007931205444037914,1.0
295.0,0,all_fail,False,False,False,False,False,0.931769609451294,0.0,0.0,1e-06,50.78700256347656,24.957416534423828,28.380859375,0.0,0.0,0.0,0.0,0.0,0.0,0.0,0.0,0.0,0.0,0.0,0.0,0.0,0.0,0.0,0.0,14456.0,14456.0,14456.0,14456.0,14456.0,0.0,0.0,170.37171805957567,84.84976359130815,14456.0,1.0,663.0,663.0,663.0,0.0,0.0625,414.0,240.5,148.0,0.0625,414.0,240.5,148.0,-0.09049171209335327,-0.0002828836441040039,0.0005070905899628997,0.001154236146248877,0.0017177797853946686,0.001174967736005783,0.0042542219161987305,-0.0031555891036987305,1.0011773109436035,0.9812260270118713,2.9625983238220215,0.9824010133743286,2.9675493240356445,0.0008291079893122737,19.232321530459508,0.37466616109637185,0.01198558509349823,74.00597324920818,2.812286981847137,,84.84976359130815,5.416174024809152,2.100711662787944,0.0,295.0,2.0,2.0,2.0,0.9996947050094604,0.061901479959487915,0.004415667615830898,0.007782531902194023,1.0
296.0,0,all_fail,False,False,False,False,False,0.7338563799858093,0.0,0.0,1e-06,50.7946662902832,24.957416534423828,28.380859375,0.0,0.0,0.0,0.0,0.0,0.0,0.0,0.0,0.0,0.0,0.0,0.0,0.0,0.0,0.0,0.0,8943.0,8943.0,8943.0,8943.0,8943.0,0.0,0.0,107.90825489364252,82.87595799611881,8943.0,1.0,344.0,344.0,344.0,0.0,0.0625,367.0,214.9375,112.0,0.0625,367.0,214.9375,112.0,-0.2679062485694885,-0.0006268620491027832,0.0004520902002695948,0.001218134886585176,0.0018308274447917938,0.0012008324265480042,0.005032896995544434,-0.004068195819854736,1.0012036561965942,0.7750123739242554,2.348341703414917,0.7762132287025452,2.352353811264038,0.001186796135048225,21.51988865279569,0.4383847263740484,0.010613517835736275,74.00689707696438,2.289784947875887,,82.87595799611881,3.920474607963115,2.1466763969510794,0.0,296.0,2.0,2.0,2.0,0.9996732473373413,0.05975508689880371,0.004182286560535431,0.0077258204109966755,1.0
297.0,0,all_fail,False,False,False,False,False,0.769202470779419,0.0,0.0,1e-06,50.806007385253906,24.957416534423828,28.380859375,0.0,0.0,0.0,0.0,0.0,0.0,0.0,0.0,0.0,0.0,0.0,0.0,0.0,0.0,0.0,0.0,9424.0,9424.0,9424.0,9424.0,9424.0,0.0,0.0,119.4424351380556,78.8999319137074,9424.0,1.0,391.0,391.0,391.0,0.0,0.0625,312.0,198.0,102.0,0.0625,312.0,198.0,102.0,0.5239049196243286,0.0018236637115478516,0.0004562350222840905,3.5080192901659757e-06,0.002171296626329422,-0.00012080743908882141,0.004431962966918945,-0.0047155022621154785,0.9998823404312134,0.775534987449646,2.199918508529663,0.7754141092300415,2.199768543243408,0.0011191981767916164,22.098086534757073,0.4218382763254167,0.010547323618084192,70.00673814211041,2.312014065682888,,78.8999319137074,3.975403916090727,2.094041765667498,0.0,297.0,2.0,2.0,2.0,0.9996281862258911,0.06027132272720337,0.004631418269127607,0.008109255693852901,1.0
298.0,0,all_fail,False,False,False,False,False,0.7554304003715515,0.0,0.0,1e-06,50.821006774902344,24.957416534423828,28.380859375,0.0,0.0,0.0,0.0,0.0,0.0,0.0,0.0,0.0,0.0,0.0,0.0,0.0,0.0,0.0,0.0,15655.0,15655.0,15655.0,15655.0,15655.0,0.0,0.0,167.3122345681134,93.56757466308773,15655.0,1.0,701.0,701.0,701.0,0.0,0.0625,489.0,277.4375,147.0,0.0625,489.0,277.4375,147.0,0.4521970748901367,0.0011980533599853516,0.0004602482949849218,0.00031798557029105723,0.0015992801636457443,0.0004218500107526779,0.004926860332489014,-0.0034220218658447266,1.0004240274429321,0.8045956492424011,2.383572816848755,0.8050175309181213,2.384842872619629,0.0007168331556200639,18.474273480756928,0.38103885250835323,0.0112220230512321,82.00729998108,2.9808545070700347,,93.56757466308773,5.96516323601827,2.1029647728428245,0.0,298.0,2.0,2.0,2.0,0.9996564984321594,0.054799795150756836,0.004349437076598406,0.00796065479516983,1.0
299.0,0,all_fail,False,False,False,False,False,0.7422008514404297,0.0,0.0,1e-06,50.77571487426758,24.957416534423828,28.380859375,0.0,0.0,0.0,0.0,0.0,0.0,0.0,0.0,0.0,0.0,0.0,0.0,0.0,0.0,0.0,0.0,17925.0,17925.0,17925.0,17925.0,17925.0,0.0,0.0,202.495789523304,88.52035907609388,17925.0,1.0,792.0,792.0,792.0,0.0,0.1875,512.0,328.3125,128.0,0.1875,512.0,328.3125,128.0,1.451808214187622,0.001828908920288086,0.0004219108377583325,-6.828963523730636e-05,0.0023321136832237244,0.0005236342549324036,0.007567882537841797,-0.00290071964263916,1.00052809715271,0.8093704581260681,2.2919178009033203,0.8098940849304199,2.2939531803131104,0.0005482836279659591,14.469205093435843,0.3720474749741195,0.009827984031289816,76.00673435581848,3.224356228020042,,88.52035907609388,6.668950988911092,2.1105855284258723,0.0,299.0,2.0,2.0,2.0,0.9996830224990845,0.0600549578666687,0.004104099236428738,0.007779895327985287,1.0
300.0,0,all_fail,False,False,False,False,False,0.579929769039154,0.0,0.0,1e-06,50.76910400390625,24.957416534423828,28.380859375,0.0,0.0,0.0,0.0,0.0,0.0,0.0,0.0,0.0,0.0,0.0,0.0,0.0,0.0,0.0,0.0,9895.0,9895.0,9895.0,9895.0,9895.0,0.0,0.0,72.4511638748482,136.57475561182946,9895.0,1.0,316.0,316.0,316.0,0.0,0.125,512.0,302.4375,173.0,0.125,512.0,302.4375,173.0,0.4982335567474365,0.0015716552734375,0.00037201200029812753,-3.668163844849914e-05,0.0012614931911230087,-4.922784864902496e-05,0.0039016008377075195,-0.00285261869430542,0.9999521970748901,0.6455686092376709,1.948025107383728,0.6455193758010864,1.9483587741851807,0.0010145074222472172,16.120377837753992,0.4397974072844016,0.010038550943136215,78.00650835689157,2.439883356913924,49.06686303392053,136.57475561182946,4.351795345079154,2.193725452758372,0.0,300.0,2.0,2.0,2.0,0.9996729493141174,0.05982741713523865,0.0036580569576472044,0.007536847610026598,1.0
301.0,2,mixed,True,True,True,True,True,0.7238468527793884,0.15150487422943115,-0.03635185956954956,1e-06,50.80153274536133,24.957416534423828,28.380859375,0.0,0.0,-0.03635186702013016,0.0,2.561730146408081,0.03635179623961449,-0.3659614622592926,2.561730146408081,0.03635179623961449,-0.3659614622592926,1.0,0.125,0.0,1.0,0.125,0.0,16198.0,16198.0,16198.0,16198.0,16198.0,0.0,0.0,211.19952433265576,76.69524849159643,16198.0,1.0,694.0,694.0,694.0,0.0,0.0625,512.0,318.375,139.0,0.0625,512.0,318.375,139.0,0.297183632850647,0.0005410909652709961,0.0004048745904583484,0.0005387868732213974,0.0014037080109119415,0.0006686560809612274,0.0045392513275146484,-0.002459704875946045,1.0006701946258545,0.7386633157730103,2.1319503784179688,0.739331841468811,2.1336162090301514,0.0006060145833522748,12.761216624016487,0.3726875226013707,0.009816224221140146,65.00563748273998,3.0075535704381764,,76.69524849159643,6.036792491097003,2.1354542491026223,0.0,301.0,2.0,2.0,2.0,0.9997075796127319,0.06091877818107605,0.003900103271007538,0.007330833002924919,1.0
302.0,1,mixed,True,True,True,True,True,0.7395426630973816,0.15185602009296417,-0.0012248978018760681,1e-06,50.786842346191406,24.957416534423828,28.380859375,0.0,0.0,-0.0012248978018760681,0.0,3.7499847412109375,0.001224875682964921,-0.24999898672103882,3.7499847412109375,0.001224875682964921,-0.24999898672103882,1.0,0.0625,0.0,1.0,0.0625,0.0,10506.0,10506.0,10506.0,10506.0,10506.0,0.0,0.0,176.3578463138266,59.57205885415897,10506.0,1.0,376.0,376.0,376.0,0.0,0.0625,496.0,280.625,119.0,0.0625,496.0,280.625,119.0,0.4843575954437256,0.0016845464706420898,0.0004047188558615744,-2.83118752122391e-05,0.0012910477817058563,5.934014916419983e-05,0.0020833611488342285,-0.004802525043487549,1.0000606775283813,0.7586627006530762,2.1922590732574463,0.7587219476699829,2.1922881603240967,0.0009283385482965459,11.136892714012903,0.4256646369679466,0.009753124788403511,50.00464828591794,2.4827227341011167,,59.57205885415897,4.472032675985247,2.1026691598817706,0.0,302.0,2.0,2.0,2.0,0.9997015595436096,0.05436846613883972,0.003961634822189808,0.00749546941369772,1.0
303.0,0,all_fail,False,False,False,False,False,0.8561103343963623,0.0,0.0,1e-06,50.79560470581055,24.957416534423828,28.380859375,0.0,0.0,0.0,0.0,0.0,0.0,0.0,0.0,0.0,0.0,0.0,0.0,0.0,0.0,0.0,0.0,12554.0,12554.0,12554.0,12554.0,12554.0,0.0,0.0,140.92649520860223,89.08190032979473,12554.0,1.0,578.0,578.0,578.0,0.0,0.0625,360.0,206.625,136.0,0.0625,360.0,206.625,136.0,0.20076847076416016,0.0004502534866333008,0.0005076732486486435,0.0007900263299234211,0.0019418485462665558,0.0010612718760967255,0.005127847194671631,-0.0027246475219726562,1.0010639429092407,0.8841129541397095,2.4637155532836914,0.8851742148399353,2.4666943550109863,0.0008174536269889889,23.898062804692437,0.3841660094980233,0.010262312833219767,79.00699563231319,2.592275612987578,,89.08190032979473,4.8228200832381845,2.1435103369876742,0.0,303.0,2.0,2.0,2.0,0.9996764063835144,0.07684224843978882,0.0045022922568023205,0.007956024259328842,1.0
304.0,3,mixed,True,True,True,True,True,0.6313890218734741,0.14312346279621124,-0.01568344235420227,1e-06,50.7822380065918,24.957416534423828,28.380859375,0.0,0.0,-0.015683444682508707,0.0,2.015559434890747,0.015683481469750404,-0.4651290774345398,2.015559434890747,0.015683481469750404,-0.4651290774345398,1.0,0.1875,0.0,1.0,0.1875,0.0,12913.0,12913.0,12913.0,12913.0,12913.0,0.0,0.0,180.56203514828695,71.51558736804873,12913.0,1.0,542.0,542.0,542.0,0.0,0.0625,486.0,265.0625,126.0,0.0625,486.0,265.0625,126.0,0.45105767250061035,0.000855565071105957,0.000412268127547577,0.0003992479760199785,0.0016579311341047287,0.00028949789702892303,0.003423154354095459,-0.004107236862182617,1.0002915859222412,0.661882758140564,1.9573159217834473,0.662172257900238,1.9577534198760986,0.0007330764321328908,14.384690372076125,0.4014495762293971,0.009466215968132019,61.00547186797485,2.718228799290955,,71.51558736804873,5.183918377850205,2.098902171012014,0.0,304.0,2.0,2.0,2.0,0.9996708035469055,0.05999869108200073,0.0039209285750985146,0.007685098331421614,1.0
305.0,0,all_fail,False,False,False,False,False,0.6643325686454773,0.0,0.0,1e-06,50.77112579345703,24.957416534423828,28.380859375,0.0,0.0,0.0,0.0,0.0,0.0,0.0,0.0,0.0,0.0,0.0,0.0,0.0,0.0,0.0,0.0,10879.0,10879.0,10879.0,10879.0,10879.0,0.0,0.0,122.06299101702925,89.12611356936395,10879.0,1.0,391.0,391.0,391.0,0.0,0.1875,512.0,288.9375,138.0,0.1875,512.0,288.9375,138.0,0.42055726051330566,0.001138448715209961,0.00041098572546616197,0.00025570468278601766,0.001281997188925743,0.00027562491595745087,0.002711057662963867,-0.0039789676666259766,1.000277042388916,0.7190885543823242,2.087785243988037,0.7193641662597656,2.088092565536499,0.0008727263418510892,17.08988151822272,0.43928745305534617,0.009494389872998,79.00652225874364,2.582589273341,,89.12611356936395,4.779008201789111,2.2484540878795087,0.0,305.0,2.0,2.0,2.0,0.9996752142906189,0.0462457537651062,0.004000739194452763,0.007565909065306187,1.0
306.0,0,all_fail,False,False,False,False,False,0.7543355226516724,0.0,0.0,1e-06,50.779380798339844,24.957416534423828,28.380859375,0.0,0.0,0.0,0.0,0.0,0.0,0.0,0.0,0.0,0.0,0.0,0.0,0.0,0.0,0.0,0.0,14474.0,14474.0,14474.0,14474.0,14474.0,0.0,0.0,180.7098187496605,80.0952604576014,14474.0,1.0,644.0,644.0,644.0,0.0,0.0625,391.0,260.625,124.0,0.0625,391.0,260.625,124.0,0.8685644865036011,0.0029926300048828125,0.0004833853745367378,-0.0005258978926576674,0.0016597732901573181,-0.0007193461060523987,0.0022109150886535645,-0.0037453770637512207,0.9992825984954834,0.7664171457290649,2.177952289581299,0.7656977772712708,2.1760711669921875,0.0006589804388272823,16.54820861964882,0.3837993275785979,0.009538082871586084,69.00602994393557,2.8496982529759407,,80.0952604576014,5.555111467372626,2.176635203883052,0.0,306.0,2.0,2.0,2.0,0.9996653199195862,0.06199958920478821,0.004333185032010078,0.007840892300009727,1.0
307.0,6,mixed,True,True,True,True,True,0.7265533208847046,0.16594475507736206,0.027953550219535828,1e-06,50.87346267700195,24.957416534423828,28.380859375,0.0,0.0,0.027953535318374634,0.0,1.2499974966049194,-0.027953527867794037,-0.7499985098838806,1.2499974966049194,-0.027953527867794037,-0.7499985098838806,1.0,0.375,0.0,1.0,0.375,0.0,15376.0,15376.0,15376.0,15376.0,15376.0,0.0,0.0,254.959103241198,60.30771133303642,15376.0,1.0,724.0,724.0,724.0,0.0,0.0625,512.0,237.0,108.0,0.0625,512.0,237.0,108.0,0.1344165802001953,0.0004953145980834961,0.00039889992331154644,0.0005491692572832108,0.0018995050340890884,0.0003158431500196457,0.004242300987243652,-0.00452423095703125,1.0003185272216797,0.7539710402488708,2.18963885307312,0.7542869448661804,2.1903672218322754,0.0006053270869011314,12.923065041126055,0.3762818713569248,0.009307509288191795,49.00426263595,2.9156057769432664,,60.30771133303642,5.785710053984076,2.0926826391369104,0.0,307.0,2.0,2.0,2.0,0.999667763710022,0.060965269804000854,0.0040921177715063095,0.007835512049496174,1.0
308.0,0,all_fail,False,False,False,False,False,0.8373225927352905,0.0,0.0,1e-06,50.781742095947266,24.957416534423828,28.380859375,0.0,0.0,0.0,0.0,0.0,0.0,0.0,0.0,0.0,0.0,0.0,0.0,0.0,0.0,0.0,0.0,11483.0,11483.0,11483.0,11483.0,11483.0,0.0,0.0,150.9428715431729,76.07513943919912,11483.0,1.0,453.0,453.0,453.0,0.0,0.125,512.0,264.6875,108.0,0.125,512.0,264.6875,108.0,-0.034087955951690674,0.00045430660247802734,0.0004819018649868667,0.0007389281527139246,0.001964941620826721,0.0005483552813529968,0.00445401668548584,-0.004806697368621826,1.0005513429641724,0.8305008411407471,2.333465814590454,0.8310492038726807,2.3345797061920166,0.000856978125979881,15.585808155105978,0.41915957214879956,0.009840679820626974,66.00589753687382,2.6003669439814985,,76.07513943919912,4.813209366984665,2.1448059431277215,0.0,308.0,2.0,2.0,2.0,0.9996626377105713,0.06184139847755432,0.0044210320338606834,0.00794376153498888,1.0
309.0,11,mixed,True,True,True,True,True,0.7536849975585938,0.1604035198688507,0.025981545448303223,1e-06,50.82918167114258,24.957416534423828,28.380859375,0.0,0.0,0.025981545448303223,0.0,0.652789831161499,-0.025981470942497253,-1.4361376762390137,0.652789831161499,-0.025981470942497253,-1.4361376762390137,1.0,0.6875,0.0,1.0,0.6875,0.0,11133.0,11133.0,11133.0,11133.0,11133.0,0.0,0.0,151.22382628194256,73.61935135303065,11133.0,1.0,470.0,470.0,470.0,0.0,0.0625,344.0,225.8125,160.0,0.0625,344.0,225.8125,160.0,0.5692716836929321,0.0018432140350341797,0.0004426113155204803,-3.647735866252333e-05,0.0018283519893884659,-0.00018857605755329132,0.003629148006439209,-0.004995286464691162,0.999813973903656,0.758573055267334,2.180204391479492,0.7583844661712646,2.17978572845459,0.0016795557307166936,17.715310514459905,0.4033867304387262,0.01869849395006895,64.00541688874364,2.4874011245556176,,73.61935135303065,4.490904469974339,2.1172625650651753,0.0,309.0,2.0,2.0,2.0,0.9996316432952881,0.06213608384132385,0.004477874841541052,0.008195838890969753,1.0
310.0,3,mixed,True,True,True,True,True,0.6646531820297241,0.1521342694759369,-0.040400974452495575,1e-06,50.838844299316406,24.957416534423828,28.380859375,0.0,0.0,-0.040400972589850426,0.0,2.015559434890747,0.04040099307894707,-0.4651290774345398,2.015559434890747,0.04040099307894707,-0.4651290774345398,1.0,0.1875,0.0,1.0,0.1875,0.0,13512.0,13512.0,13512.0,13512.0,13512.0,0.0,0.0,210.64546408610704,64.14569646026939,13512.0,1.0,620.0,620.0,620.0,0.0,0.0625,462.0,224.5,138.0,0.0625,462.0,224.5,138.0,-0.17685389518737793,0.0001837015151977539,0.0004184083372820169,0.0007473659352399409,0.001251285895705223,0.0008841473609209061,0.004233002662658691,-0.0010493695735931396,1.0008856058120728,0.7011678218841553,2.0824739933013916,0.7020519971847534,2.0844383239746094,0.0007209513689870485,14.756412873820366,0.38832399917351795,0.009741494897753,53.005035042762756,2.74893243284896,,64.14569646026939,5.247033876832575,2.633330014999956,0.0,310.0,2.0,2.0,2.0,0.9996474385261536,0.08580908179283142,0.00404709717258811,0.007980063557624817,1.0
311.0,1,mixed,True,True,True,True,True,0.7839002013206482,0.15256550908088684,0.1025766134262085,1e-06,50.821895599365234,24.957416534423828,28.380859375,0.0,0.0,0.1025766097009182,0.0,3.7499847412109375,-0.10257666558027267,-0.24999898672103882,3.7499847412109375,-0.10257666558027267,-0.24999898672103882,1.0,0.0625,0.0,1.0,0.0625,0.0,15361.0,15361.0,15361.0,15361.0,15361.0,0.0,0.0,195.98266585560316,78.3793808137998,15361.0,1.0,743.0,743.0,743.0,0.0,0.0625,512.0,217.0625,59.0,0.0625,512.0,217.0625,59.0,0.7195533514022827,0.002227306365966797,0.0004870575212407857,-0.00013894031872041523,0.00200614333152771,0.00022595375776290894,0.007333040237426758,-0.0033206939697265625,1.000229835510254,0.8646798133850098,2.52713942527771,0.864905834197998,2.5275840759277344,0.0006630318284803021,19.293358183704292,0.3781347332382705,0.01018483191728592,67.00583297200501,2.9270833036862314,,78.3793808137998,5.808527637273073,2.1260290229693055,0.0,311.0,2.0,2.0,2.0,0.9996538758277893,0.060828059911727905,0.0044322628527879715,0.008049942553043365,1.0
312.0,0,all_fail,False,False,False,False,False,0.8081236481666565,0.0,0.0,1e-06,50.84080505371094,24.957416534423828,28.380859375,0.0,0.0,0.0,0.0,0.0,0.0,0.0,0.0,0.0,0.0,0.0,0.0,0.0,0.0,0.0,0.0,13430.0,13430.0,13430.0,13430.0,13430.0,0.0,0.0,146.4240641126658,91.7198964622803,13430.0,1.0,559.0,559.0,559.0,0.0,0.0625,512.0,280.375,172.0,0.0625,512.0,280.375,172.0,-0.25779014825820923,-0.0005943179130554199,0.00043385630124248564,0.0011622334131971002,0.0015763435512781143,0.0012197215110063553,0.0030260086059570312,-0.00195997953414917,1.0012212991714478,0.7967288494110107,2.2719128131866455,0.7979485988616943,2.274608612060547,0.0007306934318388032,18.057896502874875,0.3895150070728447,0.009813212789595127,81.00772371189669,2.7415405809879303,,91.7198964622803,5.231186544988304,2.2290982296690345,0.0,312.0,2.0,2.0,2.0,0.9997076392173767,0.06075480580329895,0.0040906937792897224,0.0074709635227918625,1.0
313.0,0,all_fail,False,False,False,False,False,0.7443051338195801,0.0,0.0,1e-06,50.82896041870117,24.957416534423828,28.380859375,0.0,0.0,0.0,0.0,0.0,0.0,0.0,0.0,0.0,0.0,0.0,0.0,0.0,0.0,0.0,0.0,15632.0,15632.0,15632.0,15632.0,15632.0,0.0,0.0,182.5794734821879,85.61751056602225,15632.0,1.0,682.0,682.0,682.0,0.0,0.0625,512.0,295.0,137.0,0.0625,512.0,295.0,137.0,-0.0008470416069030762,-0.0006715059280395508,0.00045029420289210975,0.0012361259432509542,0.0019449442625045776,0.0013381317257881165,0.0047335028648376465,-0.0018796920776367188,1.0013408660888672,0.7419830560684204,2.1207306385040283,0.7433212399482727,2.1236648559570312,0.0006518228813155555,15.67941425482632,0.38374394893683417,0.010189295280724764,74.00683528278023,2.9916654150001705,,85.61751056602225,5.998685409780592,2.110453470144421,0.0,313.0,2.0,2.0,2.0,0.999659538269043,0.056758224964141846,0.0042882394045591354,0.007875923067331314,1.0
314.0,0,all_fail,False,False,False,False,False,0.7165043950080872,0.0,0.0,1e-06,50.82201385498047,24.957416534423828,28.380859375,0.0,0.0,0.0,0.0,0.0,0.0,0.0,0.0,0.0,0.0,0.0,0.0,0.0,0.0,0.0,0.0,25828.0,25828.0,25828.0,25828.0,25828.0,0.0,0.0,219.3646577362222,117.74002369632944,25828.0,1.0,1382.0,1382.0,1382.0,0.0,0.0625,499.0,232.25,113.0,0.0625,499.0,232.25,113.0,0.01622021198272705,0.0007147789001464844,0.0004812501429114491,0.000605808338150382,0.00130491703748703,0.0004972070455551147,0.008686542510986328,-0.0027635693550109863,1.0005003213882446,0.7482705116271973,2.152320623397827,0.7487677335739136,2.153472661972046,0.000354340762956899,27.4513318243239,0.3539785226111499,0.009151913225650787,102.00914905918762,3.912303098011762,,117.74002369632944,9.14255728200078,2.1648302180692554,0.0,314.0,2.0,2.0,2.0,0.9996419548988342,0.06289172172546387,0.00441532488912344,0.008067534305155277,1.0
315.0,0,all_fail,False,False,False,False,False,0.7557532787322998,0.0,0.0,1e-06,50.82847213745117,24.957416534423828,28.380859375,0.0,0.0,0.0,0.0,0.0,0.0,0.0,0.0,0.0,0.0,0.0,0.0,0.0,0.0,0.0,0.0,6768.0,6768.0,6768.0,6768.0,6768.0,0.0,0.0,135.2178863926734,50.05254985531792,6768.0,1.0,201.0,201.0,201.0,0.0,0.0625,369.0,222.0,129.0,0.0625,369.0,222.0,129.0,0.23916161060333252,0.0006186962127685547,0.0004632640047930181,0.0006183927762322128,0.0021353494375944138,0.0007020775228738785,0.006471216678619385,-0.0030103325843811035,1.0007057189941406,0.7931568026542664,2.331718683242798,0.7938589453697205,2.332764148712158,0.0014359630417545496,11.825538983045204,0.4946628376157915,0.009718597866594791,42.00431446777657,2.097271769773215,,50.05254985531792,3.3478780849836767,2.092356150969863,0.0,315.0,2.0,2.0,2.0,0.9996910691261292,0.05813142657279968,0.004050895571708679,0.007628954015672207,1.0
316.0,0,all_fail,False,False,False,False,False,0.8163485527038574,0.0,0.0,1e-06,50.82892608642578,24.957416534423828,28.380859375,0.0,0.0,0.0,0.0,0.0,0.0,0.0,0.0,0.0,0.0,0.0,0.0,0.0,0.0,0.0,0.0,16881.0,16881.0,16881.0,16881.0,16881.0,0.0,0.0,213.56226836687873,79.04486185265705,16881.0,1.0,790.0,790.0,790.0,0.0,0.0625,512.0,265.0625,101.0,0.0625,512.0,265.0625,101.0,0.158164381980896,3.1113624572753906e-05,0.00043633373570628464,0.000853935198392719,0.001829538494348526,0.00038960203528404236,0.0037088394165039062,-0.0049364566802978516,1.000392198562622,0.8304884433746338,2.338615655899048,0.8308780789375305,2.3394908905029297,0.0005526272635749149,15.799708706251021,0.37455685913062275,0.009328900836408138,67.00656462321058,3.1077779103070498,,79.04486185265705,6.322894338984042,2.091491805855185,0.0,316.0,2.0,2.0,2.0,0.999706506729126,0.05636954307556152,0.004038517829030752,0.007575046271085739,1.0
317.0,0,all_fail,False,False,False,False,False,0.9253090620040894,0.0,0.0,1e-06,50.80105209350586,24.957416534423828,28.380859375,0.0,0.0,0.0,0.0,0.0,0.0,0.0,0.0,0.0,0.0,0.0,0.0,0.0,0.0,0.0,0.0,13764.0,13764.0,13764.0,13764.0,13764.0,0.0,0.0,135.03083336571015,101.93227470293641,13764.0,1.0,545.0,545.0,545.0,0.0,0.0625,512.0,315.25,123.0,0.0625,512.0,315.25,123.0,0.24619150161743164,0.0008046627044677734,0.00043210407602600753,0.00046292124898172915,0.0014338120818138123,0.0006661564111709595,0.0037406086921691895,-0.0027115941047668457,1.0006678104400635,0.9651957750320435,2.7307937145233154,0.9658618569374084,2.733175277709961,0.000669433367491392,18.04296951131669,0.39760270486841565,0.00921408087015152,91.0087382150814,2.8201384521089494,,101.93227470293641,5.472603629808873,2.1238700258545578,0.0,317.0,2.0,2.0,2.0,0.9997341632843018,0.05461019277572632,0.004047695081681013,0.007390087470412254,1.0
318.0,0,all_fail,False,False,False,False,False,0.7607355117797852,0.0,0.0,1e-06,50.84614562988281,24.957416534423828,28.380859375,0.0,0.0,0.0,0.0,0.0,0.0,0.0,0.0,0.0,0.0,0.0,0.0,0.0,0.0,0.0,0.0,24291.0,24291.0,24291.0,24291.0,24291.0,0.0,0.0,258.0288107222525,94.14065015455708,24291.0,1.0,1147.0,1147.0,1147.0,0.0,0.125,512.0,371.1875,124.0,0.125,512.0,371.1875,124.0,0.468111515045166,0.0010988712310791016,0.0004376400029286742,0.00032616028329357505,0.0014338996261358261,0.0006019044667482376,0.003948092460632324,-0.002561032772064209,1.0006033182144165,0.7973210215568542,2.337494373321533,0.7979229092597961,2.3395211696624756,0.00039702100006560665,13.3030888629821,0.35612249837324944,0.00964403711259365,79.0070447572507,3.7444351091980934,,94.14065015455708,8.650571607984602,2.2266534590162337,0.0,318.0,2.0,2.0,2.0,0.999679446220398,0.05810612440109253,0.004174843896180391,0.007695554755628109,1.0
319.0,0,all_fail,False,False,False,False,False,0.8445967435836792,0.0,0.0,1e-06,50.83913803100586,24.957416534423828,28.380859375,0.0,0.0,0.0,0.0,0.0,0.0,0.0,0.0,0.0,0.0,0.0,0.0,0.0,0.0,0.0,0.0,16646.0,16646.0,16646.0,16646.0,16646.0,0.0,0.0,164.77913604421445,101.020070863422,16646.0,1.0,723.0,723.0,723.0,0.0,0.125,512.0,317.375,131.0,0.125,512.0,317.375,131.0,0.9823806285858154,0.0018111467361450195,0.0004359252634458244,-3.205646498827264e-05,0.0017207711935043335,0.00017165392637252808,0.005096316337585449,-0.0033262968063354492,1.0001741647720337,0.8036259412765503,2.2784619331359863,0.8037976026535034,2.279064416885376,0.0005747651730315066,17.528173846220902,0.37530173117767784,0.00956754107028246,89.00806679110974,3.077111872844398,,101.020070863422,6.247272617183626,2.1771378028206527,0.0,319.0,2.0,2.0,2.0,0.9996958374977112,0.06411123275756836,0.004253146704286337,0.007585954386740923,1.0
320.0,10,mixed,True,True,True,True,True,0.65407395362854,0.16250701248645782,0.03644704818725586,1e-06,50.8394889831543,24.957416534423828,28.380859375,0.0,0.0,0.03644704818725586,0.0,0.7499985098838806,-0.03644711524248123,-1.2499974966049194,0.7499985098838806,-0.03644711524248123,-1.2499974966049194,1.0,0.625,0.0,1.0,0.625,0.0,11967.0,11967.0,11967.0,11967.0,11967.0,0.0,0.0,179.01101962996506,66.85063313273713,11967.0,1.0,486.0,486.0,486.0,0.0,0.0625,423.0,261.9375,183.0,0.0625,423.0,261.9375,183.0,0.18907558917999268,0.0009784698486328125,0.00045117182889953256,0.0004106661945115775,0.0016152039170265198,0.0003752186894416809,0.0035418272018432617,-0.002075791358947754,1.0003769397735596,0.6536508798599243,1.936967134475708,0.6540260910987854,1.9376187324523926,0.0007897685474547326,13.601868803162004,0.39174837551577063,0.009451160207390785,57.00543215405196,2.554848600178957,,66.85063313273713,4.688052809797227,2.0925312349572778,0.0,320.0,2.0,2.0,2.0,0.9996104836463928,0.05753174424171448,0.004510850645601749,0.007976246997714043,1.0
321.0,0,all_fail,False,False,False,False,False,0.9633802771568298,0.0,0.0,1e-06,50.83489227294922,24.957416534423828,28.380859375,0.0,0.0,0.0,0.0,0.0,0.0,0.0,0.0,0.0,0.0,0.0,0.0,0.0,0.0,0.0,0.0,18445.0,18445.0,18445.0,18445.0,18445.0,0.0,0.0,211.05028758649607,87.39623248530552,18445.0,1.0,949.0,949.0,949.0,0.0,0.0625,422.0,203.8125,94.0,0.0625,422.0,203.8125,94.0,0.18413007259368896,0.0013872385025024414,0.0005027874722145498,0.000311512325424701,0.001295778900384903,0.00025914236903190613,0.0029889941215515137,-0.003832578659057617,1.0002607107162476,0.9380785226821899,2.6609456539154053,0.9383376836776733,2.661280870437622,0.0005781290788626599,23.001109210477857,0.35691374643231416,0.010663590859621763,75.00661713536829,3.191700004041195,,87.39623248530552,6.583274052944034,2.101084885187447,0.0,321.0,2.0,2.0,2.0,0.9996686577796936,0.06171661615371704,0.004668480716645718,0.007905985228717327,1.0
322.0,0,all_fail,False,False,False,False,False,0.6647960543632507,0.0,0.0,1e-06,50.85390853881836,24.957416534423828,28.380859375,0.0,0.0,0.0,0.0,0.0,0.0,0.0,0.0,0.0,0.0,0.0,0.0,0.0,0.0,0.0,0.0,14765.0,14765.0,14765.0,14765.0,14765.0,0.0,0.0,241.2805986423736,61.19431103486568,14765.0,1.0,689.0,689.0,689.0,0.0,0.0625,394.0,233.8125,89.0,0.0625,394.0,233.8125,89.0,-0.1770438551902771,-0.0003871917724609375,0.0004094060859642923,0.0010128503199666739,0.001653989776968956,0.0013396423310041428,0.006705224514007568,-0.0009732246398925781,1.0013427734375,0.7104176878929138,2.089789867401123,0.7117574214935303,2.0932064056396484,0.000644452955675981,13.36673457091846,0.38434784084210305,0.009515347890555859,50.00495402980596,2.880271917209029,,61.19431103486568,5.674895870033652,2.124120560940355,0.0,322.0,2.0,2.0,2.0,0.9996862411499023,0.05987346172332764,0.003893801476806402,0.007543481420725584,1.0
323.0,0,all_fail,False,False,False,False,False,0.8244727849960327,0.0,0.0,1e-06,50.8899040222168,24.957416534423828,28.380859375,0.0,0.0,0.0,0.0,0.0,0.0,0.0,0.0,0.0,0.0,0.0,0.0,0.0,0.0,0.0,0.0,12333.0,12333.0,12333.0,12333.0,12333.0,0.0,0.0,146.66739059800142,84.0882213129662,12333.0,1.0,547.0,547.0,547.0,0.0,0.0625,371.0,223.8125,107.0,0.0625,371.0,223.8125,107.0,0.13464581966400146,0.0006105899810791016,0.0004411459085531533,0.000578009057790041,0.0016617737710475922,0.0006052814424037933,0.003475785255432129,-0.0036668777465820312,1.0006072521209717,0.8309258818626404,2.3348822593688965,0.8315311670303345,2.3359344005584717,0.0007885511939488681,20.66654164559413,0.3933718184556374,0.00972520187497139,74.00688563287258,2.5977715351618826,,84.0882213129662,4.851454637013376,2.1226650988683105,0.0,323.0,2.0,2.0,2.0,0.9996913075447083,0.060389816761016846,0.004201492294669151,0.007641591597348452,1.0
324.0,4,mixed,True,True,True,True,True,0.7562225461006165,0.16821719706058502,0.10074876993894577,1e-06,50.85460662841797,24.957416534423828,28.380859375,0.0,0.0,0.10074876993894577,0.0,1.6770472526550293,-0.100748710334301,-0.5590157508850098,1.6770472526550293,-0.100748710334301,-0.5590157508850098,1.0,0.25,0.0,1.0,0.25,0.0,13468.0,13468.0,13468.0,13468.0,13468.0,0.0,0.0,133.7927109363058,100.66318191587925,13468.0,1.0,642.0,642.0,642.0,0.0,0.0625,392.0,199.75,89.0,0.0625,392.0,199.75,89.0,0.1519562005996704,0.0010417699813842773,0.00048198754666373134,0.00044226637692190707,0.0018466059118509293,0.00033967383205890656,0.004922091960906982,-0.00385284423828125,1.0003423690795898,0.7609783411026001,2.179959297180176,0.7613179683685303,2.180220365524292,0.0007156472343908313,28.16268907759679,0.38999879249640723,0.009638336952775717,90.00795429199934,2.7438765219412744,,100.66318191587925,5.252503737341613,2.1471677450463176,0.0,324.0,2.0,2.0,2.0,0.9996247887611389,0.05914723873138428,0.00462430389598012,0.008207213133573532,1.0
325.0,0,all_fail,False,False,False,False,False,0.7993123531341553,0.0,0.0,1e-06,50.82377624511719,24.957416534423828,28.380859375,0.0,0.0,0.0,0.0,0.0,0.0,0.0,0.0,0.0,0.0,0.0,0.0,0.0,0.0,0.0,0.0,13553.0,13553.0,13553.0,13553.0,13553.0,0.0,0.0,141.81146484182992,95.57055217726156,13553.0,1.0,595.0,595.0,595.0,0.0,0.0625,400.0,252.0625,109.0,0.0625,400.0,252.0625,109.0,0.9761103391647339,0.001587510108947754,0.00044799604802392423,0.00010296238178852946,0.0019930340349674225,1.187250018119812e-05,0.003294050693511963,-0.0055408477783203125,1.0000147819519043,0.8100204467773438,2.2863001823425293,0.8100322484970093,2.286797046661377,0.0007407571264213278,21.078112624546833,0.38536303242166736,0.010039481334388256,85.00802821479738,2.733944021165371,,95.57055217726156,5.222825178410858,2.093793442938477,0.0,325.0,2.0,2.0,2.0,0.9996837973594666,0.0520036518573761,0.004309556912630796,0.007733490318059921,1.0
326.0,4,mixed,True,True,True,True,True,0.7629627585411072,0.16499334573745728,-0.004391469061374664,1e-06,50.86976623535156,24.957416534423828,28.380859375,0.0,0.0,-0.004391469061374664,0.0,1.6770472526550293,0.00439148535951972,-0.5590157508850098,1.6770472526550293,0.00439148535951972,-0.5590157508850098,1.0,0.25,0.0,1.0,0.25,0.0,12109.0,12109.0,12109.0,12109.0,12109.0,0.0,0.0,185.64365241935553,65.2271157251671,12109.0,1.0,542.0,542.0,542.0,0.0,0.0625,512.0,214.8125,66.0,0.0625,512.0,214.8125,66.0,0.6978569030761719,0.002015829086303711,0.00043572354479692876,-0.00013271719217300415,0.0019206330180168152,7.7858567237854e-05,0.0050438642501831055,-0.004832446575164795,1.0000808238983154,0.7724146842956543,2.2085859775543213,0.772492527961731,2.209120512008667,0.0008899965870733826,16.003986241516504,0.4103589992644431,0.01077696867287159,55.00570071209222,2.6526354802772403,,65.2271157251671,4.969037122093141,2.089303847402334,0.0,326.0,2.0,2.0,2.0,0.9997152090072632,0.04820595681667328,0.004043171647936106,0.0072546121664345264,1.0
327.0,0,all_fail,False,False,False,False,False,0.7731698155403137,0.0,0.0,1e-06,50.8761100769043,24.957416534423828,28.380859375,0.0,0.0,0.0,0.0,0.0,0.0,0.0,0.0,0.0,0.0,0.0,0.0,0.0,0.0,0.0,0.0,11983.0,11983.0,11983.0,11983.0,11983.0,0.0,0.0,118.6037459638393,101.03390835272148,11983.0,1.0,461.0,461.0,461.0,0.0,0.125,512.0,287.9375,177.0,0.125,512.0,287.9375,177.0,-0.0829620361328125,0.0006879568099975586,0.0004322112363297492,0.0005195336998440325,0.0011136885732412338,0.0005412641912698746,0.00383758544921875,-0.0025141239166259766,1.0005425214767456,0.8240756988525391,2.3210794925689697,0.8246170282363892,2.3224949836730957,0.0007877628487074484,19.754421637565972,0.4015829457497195,0.009439762216061354,91.00862048426643,2.600917157717049,,101.03390835272148,4.812168438918889,2.1007902338169515,0.0,327.0,2.0,2.0,2.0,0.9996855854988098,0.059632718563079834,0.004090947564691305,0.007696880027651787,1.0
328.0,0,all_fail,False,False,False,False,False,0.7210924625396729,0.0,0.0,1e-06,50.91156768798828,24.957416534423828,28.380859375,0.0,0.0,0.0,0.0,0.0,0.0,0.0,0.0,0.0,0.0,0.0,0.0,0.0,0.0,0.0,0.0,16881.0,16881.0,16881.0,16881.0,16881.0,0.0,0.0,203.4218775831168,82.98517445893958,16881.0,1.0,724.0,724.0,724.0,0.0,0.1875,512.0,331.0625,190.0,0.1875,512.0,331.0625,190.0,0.4215202331542969,2.0623207092285156e-05,0.00041524297557771206,0.0008224385092034936,0.001582503318786621,0.0005488023161888123,0.003695547580718994,-0.0036765336990356445,1.0005507469177246,0.7977129817008972,2.3232171535491943,0.7982617616653442,2.323791980743408,0.0005572429955743598,13.405178142674599,0.3720283786412096,0.009406819008290768,71.00722862174734,3.0929295970126987,,82.98517445893958,6.280211059842259,2.096134196035564,0.0,328.0,2.0,2.0,2.0,0.999706506729126,0.0568239688873291,0.0038430665154010057,0.0075058224610984325,1.0
329.0,0,all_fail,False,False,False,False,False,0.7718538641929626,0.0,0.0,1e-06,50.917762756347656,24.957416534423828,28.380859375,0.0,0.0,0.0,0.0,0.0,0.0,0.0,0.0,0.0,0.0,0.0,0.0,0.0,0.0,0.0,0.0,10415.0,10415.0,10415.0,10415.0,10415.0,0.0,0.0,148.03035546759762,70.35719104437158,10415.0,1.0,316.0,316.0,316.0,0.0,0.0625,512.0,334.9375,156.0,0.0625,512.0,334.9375,156.0,-0.10307508707046509,-0.0006489157676696777,0.0004387692897580564,0.001199304242618382,0.0017990339547395706,0.001126052811741829,0.0037308931350708008,-0.0017291903495788574,1.0011281967163086,0.8137447834014893,2.318955421447754,0.8148708939552307,2.3218352794647217,0.0009625810777488604,11.383798345992938,0.41364530352692275,0.010025281924754381,61.00577533617616,2.4271302479319274,,70.35719104437158,4.308115836232901,2.1043041390366852,0.0,329.0,2.0,2.0,2.0,0.9996945261955261,0.059642940759658813,0.004069271497428417,0.007629696745425463,1.0
330.0,0,all_fail,False,False,False,False,False,0.6844298243522644,0.0,0.0,1e-06,50.848289489746094,24.957416534423828,28.3828125,0.0,0.0,0.0,0.0,0.0,0.0,0.0,0.0,0.0,0.0,0.0,0.0,0.0,0.0,0.0,0.0,14451.0,14451.0,14451.0,14451.0,14451.0,0.0,0.0,158.62168256412667,91.10356015898287,14451.0,1.0,603.0,603.0,603.0,0.0,0.0625,512.0,300.1875,155.0,0.0625,512.0,300.1875,155.0,-0.14507555961608887,-0.000756382942199707,0.0003826730535365641,0.0011407661950215697,0.001840868964791298,0.0011281538754701614,0.0047533512115478516,-0.002385437488555908,1.0011305809020996,0.7223355770111084,2.1184945106506348,0.7234637141227722,2.1208901405334473,0.0006839218658667916,16.657925089121225,0.3886735935193879,0.009883354883641005,80.00801420304924,2.861958920955658,,91.10356015898287,5.616722099948674,2.1021885531954467,0.0,330.0,2.0,2.0,2.0,0.9996874332427979,0.11958512663841248,0.003789810696616769,0.00761121092364192,1.0
331.0,0,all_fail,False,False,False,False,False,0.9185851812362671,0.0,0.0,1e-06,50.82601547241211,24.957416534423828,28.3828125,0.0,0.0,0.0,0.0,0.0,0.0,0.0,0.0,0.0,0.0,0.0,0.0,0.0,0.0,0.0,0.0,17408.0,17408.0,17408.0,17408.0,17408.0,0.0,0.0,186.97418673954607,93.10376102477312,17408.0,1.0,807.0,807.0,807.0,0.0,0.0625,512.0,281.0,167.0,0.0625,512.0,281.0,167.0,0.3227599859237671,0.0013979673385620117,0.00045033940114080906,0.00020308136299718171,0.0015161670744419098,7.3995441198349e-05,0.0030042529106140137,-0.0023236870765686035,1.0000754594802856,0.9250602126121521,2.5628128051757812,0.9251341819763184,2.563049554824829,0.0005376878374697887,18.01789938836786,0.36535552568666924,0.009360069874674082,81.0084756501019,3.1139315119944513,,93.10376102477312,6.360108991153538,2.1102062929421663,0.0,331.0,2.0,2.0,2.0,0.9997180104255676,0.04766687750816345,0.004173042718321085,0.0074159749783575535,1.0
332.0,6,mixed,True,True,True,True,True,0.6107953786849976,0.15344449877738953,-0.04683489352464676,1e-06,50.89314270019531,24.957416534423828,28.3828125,0.0,0.0,-0.04683489655144513,0.0,1.2499974966049194,0.04683493450284004,-0.7499985098838806,1.2499974966049194,0.04683493450284004,-0.7499985098838806,1.0,0.375,0.0,1.0,0.375,0.0,15529.0,15529.0,15529.0,15529.0,15529.0,0.0,0.0,234.27265475359948,66.28601198177785,15529.0,1.0,702.0,702.0,702.0,0.0,0.0625,414.0,268.5625,151.0,0.0625,414.0,268.5625,151.0,-0.08259040117263794,0.00024080276489257812,0.0003704453120008111,0.0006209069979377091,0.001186419278383255,0.0007985644042491913,0.0025276541709899902,-0.0016262531280517578,1.000799536705017,0.619987964630127,1.8950746059417725,0.6207865476608276,1.8967305421829224,0.0006042187448723654,12.800885501608326,0.3701198695389311,0.009382912889122963,55.005405000410974,2.903120758011937,,66.28601198177785,5.7475914540700614,2.119063171092421,0.0,332.0,2.0,2.0,2.0,0.9997081160545349,0.06022775173187256,0.003507379675284028,0.007251156959682703,1.0
333.0,16,all_pass,True,False,False,False,False,0.6441776156425476,0.0,0.0,1e-06,50.9207763671875,24.957416534423828,28.3828125,0.0,0.0,0.0,0.0,0.0,0.0,0.0,0.0,0.0,0.0,1.0,1.0,1.0,1.0,1.0,1.0,8347.0,8347.0,8347.0,8347.0,8347.0,0.0,0.0,165.23310733577026,50.51651048986241,8347.0,1.0,340.0,340.0,340.0,0.0,0.0625,322.0,181.6875,115.0,0.0625,322.0,181.6875,115.0,0.37008631229400635,0.0024706125259399414,0.0004351418756414205,-0.000362907478120178,0.0015760846436023712,-0.00025774911046028137,0.004403591156005859,-0.0035054683685302734,0.9997441172599792,0.6703435778617859,1.9720667600631714,0.6700857877731323,1.9714747667312622,0.0012156174655294537,14.44951790273779,0.44348289408177993,0.010146758984774351,42.004748543258756,2.200614799745381,,50.51651048986241,3.701751716900617,2.098748567979783,0.0,333.0,2.0,2.0,2.0,0.9996873736381531,0.11562585830688477,0.003757438389584422,0.007640419527888298,1.0
334.0,0,all_fail,False,False,False,False,False,0.6082634329795837,0.0,0.0,1e-06,50.91425704956055,24.957416534423828,28.3828125,0.0,0.0,0.0,0.0,0.0,0.0,0.0,0.0,0.0,0.0,0.0,0.0,0.0,0.0,0.0,0.0,13322.0,13322.0,13322.0,13322.0,13322.0,0.0,0.0,197.16934661953775,67.56628364603966,13322.0,1.0,579.0,579.0,579.0,0.0,0.0625,408.0,253.625,89.0,0.0625,408.0,253.625,89.0,0.4746854305267334,0.0008535385131835938,0.0004047753755003214,0.00038236650289036334,0.0022337771952152252,0.0008244775235652924,0.00652003288269043,-0.003344118595123291,1.000828742980957,0.6327484846115112,1.9082012176513672,0.6335729360580444,1.91007399559021,0.0007063173615544108,14.0477197496987,0.39001633509609895,0.009409559890627861,57.00564674427733,2.731808555778116,,67.56628364603966,5.19579761615023,2.122338932007551,0.0,334.0,2.0,2.0,2.0,0.9996345043182373,0.061362266540527344,0.00401483615860343,0.00779965054243803,1.0
335.0,0,all_fail,False,False,False,False,False,0.8941853642463684,0.0,0.0,1e-06,50.847415924072266,24.957416534423828,28.3828125,0.0,0.0,0.0,0.0,0.0,0.0,0.0,0.0,0.0,0.0,0.0,0.0,0.0,0.0,0.0,0.0,12575.0,12575.0,12575.0,12575.0,12575.0,0.0,0.0,137.58973933791464,91.39489659992978,12575.0,1.0,528.0,528.0,528.0,0.0,0.0625,512.0,257.9375,89.0,0.0625,512.0,257.9375,89.0,0.3917574882507324,0.0006600618362426758,0.0005043819546699524,0.0006751730106770992,0.001942858099937439,0.0012542679905891418,0.005507946014404297,-0.0022339820861816406,1.001257061958313,0.9650899171829224,2.798768997192383,0.9663442373275757,2.8026769161224365,0.0007644480475730024,19.628702003941182,0.40435514633153113,0.009612934198230505,81.00765317026526,2.687710292171687,,91.39489659992978,5.084765965119004,2.104494343046099,0.0,335.0,2.0,2.0,2.0,0.9996947050094604,0.06634265184402466,0.004232991486787796,0.007939754985272884,1.0
336.0,9,mixed,True,True,True,True,True,0.5665472745895386,0.13740499317646027,0.030535981059074402,1e-06,50.89792251586914,24.957416534423828,28.3828125,0.0,0.0,0.030535981059074402,0.0,0.8539109230041504,-0.0305359847843647,-1.0978854894638062,0.8539109230041504,-0.0305359847843647,-1.0978854894638062,1.0,0.5625,0.0,1.0,0.5625,0.0,9751.0,9751.0,9751.0,9751.0,9751.0,0.0,0.0,154.21734639580032,63.228944265283644,9751.0,1.0,366.0,366.0,366.0,0.0,0.0625,491.0,243.4375,108.0,0.0625,491.0,243.4375,108.0,0.23770594596862793,0.0009770393371582031,0.00034224873525090516,0.00019597749633248895,0.0013193786144256592,0.00041898712515830994,0.003663182258605957,-0.0027916431427001953,1.0004204511642456,0.5786744952201843,1.8098925352096558,0.5790934562683105,1.8106625080108643,0.0010299227108662953,13.865277834418343,0.433029531628358,0.010042776353657246,54.00525716505945,2.391568015795201,,63.228944265283644,4.222470962908119,2.0982134491205215,0.0,336.0,2.0,2.0,2.0,0.9996353983879089,0.06204667687416077,0.003764570225030184,0.007755924016237259,1.0
337.0,0,all_fail,False,False,False,False,False,0.7339286208152771,0.0,0.0,1e-06,50.849605560302734,24.957416534423828,28.3828125,0.0,0.0,0.0,0.0,0.0,0.0,0.0,0.0,0.0,0.0,0.0,0.0,0.0,0.0,0.0,0.0,16570.0,16570.0,16570.0,16570.0,16570.0,0.0,0.0,210.33938311483,78.77744887629524,16570.0,1.0,740.0,740.0,740.0,0.0,0.0625,512.0,295.625,140.0,0.0625,512.0,295.625,140.0,-0.07183688879013062,0.0006511211395263672,0.0003830205532722175,0.0004423809878062457,0.0010206624865531921,0.000557437539100647,0.003776252269744873,-0.0010213255882263184,1.0005584955215454,0.7912623882293701,2.2568063735961914,0.7918198704719543,2.258099317550659,0.0005849431379595361,14.166233781232926,0.3699657406633204,0.009692507795989513,67.00628578523174,3.03606767160818,,78.77744887629524,6.130332322791219,2.0962696000933647,0.0,337.0,2.0,2.0,2.0,0.9997000098228455,0.06020069122314453,0.004001504275947809,0.007450721692293882,1.0
338.0,0,all_fail,False,False,False,False,False,0.7793711423873901,0.0,0.0,1e-06,50.87534713745117,24.957416534423828,28.3828125,0.0,0.0,0.0,0.0,0.0,0.0,0.0,0.0,0.0,0.0,0.0,0.0,0.0,0.0,0.0,0.0,20716.0,20716.0,20716.0,20716.0,20716.0,0.0,0.0,245.1167366997012,84.51483272388577,20716.0,1.0,1022.0,1022.0,1022.0,0.0,0.0625,419.0,272.75,70.0,0.0625,419.0,272.75,70.0,0.2695474624633789,0.0014113187789916992,0.0004822061746381223,0.0002598106220830232,0.0013337284326553345,0.00023224949836730957,0.003974795341491699,-0.0025801658630371094,1.0002336502075195,0.8560911417007446,2.7096972465515137,0.8563233613967896,2.7094454765319824,0.0004651868594679093,16.27098553991978,0.3587805433963073,0.00963681098073721,71.00658089620993,3.4584798640571535,,84.51483272388577,7.432497736997902,2.106487405952066,0.0,338.0,2.0,2.0,2.0,0.9996391534805298,0.05849546194076538,0.004553448408842087,0.008080021478235722,1.0
339.0,2,mixed,True,True,True,True,True,0.6207871437072754,0.17435339093208313,-0.062442630529403687,1e-06,50.877197265625,24.957416534423828,28.3828125,0.0,0.0,-0.062442630529403687,0.0,2.561730146408081,0.062442582100629807,-0.3659614622592926,2.561730146408081,0.062442582100629807,-0.3659614622592926,1.0,0.125,0.0,1.0,0.125,0.0,16520.0,16520.0,16520.0,16520.0,16520.0,0.0,0.0,267.65555645194587,61.7211173158139,16520.0,1.0,801.0,801.0,801.0,0.0,0.0625,368.0,231.5,85.0,0.0625,368.0,231.5,85.0,0.3137538433074951,0.0011061429977416992,0.0003850491775665432,0.00021876518439967185,0.0019097793847322464,-0.00016090087592601776,0.003552258014678955,-0.005440175533294678,0.99984210729599,0.6949819922447205,2.045013666152954,0.6948210597038269,2.0442256927490234,0.0006040221657468678,13.500211046949294,0.3643869594603182,0.009978446178138256,50.00478171790019,2.989532982930541,,61.7211173158139,6.019672570284456,2.194255020003766,0.0,339.0,2.0,2.0,2.0,0.999679446220398,0.061345815658569336,0.003841888392344117,0.007561822421848774,1.0
340.0,0,all_fail,False,False,False,False,False,0.82821124792099,0.0,0.0,1e-06,50.87392044067383,24.957416534423828,28.3828125,0.0,0.0,0.0,0.0,0.0,0.0,0.0,0.0,0.0,0.0,0.0,0.0,0.0,0.0,0.0,0.0,15403.0,15403.0,15403.0,15403.0,15403.0,0.0,0.0,182.13679661542136,84.5683040781878,15403.0,1.0,681.0,681.0,681.0,0.0,0.0625,512.0,281.6875,114.0,0.0625,512.0,281.6875,114.0,-0.010235428810119629,0.0005587339401245117,0.0005131670041009784,0.0007448096293956041,0.0013777241110801697,0.0006767511367797852,0.006011545658111572,-0.0020791292190551758,1.0006787776947021,0.8944757580757141,2.5356194972991943,0.8951525092124939,2.536769151687622,0.0006314086806582203,16.198732417811634,0.3858334533599343,0.009725587908178568,73.00768700707704,2.971002547070384,,84.5683040781878,5.942992682103068,2.1358606228604913,0.0,340.0,2.0,2.0,2.0,0.9996815919876099,0.05867084860801697,0.004419560078531504,0.007811890449374914,1.0
341.0,0,all_fail,False,False,False,False,False,0.7099133133888245,0.0,0.0,1e-06,50.898067474365234,24.957416534423828,28.3828125,0.0,0.0,0.0,0.0,0.0,0.0,0.0,0.0,0.0,0.0,0.0,0.0,0.0,0.0,0.0,0.0,22744.0,22744.0,22744.0,22744.0,22744.0,0.0,0.0,238.5715005483155,95.33410297427326,22744.0,1.0,1117.0,1117.0,1117.0,0.0,0.0625,483.0,304.5,172.0,0.0625,483.0,304.5,172.0,-0.1613861322402954,-0.000264585018157959,0.0004096519551239908,0.0009483983740210533,0.0016458388417959213,0.0010417308658361435,0.006166577339172363,-0.002353668212890625,1.001044750213623,0.6999096870422363,2.0337913036346436,0.7009513974189758,2.035999298095703,0.00042522780553313615,16.627218484823487,0.3519729489013107,0.009671381209045649,81.00780845806003,3.6361736110411584,,95.33410297427326,8.005272749811411,2.1760335988365114,0.0,341.0,2.0,2.0,2.0,0.9996951818466187,0.06026279926300049,0.003933200147002935,0.007510518189519644,1.0
342.0,0,all_fail,False,False,False,False,False,0.624902069568634,0.0,0.0,1e-06,50.86794662475586,24.957416534423828,28.3828125,0.0,0.0,0.0,0.0,0.0,0.0,0.0,0.0,0.0,0.0,0.0,0.0,0.0,0.0,0.0,0.0,11710.0,11710.0,11710.0,11710.0,11710.0,0.0,0.0,177.33467942639166,66.03333334391937,11710.0,1.0,513.0,513.0,513.0,0.0,0.0625,475.0,218.875,107.0,0.0625,475.0,218.875,107.0,0.2933928966522217,0.0015218257904052734,0.0003812989452853799,2.3414950192091055e-06,0.0016585998237133026,-5.334988236427307e-05,0.0026994943618774414,-0.006830811500549316,0.9999492168426514,0.6759814023971558,1.9984385967254639,0.6759281158447266,1.9980697631835938,0.0008044057357881336,15.99248012792168,0.40276739885513596,0.009419591166079044,56.00566540798172,2.5644470416009426,,66.03333334391937,4.716406240593642,2.2349443840794265,0.0,342.0,2.0,2.0,2.0,0.9996992349624634,0.05029106140136719,0.003681889735162258,0.007268412038683891,1.0
343.0,0,all_fail,False,False,False,False,False,0.7709193825721741,0.0,0.0,1e-06,50.85582733154297,24.957416534423828,28.384765625,0.0,0.0,0.0,0.0,0.0,0.0,0.0,0.0,0.0,0.0,0.0,0.0,0.0,0.0,0.0,0.0,26476.0,26476.0,26476.0,26476.0,26476.0,0.0,0.0,236.15306995716787,112.11372354719788,26476.0,1.0,1315.0,1315.0,1315.0,0.0,0.25,512.0,339.75,128.0,0.25,512.0,339.75,128.0,0.6896390914916992,0.0008540153503417969,0.00044348102528601885,0.0004598399100359529,0.0014532874338328838,0.0006152684800326824,0.005224466323852539,-0.002632319927215576,1.000617265701294,0.8613204956054688,2.454151153564453,0.8619356751441956,2.455523729324341,0.0003515306359582175,17.661723645347102,0.35765816709852627,0.009307125117629766,96.00912973610684,4.0207427316345274,,112.11372354719788,9.469357632100582,2.1036040759645402,0.0,343.0,2.0,2.0,2.0,0.9997153282165527,0.05460327863693237,0.0038929181173443794,0.007501309271901846,1.0
344.0,0,all_fail,False,False,False,False,False,0.7411689758300781,0.0,0.0,1e-06,50.881072998046875,24.957416534423828,28.384765625,0.0,0.0,0.0,0.0,0.0,0.0,0.0,0.0,0.0,0.0,0.0,0.0,0.0,0.0,0.0,0.0,10041.0,10041.0,10041.0,10041.0,10041.0,0.0,0.0,132.94972545443366,75.5247892816551,10041.0,1.0,360.0,360.0,360.0,0.0,0.0625,512.0,267.5625,99.0,0.0625,512.0,267.5625,99.0,0.11296498775482178,0.0012640953063964844,0.00039130274672061205,0.0001520500663900748,0.0012570787221193314,0.00030319951474666595,0.00354158878326416,-0.002722024917602539,1.0003044605255127,0.8301280736923218,2.361391067504883,0.8304312825202942,2.3624532222747803,0.0009651017770321052,15.418501524156783,0.4412758014035105,0.009690586943179369,66.00660502491519,2.4701533312909305,,75.5247892816551,4.430850321892649,2.100824872031808,0.0,344.0,2.0,2.0,2.0,0.9997131824493408,0.10336866974830627,0.00372851244173944,0.007451862096786499,1.0
345.0,0,all_fail,False,False,False,False,False,0.678587794303894,0.0,0.0,1e-06,50.872093200683594,24.957416534423828,28.384765625,0.0,0.0,0.0,0.0,0.0,0.0,0.0,0.0,0.0,0.0,0.0,0.0,0.0,0.0,0.0,0.0,13556.0,13556.0,13556.0,13556.0,13556.0,0.0,0.0,216.2042808563113,62.699961103033274,13556.0,1.0,605.0,605.0,605.0,0.0,0.0625,429.0,242.25,80.0,0.0625,429.0,242.25,80.0,0.05926060676574707,-0.00011360645294189453,0.00040433232788927853,0.0008645235793665051,0.0016972869634628296,0.0011196210980415344,0.004181385040283203,-0.002765655517578125,1.0011216402053833,0.6895865201950073,2.0110676288604736,0.690706193447113,2.013258934020996,0.0008689725686905657,13.41733896311457,0.3909954306754449,0.01177979214116931,52.00560582103208,2.767649322282523,,62.699961103033274,5.300334058236331,2.105509342160076,0.0,345.0,2.0,2.0,2.0,0.9996628165245056,0.05953037738800049,0.0041592735797166824,0.007780896499752998,1.0
346.0,0,all_fail,False,False,False,False,False,0.7366008162498474,0.0,0.0,1e-06,50.90056610107422,24.957416534423828,28.384765625,0.0,0.0,0.0,0.0,0.0,0.0,0.0,0.0,0.0,0.0,0.0,0.0,0.0,0.0,0.0,0.0,14154.0,14154.0,14154.0,14154.0,14154.0,0.0,0.0,211.79826574031284,66.82774266600609,14154.0,1.0,642.0,642.0,642.0,0.0,0.0625,464.0,242.625,148.0,0.0625,464.0,242.625,148.0,0.6057121753692627,0.0020447969436645508,0.0004924063105136156,-3.336550435051322e-05,0.0017991233617067337,8.058734238147736e-05,0.002888798713684082,-0.004779696464538574,1.0000828504562378,0.7607872486114502,2.1846349239349365,0.7608677744865417,2.1844797134399414,0.0007121032952706457,14.427058878419503,0.38222132894972866,0.01007911004126072,56.00584256602451,2.7996324370615184,,66.82774266600609,5.40996068995446,2.1013564956374466,0.0,346.0,2.0,2.0,2.0,0.9996082186698914,0.05720853805541992,0.0046500288881361485,0.008303843438625336,1.0
347.0,0,all_fail,False,False,False,False,False,0.86851966381073,0.0,0.0,1e-06,50.89616394042969,24.957416534423828,28.384765625,0.0,0.0,0.0,0.0,0.0,0.0,0.0,0.0,0.0,0.0,0.0,0.0,0.0,0.0,0.0,0.0,22927.0,22927.0,22927.0,22927.0,22927.0,0.0,0.0,233.22128351808664,98.30577919026837,22927.0,1.0,1131.0,1131.0,1131.0,0.0,0.125,512.0,301.9375,112.0,0.125,512.0,301.9375,112.0,0.01875317096710205,0.0007489919662475586,0.00046731886686757207,0.0005631665117107332,0.0013387389481067657,0.00035877153277397156,0.003705143928527832,-0.0033943653106689453,1.000360369682312,0.8903408050537109,2.531083106994629,0.8906995058059692,2.5320827960968018,0.00040685269646416436,17.389324910401267,0.3503433351890023,0.009327911771833897,84.00782864214852,3.6454057348892093,,98.30577919026837,8.032321645878255,2.11134639615193,0.0,347.0,2.0,2.0,2.0,0.9997204542160034,0.07625854015350342,0.00400629173964262,0.007529896683990955,1.0
348.0,0,all_fail,False,False,False,False,False,0.7499463558197021,0.0,0.0,1e-06,50.96746063232422,24.957416534423828,28.384765625,0.0,0.0,0.0,0.0,0.0,0.0,0.0,0.0,0.0,0.0,0.0,0.0,0.0,0.0,0.0,0.0,13646.0,13646.0,13646.0,13646.0,13646.0,0.0,0.0,151.82901068303983,89.87742157187313,13646.0,1.0,550.0,550.0,550.0,0.0,0.0625,512.0,302.875,176.0,0.0625,512.0,302.875,176.0,0.904707670211792,0.0013704299926757812,0.0004319132131058723,0.00018027881742455065,0.0017877425998449326,0.0002430211752653122,0.0036658048629760742,-0.004293084144592285,1.0002453327178955,0.8129919171333313,2.330836534500122,0.8132349252700806,2.330872058868408,0.0007329223382408346,16.30368581596336,0.39998963938636434,0.01000145822763443,79.00766146415845,2.806821305770427,,89.87742157187313,5.458258619066328,2.0941805066540837,0.0,348.0,2.0,2.0,2.0,0.9996946454048157,0.06111341714859009,0.004111784975975752,0.007630383595824242,1.0
349.0,0,all_fail,False,False,False,False,False,0.7934597730636597,0.0,0.0,1e-06,50.87765121459961,24.957416534423828,28.384765625,0.0,0.0,0.0,0.0,0.0,0.0,0.0,0.0,0.0,0.0,0.0,0.0,0.0,0.0,0.0,0.0,13944.0,13944.0,13944.0,13944.0,13944.0,0.0,0.0,177.06734162030338,78.74969981703907,13944.0,1.0,627.0,627.0,627.0,0.0,0.0625,512.0,244.5,143.0,0.0625,512.0,244.5,143.0,-0.27878934144973755,-0.0003904104232788086,0.0004249698540661484,0.001043629483319819,0.0012388154864311218,0.0009825080633163452,0.003807544708251953,-0.0008957386016845703,1.000983715057373,0.8197547197341919,2.455954074859619,0.8207372426986694,2.4585914611816406,0.0006836725543699282,17.384064729241672,0.38127590941155154,0.00953313009813428,68.00646122079343,2.780004783999175,,78.74969981703907,5.316511280834675,2.136324629187584,0.0,349.0,2.0,2.0,2.0,0.999701201915741,0.06126207113265991,0.004049254115670919,0.007574679795652628,1.0
350.0,0,all_fail,False,False,False,False,False,0.5732187032699585,0.0,0.0,1e-06,50.87630081176758,24.957416534423828,28.384765625,0.0,0.0,0.0,0.0,0.0,0.0,0.0,0.0,0.0,0.0,0.0,0.0,0.0,0.0,0.0,0.0,10676.0,10676.0,10676.0,10676.0,10676.0,0.0,0.0,98.04803838384623,108.88540123775601,10676.0,1.0,398.0,398.0,398.0,0.0,0.125,512.0,269.25,150.0,0.125,512.0,269.25,150.0,-0.13426202535629272,0.0002503395080566406,0.0004084174579475075,0.0006941029569134116,0.0014858096837997437,0.0011519230902194977,0.004938066005706787,-0.0014004111289978027,1.0011541843414307,0.6556620001792908,1.980410099029541,0.65681391954422,1.9831507205963135,0.0009037942983944258,22.98279543450066,0.43750294039647714,0.00964890792965889,99.00988273182884,2.5810704892501235,,108.88540123775601,4.67078139167279,2.1142323021776974,0.0,350.0,2.0,2.0,2.0,0.9996858239173889,0.060726821422576904,0.003566512605175376,0.007467974442988634,1.0
351.0,0,all_fail,False,False,False,False,False,0.8717004060745239,0.0,0.0,1e-06,50.901798248291016,24.957416534423828,28.384765625,0.0,0.0,0.0,0.0,0.0,0.0,0.0,0.0,0.0,0.0,0.0,0.0,0.0,0.0,0.0,0.0,12149.0,12149.0,12149.0,12149.0,12149.0,0.0,0.0,149.41130753242513,81.3124535260722,12149.0,1.0,519.0,519.0,519.0,0.0,0.0625,512.0,240.3125,112.0,0.0625,512.0,240.3125,112.0,0.4242370128631592,0.0021594762802124023,0.0004584599519148469,-0.0001602362608537078,0.0015298090875148773,-0.0003527514636516571,0.0030165910720825195,-0.0068898797035217285,0.9996498227119446,0.8681702613830566,2.41754412651062,0.8678175210952759,2.4167897701263428,0.0007872145688281607,18.46739764740722,0.4114170340810875,0.009563869796693325,71.00714395428076,2.6590582197532058,,81.3124535260722,4.998305547051132,2.1365830721333623,0.0,351.0,2.0,2.0,2.0,0.9996520280838013,0.06094324588775635,0.004518221132457256,0.00808799173682928,1.0
352.0,4,mixed,True,True,True,True,True,0.509933590888977,0.1322517693042755,0.08810321986675262,1e-06,50.911720275878906,24.957416534423828,28.384765625,0.0,0.0,0.08810322359204292,0.0,1.6770472526550293,-0.08810321986675262,-0.5590157508850098,1.6770472526550293,-0.08810321986675262,-0.5590157508850098,1.0,0.25,0.0,1.0,0.25,0.0,8551.0,8551.0,8551.0,8551.0,8551.0,0.0,0.0,168.9489300995396,50.61292779399082,8551.0,1.0,308.0,308.0,308.0,0.0,0.0625,358.0,226.4375,114.0,0.0625,358.0,226.4375,114.0,0.5641828775405884,0.0009442567825317383,0.0003231950104236603,0.00017558157560415566,0.0016700970008969307,0.00024300534278154373,0.0037811100482940674,-0.004009127616882324,1.0002453327178955,0.528762936592102,1.7217820882797241,0.5290060043334961,1.7219979763031006,0.0011305865055008279,11.593836577408162,0.4410312679080974,0.009667645208537579,42.00446991994977,2.228822990320623,,50.61292779399082,3.7712583718821406,2.095999598968774,0.0,352.0,2.0,2.0,2.0,0.999653697013855,0.04893660545349121,0.0035945253912359476,0.0074566504918038845,1.0
353.0,0,all_fail,False,False,False,False,False,0.7919130325317383,0.0,0.0,1e-06,50.9149055480957,24.957416534423828,28.384765625,0.0,0.0,0.0,0.0,0.0,0.0,0.0,0.0,0.0,0.0,0.0,0.0,0.0,0.0,0.0,0.0,8935.0,8935.0,8935.0,8935.0,8935.0,0.0,0.0,119.42920683791108,74.81419525900856,8935.0,1.0,339.0,339.0,339.0,0.0,0.125,366.0,219.4375,136.0,0.125,366.0,219.4375,136.0,0.10360753536224365,0.000225067138671875,0.0004696355026680976,0.0008269508252851665,0.001816602423787117,0.0006409380584955215,0.0064727067947387695,-0.0035241246223449707,1.0006440877914429,0.8044137358665466,2.2748680114746094,0.8050546646118164,2.27634334564209,0.0010395392350264615,18.799943651959442,0.4385349226601643,0.009288283064961433,66.0066021620296,2.2869751900434494,,74.81419525900856,3.918309533968568,2.0914909671992064,0.0,353.0,2.0,2.0,2.0,0.9996376633644104,0.07108628749847412,0.004510122817009687,0.008150752633810043,1.0
354.0,3,mixed,True,True,True,True,True,0.5200618505477905,0.14260776340961456,0.042807869613170624,1e-06,50.909366607666016,24.957416534423828,28.384765625,0.0,0.0,0.04280787333846092,0.0,2.015559434890747,-0.042807791382074356,-0.4651290774345398,2.015559434890747,-0.042807791382074356,-0.4651290774345398,1.0,0.1875,0.0,1.0,0.1875,0.0,12883.0,12883.0,12883.0,12883.0,12883.0,0.0,0.0,213.89271886203758,60.23112927144393,12883.0,1.0,546.0,546.0,546.0,0.0,0.0625,362.0,259.1875,138.0,0.0625,362.0,259.1875,138.0,0.20121979713439941,0.001588582992553711,0.0003966596850659698,-1.392466288052674e-06,0.000945359468460083,-5.787983536720276e-05,0.003771543502807617,-0.001783818006515503,0.99994295835495,0.5085141658782959,1.6734752655029297,0.5084562301635742,1.6734369993209839,0.0007290264870183471,12.0580175065972,0.3861864791408229,0.009392048232257366,50.00459859985858,2.6444595027714968,,60.23112927144393,4.975240410771221,2.098398860078305,0.0,354.0,2.0,2.0,2.0,0.9996337890625,0.05940231680870056,0.0037583045195788145,0.007650061976164579,1.0
355.0,0,all_fail,False,False,False,False,False,0.7740187048912048,0.0,0.0,1e-06,50.88603591918945,24.957416534423828,28.384765625,0.0,0.0,0.0,0.0,0.0,0.0,0.0,0.0,0.0,0.0,0.0,0.0,0.0,0.0,0.0,0.0,18862.0,18862.0,18862.0,18862.0,18862.0,0.0,0.0,248.58803322912883,75.87654061615467,18862.0,1.0,880.0,880.0,880.0,0.0,0.125,512.0,298.875,135.0,0.125,512.0,298.875,135.0,0.32264184951782227,-0.0007178187370300293,0.0004267933836672455,0.0012124211061745882,0.0022899284958839417,0.0017276927828788757,0.0050400495529174805,-0.0032653212547302246,1.001731276512146,0.7803301215171814,2.2211437225341797,0.7820578217506409,2.2250919342041016,0.0005148652828017167,13.175623283601926,0.3686265754250271,0.00971138896420598,63.00583054218441,3.3075964129529893,,75.87654061615467,6.95303446566686,2.0993042727932334,0.0,355.0,2.0,2.0,2.0,0.9997079968452454,0.05657365918159485,0.004019580315798521,0.00748091284185648,1.0
356.0,0,all_fail,False,False,False,False,False,0.6540568470954895,0.0,0.0,1e-06,50.90754699707031,24.957416534423828,28.384765625,0.0,0.0,0.0,0.0,0.0,0.0,0.0,0.0,0.0,0.0,0.0,0.0,0.0,0.0,0.0,0.0,13313.0,13313.0,13313.0,13313.0,13313.0,0.0,0.0,110.56224061218191,120.41181443398818,13313.0,1.0,503.0,503.0,503.0,0.0,0.0625,433.0,329.0625,143.0,0.0625,433.0,329.0625,143.0,-0.32674336433410645,-0.0003237724304199219,0.00042214823770336807,0.0010060782078653574,0.0013487190008163452,0.0009726136922836304,0.0024228692054748535,-0.001448512077331543,1.0009737014770508,0.6810863614082336,1.9942305088043213,0.6820590496063232,1.9961671829223633,0.0007011794258424774,20.894618382534155,0.3807421520501789,0.009334801696240902,110.01016578404233,2.6787939462810755,,120.41181443398818,5.068820270244032,2.1436912487260997,0.0,356.0,2.0,2.0,2.0,0.9996858239173889,0.06014654040336609,0.003827481297776103,0.007561456877738237,1.0
357.0,4,mixed,True,True,True,True,True,0.8089002370834351,0.13612598180770874,0.03470345586538315,1e-06,50.93056869506836,24.957416534423828,28.384765625,0.0,0.0,0.0347034465521574,0.0,1.6770472526550293,-0.03470339626073837,-0.5590157508850098,1.6770472526550293,-0.03470339626073837,-0.5590157508850098,1.0,0.25,0.0,1.0,0.25,0.0,16835.0,16835.0,16835.0,16835.0,16835.0,0.0,0.0,207.90137475726928,80.97589551610872,16835.0,1.0,727.0,727.0,727.0,0.0,0.0625,512.0,325.1875,176.0,0.0625,512.0,325.1875,176.0,0.06219208240509033,0.00029540061950683594,0.0004531615413725376,0.000757032074034214,0.0015463083982467651,0.0007726922631263733,0.0029876232147216797,-0.0025765299797058105,1.0007741451263428,0.8460256457328796,2.3921425342559814,0.8467983603477478,2.393954277038574,0.0005941530720023468,13.263039113787242,0.37244815663729147,0.01000256696715951,69.00759250903502,3.0848619961179793,,80.97589551610872,6.270164716988802,2.1012578918598592,0.0,357.0,2.0,2.0,2.0,0.9996752142906189,0.08020967245101929,0.004283104091882706,0.00783015601336956,1.0
358.0,0,all_fail,False,False,False,False,False,0.9994260668754578,0.0,0.0,1e-06,50.88291549682617,24.957416534423828,28.384765625,0.0,0.0,0.0,0.0,0.0,0.0,0.0,0.0,0.0,0.0,0.0,0.0,0.0,0.0,0.0,0.0,18314.0,18314.0,18314.0,18314.0,18314.0,0.0,0.0,227.91886792377605,80.3531544660218,18314.0,1.0,917.0,917.0,917.0,0.0,0.0625,398.0,227.625,80.0,0.0625,398.0,227.625,80.0,0.8578633069992065,0.0016936063766479492,0.00044106534915044904,3.724573616636917e-05,0.0022272728383541107,-9.66973602771759e-05,0.0037283897399902344,-0.008279561996459961,0.9999074935913086,1.037335991859436,2.9163451194763184,1.0372393131256104,2.9150750637054443,0.0005236426776197132,18.672725563446434,0.3569798421849408,0.009589991997927427,68.00606650207192,3.1847337861545384,,80.3531544660218,6.537728829775006,2.1155369179323316,0.0,358.0,2.0,2.0,2.0,0.9997345805168152,0.05912518501281738,0.004107232671231031,0.00743083655834198,1.0
359.0,0,all_fail,False,False,False,False,False,0.6893700361251831,0.0,0.0,1e-06,50.87553787231445,24.957416534423828,28.384765625,0.0,0.0,0.0,0.0,0.0,0.0,0.0,0.0,0.0,0.0,0.0,0.0,0.0,0.0,0.0,0.0,14865.0,14865.0,14865.0,14865.0,14865.0,0.0,0.0,122.48783529051158,121.35899017844349,14865.0,1.0,676.0,676.0,676.0,0.0,0.0625,512.0,253.0625,119.0,0.0625,512.0,253.0625,119.0,0.2917823791503906,0.0009542703628540039,0.0004388966190163046,0.0004036846512462944,0.0018226280808448792,0.00031691044569015503,0.0036824941635131836,-0.004841625690460205,1.000319480895996,0.7586175203323364,2.1925129890441895,0.7589344382286072,2.193429470062256,0.0007271289880573248,27.16984532354411,0.3900825744573111,0.010808772407472134,110.0107037150301,2.9239948340691626,,121.35899017844349,5.798577469307929,2.1116507169790566,0.0,359.0,2.0,2.0,2.0,0.9996647238731384,0.061314910650253296,0.004165820777416229,0.007865160703659058,1.0
360.0,1,mixed,True,True,True,True,True,0.8062645792961121,0.15607723593711853,0.06453895568847656,1e-06,50.92810821533203,24.957416534423828,28.384765625,0.0,0.0,0.06453895568847656,0.0,3.7499847412109375,-0.06453899294137955,-0.24999898672103882,3.7499847412109375,-0.06453899294137955,-0.24999898672103882,1.0,0.0625,0.0,1.0,0.0625,0.0,13846.0,13846.0,13846.0,13846.0,13846.0,0.0,0.0,189.95294737598311,72.89173551276326,13846.0,1.0,647.0,647.0,647.0,0.0,0.0625,487.0,218.375,49.0,0.0625,487.0,218.375,49.0,-0.18856781721115112,-0.0006339550018310547,0.0004839788016397506,0.0012818288523703814,0.002485383301973343,0.0016741566359996796,0.010092735290527344,-0.0045244693756103516,1.0016802549362183,0.9168246984481812,2.658656120300293,0.9184988737106323,2.6650888919830322,0.0006972580597129634,17.746553646211854,0.3923147658975,0.00965423509478569,62.00645843986422,2.8113747350871563,,72.89173551276326,5.431990248616785,2.131467590108514,0.0,360.0,2.0,2.0,2.0,0.9996715784072876,0.05734825134277344,0.00436351727694273,0.00787033699452877,1.0
361.0,0,all_fail,False,False,False,False,False,0.7456626296043396,0.0,0.0,1e-06,50.924530029296875,24.957416534423828,28.384765625,0.0,0.0,0.0,0.0,0.0,0.0,0.0,0.0,0.0,0.0,0.0,0.0,0.0,0.0,0.0,0.0,15798.0,15798.0,15798.0,15798.0,15798.0,0.0,0.0,164.97370315343952,95.76071639312431,15798.0,1.0,660.0,660.0,660.0,0.0,0.25,512.0,327.375,182.0,0.25,512.0,327.375,182.0,0.819922685623169,0.0013054609298706055,0.0004067010304424912,0.00016134137695189565,0.0012583620846271515,0.00015257671475410461,0.0025449395179748535,-0.004844546318054199,1.00015389919281,0.7498514652252197,2.1307504177093506,0.7500040531158447,2.131120443344116,0.0006003868130037703,16.038129566491232,0.3840461083757287,0.009484910871833563,84.00772266928107,3.0114911049604416,,95.76071639312431,6.067160420119762,2.1636357051320374,0.0,361.0,2.0,2.0,2.0,0.9996956586837769,0.08370697498321533,0.003979097586125135,0.007487067952752113,1.0
362.0,0,all_fail,False,False,False,False,False,0.6554483771324158,0.0,0.0,1e-06,50.88811492919922,24.957416534423828,28.384765625,0.0,0.0,0.0,0.0,0.0,0.0,0.0,0.0,0.0,0.0,0.0,0.0,0.0,0.0,0.0,0.0,13430.0,13430.0,13430.0,13430.0,13430.0,0.0,0.0,125.89768021778922,106.67392740491778,13430.0,1.0,573.0,573.0,573.0,0.0,0.0625,512.0,266.375,157.0,0.0625,512.0,266.375,157.0,0.2517726421356201,0.0005664825439453125,0.0003911902604158968,0.0004975451156497002,0.0018384996801614761,0.00036885403096675873,0.003543078899383545,-0.003054380416870117,1.0003712177276611,0.7097234129905701,2.1174063682556152,0.7100921869277954,2.1175785064697266,0.0006995486665575342,22.52690725055611,0.39273885391480606,0.009394938591867685,96.00967870187014,2.760976509191096,,106.67392740491778,5.274482808075845,2.117306579835713,0.0,362.0,2.0,2.0,2.0,0.9997149705886841,0.05644577741622925,0.0036368428263813257,0.007232810836285353,1.0
363.0,0,all_fail,False,False,False,False,False,0.959162712097168,0.0,0.0,1e-06,50.92017364501953,24.957416534423828,28.384765625,0.0,0.0,0.0,0.0,0.0,0.0,0.0,0.0,0.0,0.0,0.0,0.0,0.0,0.0,0.0,0.0,18634.0,18634.0,18634.0,18634.0,18634.0,0.0,0.0,184.97067099150289,100.74029520526528,18634.0,1.0,896.0,896.0,896.0,0.0,0.0625,508.0,268.625,77.0,0.0625,508.0,268.625,77.0,0.5578808784484863,0.001473546028137207,0.0005488643073476851,0.00036361292586661875,0.0020271725952625275,0.0010476969182491302,0.01124107837677002,-0.002644836902618408,1.0010533332824707,0.9494235515594482,2.6403911113739014,0.9504711627960205,2.643683910369873,0.0005308892781803943,20.47677313778489,0.3660192691250313,0.009892590809613466,88.00917094619945,3.274601496756077,,100.74029520526528,6.820403060875833,2.1258997209370136,0.0,363.0,2.0,2.0,2.0,0.9996767640113831,0.08789390325546265,0.004540237132459879,0.008005449548363686,1.0
364.0,0,all_fail,False,False,False,False,False,0.6866720914840698,0.0,0.0,1e-06,50.930030822753906,24.957416534423828,28.384765625,0.0,0.0,0.0,0.0,0.0,0.0,0.0,0.0,0.0,0.0,0.0,0.0,0.0,0.0,0.0,0.0,14545.0,14545.0,14545.0,14545.0,14545.0,0.0,0.0,219.4035981266486,66.29335217922926,14545.0,1.0,641.0,641.0,641.0,0.0,0.125,512.0,268.0625,147.0,0.125,512.0,268.0625,147.0,-0.17878055572509766,-0.0005899667739868164,0.00035847604158334434,0.0010101103689521551,0.0017455024644732475,0.0013251425698399544,0.006484270095825195,-0.0012222528457641602,1.0013278722763062,0.7154147028923035,2.0753307342529297,0.7167398929595947,2.07837176322937,0.0006723544861635993,12.824822460968063,0.3927435666699207,0.009779396001249552,55.005663535092026,2.892227446194738,,66.29335217922926,5.712455177213997,2.173780855257064,0.0,364.0,2.0,2.0,2.0,0.9996747970581055,0.05807697772979736,0.003932526800781488,0.007607511710375547,1.0
365.0,0,all_fail,False,False,False,False,False,0.8163157105445862,0.0,0.0,1e-06,50.92158126831055,24.957416534423828,28.384765625,0.0,0.0,0.0,0.0,0.0,0.0,0.0,0.0,0.0,0.0,0.0,0.0,0.0,0.0,0.0,0.0,13379.0,13379.0,13379.0,13379.0,13379.0,0.0,0.0,184.27927439785924,72.60176188405603,13379.0,1.0,611.0,611.0,611.0,0.0,0.0625,415.0,225.1875,73.0,0.0625,415.0,225.1875,73.0,0.4171144962310791,0.0014307498931884766,0.00044226422323845327,0.00017090109759010375,0.0018962696194648743,-0.00015955418348312378,0.004457294940948486,-0.007136225700378418,0.9998438358306885,0.8293353915214539,2.370373487472534,0.8291759490966797,2.369804859161377,0.000757431862435183,17.209583961658435,0.3913728231667884,0.010133680887520313,62.00613101385534,2.7379222963936627,,72.60176188405603,5.236177001148462,2.1128066340461373,0.0,365.0,2.0,2.0,2.0,0.9996772408485413,0.05634671449661255,0.004321583081036806,0.007834231480956078,1.0
366.0,3,mixed,True,True,True,True,True,0.6471763849258423,0.1585434526205063,-0.05068395286798477,1e-06,50.92664337158203,24.957416534423828,28.384765625,0.0,0.0,-0.0506839519366622,0.0,2.015559434890747,0.050683990120887756,-0.4651290774345398,2.015559434890747,0.050683990120887756,-0.4651290774345398,1.0,0.1875,0.0,1.0,0.1875,0.0,10132.0,10132.0,10132.0,10132.0,10132.0,0.0,0.0,192.66611820383534,52.58838499709964,10132.0,1.0,400.0,400.0,400.0,0.0,0.0625,512.0,233.25,119.0,0.0625,512.0,233.25,119.0,-0.24719750881195068,-0.0005467534065246582,0.00041552659240551293,0.001106624724343419,0.0017403028905391693,0.0012443885207176208,0.004929244518280029,-0.0024805665016174316,1.001246690750122,0.6531715393066406,1.9480345249176025,0.6544159054756165,1.9504567384719849,0.000923431518517414,11.523313238535032,0.4418001130945389,0.009356208145618439,43.00500500621274,2.4808673430234194,,52.58838499709964,4.4763187458738685,2.1147331027314067,0.0,366.0,2.0,2.0,2.0,0.9996379017829895,0.05893626809120178,0.004168529529124498,0.00793704204261303,1.0
367.0,0,all_fail,False,False,False,False,False,0.7267740964889526,0.0,0.0,1e-06,50.89934158325195,24.957416534423828,28.384765625,0.0,0.0,0.0,0.0,0.0,0.0,0.0,0.0,0.0,0.0,0.0,0.0,0.0,0.0,0.0,0.0,11688.0,11688.0,11688.0,11688.0,11688.0,0.0,0.0,119.37080237699301,97.91339060524479,11688.0,1.0,381.0,381.0,381.0,0.0,0.125,512.0,349.5,206.0,0.125,512.0,349.5,206.0,-0.07639443874359131,0.0003618001937866211,0.000466866884380579,0.0007554111653007567,0.0011629331856966019,0.0006153564900159836,0.0024102330207824707,-0.0025607943534851074,1.0006163120269775,0.7920953631401062,2.2933549880981445,0.7927107810974121,2.2947094440460205,0.0008360769926053379,15.738261123794066,0.4011918650796633,0.00977206788957119,88.00835620425642,2.5641226158477366,,97.91339060524479,4.689130519051105,2.1412557042203844,0.0,367.0,2.0,2.0,2.0,0.9996821284294128,0.059639692306518555,0.004082570783793926,0.007805132307112217,1.0
368.0,0,all_fail,False,False,False,False,False,0.7403290271759033,0.0,0.0,1e-06,50.92243957519531,24.957416534423828,28.384765625,0.0,0.0,0.0,0.0,0.0,0.0,0.0,0.0,0.0,0.0,0.0,0.0,0.0,0.0,0.0,0.0,13387.0,13387.0,13387.0,13387.0,13387.0,0.0,0.0,70.90429595993874,188.80379275698215,13387.0,1.0,511.0,511.0,511.0,0.0,0.125,512.0,325.6875,133.0,0.125,512.0,325.6875,133.0,0.8479803800582886,0.0028547048568725586,0.00048039734247140586,-0.0004629364993888885,0.00122901052236557,-0.000499919056892395,0.003594338893890381,-0.0022752881050109863,0.9995013475418091,0.8135089874267578,2.3069581985473633,0.8130090832710266,2.3056607246398926,0.0007091449199214744,34.16148837991066,0.40301485545084503,0.009493323042988777,178.01551594771445,2.7892251294106245,,188.80379275698215,5.395159869920462,2.0923302778974175,0.0,368.0,2.0,2.0,2.0,0.9996925592422485,0.060384273529052734,0.004134729504585266,0.007686604745686054,1.0
369.0,0,all_fail,False,False,False,False,False,0.7373837232589722,0.0,0.0,1e-06,50.903289794921875,24.957416534423828,28.384765625,0.0,0.0,0.0,0.0,0.0,0.0,0.0,0.0,0.0,0.0,0.0,0.0,0.0,0.0,0.0,0.0,14254.0,14254.0,14254.0,14254.0,14254.0,0.0,0.0,206.17674388461342,69.13485842989758,14254.0,1.0,624.0,624.0,624.0,0.0,0.125,512.0,266.875,104.0,0.125,512.0,266.875,104.0,0.1287142038345337,0.00029659271240234375,0.0004433601279743016,0.0007394951535388827,0.001902613788843155,0.0005072467029094696,0.005066215991973877,-0.006486237049102783,1.0005106925964355,0.7780185341835022,2.202930212020874,0.778525710105896,2.2039263248443604,0.0006795765891393103,13.584572743772762,0.3951943883722275,0.00968668470159173,58.006125615909696,2.8736745989881456,,69.13485842989758,5.63310081185773,2.111340166069567,0.0,369.0,2.0,2.0,2.0,0.9996763467788696,0.06126260757446289,0.004171804059296846,0.007707970216870308,1.0
370.0,0,all_fail,False,False,False,False,False,0.9001821279525757,0.0,0.0,1e-06,50.93565368652344,24.957416534423828,28.384765625,0.0,0.0,0.0,0.0,0.0,0.0,0.0,0.0,0.0,0.0,0.0,0.0,0.0,0.0,0.0,0.0,10454.0,10454.0,10454.0,10454.0,10454.0,0.0,0.0,115.47308279618659,90.53192091919482,10454.0,1.0,421.0,421.0,421.0,0.0,0.0625,441.0,232.375,146.0,0.0625,441.0,232.375,146.0,0.2526170015335083,0.0014302730560302734,0.0005208072252571583,0.0003276490606367588,0.0018403679132461548,0.0002783164381980896,0.003189265727996826,-0.004154562950134277,1.0002806186676025,0.9528378844261169,2.671781301498413,0.9531161785125732,2.672699213027954,0.000938493197187653,21.788243473882698,0.4241252257445015,0.009811007883399725,81.00868923589587,2.4693056610412896,,90.53192091919482,4.433805109933019,2.1087267138063908,0.0,370.0,2.0,2.0,2.0,0.9996873140335083,0.049958229064941406,0.004485860466957092,0.007866211235523224,1.0
371.0,0,all_fail,False,False,False,False,False,0.8221706748008728,0.0,0.0,1e-06,50.91569519042969,24.957416534423828,28.384765625,0.0,0.0,0.0,0.0,0.0,0.0,0.0,0.0,0.0,0.0,0.0,0.0,0.0,0.0,0.0,0.0,12829.0,12829.0,12829.0,12829.0,12829.0,0.0,0.0,198.60032114632486,64.59707580506802,12829.0,1.0,490.0,490.0,490.0,0.0,0.125,512.0,311.8125,174.0,0.125,512.0,311.8125,174.0,-0.32308387756347656,-0.00022333860397338867,0.00046670506708323956,0.0010436958400532603,0.001453697681427002,0.0011507049202919006,0.0035229921340942383,-0.0009459853172302246,1.0011522769927979,0.8489624857902527,2.4217896461486816,0.8501131534576416,2.4248199462890625,0.0007262177793245935,10.824988769469261,0.40749853993178353,0.00931664789095521,54.00586897088215,2.734923715237528,,64.59707580506802,5.227798768784851,2.118820071220398,0.0,371.0,2.0,2.0,2.0,0.9996872544288635,0.06235775351524353,0.004276684485375881,0.00774629320949316,1.0
372.0,0,all_fail,False,False,False,False,False,0.6843412518501282,0.0,0.0,1e-06,50.90797805786133,24.957416534423828,28.384765625,0.0,0.0,0.0,0.0,0.0,0.0,0.0,0.0,0.0,0.0,0.0,0.0,0.0,0.0,0.0,0.0,13471.0,13471.0,13471.0,13471.0,13471.0,0.0,0.0,198.85303255082636,67.74349793512374,13471.0,1.0,575.0,575.0,575.0,0.0,0.0625,512.0,266.9375,113.0,0.0625,512.0,266.9375,113.0,-0.06345176696777344,0.00037217140197753906,0.00039380762609653175,0.0006009313510730863,0.0013972707092761993,0.000882226973772049,0.006307840347290039,-0.001713395118713379,1.0008846521377563,0.7192937135696411,2.1070191860198975,0.7201759219169617,2.1088340282440186,0.000703014352080746,13.347270895141058,0.3954560722538773,0.00947030633687973,57.00619399314746,2.7683414849452674,,67.74349793512374,5.327188749331981,2.131081399973482,0.0,372.0,2.0,2.0,2.0,0.9996780753135681,0.0515311062335968,0.004036775790154934,0.007589514367282391,1.0
373.0,0,all_fail,False,False,False,False,False,0.6609712839126587,0.0,0.0,1e-06,50.961082458496094,24.957416534423828,28.384765625,0.0,0.0,0.0,0.0,0.0,0.0,0.0,0.0,0.0,0.0,0.0,0.0,0.0,0.0,0.0,0.0,6949.0,6949.0,6949.0,6949.0,6949.0,0.0,0.0,140.74443009190952,49.37317942501977,6949.0,1.0,211.0,211.0,211.0,0.0,0.0625,446.0,223.3125,63.0,0.0625,446.0,223.3125,63.0,0.29203319549560547,0.0015833377838134766,0.0003929144295398146,-6.634440524067031e-06,0.001737210899591446,0.00022726133465766907,0.005381643772125244,-0.0024051666259765625,1.0002295970916748,0.7388982176780701,2.13604736328125,0.7391255497932434,2.13647198677063,0.0014332531065344896,11.47620957928639,0.5147866666845571,0.009959675837308168,41.00449682679027,2.182822037022561,,49.37317942501977,3.5772525467909873,2.1004004920832813,0.0,373.0,2.0,2.0,2.0,0.9997076988220215,0.06949636340141296,0.003622976131737232,0.007372703868895769,1.0
374.0,6,mixed,True,True,True,True,True,0.6649200320243835,0.14614316821098328,-0.03701731190085411,1e-06,50.94121170043945,24.957416534423828,28.384765625,0.0,0.0,-0.03701731190085411,0.0,1.2499974966049194,0.0370173342525959,-0.7499985098838806,1.2499974966049194,0.0370173342525959,-0.7499985098838806,1.0,0.375,0.0,1.0,0.375,0.0,14714.0,14714.0,14714.0,14714.0,14714.0,0.0,0.0,215.37172234087933,68.31908961897716,14714.0,1.0,625.0,625.0,625.0,0.0,0.0625,512.0,294.625,151.0,0.0625,512.0,294.625,151.0,-0.20659470558166504,-0.0003407597541809082,0.0004151957982685417,0.0009961980395019054,0.0015818122774362564,0.0010404828935861588,0.004438042640686035,-0.002745211124420166,1.001042366027832,0.6968469023704529,2.0388174057006836,0.6978874206542969,2.0410726070404053,0.0006860193038308396,12.093032769424983,0.39171409047329875,0.010094088036566973,57.006556475069374,2.9138422277756035,,68.31908961897716,5.7636811272241175,2.1243704138323665,0.0,374.0,2.0,2.0,2.0,0.9996443390846252,0.06029212474822998,0.004180737305432558,0.007885139435529709,1.0
375.0,0,all_fail,False,False,False,False,False,0.7020612359046936,0.0,0.0,1e-06,50.904701232910156,24.957416534423828,28.384765625,0.0,0.0,0.0,0.0,0.0,0.0,0.0,0.0,0.0,0.0,0.0,0.0,0.0,0.0,0.0,0.0,12835.0,12835.0,12835.0,12835.0,12835.0,0.0,0.0,163.5453621167809,78.47975530382246,12835.0,1.0,544.0,544.0,544.0,0.0,0.0625,501.0,258.1875,102.0,0.0625,501.0,258.1875,102.0,0.23514211177825928,0.0008645057678222656,0.00039323896635323763,0.00035125642898492515,0.0018368139863014221,0.00021994858980178833,0.0032148361206054688,-0.0036611557006835938,1.0002223253250122,0.7128344774246216,2.0598185062408447,0.7130544781684875,2.0599327087402344,0.0007497071262041233,16.462657703670644,0.4010862472384042,0.009622490964829922,68.00723897386342,2.7044708570465446,,78.47975530382246,5.147941983304918,2.1108645759522915,0.0,375.0,2.0,2.0,2.0,0.9997034072875977,0.0643291175365448,0.0037875715643167496,0.0074860285967588425,1.0
376.0,0,all_fail,False,False,False,False,False,0.9120227098464966,0.0,0.0,1e-06,51.09052276611328,24.957416534423828,28.384765625,0.0,0.0,0.0,0.0,0.0,0.0,0.0,0.0,0.0,0.0,0.0,0.0,0.0,0.0,0.0,0.0,5129.0,5129.0,5129.0,5129.0,5129.0,0.0,0.0,94.23524360610926,54.427619685884565,5129.0,1.0,147.0,147.0,147.0,0.0,0.0625,295.0,173.5625,32.0,0.0625,295.0,173.5625,32.0,0.24198460578918457,0.0021691322326660156,0.00046929120435379446,-0.00014328991528600454,0.0017660632729530334,-0.0005079209804534912,0.004282832145690918,-0.00619816780090332,0.999494731426239,0.9596863389015198,2.6916818618774414,0.9591783285140991,2.689481258392334,0.001999325225909427,16.926541552383576,0.5590951413919957,0.010254539083689451,47.00500589096919,1.922538020182401,,54.427619685884565,2.8675989801995456,2.1226370739750564,0.0,376.0,2.0,2.0,2.0,0.9997005462646484,0.055206358432769775,0.004291730932891369,0.00768623361364007,1.0
377.0,0,all_fail,False,False,False,False,False,0.7707430720329285,0.0,0.0,1e-06,51.02582550048828,24.957416534423828,28.384765625,0.0,0.0,0.0,0.0,0.0,0.0,0.0,0.0,0.0,0.0,0.0,0.0,0.0,0.0,0.0,0.0,17998.0,17998.0,17998.0,17998.0,17998.0,0.0,0.0,151.9644394782816,118.43560284096748,17998.0,1.0,836.0,836.0,836.0,0.0,0.0625,504.0,288.875,173.0,0.0625,504.0,288.875,173.0,-0.16321271657943726,-0.0002225041389465332,0.000414541776990518,0.0009381109848618507,0.0014836713671684265,0.0009619817137718201,0.004211127758026123,-0.00162506103515625,1.000963568687439,0.7986795902252197,2.258820056915283,0.7996416091918945,2.261199951171875,0.0005562552535006677,22.936242462604536,0.3655224096028755,0.010011482052505016,106.01131266215816,3.190199009142816,,118.43560284096748,6.578672328032553,2.145674048922956,0.0,377.0,2.0,2.0,2.0,0.9996902346611023,0.06143683195114136,0.004101510159671307,0.007588884327560663,1.0
378.0,0,all_fail,False,False,False,False,False,0.8782765865325928,0.0,0.0,1e-06,51.09009552001953,24.957416534423828,28.384765625,0.0,0.0,0.0,0.0,0.0,0.0,0.0,0.0,0.0,0.0,0.0,0.0,0.0,0.0,0.0,0.0,15876.0,15876.0,15876.0,15876.0,15876.0,0.0,0.0,162.49247516357462,97.70298583991826,15876.0,1.0,730.0,730.0,730.0,0.0,0.0625,512.0,262.25,96.0,0.0625,512.0,262.25,96.0,0.10615789890289307,0.0006008148193359375,0.0004809051170013845,0.0006595329032279551,0.0019040275365114212,0.00030980445444583893,0.003702104091644287,-0.0034519433975219727,1.000312089920044,0.9318941235542297,2.6313889026641846,0.932204008102417,2.632369041442871,0.0006066513585448115,20.497985122045296,0.38102535367491647,0.009631196968257427,86.00954557210207,3.0098057659342885,,97.70298583991826,6.049158514942974,2.12486724415794,0.0,378.0,2.0,2.0,2.0,0.9997032880783081,0.05866628885269165,0.0041601755656301975,0.00769250001758337,1.0
379.0,7,mixed,True,True,True,True,True,0.749588131904602,0.15376245975494385,-0.01738673448562622,1e-06,51.062686920166016,24.957416534423828,28.384765625,0.0,0.0,-0.017386753112077713,0.0,1.0978854894638062,0.017386753112077713,-0.8539109230041504,1.0978854894638062,0.017386753112077713,-0.8539109230041504,1.0,0.4375,0.0,1.0,0.4375,0.0,18165.0,18165.0,18165.0,18165.0,18165.0,0.0,0.0,212.2703044397653,85.57485253503546,18165.0,1.0,863.0,863.0,863.0,0.0,0.0625,478.0,272.3125,86.0,0.0625,478.0,272.3125,86.0,-0.03651082515716553,0.0003788471221923828,0.00041764340130612254,0.000645793741568923,0.0019340012222528458,0.0011674333363771439,0.006893038749694824,-0.0027921199798583984,1.0011706352233887,0.8302837610244751,2.3725392818450928,0.8314511775970459,2.375828504562378,0.000534221522782809,16.756352094797872,0.3691246302656372,0.009704133961349726,73.00742607703432,3.2314674048684537,,85.57485253503546,6.7051489087753,2.120296881068498,0.0,379.0,2.0,2.0,2.0,0.9996774792671204,0.058884888887405396,0.004189220257103443,0.00772951589897275,1.0
380.0,0,all_fail,False,False,False,False,False,0.8877192139625549,0.0,0.0,1e-06,51.03567123413086,24.957416534423828,28.384765625,0.0,0.0,0.0,0.0,0.0,0.0,0.0,0.0,0.0,0.0,0.0,0.0,0.0,0.0,0.0,0.0,11187.0,11187.0,11187.0,11187.0,11187.0,0.0,0.0,135.39281336164217,82.62624671310186,11187.0,1.0,495.0,495.0,495.0,0.0,0.0625,384.0,204.1875,114.0,0.0625,384.0,204.1875,114.0,0.5095299482345581,0.002001523971557617,0.0004737272683996707,-5.1586070185294375e-05,0.002218887209892273,-2.9675662517547607e-05,0.005298137664794922,-0.00550079345703125,0.9999737739562988,0.9235002398490906,2.5726373195648193,0.9234704971313477,2.5725512504577637,0.0008745207221096489,22.346978496850213,0.40204972576520137,0.009783263318240643,73.00757874920964,2.493289103731513,,82.62624671310186,4.497730282135308,2.1181477159261703,0.0,380.0,2.0,2.0,2.0,0.9997008442878723,0.06196668744087219,0.004286618437618017,0.0076925624161958694,1.0
381.0,1,mixed,True,True,True,True,True,0.6015352010726929,0.19918595254421234,-0.2097579538822174,1e-06,51.178306579589844,24.957416534423828,28.384765625,0.0,0.0,-0.2097579389810562,0.0,3.7499847412109375,0.20975789427757263,-0.24999898672103882,3.7499847412109375,0.20975789427757263,-0.24999898672103882,1.0,0.0625,0.0,1.0,0.0625,0.0,9071.0,9071.0,9071.0,9071.0,9071.0,0.0,0.0,84.55063126296852,107.2848288002424,9071.0,1.0,313.0,313.0,313.0,0.0,0.0625,512.0,253.9375,70.0,0.0625,512.0,253.9375,70.0,0.481142520904541,0.0007834434509277344,0.0003839277778752148,0.00037534383591264486,0.0017614588141441345,0.0006368458271026611,0.004388689994812012,-0.0033759474754333496,1.0006392002105713,0.6651826500892639,2.0416953563690186,0.6658194661140442,2.0436201095581055,0.0011538216055076921,24.122595350727266,0.4670616958412311,0.010466315783560276,98.01010491000488,2.401585720013827,,107.2848288002424,4.236716642975807,2.12556334072724,0.0,381.0,2.0,2.0,2.0,0.9996805191040039,0.06065201759338379,0.0037449283991008997,0.007522829808294773,1.0
382.0,10,mixed,True,True,True,True,True,0.7269316911697388,0.1974799931049347,-0.16972608864307404,1e-06,51.08228302001953,24.957416534423828,28.384765625,0.0,0.0,-0.1697260845103301,0.0,0.7499985098838806,0.16972604393959045,-1.2499974966049194,0.7499985098838806,0.16972604393959045,-1.2499974966049194,1.0,0.625,0.0,1.0,0.625,0.0,7354.0,7354.0,7354.0,7354.0,7354.0,0.0,0.0,162.1452378912044,45.354400139302015,7354.0,1.0,286.0,286.0,286.0,0.0,0.0625,362.0,173.625,26.0,0.0625,362.0,173.625,26.0,0.3099353313446045,0.0003571510314941406,0.00040028264629654586,0.0006223227828741074,0.00246373750269413,0.0002457518130540848,0.005124926567077637,-0.005864560604095459,1.0002505779266357,0.7547040581703186,2.153366804122925,0.7549498677253723,2.1537322998046875,0.0013220883796469232,13.320619230680945,0.48399564930660055,0.009722637943923473,37.00468022283167,2.1739239459857345,,45.354400139302015,3.5593040050007403,2.104503849055618,0.0,382.0,2.0,2.0,2.0,0.9996951818466187,0.06136345863342285,0.0040053147822618484,0.007589979097247124,1.0
383.0,0,all_fail,False,False,False,False,False,0.7723262310028076,0.0,0.0,1e-06,51.051937103271484,24.957416534423828,28.384765625,0.0,0.0,0.0,0.0,0.0,0.0,0.0,0.0,0.0,0.0,0.0,0.0,0.0,0.0,0.0,0.0,15919.0,15919.0,15919.0,15919.0,15919.0,0.0,0.0,192.55552432910548,82.67225806927308,15919.0,1.0,745.0,745.0,745.0,0.0,0.0625,512.0,249.9375,114.0,0.0625,512.0,249.9375,114.0,-0.13954788446426392,5.7697296142578125e-05,0.00042626677895896137,0.0008204544428735971,0.001266004517674446,0.0007967408746480942,0.003252387046813965,-0.002247929573059082,1.0007981061935425,0.81956547498703,2.619225025177002,0.8203622102737427,2.620957851409912,0.0006569486783728601,17.756364956776682,0.3783170089834232,0.010457966011017561,71.00770346214995,3.003615651745349,,82.67225806927308,6.0224284660071135,2.1272349073551595,0.0,383.0,2.0,2.0,2.0,0.9996891617774963,0.05502444505691528,0.004152755253016949,0.007599308155477047,1.0
384.0,0,all_fail,False,False,False,False,False,0.780870795249939,0.0,0.0,1e-06,51.04529571533203,24.957416534423828,28.384765625,0.0,0.0,0.0,0.0,0.0,0.0,0.0,0.0,0.0,0.0,0.0,0.0,0.0,0.0,0.0,0.0,17269.0,17269.0,17269.0,17269.0,17269.0,0.0,0.0,212.96186808712218,81.08963428577408,17269.0,1.0,826.0,826.0,826.0,0.0,0.0625,512.0,253.3125,128.0,0.0625,512.0,253.3125,128.0,0.519971489906311,0.0002677440643310547,0.0004759133735205978,0.0008141057332977653,0.002453163266181946,0.00051136314868927,0.004188239574432373,-0.004678845405578613,1.000515341758728,0.8164121508598328,2.3075649738311768,0.8169235587120056,2.308839797973633,0.0005909953076763237,17.02633501408962,0.3682004947514524,0.010205897968262434,69.00773581210524,3.112663762178272,,81.08963428577408,6.358454343862832,2.099748518317938,0.0,384.0,2.0,2.0,2.0,0.9996383190155029,0.06360018253326416,0.004477285780012608,0.008225607685744762,1.0
385.0,1,mixed,True,True,True,True,True,0.7865815162658691,0.17038239538669586,-0.11592288315296173,1e-06,51.19963073730469,24.957416534423828,28.384765625,0.0,0.0,-0.11592289060354233,0.0,3.7499847412109375,0.11592289060354233,-0.24999898672103882,3.7499847412109375,0.11592289060354233,-0.24999898672103882,1.0,0.0625,0.0,1.0,0.0625,0.0,11834.0,11834.0,11834.0,11834.0,11834.0,0.0,0.0,201.31810209238856,58.78259270777926,11834.0,1.0,521.0,521.0,521.0,0.0,0.0625,320.0,218.625,117.0,0.0625,320.0,218.625,117.0,-0.06283837556838989,0.0009493827819824219,0.00041333568515256047,0.00035116091021336615,0.0007510855793952942,0.0003479495644569397,0.0018301010131835938,-0.001315772533416748,1.0003483295440674,0.79030442237854,2.2329347133636475,0.790652334690094,2.2337918281555176,0.0008878035879133117,14.009654599685476,0.3909888954004293,0.01050626765936613,49.00577178969979,2.5352839180268347,,58.78259270777926,4.626962588168681,2.103015450295061,0.0,385.0,2.0,2.0,2.0,0.9996793866157532,0.06158164143562317,0.004187360405921936,0.007715162355452776,1.0
386.0,0,all_fail,False,False,False,False,False,0.5864108800888062,0.0,0.0,1e-06,51.087890625,24.957416534423828,28.384765625,0.0,0.0,0.0,0.0,0.0,0.0,0.0,0.0,0.0,0.0,0.0,0.0,0.0,0.0,0.0,0.0,9625.0,9625.0,9625.0,9625.0,9625.0,0.0,0.0,143.11748800857768,67.2524380767718,9625.0,1.0,331.0,331.0,331.0,0.0,0.0625,512.0,270.5625,156.0,0.0625,512.0,270.5625,156.0,-0.10906994342803955,-9.590387344360352e-05,0.00036130734952166677,0.0007680992130190134,0.0014214888215065002,0.0007868073880672455,0.0036625266075134277,-0.0027782320976257324,1.0007883310317993,0.5827164649963379,1.819388508796692,0.5835033655166626,1.8209229707717896,0.0010493552529966675,13.399384470497743,0.4381019000883226,0.010100044310092926,58.005935372784734,2.4001850741915405,,67.2524380767718,4.216730788350105,2.1099975993856788,0.0,386.0,2.0,2.0,2.0,0.9996539950370789,0.052925318479537964,0.003852131310850382,0.007577935233712196,1.0
387.0,0,all_fail,False,False,False,False,False,0.6762098670005798,0.0,0.0,1e-06,51.157066345214844,24.957416534423828,28.384765625,0.0,0.0,0.0,0.0,0.0,0.0,0.0,0.0,0.0,0.0,0.0,0.0,0.0,0.0,0.0,0.0,20870.0,20870.0,20870.0,20870.0,20870.0,0.0,0.0,295.6528965315092,70.58953335089609,20870.0,1.0,1031.0,1031.0,1031.0,0.0,0.0625,512.0,273.375,129.0,0.0625,512.0,273.375,129.0,0.12946844100952148,0.0002957582473754883,0.0004122609389014542,0.0006758290692232549,0.0015850327908992767,0.0007513165473937988,0.007705211639404297,-0.00296938419342041,1.0007543563842773,0.7184066772460938,2.1647427082061768,0.7191579937934875,2.165837287902832,0.00044192400795309863,13.032870048211626,0.3587975825179077,0.009222954045981169,57.00577359087765,3.466513677034527,,70.58953335089609,7.488105547148734,2.1192927709780633,0.0,387.0,2.0,2.0,2.0,0.9996655583381653,0.059766530990600586,0.004045404028147459,0.007800428196787834,1.0
388.0,2,mixed,True,True,True,True,True,0.588226854801178,0.13076184689998627,0.06006332486867905,1e-06,51.15325927734375,24.957416534423828,28.384765625,0.0,0.0,0.06006332952529192,0.0,2.561730146408081,-0.06006334722042084,-0.3659614622592926,2.561730146408081,-0.06006334722042084,-0.3659614622592926,1.0,0.125,0.0,1.0,0.125,0.0,8857.0,8857.0,8857.0,8857.0,8857.0,0.0,0.0,142.54166555938602,62.13621796295047,8857.0,1.0,279.0,279.0,279.0,0.0,0.0625,512.0,274.5625,141.0,0.0625,512.0,274.5625,141.0,-0.11540341377258301,0.0004699230194091797,0.0004424560465849936,0.0006489132647402585,0.0012484248727560043,0.0006698500365018845,0.003202199935913086,-0.001674056053161621,1.0006710290908813,0.5784498453140259,1.796378493309021,0.5791197419166565,1.7976148128509521,0.0011197265447451244,12.06602138746339,0.46670073173301707,0.009917418006807566,53.00603195512667,2.362921855878085,,62.13621796295047,4.133568380959332,2.1230756151489913,0.0,388.0,2.0,2.0,2.0,0.9995865225791931,0.061674296855926514,0.004357548896223307,0.008112549781799316,1.0
389.0,14,mixed,True,True,True,True,True,0.6820396780967712,0.16143232583999634,-0.07851941883563995,1e-06,51.15987777709961,24.957416534423828,28.384765625,0.0,0.0,-0.07851942256093025,0.0,0.3659614622592926,0.07851944118738174,-2.561730146408081,0.3659614622592926,0.07851944118738174,-2.561730146408081,1.0,0.875,0.0,1.0,0.875,0.0,5742.0,5742.0,5742.0,5742.0,5742.0,0.0,0.0,117.95169707976696,48.68094433704391,5742.0,1.0,194.0,194.0,194.0,0.0,0.0625,318.0,164.875,21.0,0.0625,318.0,164.875,21.0,0.2518106698989868,0.0010448694229125977,0.00043598597403615713,0.00035022880183532834,0.002104666084051132,0.00016247853636741638,0.004862487316131592,-0.006064295768737793,1.0001661777496338,0.6890687346458435,2.0297369956970215,0.689231276512146,2.0296072959899902,0.0016730632639458602,15.543952417454715,0.5345093552671951,0.00960672926157713,41.00494647724554,1.989992894232273,,48.68094433704391,3.0691527179442346,2.1063589830882847,0.0,389.0,2.0,2.0,2.0,0.999674379825592,0.059609174728393555,0.004012399353086948,0.007747698575258255,1.0
390.0,2,mixed,True,True,True,True,True,0.7129830718040466,0.16753637790679932,-0.10979783535003662,1e-06,51.28373718261719,24.957416534423828,28.384765625,0.0,0.0,-0.10979782789945602,0.0,2.561730146408081,0.10979782789945602,-0.3659614622592926,2.561730146408081,0.10979782789945602,-0.3659614622592926,1.0,0.125,0.0,1.0,0.125,0.0,12811.0,12811.0,12811.0,12811.0,12811.0,0.0,0.0,169.72601921310783,75.48047175910324,12811.0,1.0,558.0,558.0,558.0,0.0,0.0625,512.0,242.6875,50.0,0.0625,512.0,242.6875,50.0,0.2846938371658325,0.0013037919998168945,0.00042194416164420545,0.00019519020861480385,0.001579631119966507,8.748099207878113e-05,0.0037547945976257324,-0.0030938386917114258,1.0000892877578735,0.8318384289741516,2.7688350677490234,0.8319258689880371,2.766979694366455,0.0008128964145967436,16.741340548810296,0.401647047142394,0.010414015967398882,65.00662535103038,2.7082921559922397,,75.48047175910324,5.14550032094121,2.109849044121802,0.0,390.0,2.0,2.0,2.0,0.999681830406189,0.06100073456764221,0.0040992870926856995,0.0075549716129899025,1.0
391.0,4,mixed,True,True,True,True,True,0.7500371932983398,0.19305963814258575,0.030147656798362732,1e-06,51.23908615112305,24.957416534423828,28.384765625,0.0,0.0,0.030147656798362732,0.0,1.6770472526550293,-0.030147602781653404,-0.5590157508850098,1.6770472526550293,-0.030147602781653404,-0.5590157508850098,1.0,0.25,0.0,1.0,0.25,0.0,19303.0,19303.0,19303.0,19303.0,19303.0,0.0,0.0,247.10505754835359,78.11657192092389,19303.0,1.0,948.0,948.0,948.0,0.0,0.0625,443.0,258.4375,150.0,0.0625,443.0,258.4375,150.0,-0.0012941360473632812,0.0012062788009643555,0.0004962285747751594,0.00038569976459257305,0.0011993162333965302,0.0004425756633281708,0.0029968619346618652,-0.002935051918029785,1.000443696975708,0.7806529998779297,2.2065443992614746,0.781095564365387,2.2075517177581787,0.0004741981616293415,15.798966546048565,0.35611516862392845,0.009153447113931179,65.32872666791081,3.279488448984921,,78.11657192092389,6.874091099947691,2.120985556859523,0.0,391.0,2.0,2.0,2.0,0.9996746182441711,0.053214699029922485,0.004361913539469242,0.007756798528134823,1.0
392.0,0,all_fail,False,False,False,False,False,0.7609936594963074,0.0,0.0,1e-06,51.14201736450195,24.957416534423828,28.384765625,0.0,0.0,0.0,0.0,0.0,0.0,0.0,0.0,0.0,0.0,0.0,0.0,0.0,0.0,0.0,0.0,17374.0,17374.0,17374.0,17374.0,17374.0,0.0,0.0,176.86964590988728,98.23053532233462,17374.0,1.0,796.0,796.0,796.0,0.0,0.125,512.0,289.875,58.0,0.125,512.0,289.875,58.0,0.27548980712890625,0.0011296272277832031,0.00043096879380755126,0.00029951136093586683,0.0013468638062477112,-8.965283632278442e-05,0.0035424232482910156,-0.002754688262939453,0.9999117255210876,0.7929009795188904,2.2332870960235596,0.792811393737793,2.232947826385498,0.000574077816498462,18.54443178243482,0.3727945670441755,0.00997402798384428,86.0090746069327,3.154409754090011,,98.23053532233462,6.476932807825506,2.078365309163928,0.0,392.0,2.0,2.0,2.0,0.9996886253356934,0.05663478374481201,0.004201322328299284,0.007611743174493313,1.0
393.0,0,all_fail,False,False,False,False,False,0.8388022780418396,0.0,0.0,1e-06,51.27732849121094,24.957416534423828,28.384765625,0.0,0.0,0.0,0.0,0.0,0.0,0.0,0.0,0.0,0.0,0.0,0.0,0.0,0.0,0.0,0.0,16843.0,16843.0,16843.0,16843.0,16843.0,0.0,0.0,208.13209867936405,80.92456717090681,16843.0,1.0,775.0,775.0,775.0,0.0,0.0625,512.0,277.6875,168.0,0.0625,512.0,277.6875,168.0,0.2860372066497803,0.0019402503967285156,0.0004729048814624548,-2.2642339899903163e-05,0.0010303854942321777,6.43506646156311e-05,0.0034923553466796875,-0.0027697086334228516,1.0000654458999634,0.8250921964645386,2.3392224311828613,0.825156569480896,2.3392105102539062,0.0005901074208921232,15.531810548788702,0.37017347455225547,0.009939179290086031,69.0078342682682,3.0656720348633826,,80.92456717090681,6.234831831883639,2.1066550882533193,0.0,393.0,2.0,2.0,2.0,0.9996427893638611,0.0586734414100647,0.004578358959406614,0.008098212070763111,1.0
394.0,0,all_fail,False,False,False,False,False,0.7273387908935547,0.0,0.0,1e-06,51.23689651489258,24.957416534423828,28.384765625,0.0,0.0,0.0,0.0,0.0,0.0,0.0,0.0,0.0,0.0,0.0,0.0,0.0,0.0,0.0,0.0,10869.0,10869.0,10869.0,10869.0,10869.0,0.0,0.0,168.69189857669542,64.43107281206176,10869.0,1.0,497.0,497.0,497.0,0.0,0.0625,353.0,182.3125,101.0,0.0625,353.0,182.3125,101.0,0.6079797744750977,0.0029822587966918945,0.0004887988907285035,-0.0005084646982140839,0.0017692260444164276,-0.000647667795419693,0.003530144691467285,-0.004558145999908447,0.999354898929596,0.7778005599975586,2.2185778617858887,0.7771528363227844,2.217162847518921,0.000910460486238976,18.85709869488563,0.40173329417564213,0.00989579502493143,55.00615689298138,2.4449772317893803,,64.43107281206176,4.366439174395055,2.101230193860829,0.0,394.0,2.0,2.0,2.0,0.9997084736824036,0.05556398630142212,0.0040455106645822525,0.007408077362924814,1.0
395.0,0,all_fail,False,False,False,False,False,0.8365852236747742,0.0,0.0,1e-06,51.150794982910156,24.957416534423828,28.384765625,0.0,0.0,0.0,0.0,0.0,0.0,0.0,0.0,0.0,0.0,0.0,0.0,0.0,0.0,0.0,0.0,17277.0,17277.0,17277.0,17277.0,17277.0,0.0,0.0,152.89385684862094,112.9999619089067,17277.0,1.0,802.0,802.0,802.0,0.0,0.0625,501.0,277.8125,166.0,0.0625,501.0,277.8125,166.0,-0.06920552253723145,4.458427429199219e-05,0.0005210760864429176,0.0010181005345657468,0.0015467219054698944,0.00080074742436409,0.004011988639831543,-0.0026093721389770508,1.0008025169372559,0.878934919834137,2.4593234062194824,0.8797356486320496,2.460766553878784,0.0005448268057071563,22.724502733557646,0.36421603635156186,0.00941297272220254,101.01041465066373,3.0950906509533525,,112.9999619089067,6.292560460045934,2.0889873821288347,0.0,395.0,2.0,2.0,2.0,0.9996893405914307,0.06778115034103394,0.004334563855081797,0.007859605364501476,1.0
396.0,0,all_fail,False,False,False,False,False,0.8467909693717957,0.0,0.0,1e-06,51.18443298339844,24.957416534423828,28.384765625,0.0,0.0,0.0,0.0,0.0,0.0,0.0,0.0,0.0,0.0,0.0,0.0,0.0,0.0,0.0,0.0,13770.0,13770.0,13770.0,13770.0,13770.0,0.0,0.0,156.85196116472576,87.78978533484042,13770.0,1.0,606.0,606.0,606.0,0.0,0.0625,504.0,254.625,137.0,0.0625,504.0,254.625,137.0,-0.19525372982025146,-0.0006183981895446777,0.0004780202289111912,0.001263184705749154,0.0018320605158805847,0.0010990053415298462,0.003439962863922119,-0.0013446211814880371,1.0011013746261597,0.8396092653274536,2.3892788887023926,0.8407082557678223,2.3921921253204346,0.0006937971047802775,18.90240018310873,0.3903014644893859,0.009553586132824421,77.00837834598497,2.7836183980107307,,87.78978533484042,5.374451166018844,2.112524253781885,0.0,396.0,2.0,2.0,2.0,0.9996476769447327,0.06111454963684082,0.00453720148652792,0.008213022723793983,1.0
397.0,0,all_fail,False,False,False,False,False,0.9454733729362488,0.0,0.0,1e-06,51.24517059326172,24.957416534423828,28.384765625,0.0,0.0,0.0,0.0,0.0,0.0,0.0,0.0,0.0,0.0,0.0,0.0,0.0,0.0,0.0,0.0,6935.0,6935.0,6935.0,6935.0,6935.0,0.0,0.0,83.28749040265323,83.26580578275025,6935.0,1.0,166.0,166.0,166.0,0.0,0.0625,466.0,267.4375,149.0,0.0625,466.0,267.4375,149.0,0.23273468017578125,0.00036275386810302734,0.00047162114060483873,0.0007616759976372123,0.0018697567284107208,0.0009182579815387726,0.0044443607330322266,-0.002747476100921631,1.0009210109710693,0.9316725134849548,2.62813138961792,0.9325907826423645,2.6307835578918457,0.0013869222879366817,17.529388511721866,0.502393727755495,0.009618306066840887,75.00825344165787,2.148341190069914,,83.26580578275025,3.484100501984358,2.114157158881426,0.0,397.0,2.0,2.0,2.0,0.9997078776359558,0.05360707640647888,0.00421412056311965,0.007627556100487709,1.0
398.0,0,all_fail,False,False,False,False,False,1.035931944847107,0.0,0.0,1e-06,51.25811004638672,24.957416534423828,28.384765625,0.0,0.0,0.0,0.0,0.0,0.0,0.0,0.0,0.0,0.0,0.0,0.0,0.0,0.0,0.0,0.0,12467.0,12467.0,12467.0,12467.0,12467.0,0.0,0.0,119.6438053369655,104.20096523081884,12467.0,1.0,560.0,560.0,560.0,0.0,0.0625,362.0,219.1875,97.0,0.0625,362.0,219.1875,97.0,-0.2032518982887268,-0.0002561807632446289,0.0005566929467022419,0.0012330148601904511,0.001800045371055603,0.0011448785662651062,0.006493091583251953,-0.002793610095977783,1.0011481046676636,1.0062164068222046,2.9023325443267822,1.0073612928390503,2.9070491790771484,0.0007466102390824013,26.80613418538065,0.3966788352766903,0.009307989850640297,94.00911258812994,2.634592566639185,,104.20096523081884,4.945395039394498,2.098692635074258,0.0,398.0,2.0,2.0,2.0,0.9996594190597534,0.1438843011856079,0.0045021651312708855,0.008435862138867378,1.0
399.0,0,all_fail,False,False,False,False,False,0.8885525465011597,0.0,0.0,1e-06,51.27177429199219,24.957416534423828,28.384765625,0.0,0.0,0.0,0.0,0.0,0.0,0.0,0.0,0.0,0.0,0.0,0.0,0.0,0.0,0.0,0.0,16052.0,16052.0,16052.0,16052.0,16052.0,0.0,0.0,138.51638216702483,115.88520974107087,16052.0,1.0,765.0,765.0,765.0,0.0,0.0625,512.0,238.25,133.0,0.0625,512.0,238.25,133.0,-0.005588054656982422,0.0007661581039428711,0.0004691062495112419,0.000556228042114526,0.0015703774988651276,0.0006496421992778778,0.0030742883682250977,-0.0024150609970092773,1.000651240348816,0.9125807881355286,2.539409637451172,0.9132304787635803,2.5408012866973877,0.0006056983599895526,27.285020839367238,0.37431460671793365,0.009722670074552298,104.01049943966791,2.9985186089761555,,115.88520974107087,6.008498067036271,2.356120912823826,0.0,399.0,2.0,2.0,2.0,0.999704897403717,0.056606829166412354,0.004278786014765501,0.0075842286460101604,1.0
401.0,0,all_fail,False,False,False,False,False,0.7895322442054749,0.0,0.0,1e-06,50.403934478759766,24.018863201141357,28.126953125,0.0,0.0,0.0,0.0,0.0,0.0,0.0,0.0,0.0,0.0,0.0,0.0,0.0,0.0,0.0,0.0,14482.0,14482.0,14482.0,14482.0,14482.0,0.0,0.0,76.07308749388648,190.36955744912848,14482.0,1.0,623.0,623.0,623.0,0.0,0.0625,512.0,282.125,124.0,0.0625,512.0,282.125,124.0,-0.03555035591125488,0.00017893314361572266,0.00046342614223249257,0.0008385388646274805,0.001603754237294197,0.0008478406816720963,0.005675911903381348,-0.0018641352653503418,1.0008503198623657,0.8459525108337402,2.4003374576568604,0.8468003869056702,2.4028422832489014,0.0010364905461214176,39.214725873738814,0.45044602651445886,0.015010456088930368,177.01527259405702,4.030256581027061,,190.36955744912848,6.523359355982393,2.1073297918774188,0.0,401.0,2.0,2.0,2.0,0.9996902942657471,0.05901139974594116,0.00416300306096673,0.007738811895251274,1.0
402.0,0,all_fail,False,False,False,False,False,0.8776700496673584,0.0,0.0,1e-06,50.430335998535156,24.03665542602539,28.126953125,0.0,0.0,0.0,0.0,0.0,0.0,0.0,0.0,0.0,0.0,0.0,0.0,0.0,0.0,0.0,0.0,12471.0,12471.0,12471.0,12471.0,12471.0,0.0,0.0,128.53255442348407,97.02600291371346,12471.0,1.0,547.0,547.0,547.0,0.0,0.0625,360.0,232.4375,132.0,0.0625,360.0,232.4375,132.0,0.03786146640777588,-0.0004381537437438965,0.00048768759006634355,0.0011944097932428122,0.002355756238102913,0.001365097239613533,0.005136966705322266,-0.003338038921356201,1.0013688802719116,0.904201865196228,2.6383681297302246,0.9055668115615845,2.6430559158325195,0.0008299589669701569,23.394905361160337,0.383952321284097,0.010350418277084827,87.00565303815529,2.5833555632270873,,97.02600291371346,4.7882693987339735,2.13237202167511,0.0,402.0,2.0,2.0,2.0,0.9996660947799683,0.06185966730117798,0.004477714654058218,0.008128958754241467,1.0
403.0,1,mixed,True,True,True,True,True,0.885911226272583,0.1888624131679535,0.06285139918327332,1e-06,50.533302307128906,24.03669023513794,28.126953125,0.0,0.0,0.06285139545798302,0.0,3.7499847412109375,-0.06285141408443451,-0.24999898672103882,3.7499847412109375,-0.06285141408443451,-0.24999898672103882,1.0,0.0625,0.0,1.0,0.0625,0.0,15729.0,15729.0,15729.0,15729.0,15729.0,0.0,0.0,147.91174898433803,106.34043683484197,15729.0,1.0,772.0,772.0,772.0,0.0,0.0625,381.0,211.0625,107.0,0.0625,381.0,211.0625,107.0,-0.04763680696487427,0.00044333934783935547,0.00048375086043961346,0.0007437668391503394,0.0015843790024518967,0.0005819108337163925,0.0026082396507263184,-0.0028715133666992188,1.000583529472351,0.8833497762680054,2.4629974365234375,0.8839316964149475,2.4643876552581787,0.0006839228816833959,28.13322607856404,0.3679071167472439,0.010757423005998135,95.00590446731076,2.9297153861261904,,106.34043683484197,5.786811039317399,2.1072371331974864,0.0,403.0,2.0,2.0,2.0,0.9996893405914307,0.05484586954116821,0.004411353264003992,0.0076900203712284565,1.0
404.0,2,mixed,True,True,True,True,True,1.0473074913024902,0.20266368985176086,-0.055838242173194885,1e-06,50.52821731567383,24.03669023513794,28.126953125,0.0,0.0,-0.05583823472261429,0.0,2.561730146408081,0.05583822727203369,-0.3659614622592926,2.561730146408081,0.05583822727203369,-0.3659614622592926,1.0,0.125,0.0,1.0,0.125,0.0,14828.0,14828.0,14828.0,14828.0,14828.0,0.0,0.0,187.45915275760944,79.09989873459563,14828.0,1.0,699.0,699.0,699.0,0.0,0.0625,403.0,227.75,114.0,0.0625,403.0,227.75,114.0,1.0038070678710938,0.0035518407821655273,0.0005195625126361847,-0.000732677523046732,0.002018328756093979,-0.0007567964494228363,0.005021810531616211,-0.0055963993072509766,0.9992468357086182,1.1122872829437256,3.22381854057312,1.1115305423736572,3.2228164672851562,0.0007159129327295249,18.662118479460233,0.37868144343618937,0.010615556966513395,68.00475973915309,2.8631732831709087,,79.09989873459563,5.615088443271816,2.1059544500894845,0.0,404.0,2.0,2.0,2.0,0.999752938747406,0.05560743808746338,0.004012426361441612,0.007362612057477236,1.0
405.0,0,all_fail,False,False,False,False,False,0.9802256226539612,0.0,0.0,1e-06,48.944915771484375,24.03669023513794,28.126953125,0.0,0.0,0.0,0.0,0.0,0.0,0.0,0.0,0.0,0.0,0.0,0.0,0.0,0.0,0.0,0.0,17188.0,17188.0,17188.0,17188.0,17188.0,0.0,0.0,141.01225401948966,121.89011600101367,17188.0,1.0,854.0,854.0,854.0,0.0,0.0625,448.0,220.25,126.0,0.0625,448.0,220.25,126.0,-0.23753464221954346,-0.0007410645484924316,0.0005100569105707109,0.0013915490126237273,0.0021756067872047424,0.0015275925397872925,0.005095124244689941,-0.0016951560974121094,1.0015311241149902,0.9818212389945984,2.72790789604187,0.9833489060401917,2.731510639190674,0.0005698012541793157,31.2165692640219,0.3617000591082679,0.009793743956834078,110.00719008641317,3.0689546186476946,,121.89011600101367,6.216900615952909,2.089271867647767,0.0,405.0,2.0,2.0,2.0,0.9996894598007202,0.06114083528518677,0.004501049406826496,0.007867289707064629,1.0
406.0,0,all_fail,False,False,False,False,False,0.9249934554100037,0.0,0.0,1e-06,48.9498291015625,24.03669023513794,28.126953125,0.0,0.0,0.0,0.0,0.0,0.0,0.0,0.0,0.0,0.0,0.0,0.0,0.0,0.0,0.0,0.0,23437.0,23437.0,23437.0,23437.0,23437.0,0.0,0.0,197.78359822992175,118.4981980798766,23437.0,1.0,1184.0,1184.0,1184.0,0.0,0.0625,504.0,280.8125,148.0,0.0625,504.0,280.8125,148.0,0.7611421346664429,0.0022722482681274414,0.0005240357713773847,-8.216198330046609e-05,0.001529194414615631,-0.00023943930864334106,0.0024366378784179688,-0.004513204097747803,0.9997624158859253,0.9743095636367798,2.815363883972168,0.974070131778717,2.8152410984039307,0.00042765178655801883,23.14859561714591,0.34937504886790577,0.010022874921560287,104.00664010783657,3.7164678550325334,,118.4981980798766,8.188303020317107,2.0765885333530605,0.0,406.0,2.0,2.0,2.0,0.9996976852416992,0.06041431427001953,0.004402786958962679,0.00774762500077486,1.0
407.0,6,mixed,True,True,True,True,True,0.8322263360023499,0.15514981746673584,-0.07648694515228271,1e-06,48.971588134765625,24.03669023513794,28.1875,0.0,0.0,-0.07648694515228271,0.0,1.2499974966049194,0.07648695260286331,-0.7499985098838806,1.2499974966049194,0.07648695260286331,-0.7499985098838806,1.0,0.375,0.0,1.0,0.375,0.0,14247.0,14247.0,14247.0,14247.0,14247.0,0.0,0.0,136.9474578092526,104.0325992750004,14247.0,1.0,612.0,612.0,612.0,0.0,0.0625,512.0,278.4375,155.0,0.0625,512.0,278.4375,155.0,0.3981049060821533,0.0013505220413208008,0.000435666530393064,0.00019637419609352946,0.0014951862394809723,0.0003808625042438507,0.004550516605377197,-0.0031054019927978516,1.000382900238037,0.8699302673339844,2.5027527809143066,0.8703111410140991,2.5038888454437256,0.0007710679243817834,20.87680847853355,0.3910958203777013,0.010985404718667269,93.00618177186698,2.8487833268009126,,104.0325992750004,5.57194215292111,2.0935608851723373,0.0,407.0,2.0,2.0,2.0,0.9996907711029053,0.05437898635864258,0.004204747267067432,0.007724138908088207,1.0
408.0,8,mixed,True,True,True,True,True,0.7640022039413452,0.19248974323272705,0.10518687963485718,1e-06,48.83430480957031,24.03669023513794,28.1875,0.0,0.0,0.10518687590956688,0.0,0.9682439565658569,-0.10518687963485718,-0.9682439565658569,0.9682439565658569,-0.10518687963485718,-0.9682439565658569,1.0,0.5,0.0,1.0,0.5,0.0,14955.0,14955.0,14955.0,14955.0,14955.0,0.0,0.0,210.32491146146472,71.10427336487919,14955.0,1.0,727.0,727.0,727.0,0.0,0.0625,425.0,207.6875,84.0,0.0625,425.0,207.6875,84.0,0.3901546001434326,0.0001150369644165039,0.00045542840962298214,0.0008567618788219988,0.0023585092276334763,0.0011625122278928757,0.006988108158111572,-0.006531476974487305,1.0011675357818604,0.8022732138633728,2.28643536567688,0.8034356832504272,2.2895729541778564,0.0006813773295625083,18.05725555223467,0.3760632611088771,0.010189997963607311,60.004260200075805,2.8758749277330935,,71.10427336487919,5.624026069883257,2.0895740459673107,0.0,408.0,2.0,2.0,2.0,0.9997151494026184,0.06011897325515747,0.00402685534209013,0.007420344743877649,1.0
409.0,0,all_fail,False,False,False,False,False,0.7952989339828491,0.0,0.0,1e-06,48.827415466308594,24.03669023513794,28.1875,0.0,0.0,0.0,0.0,0.0,0.0,0.0,0.0,0.0,0.0,0.0,0.0,0.0,0.0,0.0,0.0,15857.0,15857.0,15857.0,15857.0,15857.0,0.0,0.0,188.03049797154142,84.33206405909732,15857.0,1.0,784.0,784.0,784.0,0.0,0.0625,382.0,207.0625,125.0,0.0625,382.0,207.0625,125.0,0.15784955024719238,0.0013163089752197266,0.00048033459461294115,0.00030636758310720325,0.001286052167415619,7.299333810806274e-05,0.0032347440719604492,-0.0034148693084716797,1.0000743865966797,0.804201066493988,2.2766735553741455,0.8042739629745483,2.2768514156341553,0.0006065729418411797,22.035931067531685,0.36554859888059704,0.009618427138775587,73.00503962673247,2.930291149765253,,84.33206405909732,5.796504132449627,2.093308148905635,0.0,409.0,2.0,2.0,2.0,0.9996627569198608,0.08134859800338745,0.0044189272448420525,0.007966624572873116,1.0
410.0,0,all_fail,False,False,False,False,False,0.7857561111450195,0.0,0.0,1e-06,48.791160583496094,24.03669023513794,28.1875,0.0,0.0,0.0,0.0,0.0,0.0,0.0,0.0,0.0,0.0,0.0,0.0,0.0,0.0,0.0,0.0,16556.0,16556.0,16556.0,16556.0,16556.0,0.0,0.0,186.46508842199003,88.78873863257468,16556.0,1.0,742.0,742.0,742.0,0.0,0.125,512.0,292.75,120.0,0.125,512.0,292.75,120.0,0.06591987609863281,0.0005086660385131836,0.00041876223986037076,0.000583255139645189,0.0013737641274929047,0.0005541108548641205,0.003576219081878662,-0.002157449722290039,1.0005555152893066,0.8349369764328003,2.3649544715881348,0.8354910016059875,2.366281270980835,0.0005967007811791253,16.44008595836019,0.37121845939851206,0.009878978133201599,77.00536262895912,3.0407144241034985,,88.78873863257468,6.145892813801765,2.090738998260349,0.0,410.0,2.0,2.0,2.0,0.9996727108955383,0.06139287352561951,0.004232301842421293,0.007804929278790951,1.0
411.0,0,all_fail,False,False,False,False,False,0.6977604627609253,0.0,0.0,1e-06,48.79167175292969,24.03670835494995,28.1875,0.0,0.0,0.0,0.0,0.0,0.0,0.0,0.0,0.0,0.0,0.0,0.0,0.0,0.0,0.0,0.0,16141.0,16141.0,16141.0,16141.0,16141.0,0.0,0.0,113.94172001374257,141.6601399211213,16141.0,1.0,660.0,660.0,660.0,0.0,0.1875,512.0,348.8125,174.0,0.1875,512.0,348.8125,174.0,-0.09492480754852295,0.0006961822509765625,0.00045819394290447235,0.0005676021100953221,0.0010655801743268967,0.0004672091454267502,0.0027216672897338867,-0.0013312101364135742,1.0004680156707764,0.7109189033508301,2.079355239868164,0.7113860845565796,2.0803470611572266,0.0006563579652671455,23.294893322357982,0.3736832958183544,0.010594273917376995,130.0087996320799,3.0086014377884567,,141.6601399211213,6.031622077804059,2.0995015520602465,0.0,411.0,2.0,2.0,2.0,0.999629557132721,0.06221160292625427,0.00428796699270606,0.008172160014510155,1.0
412.0,0,all_fail,False,False,False,False,False,0.7237833738327026,0.0,0.0,1e-06,48.80702209472656,24.03670835494995,28.1875,0.0,0.0,0.0,0.0,0.0,0.0,0.0,0.0,0.0,0.0,0.0,0.0,0.0,0.0,0.0,0.0,16951.0,16951.0,16951.0,16951.0,16951.0,0.0,0.0,130.209708398399,130.18230520980433,16951.0,1.0,771.0,771.0,771.0,0.0,0.1875,512.0,288.4375,142.0,0.1875,512.0,288.4375,142.0,-0.2100456953048706,-0.0007541775703430176,0.00045108795166015625,0.001277111703529954,0.0018284358084201813,0.0012129731476306915,0.004735767841339111,-0.0021199584007263184,1.0012156963348389,0.7714344263076782,2.2007439136505127,0.7726473808288574,2.2035419940948486,0.0006648585823132756,25.570542349269207,0.3791561588235334,0.011270017828792334,118.0080529418774,3.1492168358527124,,130.18230520980433,6.427076048217714,2.0896472823806107,0.0,412.0,2.0,2.0,2.0,0.9996558427810669,0.06003385782241821,0.004318364430218935,0.007799169514328241,1.0
413.0,2,mixed,True,True,True,True,True,0.7208219766616821,0.15532635152339935,0.018307358026504517,1e-06,48.81546401977539,24.03670835494995,28.1875,0.0,0.0,0.01830737292766571,0.0,2.561730146408081,-0.018307369202375412,-0.3659614622592926,2.561730146408081,-0.018307369202375412,-0.3659614622592926,1.0,0.125,0.0,1.0,0.125,0.0,14342.0,14342.0,14342.0,14342.0,14342.0,0.0,0.0,224.44297081622713,63.9004195490852,14342.0,1.0,649.0,649.0,649.0,0.0,0.0625,486.0,247.375,134.0,0.0625,486.0,247.375,134.0,0.48599541187286377,0.0013424158096313477,0.00041923311073333025,0.00016988646530080587,0.0016790442168712616,0.00020600855350494385,0.005229085683822632,-0.0035696029663085938,1.0002083778381348,0.6993938088417053,2.033203363418579,0.6995996832847595,2.0335397720336914,0.0006674594796384633,13.391594437551941,0.38068210221686766,0.00957270385697484,53.00393078383058,2.8213038905523717,,63.9004195490852,5.459742709994316,2.1048975880257785,0.0,413.0,2.0,2.0,2.0,0.9996671080589294,0.06137073040008545,0.004136316478252411,0.007790212519466877,1.0
414.0,0,all_fail,False,False,False,False,False,0.7630626559257507,0.0,0.0,1e-06,48.81207275390625,24.03670835494995,28.1875,0.0,0.0,0.0,0.0,0.0,0.0,0.0,0.0,0.0,0.0,0.0,0.0,0.0,0.0,0.0,0.0,11757.0,11757.0,11757.0,11757.0,11757.0,0.0,0.0,153.15949511167213,76.76311541395262,11757.0,1.0,473.0,473.0,473.0,0.0,0.0625,419.0,261.8125,182.0,0.0625,419.0,261.8125,182.0,1.0377998352050781,0.0008119344711303711,0.0004802705079782754,0.0005569364875555038,0.0018404871225357056,0.0003908500075340271,0.003409862518310547,-0.0070688724517822266,1.0003939867019653,0.7448949813842773,2.1328442096710205,0.7452858686447144,2.1335625648498535,0.0008251954481909346,15.995487157347899,0.3927687877019018,0.009701822884380817,67.00509570213035,2.546407355926931,,76.76311541395262,4.61778263701126,2.086695352103561,0.0,414.0,2.0,2.0,2.0,0.9996444582939148,0.0684502124786377,0.004401912912726402,0.00798169244080782,1.0
415.0,0,all_fail,False,False,False,False,False,0.8126330971717834,0.0,0.0,1e-06,48.8349723815918,24.036709308624268,28.1875,0.0,0.0,0.0,0.0,0.0,0.0,0.0,0.0,0.0,0.0,0.0,0.0,0.0,0.0,0.0,0.0,12071.0,12071.0,12071.0,12071.0,12071.0,0.0,0.0,124.4054199235911,97.0295346248895,12071.0,1.0,513.0,513.0,513.0,0.0,0.0625,453.0,241.4375,101.0,0.0625,453.0,241.4375,101.0,0.3947960138320923,0.002339601516723633,0.00044547917786985636,-0.00027698601479642093,0.0013414546847343445,-0.0002146884799003601,0.0042667388916015625,-0.00501561164855957,0.9997870922088623,0.838004469871521,2.391245126724243,0.83778977394104,2.390253782272339,0.0008207286939749553,22.5229562324581,0.3993421738667789,0.009907016064971685,87.00617992598563,2.6081445328891277,,97.0295346248895,4.820459380745888,2.0845919558778405,0.0,415.0,2.0,2.0,2.0,0.999674379825592,0.04806101322174072,0.004403996281325817,0.007705394644290209,1.0
416.0,0,all_fail,False,False,False,False,False,0.9122443795204163,0.0,0.0,1e-06,48.839420318603516,24.036709308624268,28.189453125,0.0,0.0,0.0,0.0,0.0,0.0,0.0,0.0,0.0,0.0,0.0,0.0,0.0,0.0,0.0,0.0,19378.0,19378.0,19378.0,19378.0,19378.0,0.0,0.0,166.12693995943135,116.645740929991,19378.0,1.0,913.0,913.0,913.0,0.0,0.0625,377.0,298.125,158.0,0.0625,377.0,298.125,158.0,0.36076879501342773,0.0016597509384155273,0.0004846922820433974,0.00014029728481546044,0.00138198584318161,4.215538501739502e-05,0.003688991069793701,-0.004041433334350586,1.0000437498092651,0.9415056705474854,2.6507744789123535,0.9415477514266968,2.6507019996643066,0.0004824967523337961,21.80446147824983,0.34832569456389445,0.0093498220667243,104.0072812512517,3.2666577016934752,,116.645740929991,6.7498553092591465,2.115031454246491,0.0,416.0,2.0,2.0,2.0,0.9997059106826782,0.07572779059410095,0.004185392055660486,0.00775880366563797,1.0
417.0,0,all_fail,False,False,False,False,False,0.8038131594657898,0.0,0.0,1e-06,48.823333740234375,24.036709308624268,28.189453125,0.0,0.0,0.0,0.0,0.0,0.0,0.0,0.0,0.0,0.0,0.0,0.0,0.0,0.0,0.0,0.0,18696.0,18696.0,18696.0,18696.0,18696.0,0.0,0.0,189.43108101313499,98.69552504271269,18696.0,1.0,882.0,882.0,882.0,0.0,0.125,512.0,286.5,73.0,0.125,512.0,286.5,73.0,0.2576483488082886,0.0006718635559082031,0.00044943211833015084,0.0005620886804535985,0.0020383894443511963,0.0006546378135681152,0.00475841760635376,-0.004738867282867432,1.0006577968597412,0.8472955822944641,2.377934455871582,0.8479501605033875,2.3799664974212646,0.0006124451672789833,18.762155096282303,0.36388380921441404,0.011450274847447872,86.00571896135807,3.274789737071842,,98.69552504271269,6.803171697072685,2.096199751831591,0.0,417.0,2.0,2.0,2.0,0.9997026920318604,0.061907827854156494,0.004177250899374485,0.007544630207121372,1.0
418.0,0,all_fail,False,False,False,False,False,0.8078059554100037,0.0,0.0,1e-06,48.832298278808594,24.036709308624268,28.189453125,0.0,0.0,0.0,0.0,0.0,0.0,0.0,0.0,0.0,0.0,0.0,0.0,0.0,0.0,0.0,0.0,17389.0,17389.0,17389.0,17389.0,17389.0,0.0,0.0,214.3330888481477,81.1307301800698,17389.0,1.0,774.0,774.0,774.0,0.0,0.0625,512.0,312.8125,136.0,0.0625,512.0,312.8125,136.0,0.4311408996582031,0.0016286373138427734,0.00047893618466332555,0.0001433906436432153,0.0011714920401573181,0.00018688291311264038,0.0031873583793640137,-0.003711521625518799,1.0001881122589111,0.8300186991691589,2.343367338180542,0.8302055597305298,2.343798875808716,0.0005578462083094677,13.78731038598167,0.3673279787249299,0.009700387716293335,69.00548848183826,3.130494108889252,,81.1307301800698,6.387466222047806,2.099975109100342,0.0,418.0,2.0,2.0,2.0,0.9996752738952637,0.061972856521606445,0.004335532430559397,0.007839086465537548,1.0
419.0,3,mixed,True,True,True,True,True,0.793179452419281,0.15685585141181946,0.06644699722528458,1e-06,48.83068084716797,24.201257705688477,28.189453125,0.0,0.0,0.066446996293962,0.0,2.015559434890747,-0.066446952521801,-0.4651290774345398,2.015559434890747,-0.066446952521801,-0.4651290774345398,1.0,0.1875,0.0,1.0,0.1875,0.0,20128.0,20128.0,20128.0,20128.0,20128.0,0.0,0.0,202.5264839585326,99.38453286001459,20128.0,1.0,971.0,971.0,971.0,0.0,0.0625,512.0,287.0,149.0,0.0625,512.0,287.0,149.0,0.5417459011077881,0.0021898746490478516,0.00048266243538819253,-0.00012411156785674393,0.001271592453122139,-0.00015269778668880463,0.0031250715255737305,-0.002867579460144043,0.9998485445976257,0.816802442073822,2.3372247219085693,0.8166496753692627,2.3370556831359863,0.0004813799237394158,18.72966723931947,0.36263772394653965,0.00968921510502696,86.006631962955,3.433458840008825,,99.38453286001459,7.29917210759595,2.1338237901218235,0.0,419.0,2.0,2.0,2.0,0.9996935725212097,0.07822301983833313,0.004116381984204054,0.007654261309653521,1.0
420.0,0,all_fail,False,False,False,False,False,0.8891284465789795,0.0,0.0,1e-06,48.855533599853516,24.201257705688477,28.189453125,0.0,0.0,0.0,0.0,0.0,0.0,0.0,0.0,0.0,0.0,0.0,0.0,0.0,0.0,0.0,0.0,18915.0,18915.0,18915.0,18915.0,18915.0,0.0,0.0,185.6242094990169,101.89942384697497,18915.0,1.0,826.0,826.0,826.0,0.0,0.1875,512.0,356.1875,171.0,0.1875,512.0,356.1875,171.0,1.653411865234375,0.002289891242980957,0.00046457001008093357,-0.00021615684090647846,0.001819860190153122,-2.5685876607894897e-05,0.005039811134338379,-0.002585887908935547,0.999976634979248,0.97182697057724,2.815122604370117,0.9718012809753418,2.815938949584961,0.0005394740543713999,15.617845177073256,0.3682659720318077,0.01020415173843503,89.00609966414049,3.322447245940566,,101.89942384697497,6.965750860981643,2.0821166317909956,0.0,420.0,2.0,2.0,2.0,0.9997038841247559,0.05411684513092041,0.00426586763933301,0.007668504025787115,1.0
421.0,2,mixed,True,True,True,True,True,0.6213904023170471,0.238661527633667,-0.06215876340866089,1e-06,48.84156799316406,24.201257705688477,28.189453125,0.0,0.0,-0.062158770859241486,0.0,2.561730146408081,0.06215875223278999,-0.3659614622592926,2.561730146408081,0.06215875223278999,-0.3659614622592926,1.0,0.125,0.0,1.0,0.125,0.0,9311.0,9311.0,9311.0,9311.0,9311.0,0.0,0.0,160.9522098454204,57.84946978325024,9311.0,1.0,402.0,402.0,402.0,0.0,0.0625,316.0,179.9375,79.0,0.0625,316.0,179.9375,79.0,0.2623417377471924,0.0017609596252441406,0.0004160272656008601,-4.618625098373741e-05,0.0017770733684301376,-0.0001121368259191513,0.005363881587982178,-0.004195451736450195,0.9998905062675476,0.6698520183563232,1.9858040809631348,0.669739842414856,1.985464096069336,0.0011246230210394752,17.021134582753497,0.42262831780847054,0.010471364948898554,49.00384646374732,2.289232459384948,,57.84946978325024,3.935092267114669,2.113241800107062,0.0,421.0,2.0,2.0,2.0,0.9996680021286011,0.061870187520980835,0.003971330355852842,0.007572793401777744,1.0
422.0,0,all_fail,False,False,False,False,False,0.946679949760437,0.0,0.0,1e-06,48.82332229614258,24.201257705688477,28.189453125,0.0,0.0,0.0,0.0,0.0,0.0,0.0,0.0,0.0,0.0,0.0,0.0,0.0,0.0,0.0,0.0,14058.0,14058.0,14058.0,14058.0,14058.0,0.0,0.0,136.5559485977054,102.94681516522542,14058.0,1.0,617.0,617.0,617.0,0.0,0.0625,512.0,261.625,123.0,0.0625,512.0,261.625,123.0,1.0887863636016846,0.0035767555236816406,0.00046156020835042,-0.0008605617913417518,0.001367572695016861,-0.0009305216372013092,0.0012538433074951172,-0.005700588226318359,0.9990713596343994,0.9473273158073425,2.6376709938049316,0.9463968276977539,2.6354427337646484,0.000737379782716959,21.979630067415012,0.3918333727427051,0.010366084985435009,92.00673146219924,2.8426445769146085,,102.94681516522542,5.508393554016948,2.0833972678519785,0.0,422.0,2.0,2.0,2.0,0.999699056148529,0.06141519546508789,0.004372745286673307,0.007726864889264107,1.0
423.0,0,all_fail,False,False,False,False,False,0.8212920427322388,0.0,0.0,1e-06,48.890716552734375,24.201257705688477,28.189453125,0.0,0.0,0.0,0.0,0.0,0.0,0.0,0.0,0.0,0.0,0.0,0.0,0.0,0.0,0.0,0.0,12809.0,12809.0,12809.0,12809.0,12809.0,0.0,0.0,131.54920645403035,97.37040872592479,12809.0,1.0,544.0,544.0,544.0,0.0,0.0625,498.0,256.5625,137.0,0.0625,498.0,256.5625,137.0,0.7531390190124512,0.0019960403442382812,0.000476319546578452,-4.285953036742285e-05,0.0015112049877643585,0.0003704242408275604,0.003966569900512695,-0.002593994140625,1.0003721714019775,0.8835992813110352,2.4701027870178223,0.883969783782959,2.471424102783203,0.0008014024574347687,21.195147094066083,0.3959682417946376,0.010265164077281952,87.00607882114127,2.698788804002106,,97.37040872592479,5.071957209147513,2.0886304462328553,0.0,423.0,2.0,2.0,2.0,0.9996997117996216,0.06254309415817261,0.004319039173424244,0.007552846800535917,1.0
424.0,0,all_fail,False,False,False,False,False,0.6384005546569824,0.0,0.0,1e-06,48.84206771850586,24.201257705688477,28.24609375,0.0,0.0,0.0,0.0,0.0,0.0,0.0,0.0,0.0,0.0,0.0,0.0,0.0,0.0,0.0,0.0,13358.0,13358.0,13358.0,13358.0,13358.0,0.0,0.0,176.82323804884464,75.54436932271346,13358.0,1.0,572.0,572.0,572.0,0.0,0.0625,418.0,262.875,118.0,0.0625,418.0,262.875,118.0,0.09230077266693115,0.0009098052978515625,0.0004613701021298766,0.0004694415256381035,0.001289302483201027,0.0003105606883764267,0.003445446491241455,-0.0027812719345092773,1.0003118515014648,0.7036358118057251,2.055030584335327,0.7039462924003601,2.055630683898926,0.0007489304596354352,15.455272623425934,0.39022532410234734,0.010004213079810143,65.00487665412948,2.740069357212633,,75.54436932271346,5.212629879359156,2.078734172973782,0.0,424.0,2.0,2.0,2.0,0.9996144771575928,0.06085523962974548,0.004390841815620661,0.008191375993192196,1.0
425.0,0,all_fail,False,False,False,False,False,0.6332391500473022,0.0,0.0,1e-06,48.85921096801758,24.201257705688477,28.24609375,0.0,0.0,0.0,0.0,0.0,0.0,0.0,0.0,0.0,0.0,0.0,0.0,0.0,0.0,0.0,0.0,17263.0,17263.0,17263.0,17263.0,17263.0,0.0,0.0,210.2403772157179,82.11077352799475,17263.0,1.0,722.0,722.0,722.0,0.0,0.1875,512.0,356.9375,146.0,0.1875,512.0,356.9375,146.0,-0.2322978377342224,-3.4868717193603516e-05,0.00040316113154403865,0.0008224401390179992,0.0013144239783287048,0.0009248107671737671,0.0027527809143066406,-0.0015088915824890137,1.00092613697052,0.6826131343841553,2.0181000232696533,0.6835378408432007,2.0201828479766846,0.0006533958061416919,12.257941863270462,0.3696015046764113,0.011279571801424026,70.0051059811376,3.1324906684458256,,82.11077352799475,6.380430775228888,2.0827666390687227,0.0,425.0,2.0,2.0,2.0,0.9996840953826904,0.060493528842926025,0.0038625365123152733,0.007511684205383062,1.0
426.0,16,all_pass,True,False,False,False,False,0.7984899878501892,0.0,0.0,1e-06,48.85556411743164,24.201257705688477,28.24609375,0.0,0.0,0.0,0.0,0.0,0.0,0.0,0.0,0.0,0.0,1.0,1.0,1.0,1.0,1.0,1.0,12664.0,12664.0,12664.0,12664.0,12664.0,0.0,0.0,230.2283167814727,55.00626585399732,12664.0,1.0,596.0,596.0,596.0,0.0,0.0625,280.0,195.5,126.0,0.0625,280.0,195.5,126.0,0.3036372661590576,0.0010814666748046875,0.00046526556252501905,0.0003918862494174391,0.0019435621798038483,0.00010681897401809692,0.00427776575088501,-0.004110455513000488,1.0001096725463867,0.7448844909667969,2.2192087173461914,0.7449913024902344,2.2201106548309326,0.0007840136930332369,14.387247089506186,0.3804756229992224,0.009928749408572912,45.00330889597535,2.599510833155364,,55.00626585399732,4.8183432896621525,2.0832150210626423,0.0,426.0,2.0,2.0,2.0,0.9996636509895325,0.06205606460571289,0.004411780275404453,0.00797338504344225,1.0
427.0,0,all_fail,False,False,False,False,False,0.6390084624290466,0.0,0.0,1e-06,48.84800338745117,24.201257705688477,28.361328125,0.0,0.0,0.0,0.0,0.0,0.0,0.0,0.0,0.0,0.0,0.0,0.0,0.0,0.0,0.0,0.0,14321.0,14321.0,14321.0,14321.0,14321.0,0.0,0.0,122.42775372381321,116.97511033574119,14321.0,1.0,532.0,532.0,532.0,0.0,0.125,512.0,363.0625,235.0,0.125,512.0,363.0625,235.0,0.11339735984802246,0.0004342794418334961,0.00036654790164902806,0.0005154622485861182,0.001256672665476799,0.0004253145307302475,0.0019759535789489746,-0.0018215775489807129,1.000426173210144,0.6842252612113953,2.0318803787231445,0.6846506595611572,2.0327205657958984,0.0007719354725222823,18.248930286803986,0.38556591417411795,0.011054887901991606,106.00803603604436,2.8369914228096604,,116.97511033574119,5.521689456887543,2.0991635587997735,0.0,427.0,2.0,2.0,2.0,0.9997025728225708,0.06073087453842163,0.0036850962787866592,0.007369097322225571,1.0
428.0,6,mixed,True,True,True,True,True,0.5820782780647278,0.16078755259513855,-0.05634458363056183,1e-06,48.92896270751953,24.201257705688477,28.361328125,0.0,0.0,-0.056344578973948956,0.0,1.2499974966049194,0.05634463205933571,-0.7499985098838806,1.2499974966049194,0.05634463205933571,-0.7499985098838806,1.0,0.375,0.0,1.0,0.375,0.0,13248.0,13248.0,13248.0,13248.0,13248.0,0.0,0.0,229.84603639959607,57.6385836689733,13248.0,1.0,564.0,564.0,564.0,0.0,0.0625,495.0,264.0,123.0,0.0625,495.0,264.0,123.0,0.3719593286514282,0.0007997751235961914,0.0003749368479475379,0.0003517399891279638,0.001506958156824112,0.00027447938919067383,0.0024720430374145508,-0.007642567157745361,1.000277042388916,0.6422745585441589,1.9395239353179932,0.6425490975379944,1.9403250217437744,0.0007717356570559927,11.127742646336133,0.39822365602158943,0.010223953984677792,47.00358493812382,2.7650614781305194,,57.6385836689733,5.275666994974017,2.0874449373222888,0.0,428.0,2.0,2.0,2.0,0.9997074604034424,0.058224648237228394,0.0034884701017290354,0.007214693818241358,1.0
429.0,13,mixed,True,True,True,True,True,0.5518897175788879,0.14566664397716522,-0.02006438374519348,1e-06,48.90748977661133,24.201257705688477,28.361328125,0.0,0.0,-0.02006438374519348,0.0,0.4651290774345398,0.020064352080225945,-2.015559434890747,0.4651290774345398,0.020064352080225945,-2.015559434890747,1.0,0.8125,0.0,1.0,0.8125,0.0,11856.0,11856.0,11856.0,11856.0,11856.0,0.0,0.0,185.50839404508238,63.910854605957866,11856.0,1.0,486.0,486.0,486.0,0.0,0.0625,504.0,255.0,178.0,0.0625,504.0,255.0,178.0,0.07602381706237793,0.0011534690856933594,0.00038911541923880577,0.000206879893084988,0.0010779425501823425,0.00012090057134628296,0.002399265766143799,-0.0036358237266540527,1.000121831893921,0.5627867579460144,1.7806427478790283,0.5629076361656189,1.780819058418274,0.0009050393805747371,13.236374015618553,0.39880577359831165,0.010730146896094084,54.0044059837237,2.58112828200683,,63.910854605957866,4.728241251781583,2.0871243593282998,0.0,429.0,2.0,2.0,2.0,0.9996486902236938,0.09047943353652954,0.0036854848731309175,0.007697504945099354,1.0
430.0,0,all_fail,False,False,False,False,False,0.8929382562637329,0.0,0.0,1e-06,48.88777160644531,24.201257705688477,28.361328125,0.0,0.0,0.0,0.0,0.0,0.0,0.0,0.0,0.0,0.0,0.0,0.0,0.0,0.0,0.0,0.0,9029.0,9029.0,9029.0,9029.0,9029.0,0.0,0.0,105.22465488129788,85.80688632512465,9029.0,1.0,362.0,362.0,362.0,0.0,0.125,311.0,202.3125,118.0,0.125,311.0,202.3125,118.0,-0.0261763334274292,0.00040912628173828125,0.0004911317955702543,0.000775612541474402,0.0016464665532112122,0.0005441978573799133,0.004259705543518066,-0.003423750400543213,1.0005463361740112,0.870151937007904,2.4459431171417236,0.8706961870193481,2.4472601413726807,0.0012303531926584502,23.789332754067573,0.43205465753815975,0.011108858976513147,77.00607012491673,2.288559301290661,,85.80688632512465,3.9010215029120445,2.0991519349627197,0.0,430.0,2.0,2.0,2.0,0.9996837377548218,0.05773526430130005,0.004462905693799257,0.007787209935486317,1.0
431.0,0,all_fail,False,False,False,False,False,0.6015591025352478,0.0,0.0,1e-06,48.862796783447266,24.201257705688477,28.361328125,0.0,0.0,0.0,0.0,0.0,0.0,0.0,0.0,0.0,0.0,0.0,0.0,0.0,0.0,0.0,0.0,18310.0,18310.0,18310.0,18310.0,18310.0,0.0,0.0,252.56437867506386,72.49636744521558,18310.0,1.0,826.0,826.0,826.0,0.0,0.0625,512.0,318.375,189.0,0.0625,512.0,318.375,189.0,-0.010787367820739746,0.0003896951675415039,0.00039685890078544617,0.0006009823991917074,0.0013797823339700699,0.0006928760558366776,0.0029364824295043945,-0.0023583173751831055,1.0006942749023438,0.595625638961792,1.8227862119674683,0.5963184833526611,1.8239933252334595,0.0005711618239179066,11.779452119941132,0.3641943428217795,0.01045797299593687,60.00452909898013,3.226466125808656,,72.49636744521558,6.668398417066783,2.0888652158901095,0.0,431.0,2.0,2.0,2.0,0.9996442198753357,0.06151390075683594,0.003973366692662239,0.007615227252244949,1.0
432.0,11,mixed,True,True,True,True,True,0.7031114101409912,0.16178810596466064,-0.07337082922458649,1e-06,48.87989807128906,24.201257705688477,28.361328125,0.0,0.0,-0.07337082922458649,0.0,0.652789831161499,0.07337085157632828,-1.4361376762390137,0.652789831161499,0.07337085157632828,-1.4361376762390137,1.0,0.6875,0.0,1.0,0.6875,0.0,11198.0,11198.0,11198.0,11198.0,11198.0,0.0,0.0,160.48573266451118,69.77567297779024,11198.0,1.0,475.0,475.0,475.0,0.0,0.0625,445.0,224.875,117.0,0.0625,445.0,224.875,117.0,0.6901655197143555,0.0017788410186767578,0.0004404472711030394,-8.87839178176364e-06,0.0015624817460775375,0.00016277842223644257,0.002811908721923828,-0.00289231538772583,1.000164270401001,0.7201154232025146,2.07910418510437,0.7202781438827515,2.0793662071228027,0.0008493357899066997,16.677228992612303,0.41331080006241566,0.009510862175375223,60.00466991541907,2.535139180254191,,69.77567297779024,4.62825433909893,2.08868310181424,0.0,432.0,2.0,2.0,2.0,0.999673068523407,0.055124640464782715,0.0041869692504405975,0.007736029103398323,1.0
433.0,0,all_fail,False,False,False,False,False,0.7211434245109558,0.0,0.0,1e-06,48.86354064941406,24.201257705688477,28.36328125,0.0,0.0,0.0,0.0,0.0,0.0,0.0,0.0,0.0,0.0,0.0,0.0,0.0,0.0,0.0,0.0,14452.0,14452.0,14452.0,14452.0,14452.0,0.0,0.0,225.5616946912533,64.07116252509877,14452.0,1.0,607.0,607.0,607.0,0.0,0.0625,512.0,296.25,134.0,0.0625,512.0,296.25,134.0,0.06047964096069336,0.0007584095001220703,0.00044481715303845704,0.0005091345519758761,0.0013174060732126236,0.00025385431945323944,0.0022655129432678223,-0.002430558204650879,1.0002549886703491,0.8015028834342957,2.410099983215332,0.801756739616394,2.4098501205444336,0.0006606680032514384,11.182306278968536,0.3874576477531871,0.009547973982989788,53.00413176231086,2.867342221084982,,64.07116252509877,5.599537925329059,2.0919912313111126,0.0,433.0,2.0,2.0,2.0,0.9996818900108337,0.06096559762954712,0.004132362082600594,0.007698817644268274,1.0
434.0,0,all_fail,False,False,False,False,False,0.8595016598701477,0.0,0.0,1e-06,48.871788024902344,24.201257705688477,28.36328125,0.0,0.0,0.0,0.0,0.0,0.0,0.0,0.0,0.0,0.0,0.0,0.0,0.0,0.0,0.0,0.0,16921.0,16921.0,16921.0,16921.0,16921.0,0.0,0.0,145.98115759511597,115.91221962310374,16921.0,1.0,788.0,788.0,788.0,0.0,0.0625,495.0,269.5625,155.0,0.0625,495.0,269.5625,155.0,0.6835832595825195,0.0016148090362548828,0.00045508044422604144,0.00010876704618567601,0.0015091709792613983,0.0002491660416126251,0.003913402557373047,-0.0036252737045288086,1.0002511739730835,0.9084187746047974,2.5431416034698486,0.9086679816246033,2.543968677520752,0.0005956129295068193,24.11494371946577,0.369014392099065,0.010078366380184889,104.00775226205587,3.0803379570133984,,115.91221962310374,6.244092528708279,2.0747831650078297,0.0,434.0,2.0,2.0,2.0,0.9996994137763977,0.06102341413497925,0.0041572330519557,0.007752426899969578,1.0
435.0,0,all_fail,False,False,False,False,False,0.7676755785942078,0.0,0.0,1e-06,48.882537841796875,24.201257705688477,28.36328125,0.0,0.0,0.0,0.0,0.0,0.0,0.0,0.0,0.0,0.0,0.0,0.0,0.0,0.0,0.0,0.0,11171.0,11171.0,11171.0,11171.0,11171.0,0.0,0.0,121.62499061844953,91.84790019877255,11171.0,1.0,469.0,469.0,469.0,0.0,0.0625,434.0,229.1875,84.0,0.0625,434.0,229.1875,84.0,0.054859042167663574,0.0006784200668334961,0.0004380980972200632,0.0005355646717362106,0.0015353783965110779,0.0006210878491401672,0.0041664838790893555,-0.004357337951660156,1.000623106956482,0.8654427528381348,2.6933233737945557,0.8660638928413391,2.6940786838531494,0.0009121132440809682,22.363251518714133,0.41601671928560047,0.010189217049628496,82.00604331912473,2.556748413015157,,91.84790019877255,4.647322771139443,2.1284512751735747,0.0,435.0,2.0,2.0,2.0,0.9997191429138184,0.059529781341552734,0.0038600394036620855,0.007405870594084263,1.0
436.0,0,all_fail,False,False,False,False,False,0.6357782483100891,0.0,0.0,1e-06,48.929603576660156,24.201257705688477,28.36328125,0.0,0.0,0.0,0.0,0.0,0.0,0.0,0.0,0.0,0.0,0.0,0.0,0.0,0.0,0.0,0.0,15892.0,15892.0,15892.0,15892.0,15892.0,0.0,0.0,147.71000160544162,107.58919387497008,15892.0,1.0,737.0,737.0,737.0,0.0,0.0625,512.0,256.25,96.0,0.0625,512.0,256.25,96.0,0.7658412456512451,0.00015366077423095703,0.0004303150635678321,0.0007816231227479875,0.002064848318696022,0.0013086143881082535,0.005988478660583496,-0.002945840358734131,1.001312255859375,0.6613877415657043,1.954037070274353,0.662696361541748,1.9569087028503418,0.0006037191639045099,23.416201468988707,0.3767060826204599,0.009594304952770472,96.0064260228537,2.9961328697390854,,107.58919387497008,5.986613065004349,2.0920652146451175,0.0,436.0,2.0,2.0,2.0,0.999670684337616,0.0614379346370697,0.003995551262050867,0.007587826810777187,1.0
437.0,0,all_fail,False,False,False,False,False,0.7445014715194702,0.0,0.0,1e-06,48.87831497192383,24.201257705688477,28.36328125,0.0,0.0,0.0,0.0,0.0,0.0,0.0,0.0,0.0,0.0,0.0,0.0,0.0,0.0,0.0,0.0,9177.0,9177.0,9177.0,9177.0,9177.0,0.0,0.0,98.804965359924,92.87994754686952,9177.0,1.0,358.0,358.0,358.0,0.0,0.0625,389.0,215.5625,80.0,0.0625,389.0,215.5625,80.0,-0.09749472141265869,0.00044405460357666016,0.00044429273111745715,0.0006645038374699652,0.0014411881566047668,0.0006475299596786499,0.0025734901428222656,-0.0017235279083251953,1.0006487369537354,0.7769615650177002,2.201833486557007,0.77760910987854,2.2032034397125244,0.0010947011337309371,24.35664844999744,0.432943888676362,0.01004607230424881,84.00608050404117,2.3172420486807823,,92.87994754686952,3.9731260663829744,2.075045458972454,0.0,437.0,2.0,2.0,2.0,0.9996798038482666,0.06134411692619324,0.004173573572188616,0.007855353876948357,1.0
438.0,0,all_fail,False,False,False,False,False,0.7600888013839722,0.0,0.0,1e-06,48.8912239074707,24.201257705688477,28.36328125,0.0,0.0,0.0,0.0,0.0,0.0,0.0,0.0,0.0,0.0,0.0,0.0,0.0,0.0,0.0,0.0,14430.0,14430.0,14430.0,14430.0,14430.0,0.0,0.0,173.5147171296038,83.16297452291474,14430.0,1.0,613.0,613.0,613.0,0.0,0.125,501.0,288.875,104.0,0.125,501.0,288.875,104.0,0.46094298362731934,0.0015746355056762695,0.00040305909351445735,2.0933597625116818e-05,0.001227792352437973,-5.232915282249451e-05,0.0031082630157470703,-0.0021587610244750977,0.9999487996101379,0.8295385837554932,2.569005012512207,0.8294862508773804,2.5681540966033936,0.0007206292362136306,15.578836995515084,0.39349150297258434,0.010398679878562689,72.00538459327072,2.8863680199719965,,83.16297452291474,5.678082387894392,2.0854427292943,0.0,438.0,2.0,2.0,2.0,0.9996832609176636,0.0561864972114563,0.004118084441870451,0.007639020681381226,1.0
439.0,0,all_fail,False,False,False,False,False,0.7765083312988281,0.0,0.0,1e-06,48.911048889160156,24.201257705688477,28.36328125,0.0,0.0,0.0,0.0,0.0,0.0,0.0,0.0,0.0,0.0,0.0,0.0,0.0,0.0,0.0,0.0,27802.0,27802.0,27802.0,27802.0,27802.0,0.0,0.0,300.3961658652729,92.55111469188705,27802.0,1.0,1464.0,1464.0,1464.0,0.0,0.1875,512.0,273.625,153.0,0.1875,512.0,273.625,153.0,0.11334812641143799,0.0009260177612304688,0.000453276967164129,0.000445499928900972,0.001280803233385086,0.0004228167235851288,0.0032914280891418457,-0.0027757883071899414,1.0004240274429321,0.7820869088172913,2.246691942214966,0.7825096845626831,2.2477667331695557,0.00039796942480390307,17.36083320174375,0.3526833403632329,0.011064345948398113,76.00572775723413,4.150837839115411,,92.55111469188705,9.8053022287786,2.078726716339588,0.0,439.0,2.0,2.0,2.0,0.999667763710022,0.061763226985931396,0.004297669045627117,0.007868158631026745,1.0
440.0,0,all_fail,False,False,False,False,False,0.796795129776001,0.0,0.0,1e-06,48.904781341552734,24.201257705688477,28.36328125,0.0,0.0,0.0,0.0,0.0,0.0,0.0,0.0,0.0,0.0,0.0,0.0,0.0,0.0,0.0,0.0,16026.0,16026.0,16026.0,16026.0,16026.0,0.0,0.0,153.10837769325474,104.67095427075401,16026.0,1.0,727.0,727.0,727.0,0.0,0.0625,512.0,274.625,102.0,0.0625,512.0,274.625,102.0,0.30694580078125,0.001679062843322754,0.0004488328704610467,6.0040569223929197e-05,0.001473359763622284,1.1526048183441162e-05,0.0028771162033081055,-0.0033322572708129883,1.0000132322311401,0.8491605520248413,2.397010564804077,0.8491719961166382,2.3965320587158203,0.0006587608184716117,21.16679108907665,0.3720577645841853,0.010557300876826048,93.0068800454028,2.984081983100623,,104.67095427075401,5.962597735226154,2.209695286117494,0.0,440.0,2.0,2.0,2.0,0.9996998310089111,0.05521377921104431,0.004067492205649614,0.00759098818525672,1.0
441.0,6,mixed,True,True,True,True,True,0.9403945207595825,0.1890447735786438,-0.027657784521579742,1e-06,48.89585876464844,24.201257705688477,28.36328125,0.0,0.0,-0.027657784521579742,0.0,1.2499974966049194,0.02765781432390213,-0.7499985098838806,1.2499974966049194,0.02765781432390213,-0.7499985098838806,1.0,0.375,0.0,1.0,0.375,0.0,12474.0,12474.0,12474.0,12474.0,12474.0,0.0,0.0,165.9743565416912,75.15618834085763,12474.0,1.0,548.0,548.0,548.0,0.0,0.0625,422.0,231.625,100.0,0.0625,422.0,231.625,100.0,-0.054752349853515625,0.00012922286987304688,0.00047040116623975337,0.0008791389409452677,0.0016214028000831604,0.0008497759699821472,0.003216862678527832,-0.0033645033836364746,1.0008515119552612,0.9769712686538696,2.7402405738830566,0.9778209924697876,2.7427802085876465,0.0009188876189118264,17.540510604509866,0.39538134061007935,0.011462204158306122,65.00513230031356,2.628715675789863,,75.15618834085763,4.931986842770129,2.0784987048245966,0.0,441.0,2.0,2.0,2.0,0.9997046589851379,0.05906254053115845,0.00432245759293437,0.00769843440502882,1.0
442.0,2,mixed,True,True,True,True,True,0.8875797390937805,0.18624785542488098,-0.011562597006559372,1e-06,48.942222595214844,24.201257705688477,28.36328125,0.0,0.0,-0.011562597006559372,0.0,2.561730146408081,0.01156257838010788,-0.3659614622592926,2.561730146408081,0.01156257838010788,-0.3659614622592926,1.0,0.125,0.0,1.0,0.125,0.0,7541.0,7541.0,7541.0,7541.0,7541.0,0.0,0.0,113.85829395077316,66.231450852938,7541.0,1.0,228.0,228.0,228.0,0.0,0.0625,365.0,243.3125,99.0,0.0625,365.0,243.3125,99.0,-0.05412822961807251,3.719329833984375e-05,0.00045488696196116507,0.0008910782053135335,0.0016981139779090881,0.0008334070444107056,0.004255354404449463,-0.003240048885345459,1.0008354187011719,0.87925785779953,2.450525999069214,0.8800911903381348,2.4524717330932617,0.0013196845204843449,14.899741810158703,0.4616408910073252,0.009951740968972445,58.00469486694783,2.1504257628694177,,66.231450852938,3.4812339590862393,2.087525814771652,0.0,442.0,2.0,2.0,2.0,0.9996771216392517,0.060242414474487305,0.004383228253573179,0.007859325036406517,1.0
443.0,0,all_fail,False,False,False,False,False,0.9089937210083008,0.0,0.0,1e-06,48.92647933959961,24.201257705688477,28.36328125,0.0,0.0,0.0,0.0,0.0,0.0,0.0,0.0,0.0,0.0,0.0,0.0,0.0,0.0,0.0,0.0,21138.0,21138.0,21138.0,21138.0,21138.0,0.0,0.0,189.33444466978227,111.643710878212,21138.0,1.0,1131.0,1131.0,1131.0,0.0,0.0625,512.0,190.125,67.0,0.0625,512.0,190.125,67.0,-0.08330017328262329,-0.0014914274215698242,0.0005631927051581442,0.001868715393356979,0.003615356981754303,0.001752801239490509,0.007793068885803223,-0.007241249084472656,1.00176203250885,0.9124664068222046,2.6534981727600098,0.9142191410064697,2.657639741897583,0.000462350681845699,32.218015455609624,0.3556757592810682,0.009773168712854385,98.00720301596448,3.491526274010539,,111.643710878212,7.518274199683219,2.1175465397536755,0.0,443.0,2.0,2.0,2.0,0.9996850490570068,0.05780017375946045,0.004545265808701515,0.007798171602189541,1.0
444.0,0,all_fail,False,False,False,False,False,0.7342793345451355,0.0,0.0,1e-06,48.91823196411133,24.201257705688477,28.36328125,0.0,0.0,0.0,0.0,0.0,0.0,0.0,0.0,0.0,0.0,0.0,0.0,0.0,0.0,0.0,0.0,10229.0,10229.0,10229.0,10229.0,10229.0,0.0,0.0,139.18272862541644,73.49331415630877,10229.0,1.0,409.0,409.0,409.0,0.0,0.0625,512.0,230.3125,112.0,0.0625,512.0,230.3125,112.0,0.773647665977478,0.0032767057418823242,0.00045905844308435917,-0.0007176450453698635,0.0015784744173288345,-0.0007369574159383774,0.0036031603813171387,-0.0037131905555725098,0.9992648959159851,0.773248553276062,2.209618091583252,0.7725116610527039,2.2079899311065674,0.0009286986376774464,17.369046363110176,0.432929020412889,0.009499658364802599,64.004935848061,2.469595355913043,,73.49331415630877,4.428430949803442,2.0811602561734617,0.0,444.0,2.0,2.0,2.0,0.9996490478515625,0.06224289536476135,0.004350882954895496,0.008045856840908527,1.0
445.0,0,all_fail,False,False,False,False,False,0.9240574240684509,0.0,0.0,1e-06,48.90407943725586,24.201257705688477,28.36328125,0.0,0.0,0.0,0.0,0.0,0.0,0.0,0.0,0.0,0.0,0.0,0.0,0.0,0.0,0.0,0.0,14197.0,14197.0,14197.0,14197.0,14197.0,0.0,0.0,87.73557520069139,161.81577390385792,14197.0,1.0,621.0,621.0,621.0,0.0,0.0625,407.0,266.3125,134.0,0.0625,407.0,266.3125,134.0,0.1948927640914917,0.0011349916458129883,0.0005109478370286524,0.0004540325026027858,0.0013879872858524323,0.0005865059792995453,0.0030859708786010742,-0.0026369690895080566,1.000587821006775,0.9497103095054626,2.6698741912841797,0.9502968192100525,2.6714162826538086,0.0007230089632983844,35.44050770597757,0.37979238406883803,0.010264558251947165,151.01200333517045,2.801020213868469,,161.81577390385792,5.3919124766252935,2.103773606941104,0.0,445.0,2.0,2.0,2.0,0.9996976852416992,0.05896252393722534,0.004330662079155445,0.007814918644726276,1.0
446.0,0,all_fail,False,False,False,False,False,0.817458987236023,0.0,0.0,1e-06,48.96940612792969,24.201257705688477,28.36328125,0.0,0.0,0.0,0.0,0.0,0.0,0.0,0.0,0.0,0.0,0.0,0.0,0.0,0.0,0.0,0.0,13386.0,13386.0,13386.0,13386.0,13386.0,0.0,0.0,151.07834277711785,88.60303703323007,13386.0,1.0,583.0,583.0,583.0,0.0,0.0625,512.0,253.625,127.0,0.0625,512.0,253.625,127.0,0.17566561698913574,0.0016134977340698242,0.0004852526471950114,0.00016742853040341288,0.001491498202085495,0.00011480972170829773,0.004164695739746094,-0.004236757755279541,1.0001167058944702,0.8401867747306824,2.352682590484619,0.8403016328811646,2.3531856536865234,0.000701176527769028,19.222809439121082,0.39260402464721256,0.00938594900071621,78.00616070395336,2.756065382156521,,88.60303703323007,5.255397473927587,2.0796472961083055,0.0,446.0,2.0,2.0,2.0,0.9996824264526367,0.05733722448348999,0.004366771783679724,0.0078097316436469555,1.0
447.0,0,all_fail,False,False,False,False,False,0.7535674571990967,0.0,0.0,1e-06,48.90552520751953,24.201257705688477,28.36328125,0.0,0.0,0.0,0.0,0.0,0.0,0.0,0.0,0.0,0.0,0.0,0.0,0.0,0.0,0.0,0.0,10251.0,10251.0,10251.0,10251.0,10251.0,0.0,0.0,86.73791881049296,118.18360574683174,10251.0,1.0,368.0,368.0,368.0,0.0,0.0625,383.0,272.6875,132.0,0.0625,383.0,272.6875,132.0,-0.1119762659072876,-0.0002505779266357422,0.00047408396494574845,0.0010712817311286926,0.0017496347427368164,0.0009521469473838806,0.00365370512008667,-0.003171980381011963,1.000954270362854,0.7714183330535889,2.2768163681030273,0.7723705172538757,2.2792835235595703,0.0009806823076625973,24.9847468124703,0.4085043505010064,0.010052974335849285,109.00845034280792,2.3978985170833766,,118.18360574683174,4.187578096985817,2.0814762613736093,0.0,447.0,2.0,2.0,2.0,0.9996486306190491,0.06136971712112427,0.004456535447388887,0.00807681493461132,1.0
448.0,0,all_fail,False,False,False,False,False,0.7457360625267029,0.0,0.0,1e-06,49.0059928894043,24.201257705688477,28.36328125,0.0,0.0,0.0,0.0,0.0,0.0,0.0,0.0,0.0,0.0,0.0,0.0,0.0,0.0,0.0,0.0,12277.0,12277.0,12277.0,12277.0,12277.0,0.0,0.0,182.80942575072595,67.15736866183579,12277.0,1.0,529.0,529.0,529.0,0.0,0.0625,512.0,238.3125,116.0,0.0625,512.0,238.3125,116.0,-0.061797142028808594,-5.078315734863281e-05,0.00043921847827732563,0.000899988692253828,0.0017169378697872162,0.0007525645196437836,0.0030243992805480957,-0.0029205679893493652,1.0007543563842773,0.7397714257240295,2.120391607284546,0.7405240535736084,2.1220295429229736,0.0007574169537653468,14.950089443254207,0.40161048421035267,0.009298807941377163,57.00469104712829,2.644664046354592,,67.15736866183579,4.9305719146505,2.069111764896661,0.0,448.0,2.0,2.0,2.0,0.9996561408042908,0.059674471616744995,0.004243487957865,0.007869081571698189,1.0
449.0,6,mixed,True,True,True,True,True,0.7643560171127319,0.17896176874637604,0.007881438359618187,1e-06,48.923683166503906,24.201257705688477,28.36328125,0.0,0.0,0.0078814378939569,0.0,1.2499974966049194,-0.007881416007876396,-0.7499985098838806,1.2499974966049194,-0.007881416007876396,-0.7499985098838806,1.0,0.375,0.0,1.0,0.375,0.0,10212.0,10212.0,10212.0,10212.0,10212.0,0.0,0.0,178.2635556041864,57.28596608201042,10212.0,1.0,440.0,440.0,440.0,0.0,0.0625,411.0,198.25,70.0,0.0625,411.0,198.25,70.0,0.07589972019195557,0.0014758110046386719,0.00043451046803966165,0.00013268005568534136,0.0008337125182151794,0.0001230984926223755,0.0025595426559448242,-0.001319289207458496,1.0001237392425537,0.7873724102973938,2.2477283477783203,0.787495493888855,2.2480406761169434,0.0009815934283058409,15.133475432933448,0.41779951204112054,0.010024032089859247,48.0033840732649,2.422994314227253,,57.28596608201042,4.266568616963923,2.0856432081200182,0.0,449.0,2.0,2.0,2.0,0.9996976852416992,0.058312684297561646,0.004099421203136444,0.007535258308053017,1.0
450.0,0,all_fail,False,False,False,False,False,0.8089749217033386,0.0,0.0,1e-06,48.944725036621094,24.201257705688477,28.36328125,0.0,0.0,0.0,0.0,0.0,0.0,0.0,0.0,0.0,0.0,0.0,0.0,0.0,0.0,0.0,0.0,17304.0,17304.0,17304.0,17304.0,17304.0,0.0,0.0,233.69162712089815,74.0462985909544,17304.0,1.0,807.0,807.0,807.0,0.0,0.0625,512.0,274.5,154.0,0.0625,512.0,274.5,154.0,0.5138248205184937,0.0007641315460205078,0.00044534914195537567,0.0005087671452201903,0.0019450820982456207,0.0005293898284435272,0.005241215229034424,-0.003788888454437256,1.0005323886871338,0.8260324001312256,2.319304943084717,0.8265618085861206,2.320706605911255,0.0005870703312857279,14.117668415691181,0.365367300931788,0.010158665012568235,62.00479968171567,3.1079081972129643,,74.0462985909544,6.322315775323659,2.1025370629504323,0.0,450.0,2.0,2.0,2.0,0.9996822476387024,0.0614202618598938,0.004255146719515324,0.007834620773792267,1.0
451.0,0,all_fail,False,False,False,False,False,0.7134056091308594,0.0,0.0,1e-06,48.91617202758789,24.201257705688477,28.36328125,0.0,0.0,0.0,0.0,0.0,0.0,0.0,0.0,0.0,0.0,0.0,0.0,0.0,0.0,0.0,0.0,13059.0,13059.0,13059.0,13059.0,13059.0,0.0,0.0,174.88165358034493,74.67335613910109,13059.0,1.0,509.0,509.0,509.0,0.0,0.125,512.0,307.1875,154.0,0.125,512.0,307.1875,154.0,0.763126015663147,-0.00044804811477661133,0.0004517697379924357,0.0011256266152486205,0.0021004360169172287,0.0013146977871656418,0.00522923469543457,-0.0027729272842407227,1.0013177394866943,0.7037341594696045,2.1373770236968994,0.7050487995147705,2.139378309249878,0.0007403379037904378,13.022327866587155,0.40740014769685184,0.009668072685599327,64.00474146427587,2.760798037983477,,74.67335613910109,5.320238528773189,2.080216326750815,0.0,451.0,2.0,2.0,2.0,0.9996464252471924,0.06209695339202881,0.004306187853217125,0.008049524389207363,1.0
452.0,0,all_fail,False,False,False,False,False,0.9103350639343262,0.0,0.0,1e-06,48.973636627197266,24.201257705688477,28.36328125,0.0,0.0,0.0,0.0,0.0,0.0,0.0,0.0,0.0,0.0,0.0,0.0,0.0,0.0,0.0,0.0,10224.0,10224.0,10224.0,10224.0,10224.0,0.0,0.0,101.85852848330512,100.3745111208409,10224.0,1.0,426.0,426.0,426.0,0.0,0.125,373.0,213.0,120.0,0.125,373.0,213.0,120.0,-0.35858380794525146,-0.0012387633323669434,0.0004914268502034247,0.0015972983092069626,0.0019232481718063354,0.001578785479068756,0.004725277423858643,-0.0026853084564208984,1.0015815496444702,0.9244165420532227,2.555769443511963,0.9259952306747437,2.5595428943634033,0.0012075869732351278,26.70409664319841,0.4244747913059238,0.012346369214355946,91.00756136002019,2.43765052780509,,100.3745111208409,4.339830266311765,2.077356989029795,0.0,452.0,2.0,2.0,2.0,0.9996959567070007,0.05678248405456543,0.004303142428398132,0.007785818539559841,1.0
453.0,0,all_fail,False,False,False,False,False,0.6481515169143677,0.0,0.0,1e-06,48.93751525878906,24.201257705688477,28.36328125,0.0,0.0,0.0,0.0,0.0,0.0,0.0,0.0,0.0,0.0,0.0,0.0,0.0,0.0,0.0,0.0,15919.0,15919.0,15919.0,15919.0,15919.0,0.0,0.0,205.08650554677274,77.62090420117602,15919.0,1.0,687.0,687.0,687.0,0.0,0.0625,511.0,307.9375,106.0,0.0625,511.0,307.9375,106.0,0.0724482536315918,0.0007668733596801758,0.0004410677938722074,0.0005002209800295532,0.0010506100952625275,0.0005072169005870819,0.0030785799026489258,-0.002405107021331787,1.0005083084106445,0.6509615182876587,1.928149938583374,0.6514687538146973,1.929202675819397,0.0006147161043295348,13.396559963435667,0.3779418829097671,0.009785665664821863,66.00485093984753,3.0025241668336093,,77.62090420117602,6.016456834040582,2.090197724290192,0.0,453.0,2.0,2.0,2.0,0.9996464848518372,0.056683093309402466,0.004179971758276224,0.00773292500525713,1.0
454.0,0,all_fail,False,False,False,False,False,0.6075819730758667,0.0,0.0,1e-06,48.94438552856445,24.201257705688477,28.36328125,0.0,0.0,0.0,0.0,0.0,0.0,0.0,0.0,0.0,0.0,0.0,0.0,0.0,0.0,0.0,0.0,9697.0,9697.0,9697.0,9697.0,9697.0,0.0,0.0,79.89746686262336,121.36805309075862,9697.0,1.0,363.0,363.0,363.0,0.0,0.0625,488.0,243.0625,147.0,0.0625,488.0,243.0625,147.0,0.5680365562438965,0.0007278919219970703,0.0003372280625626445,0.00031055451836436987,0.0016598422080278397,0.00035796500742435455,0.002574324607849121,-0.004973232746124268,1.000360131263733,0.6084661483764648,1.8537049293518066,0.6088240742683411,1.8543058633804321,0.00107254769787157,28.54412346963375,0.4216667925087068,0.010400495026260614,111.00809617340565,2.358266399241984,,121.36805309075862,4.08890288695693,3.4000967321917415,0.0,454.0,2.0,2.0,2.0,0.9997062683105469,0.06149137020111084,0.0034608340356498957,0.0071746306493878365,1.0
455.0,0,all_fail,False,False,False,False,False,0.8262825608253479,0.0,0.0,1e-06,48.94929504394531,24.201257705688477,28.36328125,0.0,0.0,0.0,0.0,0.0,0.0,0.0,0.0,0.0,0.0,0.0,0.0,0.0,0.0,0.0,0.0,14956.0,14956.0,14956.0,14956.0,14956.0,0.0,0.0,160.25833734273215,93.32431777333841,14956.0,1.0,655.0,655.0,655.0,0.0,0.0625,512.0,279.75,104.0,0.0625,512.0,279.75,104.0,0.596954345703125,0.0008592605590820312,0.0004181567346677184,0.00040536472806707025,0.0014308616518974304,0.00044242292642593384,0.002859652042388916,-0.005112349987030029,1.0004442930221558,0.813720166683197,2.2905287742614746,0.8141626119613647,2.2918004989624023,0.0006510147799476962,18.32147012443895,0.38459759541095007,0.009736577048897743,82.00690027698874,2.9078286197036505,,93.32431777333841,5.752041636966169,2.148423420265317,0.0,455.0,2.0,2.0,2.0,0.9997029900550842,0.06112700700759888,0.0041627283208072186,0.007401281502097845,1.0
456.0,2,mixed,True,True,True,True,True,0.5899757742881775,0.16527891159057617,-0.1459445357322693,1e-06,50.284000396728516,24.201257705688477,28.36328125,0.0,0.0,-0.14594454318284988,0.0,2.561730146408081,0.1459444761276245,-0.3659614622592926,2.561730146408081,0.1459444761276245,-0.3659614622592926,1.0,0.125,0.0,1.0,0.125,0.0,11880.0,11880.0,11880.0,11880.0,11880.0,0.0,0.0,212.27447727195056,55.9652773742564,11880.0,1.0,493.0,493.0,493.0,0.0,0.0625,446.0,249.5,113.0,0.0625,446.0,249.5,113.0,0.022030353546142578,0.0007195472717285156,0.00039155612466856837,0.00041875382885336876,0.0012813769280910492,0.0006850473582744598,0.004218995571136475,-0.001467585563659668,1.000686764717102,0.5863742232322693,1.8155224323272705,0.5870592594146729,1.8167158365249634,0.0016966631231509677,11.273453106244238,0.4847894483073442,0.020156357903033495,45.003624800127,2.5949604120105505,,55.9652773742564,5.759298645891249,2.088578660041094,0.0,456.0,2.0,2.0,2.0,0.9996783137321472,0.05825453996658325,0.003669043304398656,0.007399194408208132,1.0
457.0,8,mixed,True,True,True,True,True,0.7019128799438477,0.20508059859275818,0.061267703771591187,1e-06,51.557762145996094,24.201257705688477,28.36328125,0.0,0.0,0.061267707496881485,0.0,0.9682439565658569,-0.06126769632101059,-0.9682439565658569,0.9682439565658569,-0.06126769632101059,-0.9682439565658569,1.0,0.5,0.0,1.0,0.5,0.0,10371.0,10371.0,10371.0,10371.0,10371.0,0.0,0.0,132.046311974715,78.54062597360462,10371.0,1.0,422.0,422.0,422.0,0.0,0.0625,390.0,226.1875,91.0,0.0625,390.0,226.1875,91.0,0.18384504318237305,0.0007759332656860352,0.00048067656462080777,0.0005757102626375854,0.001982608810067177,0.0007926430553197861,0.006780862808227539,-0.004558444023132324,1.0007960796356201,0.7135427594184875,2.078622341156006,0.7143354415893555,2.080423593521118,0.0009300681043902263,19.067405351175395,0.42237443246882006,0.009645736310631037,69.00493996590376,2.547057108953595,,78.54062597360462,4.380445239134133,2.0902719027362764,0.0,457.0,2.0,2.0,2.0,0.9996304512023926,0.06209653615951538,0.004485219717025757,0.00803990289568901,1.0
458.0,3,mixed,True,True,True,True,True,0.649265706539154,0.1598934829235077,-0.0702037662267685,1e-06,50.898372650146484,24.201257705688477,28.36328125,0.0,0.0,-0.0702037625014782,0.0,2.015559434890747,0.07020379602909088,-0.4651290774345398,2.015559434890747,0.07020379602909088,-0.4651290774345398,1.0,0.1875,0.0,1.0,0.1875,0.0,10762.0,10762.0,10762.0,10762.0,10762.0,0.0,0.0,183.61906222240927,58.610472517088056,10762.0,1.0,425.0,425.0,425.0,0.0,0.0625,462.0,247.625,118.0,0.0625,462.0,247.625,118.0,0.2704101800918579,0.0015368461608886719,0.00037487372173927724,-1.752159914758522e-05,0.0013072844594717026,-0.00030879490077495575,0.0019629597663879395,-0.003845691680908203,0.999692440032959,0.664512038230896,1.9692543745040894,0.6642031669616699,1.9685767889022827,0.0009092267258606797,12.36857589384083,0.42035995469070503,0.009785098023712635,49.00429769139737,2.499696863349527,,58.610472517088056,4.523913832381368,2.072354677133262,0.0,458.0,2.0,2.0,2.0,0.9996684193611145,0.059926629066467285,0.003944116644561291,0.007610720116645098,1.0
459.0,7,mixed,True,True,True,True,True,0.5517081022262573,0.1374737173318863,0.22777597606182098,1e-06,50.847782135009766,24.201257705688477,28.36328125,0.0,0.0,0.22777597652748227,0.0,1.0978854894638062,-0.2277759164571762,-0.8539109230041504,1.0978854894638062,-0.2277759164571762,-0.8539109230041504,1.0,0.4375,0.0,1.0,0.4375,0.0,10702.0,10702.0,10702.0,10702.0,10702.0,0.0,0.0,145.1361742119974,73.7376471310854,10702.0,1.0,378.0,378.0,378.0,0.0,0.1875,512.0,290.875,172.0,0.1875,512.0,290.875,172.0,0.2482243776321411,0.0004080533981323242,0.00040998347685672343,0.0006156082963570952,0.001599254086613655,0.00037016160786151886,0.004210829734802246,-0.0031020045280456543,1.000372052192688,0.5803109407424927,1.8080140352249146,0.5806810855865479,1.8084876537322998,0.0011086964485823964,13.752696285349268,0.4301598706580121,0.011865269392728806,64.00504851201549,2.5299811540171504,,73.7376471310854,4.603570935782045,2.0881636128760874,0.0,459.0,2.0,2.0,2.0,0.9996668100357056,0.061369389295578,0.003688663011416793,0.00743576604872942,1.0
460.0,1,mixed,True,True,True,True,True,0.5297955870628357,0.16615985333919525,-0.07400265336036682,1e-06,50.8570442199707,24.201257705688477,28.36328125,0.0,0.0,-0.07400265336036682,0.0,3.7499847412109375,0.07400262355804443,-0.24999898672103882,3.7499847412109375,0.07400262355804443,-0.24999898672103882,1.0,0.0625,0.0,1.0,0.0625,0.0,9893.0,9893.0,9893.0,9893.0,9893.0,0.0,0.0,149.72277440645152,66.07545204274356,9893.0,1.0,366.0,366.0,366.0,0.0,0.0625,385.0,252.3125,170.0,0.0625,385.0,252.3125,170.0,0.08502829074859619,0.0008505582809448242,0.00037195661570876837,0.0003198858757968992,0.00135134719312191,0.00035231374204158783,0.0029036998748779297,-0.001608431339263916,1.0003535747528076,0.5457938313484192,1.7442047595977783,0.5461461544036865,1.7448909282684326,0.0009824050012190808,14.120652072859713,0.4166128002498764,0.009718932677060366,57.00507241813466,2.362092946190387,,66.07545204274356,4.121550432872027,2.081786345690489,0.0,460.0,2.0,2.0,2.0,0.999668538570404,0.062017619609832764,0.003664930583909154,0.0074164411053061485,1.0
461.0,0,all_fail,False,False,False,False,False,0.8746273517608643,0.0,0.0,1e-06,50.843177795410156,24.201257705688477,28.36328125,0.0,0.0,0.0,0.0,0.0,0.0,0.0,0.0,0.0,0.0,0.0,0.0,0.0,0.0,0.0,0.0,14031.0,14031.0,14031.0,14031.0,14031.0,0.0,0.0,155.9329737533965,89.98096850374714,14031.0,1.0,593.0,593.0,593.0,0.0,0.0625,512.0,283.9375,132.0,0.0625,512.0,283.9375,132.0,0.9631707668304443,5.7220458984375e-05,0.0004549877194222063,0.000881094834767282,0.0015276148915290833,0.0007105618715286255,0.003819704055786133,-0.0029259324073791504,1.000712513923645,0.9330203533172607,2.6362240314483643,0.9337309002876282,2.637395143508911,0.0006934211978160615,17.390766910345164,0.39546375225492125,0.00972939282655716,79.00625407369807,2.8388823182322085,,89.98096850374714,5.5487519078888,2.0803698948584497,0.0,461.0,2.0,2.0,2.0,0.9997140765190125,0.05867853760719299,0.0042232852429151535,0.007584079634398222,1.0
462.0,0,all_fail,False,False,False,False,False,0.88810795545578,0.0,0.0,1e-06,50.882041931152344,24.201257705688477,28.36328125,0.0,0.0,0.0,0.0,0.0,0.0,0.0,0.0,0.0,0.0,0.0,0.0,0.0,0.0,0.0,0.0,13913.0,13913.0,13913.0,13913.0,13913.0,0.0,0.0,127.77748256253484,108.88459939090535,13913.0,1.0,571.0,571.0,571.0,0.0,0.0625,512.0,298.5625,122.0,0.0625,512.0,298.5625,122.0,0.010916709899902344,0.0009225606918334961,0.0005025526625104249,0.0005439264350570738,0.0009596832096576691,0.0005196966230869293,0.004503488540649414,-0.0016887784004211426,1.0005207061767578,0.9261736869812012,2.6457221508026123,0.9266933798789978,2.646838426589966,0.0006742059192710251,20.516643631206705,0.39335698485620785,0.009380226954817772,98.00800662627444,2.8193821543827653,,108.88459939090535,5.47277573030442,2.0779201318509877,0.0,462.0,2.0,2.0,2.0,0.9996811747550964,0.05989730358123779,0.00447212066501379,0.00787281896919012,1.0
463.0,0,all_fail,False,False,False,False,False,0.8432849645614624,0.0,0.0,1e-06,50.8907356262207,24.201257705688477,28.36328125,0.0,0.0,0.0,0.0,0.0,0.0,0.0,0.0,0.0,0.0,0.0,0.0,0.0,0.0,0.0,0.0,17495.0,17495.0,17495.0,17495.0,17495.0,0.0,0.0,200.76631340900477,87.14111298322678,17495.0,1.0,706.0,706.0,706.0,0.0,0.25,512.0,387.4375,163.0,0.25,512.0,387.4375,163.0,-0.01697683334350586,0.0011301040649414062,0.0004453586007002741,0.00032726567587815225,0.0009617619216442108,0.0003636591136455536,0.0029181241989135742,-0.0020494461059570312,1.0003644227981567,0.9123731851577759,2.5500926971435547,0.9127368927001953,2.5509438514709473,0.0005338949192060883,12.099719361828319,0.3650450517928372,0.009340491611510515,75.00616032397375,3.124460448976606,,87.14111298322678,6.386463181115687,2.1188815319910645,0.0,463.0,2.0,2.0,2.0,0.9997329711914062,0.06239721179008484,0.003967050462961197,0.007343173958361149,1.0
464.0,2,mixed,True,True,True,True,True,0.791266679763794,0.1573488563299179,0.05893459916114807,1e-06,50.90096664428711,24.201257705688477,28.36328125,0.0,0.0,0.05893460102379322,0.0,2.561730146408081,-0.058934569358825684,-0.3659614622592926,2.561730146408081,-0.058934569358825684,-0.3659614622592926,1.0,0.125,0.0,1.0,0.125,0.0,12158.0,12158.0,12158.0,12158.0,12158.0,0.0,0.0,160.34903583097343,75.82209607306868,12158.0,1.0,534.0,534.0,534.0,0.0,0.0625,350.0,225.875,93.0,0.0625,350.0,225.875,93.0,0.015439748764038086,0.0006412267684936523,0.0004595674981828779,0.0006001880974508822,0.001534983515739441,0.0005181431770324707,0.002802133560180664,-0.005251765251159668,1.0005199909210205,0.8251147270202637,2.3628666400909424,0.8256328701972961,2.3635075092315674,0.0008510383249535179,18.26381892136978,0.3842294684115342,0.01034692395478487,66.00544158183038,2.5530177508480847,,75.82209607306868,4.671461876947433,2.0884464252740145,0.0,464.0,2.0,2.0,2.0,0.9996337890625,0.05867847800254822,0.004557390231639147,0.008246691897511482,1.0
465.0,3,mixed,True,True,True,True,True,0.7698431015014648,0.16440467536449432,-0.07090921700000763,1e-06,50.8597526550293,24.201257705688477,28.36328125,0.0,0.0,-0.07090920954942703,0.0,2.015559434890747,0.07090924680233002,-0.4651290774345398,2.015559434890747,0.07090924680233002,-0.4651290774345398,1.0,0.1875,0.0,1.0,0.1875,0.0,8413.0,8413.0,8413.0,8413.0,8413.0,0.0,0.0,97.14499061731496,86.60250977985561,8413.0,1.0,295.0,295.0,295.0,0.0,0.0625,379.0,230.8125,129.0,0.0625,379.0,230.8125,129.0,-0.20057600736618042,-0.000677943229675293,0.0004932386218570173,0.0013104036916047335,0.0019284263253211975,0.0013149082660675049,0.004481375217437744,-0.002967357635498047,1.0013175010681152,0.809960663318634,2.5480241775512695,0.8112756013870239,2.5497541427612305,0.001206551144349225,21.12264819546622,0.44916698659979304,0.01015071477741003,78.00593978585675,2.2296285391785204,,86.60250977985561,3.778841858264059,2.0813541659154,0.0,465.0,2.0,2.0,2.0,0.9996934533119202,0.07332631945610046,0.004226784221827984,0.00760267348960042,1.0
466.0,1,mixed,True,True,True,True,True,0.6635226607322693,0.1293405294418335,0.07790061831474304,1e-06,50.8575553894043,24.201257705688477,28.36328125,0.0,0.0,0.07790061831474304,0.0,3.7499847412109375,-0.07790058851242065,-0.24999898672103882,3.7499847412109375,-0.07790058851242065,-0.24999898672103882,1.0,0.0625,0.0,1.0,0.0625,0.0,23483.0,23483.0,23483.0,23483.0,23483.0,0.0,0.0,278.0604367003104,84.45286312093958,23483.0,1.0,1228.0,1228.0,1228.0,0.0,0.0625,439.0,239.6875,133.0,0.0625,439.0,239.6875,133.0,0.17883038520812988,0.0011163949966430664,0.0004361784958746284,0.0003165478410664946,0.0011995937675237656,0.0003854837268590927,0.002517223358154297,-0.001964658498764038,1.000386357307434,0.6550293564796448,1.9469431638717651,0.6554149389266968,1.9477760791778564,0.00040121852824281137,18.25436466729276,0.34749753907578607,0.009421814698725939,70.00548849906772,3.6895216358825564,,84.45286312093958,8.160284710116684,2.0918752350844443,0.0,466.0,2.0,2.0,2.0,0.9996017813682556,0.06136429309844971,0.004473843611776829,0.008298732340335846,1.0
467.0,0,all_fail,False,False,False,False,False,0.7709503769874573,0.0,0.0,1e-06,50.884910583496094,24.201257705688477,28.36328125,0.0,0.0,0.0,0.0,0.0,0.0,0.0,0.0,0.0,0.0,0.0,0.0,0.0,0.0,0.0,0.0,12986.0,12986.0,12986.0,12986.0,12986.0,0.0,0.0,159.48136914609998,81.42643914790824,12986.0,1.0,562.0,562.0,562.0,0.0,0.0625,455.0,249.625,143.0,0.0625,455.0,249.625,143.0,0.21539628505706787,0.0006278753280639648,0.0004331981181167066,0.0005534772062674165,0.0015588700771331787,0.000616125762462616,0.003032088279724121,-0.0034346580505371094,1.0006177425384521,0.7808799147605896,2.2115964889526367,0.7814960479736328,2.213155746459961,0.0007223067800867967,17.777987401167646,0.39453297224794837,0.009379875846207142,71.00528168026358,2.69959375821054,,81.42643914790824,5.123405177611858,2.0901169469580054,0.0,467.0,2.0,2.0,2.0,0.9996849298477173,0.05671274662017822,0.004172084853053093,0.0077258264645934105,1.0
468.0,0,all_fail,False,False,False,False,False,0.8729311227798462,0.0,0.0,1e-06,50.26982879638672,24.201257705688477,28.36328125,0.0,0.0,0.0,0.0,0.0,0.0,0.0,0.0,0.0,0.0,0.0,0.0,0.0,0.0,0.0,0.0,12708.0,12708.0,12708.0,12708.0,12708.0,0.0,0.0,107.22530001060628,118.51680525718257,12708.0,1.0,465.0,465.0,465.0,0.0,0.3125,512.0,329.25,134.0,0.3125,512.0,329.25,134.0,0.24364793300628662,-0.00018298625946044922,0.0004641367122530937,0.0010184176499024034,0.0021403003484010696,0.0011748652905225754,0.005402684211730957,-0.0018807053565979004,1.0011783838272095,0.9814326763153076,3.0094106197357178,0.9826074838638306,3.0135810375213623,0.0007664039833626546,20.502753730707052,0.40871912620399997,0.009739461820572615,108.00850665336475,2.7300945911556482,,118.51680525718257,5.194002655800432,2.0768617219291627,0.0,468.0,2.0,2.0,2.0,0.9997182488441467,0.06053793430328369,0.003994748927652836,0.007676786743104458,1.0
469.0,8,mixed,True,True,True,True,True,0.9059221744537354,0.16899652779102325,0.09188078343868256,1e-06,50.31321334838867,24.201257705688477,28.36328125,0.0,0.0,0.09188079088926315,0.0,0.9682439565658569,-0.09188080579042435,-0.9682439565658569,0.9682439565658569,-0.09188080579042435,-0.9682439565658569,1.0,0.5,0.0,1.0,0.5,0.0,10406.0,10406.0,10406.0,10406.0,10406.0,0.0,0.0,127.84055692183668,81.39826867589727,10406.0,1.0,408.0,408.0,408.0,0.0,0.0625,512.0,242.375,169.0,0.0625,512.0,242.375,169.0,-0.042850613594055176,0.0006270408630371094,0.0004904879606328905,0.000666704960167408,0.001555468887090683,0.0006910227239131927,0.004509568214416504,-0.0024749040603637695,1.0006929636001587,0.9132353067398071,2.5776207447052,0.9139262437820435,2.5790367126464844,0.0009122976305454757,18.56782532077573,0.41846569451032156,0.00949336914345622,72.00602659396827,2.439392921049148,,81.39826867589727,4.354554017074406,2.0870360299013555,0.0,469.0,2.0,2.0,2.0,0.9996944665908813,0.06312030553817749,0.004330956377089024,0.007796280551701784,1.0
470.0,0,all_fail,False,False,False,False,False,0.6912720203399658,0.0,0.0,1e-06,50.31078338623047,24.201257705688477,28.36328125,0.0,0.0,0.0,0.0,0.0,0.0,0.0,0.0,0.0,0.0,0.0,0.0,0.0,0.0,0.0,0.0,11621.0,11621.0,11621.0,11621.0,11621.0,0.0,0.0,161.82267354512018,71.81317515904084,11621.0,1.0,458.0,458.0,458.0,0.0,0.0625,430.0,268.3125,133.0,0.0625,430.0,268.3125,133.0,0.30815398693084717,0.0006754398345947266,0.000426251208409667,0.0005158482817932963,0.001963634043931961,0.0007977299392223358,0.004035860300064087,-0.0034783482551574707,1.000800609588623,0.7122086882591248,2.0822246074676514,0.7130064368247986,2.084033966064453,0.0008408297322932193,14.443231918045289,0.39784728760432997,0.009771282318979502,62.004794624168426,2.5402449378743768,,71.81317515904084,4.6233833292499185,2.140431622043252,0.0,470.0,2.0,2.0,2.0,0.9996539354324341,0.06220632791519165,0.00417407276108861,0.007860702462494373,1.0
471.0,0,all_fail,False,False,False,False,False,0.7133821249008179,0.0,0.0,1e-06,50.24943542480469,24.201257705688477,28.36328125,0.0,0.0,0.0,0.0,0.0,0.0,0.0,0.0,0.0,0.0,0.0,0.0,0.0,0.0,0.0,0.0,10499.0,10499.0,10499.0,10499.0,10499.0,0.0,0.0,151.31924063242187,69.38311318587512,10499.0,1.0,374.0,374.0,374.0,0.0,0.0625,454.0,282.1875,171.0,0.0625,454.0,282.1875,171.0,1.3191139698028564,0.002274155616760254,0.0004253974184393883,-0.00028360242140479386,0.0015055909752845764,-0.0002122744917869568,0.003210008144378662,-0.004394590854644775,0.9997897148132324,0.7080008387565613,2.054609537124634,0.7077885270118713,2.053973436355591,0.0009664623271693433,13.290249330021549,0.4147866338364413,0.010146887972950935,60.00547572504729,2.448336242698133,,69.38311318587512,4.354844868648797,2.0667613479308784,0.0,471.0,2.0,2.0,2.0,0.9996864199638367,0.0543208122253418,0.004015020094811916,0.007632435765117407,1.0
472.0,1,mixed,True,True,True,True,True,0.8145509958267212,0.14650441706180573,0.07456110417842865,1e-06,50.368892669677734,24.201257705688477,28.36328125,0.0,0.0,0.07456110417842865,0.0,3.7499847412109375,-0.07456111162900925,-0.24999898672103882,3.7499847412109375,-0.07456111162900925,-0.24999898672103882,1.0,0.0625,0.0,1.0,0.0625,0.0,12458.0,12458.0,12458.0,12458.0,12458.0,0.0,0.0,143.1461679168723,87.02992319874465,12458.0,1.0,572.0,572.0,572.0,0.0,0.0625,345.0,206.625,145.0,0.0625,345.0,206.625,145.0,0.05425405502319336,0.0010570287704467773,0.0005400825175456703,0.0005580335855484009,0.0017319060862064362,0.0006392784416675568,0.005563616752624512,-0.0032405853271484375,1.000641942024231,0.8299124240875244,2.318272590637207,0.8305516839027405,2.3198814392089844,0.000810452969707423,23.29300057114239,0.3890368082275177,0.010096623096615076,77.00665988819674,2.5936945592984557,,87.02992319874465,4.846620556898415,2.073340817820281,0.0,472.0,2.0,2.0,2.0,0.9996734857559204,0.06442837417125702,0.004489676095545292,0.007898176088929176,1.0
473.0,0,all_fail,False,False,False,False,False,0.7354583740234375,0.0,0.0,1e-06,50.26041030883789,24.201257705688477,28.36328125,0.0,0.0,0.0,0.0,0.0,0.0,0.0,0.0,0.0,0.0,0.0,0.0,0.0,0.0,0.0,0.0,14504.0,14504.0,14504.0,14504.0,14504.0,0.0,0.0,193.13934100777675,75.09604166774079,14504.0,1.0,599.0,599.0,599.0,0.0,0.125,512.0,307.5,171.0,0.125,512.0,307.5,171.0,0.3897336721420288,0.001082777976989746,0.00041253090603277087,0.0002824385592248291,0.0018683504313230515,0.00013204850256443024,0.004642367362976074,-0.0030411481857299805,1.0001344680786133,0.7398733496665955,2.1571850776672363,0.7400054335594177,2.157421588897705,0.0006809942200841557,13.0092169497942,0.38791444863157293,0.009877140168100595,64.00534739298746,2.8699457668699324,,75.09604166774079,5.626311162952334,2.0898466408252716,0.0,473.0,2.0,2.0,2.0,0.9997051954269409,0.082160085439682,0.0038953148759901524,0.007455167360603809,1.0
474.0,0,all_fail,False,False,False,False,False,0.8775157332420349,0.0,0.0,1e-06,50.24637222290039,24.201257705688477,28.36328125,0.0,0.0,0.0,0.0,0.0,0.0,0.0,0.0,0.0,0.0,0.0,0.0,0.0,0.0,0.0,0.0,18500.0,18500.0,18500.0,18500.0,18500.0,0.0,0.0,172.06221503608757,107.5192481749691,18500.0,1.0,840.0,840.0,840.0,0.0,0.0625,512.0,316.25,170.0,0.0625,512.0,316.25,170.0,-0.43121933937072754,-0.0013692975044250488,0.0005404772819019854,0.0017653354443609715,0.0018792562186717987,0.001539323478937149,0.003589451313018799,-0.0011140704154968262,1.0015416145324707,0.8846446871757507,2.454861879348755,0.8861840963363647,2.4585883617401123,0.0005120665489419087,18.77619721070889,0.36168411766757835,0.00947323115542531,95.00755788618699,3.2310072011314332,,107.5192481749691,6.6911561768502,2.083663553930819,0.0,474.0,2.0,2.0,2.0,0.9996832609176636,0.08551229536533356,0.004442785866558552,0.007841893471777439,1.0
475.0,1,mixed,True,True,True,True,True,0.6639237403869629,0.18991081416606903,0.022524766623973846,1e-06,50.28327560424805,24.201257705688477,28.36328125,0.0,0.0,0.022524766623973846,0.0,3.7499847412109375,-0.02252471260726452,-0.24999898672103882,3.7499847412109375,-0.02252471260726452,-0.24999898672103882,1.0,0.0625,0.0,1.0,0.0625,0.0,10839.0,10839.0,10839.0,10839.0,10839.0,0.0,0.0,156.1568529561087,69.41097873589024,10839.0,1.0,495.0,495.0,495.0,0.0,0.0625,342.0,182.4375,106.0,0.0625,342.0,182.4375,106.0,-0.35311126708984375,-0.0022420883178710938,0.0003813382354564965,0.0018780562095344067,0.002250753343105316,0.001923397183418274,0.005585014820098877,-0.0014997124671936035,1.001927137374878,0.7000752687454224,2.0670132637023926,0.7019985914230347,2.0711467266082764,0.000908442017916923,20.55677823478604,0.4029508686291686,0.009846603032201529,60.00523566734046,2.4442743021063507,,69.41097873589024,4.367584465071559,2.0797465187497437,0.0,475.0,2.0,2.0,2.0,0.9996748566627502,0.053715527057647705,0.004003089386969805,0.007607658393681049,1.0
476.0,0,all_fail,False,False,False,False,False,0.8473682999610901,0.0,0.0,1e-06,50.28436279296875,24.201257705688477,28.36328125,0.0,0.0,0.0,0.0,0.0,0.0,0.0,0.0,0.0,0.0,0.0,0.0,0.0,0.0,0.0,0.0,10813.0,10813.0,10813.0,10813.0,10813.0,0.0,0.0,114.3231737284758,94.58274860074744,10813.0,1.0,466.0,466.0,466.0,0.0,0.0625,498.0,209.8125,95.0,0.0625,498.0,209.8125,95.0,-0.19178926944732666,-0.0008117556571960449,0.0004296599072404206,0.0012631573481485248,0.002316659316420555,0.001767149195075035,0.007829546928405762,-0.002418220043182373,1.0017720460891724,0.9209681749343872,2.678380250930786,0.922735333442688,2.684528350830078,0.000903400252551229,25.32242158178705,0.41504068472215516,0.00976846693083644,85.00736925005913,2.489807451143861,,94.58274860074744,4.487834923900664,2.0877718371339142,0.0,476.0,2.0,2.0,2.0,0.999693751335144,0.055530846118927,0.0041940463706851006,0.00773152569308877,1.0
477.0,0,all_fail,False,False,False,False,False,0.7141614556312561,0.0,0.0,1e-06,50.270694732666016,24.201257705688477,28.36328125,0.0,0.0,0.0,0.0,0.0,0.0,0.0,0.0,0.0,0.0,0.0,0.0,0.0,0.0,0.0,0.0,16177.0,16177.0,16177.0,16177.0,16177.0,0.0,0.0,250.57498692667008,64.55951648810878,16177.0,1.0,770.0,770.0,770.0,0.0,0.0625,428.0,241.0625,106.0,0.0625,428.0,241.0625,106.0,-0.013331294059753418,5.6862831115722656e-05,0.00040826204349286854,0.0007879105978645384,0.0020459014922380447,0.0009209495037794113,0.005993068218231201,-0.0023591816425323486,1.0009241104125977,0.7276195287704468,2.123288869857788,0.7285404801368713,2.1257314682006836,0.0006221619083415359,13.742459810196209,0.36900518104547314,0.010064713191241026,53.00466748792678,2.9895378570072353,,64.55951648810878,5.969396813772619,2.0884425481781363,0.0,477.0,2.0,2.0,2.0,0.9996822476387024,0.052394866943359375,0.004104379564523697,0.007605435326695442,1.0
478.0,0,all_fail,False,False,False,False,False,0.8606019020080566,0.0,0.0,1e-06,50.25431442260742,24.201257705688477,28.36328125,0.0,0.0,0.0,0.0,0.0,0.0,0.0,0.0,0.0,0.0,0.0,0.0,0.0,0.0,0.0,0.0,13908.0,13908.0,13908.0,13908.0,13908.0,0.0,0.0,140.5802249435162,98.93283358728513,13908.0,1.0,624.0,624.0,624.0,0.0,0.0625,512.0,245.25,72.0,0.0625,512.0,245.25,72.0,0.14592957496643066,0.0006809234619140625,0.0005229648668318987,0.0007039182237349451,0.0019461773335933685,0.0005514286458492279,0.003470003604888916,-0.003730475902557373,1.0005539655685425,0.8885874152183533,2.4811229705810547,0.8891388177871704,2.482573986053467,0.0006994800047500572,22.428028994675625,0.39620765539511354,0.009728367906063795,88.00758577510715,2.829912196379155,,98.93283358728513,5.5104560712352395,2.0771695468574762,0.0,478.0,2.0,2.0,2.0,0.9996351003646851,0.05885130167007446,0.004765843041241169,0.008265194483101368,1.0
479.0,0,all_fail,False,False,False,False,False,0.9247249364852905,0.0,0.0,1e-06,50.25993728637695,24.201257705688477,28.36328125,0.0,0.0,0.0,0.0,0.0,0.0,0.0,0.0,0.0,0.0,0.0,0.0,0.0,0.0,0.0,0.0,17809.0,17809.0,17809.0,17809.0,17809.0,0.0,0.0,188.88498180676407,94.28489141725004,17809.0,1.0,818.0,818.0,818.0,0.0,0.0625,512.0,295.0625,137.0,0.0625,512.0,295.0625,137.0,-0.05418187379837036,0.0009764432907104492,0.0005065472214482725,0.000526709423866123,0.0011024326086044312,0.0006627738475799561,0.002603471279144287,-0.0015177726745605469,1.0006636381149292,0.9674848318099976,3.0145394802093506,0.9681475162506104,3.0168213844299316,0.0005628961700128407,17.37073249010193,0.3659124178914929,0.01002461789175868,82.0072280857712,3.166356299072504,,94.28489141725004,6.516534250229597,2.085887467022985,0.0,479.0,2.0,2.0,2.0,0.9996808171272278,0.05504506826400757,0.0044970158487558365,0.008032547309994698,1.0
480.0,0,all_fail,False,False,False,False,False,1.0208532810211182,0.0,0.0,1e-06,50.27535629272461,24.201257705688477,28.36328125,0.0,0.0,0.0,0.0,0.0,0.0,0.0,0.0,0.0,0.0,0.0,0.0,0.0,0.0,0.0,0.0,18361.0,18361.0,18361.0,18361.0,18361.0,0.0,0.0,177.38548164560976,103.50903484132141,18361.0,1.0,909.0,909.0,909.0,0.0,0.0625,512.0,238.5625,112.0,0.0625,512.0,238.5625,112.0,0.16483306884765625,0.0016585588455200195,0.0005084541044197977,0.00018864228331949562,0.0016050413250923157,0.00010694563388824463,0.005290627479553223,-0.004465341567993164,1.000109314918518,1.0127569437026978,2.816587209701538,1.0128639936447144,2.817030668258667,0.0005465577688295593,23.84276684231613,0.3619862866299983,0.010035347193479538,91.00784103712067,3.220143174752593,,103.50903484132141,6.646430208813399,2.1273067500442266,0.0,480.0,2.0,2.0,2.0,0.9997193217277527,0.0557272732257843,0.004384440835565329,0.0075053744949400425,1.0
481.0,0,all_fail,False,False,False,False,False,0.600977897644043,0.0,0.0,1e-06,50.26845932006836,24.201257705688477,28.36328125,0.0,0.0,0.0,0.0,0.0,0.0,0.0,0.0,0.0,0.0,0.0,0.0,0.0,0.0,0.0,0.0,26770.0,26770.0,26770.0,26770.0,26770.0,0.0,0.0,284.4581032551468,94.10876221721992,26770.0,1.0,1395.0,1395.0,1395.0,0.0,0.0625,512.0,278.125,98.0,0.0625,512.0,278.125,98.0,0.5650471448898315,0.0019828081130981445,0.0003969675744883716,-0.00019222583796363324,0.001210985705256462,-0.00028771720826625824,0.0036762356758117676,-0.004549264907836914,0.9997138977050781,0.5713353157043457,1.7806005477905273,0.5710476040840149,1.7800086736679077,0.0003804184835951053,17.52948799505411,0.354533882997443,0.010183802805840969,78.0062215779908,4.027298412285745,,94.10876221721992,9.490872047841549,2.074373535811901,0.0,481.0,2.0,2.0,2.0,0.9996508359909058,0.061692237854003906,0.004024530295282602,0.0076643978245556355,1.0
482.0,11,mixed,True,True,True,True,True,0.5769001245498657,0.18696041405200958,-0.15141987800598145,1e-06,50.34746170043945,24.563430309295654,28.36328125,0.0,0.0,-0.15141987800598145,0.0,0.652789831161499,0.15141995251178741,-1.4361376762390137,0.652789831161499,0.15141995251178741,-1.4361376762390137,1.0,0.6875,0.0,1.0,0.6875,0.0,7550.0,7550.0,7550.0,7550.0,7550.0,0.0,0.0,141.24716422517204,53.4524005590938,7550.0,1.0,281.0,281.0,281.0,0.0,0.0625,421.0,190.875,74.0,0.0625,421.0,190.875,74.0,0.11956286430358887,0.0006039142608642578,0.00040590474964119494,0.0005128931952640414,0.002002270892262459,0.0004396755248308182,0.006290853023529053,-0.002898097038269043,1.0004427433013916,0.5825396180152893,1.8000444173812866,0.5829793214797974,1.800981044769287,0.0012718100988904372,14.736215102156354,0.4802311649114288,0.0096021662466228,45.00440092198551,2.199300422798842,,53.4524005590938,3.6257452950812876,2.114758442156017,0.0,482.0,2.0,2.0,2.0,0.9996297359466553,0.09879785776138306,0.004038774408400059,0.0077858055010437965,1.0
483.0,0,all_fail,False,False,False,False,False,0.8611435294151306,0.0,0.0,1e-06,50.268028259277344,24.563430309295654,28.36328125,0.0,0.0,0.0,0.0,0.0,0.0,0.0,0.0,0.0,0.0,0.0,0.0,0.0,0.0,0.0,0.0,10353.0,10353.0,10353.0,10353.0,10353.0,0.0,0.0,130.5036091763452,79.33113930979744,10353.0,1.0,408.0,408.0,408.0,0.0,0.0625,370.0,239.0625,102.0,0.0625,370.0,239.0625,102.0,0.8783984184265137,0.0013263225555419922,0.00048478704411536455,0.00030788430012762547,0.002695661038160324,0.00033130869269371033,0.007209897041320801,-0.006482481956481934,1.0003368854522705,0.8508850932121277,2.4037327766418457,0.8512163758277893,2.4046549797058105,0.0009368752919826187,18.30233478383009,0.41479962917240326,0.009699469897896051,70.00643054815009,2.4320146469399333,,79.33113930979744,4.294420560821891,2.0913068088702857,0.0,483.0,2.0,2.0,2.0,0.9996485114097595,0.10345220565795898,0.004630351439118385,0.008137138560414314,1.0
484.0,0,all_fail,False,False,False,False,False,0.7678201198577881,0.0,0.0,1e-06,50.31462860107422,24.563430309295654,28.36328125,0.0,0.0,0.0,0.0,0.0,0.0,0.0,0.0,0.0,0.0,0.0,0.0,0.0,0.0,0.0,0.0,15534.0,15534.0,15534.0,15534.0,15534.0,0.0,0.0,188.66480450613076,82.33650171617046,15534.0,1.0,733.0,733.0,733.0,0.0,0.0625,388.0,237.875,132.0,0.0625,388.0,237.875,132.0,0.05262494087219238,0.0016186237335205078,0.00044222091673873365,7.721808651695028e-05,0.0008403919637203217,6.362423300743103e-05,0.0018265843391418457,-0.003070652484893799,1.0000642538070679,0.795560896396637,2.2363522052764893,0.7956245541572571,2.236406087875366,0.0006433950637115757,18.65648865664042,0.37376808873240447,0.009994498919695616,71.00659582717344,2.9303804407827556,,82.33650171617046,5.806113490369171,2.08394813304767,0.0,484.0,2.0,2.0,2.0,0.9996762275695801,0.05659067630767822,0.0042909602634608746,0.007723999675363302,1.0
485.0,0,all_fail,False,False,False,False,False,1.0003076791763306,0.0,0.0,1e-06,50.277801513671875,24.563430309295654,28.36328125,0.0,0.0,0.0,0.0,0.0,0.0,0.0,0.0,0.0,0.0,0.0,0.0,0.0,0.0,0.0,0.0,17269.0,17269.0,17269.0,17269.0,17269.0,0.0,0.0,213.37557009443293,80.93241411074996,17269.0,1.0,836.0,836.0,836.0,0.0,0.0625,512.0,243.3125,143.0,0.0625,512.0,243.3125,143.0,0.31556689739227295,0.0017493963241577148,0.0005126436008140445,0.00015518927830271423,0.0017147548496723175,0.0001796819269657135,0.003614187240600586,-0.0034018754959106445,1.000181794166565,1.0726866722106934,3.272083282470703,1.072866439819336,3.2741801738739014,0.0006196672776694013,17.725603593618153,0.3618560550744432,0.010701034218072891,69.00577478995547,3.0848351987078786,,80.93241411074996,6.248892215080559,2.0830453541129827,0.0,485.0,2.0,2.0,2.0,0.9997277855873108,0.058048397302627563,0.004320446867495775,0.00757480226457119,1.0
486.0,0,all_fail,False,False,False,False,False,0.799530565738678,0.0,0.0,1e-06,50.305091857910156,24.563430309295654,28.36328125,0.0,0.0,0.0,0.0,0.0,0.0,0.0,0.0,0.0,0.0,0.0,0.0,0.0,0.0,0.0,0.0,16118.0,16118.0,16118.0,16118.0,16118.0,0.0,0.0,219.2559629121835,73.51225383300334,16118.0,1.0,812.0,812.0,812.0,0.0,0.0625,372.0,195.375,86.0,0.0625,372.0,195.375,86.0,0.3489956855773926,0.001416921615600586,0.0004643956199288368,0.00022591733431909233,0.0016849450767040253,0.0002679266035556793,0.004042088985443115,-0.003414332866668701,1.0002700090408325,0.769669771194458,2.1720964908599854,0.7699376344680786,2.1729702949523926,0.0006145804777014772,19.835475627696397,0.3679785107238511,0.00990580813959241,62.00569681217894,2.974484021309763,,73.51225383300334,5.931077635847032,2.091738035902381,0.0,486.0,2.0,2.0,2.0,0.9996650815010071,0.05654588341712952,0.004359375685453415,0.007863297127187252,1.0
487.0,0,all_fail,False,False,False,False,False,0.8065453171730042,0.0,0.0,1e-06,50.28658676147461,24.563430309295654,28.36328125,0.0,0.0,0.0,0.0,0.0,0.0,0.0,0.0,0.0,0.0,0.0,0.0,0.0,0.0,0.0,0.0,14705.0,14705.0,14705.0,14705.0,14705.0,0.0,0.0,176.98679238995888,83.0852958089672,14705.0,1.0,666.0,666.0,666.0,0.0,0.0625,512.0,253.0625,127.0,0.0625,512.0,253.0625,127.0,0.19840776920318604,0.0010448694229125977,0.00046378927072510123,0.0004037275502923876,0.0017173737287521362,0.00037232786417007446,0.005353689193725586,-0.002613246440887451,1.000374674797058,0.8029515743255615,2.2860965728759766,0.8033238649368286,2.2874183654785156,0.0006839591504379585,17.783858702364167,0.3821026723526623,0.01005761930719018,72.00684388587251,2.8713838271796703,,83.0852958089672,5.6188197969459,2.0826035607606173,0.0,487.0,2.0,2.0,2.0,0.9996910691261292,0.08083724975585938,0.0042345039546489716,0.0076107364147901535,1.0
488.0,12,mixed,True,True,True,True,True,0.6640902161598206,0.2193107008934021,0.2680109143257141,1e-06,50.33891677856445,24.563430309295654,28.36328125,0.0,0.0,0.2680109217762947,0.0,0.5590157508850098,-0.2680109441280365,-1.6770472526550293,0.5590157508850098,-0.2680109441280365,-1.6770472526550293,1.0,0.75,0.0,1.0,0.75,0.0,8902.0,8902.0,8902.0,8902.0,8902.0,0.0,0.0,168.13935742985248,52.94417759217322,8902.0,1.0,371.0,371.0,371.0,0.0,0.0625,498.0,185.375,75.0,0.0625,498.0,185.375,75.0,-0.007751882076263428,-0.000700831413269043,0.00048631997196935117,0.001320371520705521,0.0025604255497455597,0.0015421248972415924,0.007906794548034668,-0.0044234395027160645,1.0015472173690796,0.7075198888778687,2.0499114990234375,0.7090619206428528,2.0532469749450684,0.0011184886478722911,14.836258777911478,0.4518001008790528,0.009956785943359137,44.00434353528544,2.3242458878085017,,52.94417759217322,4.021924498025328,2.084232861176133,0.0,488.0,2.0,2.0,2.0,0.9996436238288879,0.0609130859375,0.004353714175522327,0.007938368245959282,1.0
489.0,0,all_fail,False,False,False,False,False,0.8028592467308044,0.0,0.0,1e-06,50.300994873046875,24.563430309295654,28.36328125,0.0,0.0,0.0,0.0,0.0,0.0,0.0,0.0,0.0,0.0,0.0,0.0,0.0,0.0,0.0,0.0,12266.0,12266.0,12266.0,12266.0,12266.0,0.0,0.0,126.59320257603034,96.8930380968377,12266.0,1.0,553.0,553.0,553.0,0.0,0.0625,381.0,213.625,109.0,0.0625,381.0,213.625,109.0,0.41280341148376465,0.0013445615768432617,0.0004599816456902772,0.0002461506228428334,0.001889565959572792,0.00014594011008739471,0.005198836326599121,-0.00392875075340271,1.0001485347747803,0.8156472444534302,2.2868216037750244,0.8157931566238403,2.287299156188965,0.0007778418519315956,25.455614383920434,0.3846880787588412,0.009541008155792952,87.00728996424004,2.572001488879323,,96.8930380968377,4.718583974055946,2.0846222839318216,0.0,489.0,2.0,2.0,2.0,0.9996656775474548,0.05105680227279663,0.004464274737983942,0.007840948179364204,1.0
490.0,4,mixed,True,True,True,True,True,0.738879382610321,0.16164836287498474,0.03369811549782753,1e-06,50.28309631347656,24.563430309295654,28.36328125,0.0,0.0,0.03369811759330332,0.0,1.6770472526550293,-0.03369802609086037,-0.5590157508850098,1.6770472526550293,-0.03369802609086037,-0.5590157508850098,1.0,0.25,0.0,1.0,0.25,0.0,14277.0,14277.0,14277.0,14277.0,14277.0,0.0,0.0,180.93089168823082,78.90858143009245,14277.0,1.0,630.0,630.0,630.0,0.0,0.0625,512.0,262.3125,128.0,0.0625,512.0,262.3125,128.0,0.44088125228881836,0.0014586448669433594,0.00045175504055805504,0.0001736199192237109,0.001596212387084961,0.000307425856590271,0.006103992462158203,-0.0032534003257751465,1.000309944152832,0.7309496402740479,2.1223788261413574,0.7312570214271545,2.123385429382324,0.0007148924256090007,16.203355403607706,0.3836504808961907,0.010206519160419703,68.00548262894154,2.8236432508565485,,78.90858143009245,5.477377915754914,2.0938877849839628,0.0,490.0,2.0,2.0,2.0,0.9996461868286133,0.05593714118003845,0.004366662353277206,0.00797711219638586,1.0
491.0,15,mixed,True,True,True,True,True,0.551582932472229,0.13992741703987122,-0.0535893589258194,1e-06,50.377662658691406,24.563430309295654,28.36328125,0.0,0.0,-0.0535893589258194,0.0,0.24999898672103882,0.05358940362930298,-3.7499847412109375,0.24999898672103882,0.05358940362930298,-3.7499847412109375,1.0,0.9375,0.0,1.0,0.9375,0.0,7081.0,7081.0,7081.0,7081.0,7081.0,0.0,0.0,133.2652693549924,53.13462415430695,7081.0,1.0,258.0,258.0,258.0,0.0,0.0625,376.0,184.5625,108.0,0.0625,376.0,184.5625,108.0,-0.10081005096435547,-0.0003533363342285156,0.0003529558889567852,0.0008829404832795262,0.0016735261306166649,0.0009741103276610374,0.004163920879364014,-0.0023062825202941895,1.0009760856628418,0.5692647099494934,1.7948375940322876,0.5702388286590576,1.7966649532318115,0.001413171855495266,15.240250185290979,0.4825423382324715,0.010006669908761978,45.00445879716426,2.1250347709283233,,53.13462415430695,3.416882297024131,2.082835217937827,0.0,491.0,2.0,2.0,2.0,0.9996833801269531,0.05183678865432739,0.0034568908158689737,0.007317358162254095,1.0
492.0,3,mixed,True,True,True,True,True,0.6115757822990417,0.13203825056552887,0.008951529860496521,1e-06,50.294288635253906,24.563430309295654,28.36328125,0.0,0.0,0.008951529860496521,0.0,2.015559434890747,-0.008951499126851559,-0.4651290774345398,2.015559434890747,-0.008951499126851559,-0.4651290774345398,1.0,0.1875,0.0,1.0,0.1875,0.0,15763.0,15763.0,15763.0,15763.0,15763.0,0.0,0.0,155.1207550802572,101.61760746873915,15763.0,1.0,681.0,681.0,681.0,0.0,0.0625,512.0,304.1875,190.0,0.0625,512.0,304.1875,190.0,-0.007380962371826172,0.0003706216812133789,0.0003960730682592839,0.0006063713226467371,0.0012624561786651611,0.0005453377962112427,0.0038391947746276855,-0.00212782621383667,1.0005465745925903,0.6016726493835449,1.8327614068984985,0.602217972278595,1.8337962627410889,0.0006001330295288494,18.49353585906215,0.37794753385991686,0.009459896944463253,90.00803902605549,2.9829262997955084,,101.61760746873915,5.95758697623387,2.1610265374183655,0.0,492.0,2.0,2.0,2.0,0.999643862247467,0.06145995855331421,0.00392890116199851,0.007817234843969345,1.0
493.0,0,all_fail,False,False,False,False,False,0.873921811580658,0.0,0.0,1e-06,50.35160446166992,24.563430309295654,28.36328125,0.0,0.0,0.0,0.0,0.0,0.0,0.0,0.0,0.0,0.0,0.0,0.0,0.0,0.0,0.0,0.0,10871.0,10871.0,10871.0,10871.0,10871.0,0.0,0.0,154.22067766158676,70.48989905137569,10871.0,1.0,437.0,437.0,437.0,0.0,0.0625,356.0,242.4375,135.0,0.0625,356.0,242.4375,135.0,1.2541723251342773,0.001677870750427246,0.0004982611862942576,0.0001608710881555453,0.0022233352065086365,0.0002503916621208191,0.0038958191871643066,-0.0037403106689453125,1.000253438949585,0.8291137218475342,2.3604962825775146,0.8293641209602356,2.361298084259033,0.0008771666081039855,15.727144022925739,0.4031314915857394,0.009535678196698427,61.00559166492894,2.4633398251608014,,70.48989905137569,4.382442445028573,2.1256364239379764,0.0,493.0,2.0,2.0,2.0,0.9996855854988098,0.06233477592468262,0.004290311131626368,0.00781825091689825,1.0
494.0,1,mixed,True,True,True,True,True,0.7578350305557251,0.12119576334953308,0.09536298364400864,1e-06,50.29903030395508,24.563430309295654,28.36328125,0.0,0.0,0.09536298364400864,0.0,3.7499847412109375,-0.09536298364400864,-0.24999898672103882,3.7499847412109375,-0.09536298364400864,-0.24999898672103882,1.0,0.0625,0.0,1.0,0.0625,0.0,11943.0,11943.0,11943.0,11943.0,11943.0,0.0,0.0,137.15060944476824,87.07945264223963,11943.0,1.0,491.0,491.0,491.0,0.0,0.0625,512.0,255.4375,149.0,0.0625,512.0,255.4375,149.0,0.7108776569366455,0.0029420852661132812,0.0004648839239962399,-0.000535526021849364,0.0013694148510694504,-0.0003675837069749832,0.0036440491676330566,-0.004084467887878418,0.9996340274810791,0.7720025181770325,2.2222447395324707,0.7716348767280579,2.221635341644287,0.0008362074648751033,18.841910882275766,0.40738033295304077,0.009986825753003359,77.00688977586105,2.622939573135227,,87.07945264223963,4.865343316458166,2.075878426898271,0.0,494.0,2.0,2.0,2.0,0.9996559023857117,0.06065291166305542,0.004407549276947975,0.00789552554488182,1.0
495.0,0,all_fail,False,False,False,False,False,0.7358515858650208,0.0,0.0,1e-06,50.293033599853516,24.563430309295654,28.36328125,0.0,0.0,0.0,0.0,0.0,0.0,0.0,0.0,0.0,0.0,0.0,0.0,0.0,0.0,0.0,0.0,12914.0,12914.0,12914.0,12914.0,12914.0,0.0,0.0,171.43378418572024,75.32937606982887,12914.0,1.0,566.0,566.0,566.0,0.0,0.0625,420.0,241.125,114.0,0.0625,420.0,241.125,114.0,0.6391069889068604,0.0027985572814941406,0.0004539794463198632,-0.00048756643082015216,0.0014795102179050446,-0.0003612414002418518,0.0036121606826782227,-0.0036760568618774414,0.9996402859687805,0.7288237810134888,2.1179277896881104,0.7284625768661499,2.117072343826294,0.0007409692622360032,16.84971174496545,0.3897721519823832,0.009568877052515745,65.00618791207671,2.6698440606705844,,75.32937606982887,5.033517570700496,2.1115426342003047,0.0,495.0,2.0,2.0,2.0,0.99964439868927,0.061174988746643066,0.004307192284613848,0.007949517108500004,1.0
496.0,0,all_fail,False,False,False,False,False,0.7188514471054077,0.0,0.0,1e-06,50.30351638793945,24.563430309295654,28.36328125,0.0,0.0,0.0,0.0,0.0,0.0,0.0,0.0,0.0,0.0,0.0,0.0,0.0,0.0,0.0,0.0,15696.0,15696.0,15696.0,15696.0,15696.0,0.0,0.0,213.61413600654365,73.47828328888863,15696.0,1.0,700.0,700.0,700.0,0.0,0.0625,469.0,281.0,129.0,0.0625,469.0,281.0,129.0,-0.1936747431755066,-0.00020056962966918945,0.0004229962360113859,0.0009451207588426769,0.001414816826581955,0.0010037459433078766,0.0038652420043945312,-0.001230478286743164,1.0010054111480713,0.7220401763916016,2.070827007293701,0.7230437994003296,2.0728495121002197,0.0006397187182438635,13.791288111650541,0.37642799388564113,0.010041025001555681,62.00563134998083,2.9651257949881256,,73.47828328888863,5.908413792029023,2.0925739500671625,0.0,496.0,2.0,2.0,2.0,0.9996750354766846,0.08094131946563721,0.004079158883541822,0.007677968591451645,1.0
497.0,9,mixed,True,True,True,True,True,0.7430207133293152,0.18440312147140503,-0.054772697389125824,1e-06,50.35266876220703,24.563430309295654,28.36328125,0.0,0.0,-0.054772697389125824,0.0,0.8539109230041504,0.05477267503738403,-1.0978854894638062,0.8539109230041504,0.05477267503738403,-1.0978854894638062,1.0,0.5625,0.0,1.0,0.5625,0.0,10116.0,10116.0,10116.0,10116.0,10116.0,0.0,0.0,186.0337899736625,54.37721825391054,10116.0,1.0,419.0,419.0,419.0,0.0,0.0625,463.0,213.25,123.0,0.0625,463.0,213.25,123.0,-0.2801777124404907,-0.0010091066360473633,0.00038803889765404165,0.0012773650232702494,0.0014890171587467194,0.0010462962090969086,0.0029324889183044434,-0.0018153190612792969,1.0010478496551514,0.7986969351768494,2.2963051795959473,0.7997432351112366,2.298346519470215,0.0009934600006631354,13.189972585895845,0.4280545894600106,0.010049841366708279,45.00418646307662,2.4412631699815392,,54.37721825391054,4.3302002269774675,2.090385632123798,0.0,497.0,2.0,2.0,2.0,0.9997171759605408,0.062277793884277344,0.003942367620766163,0.007325879763811827,1.0
498.0,0,all_fail,False,False,False,False,False,0.7189905047416687,0.0,0.0,1e-06,50.336387634277344,24.563430309295654,28.36328125,0.0,0.0,0.0,0.0,0.0,0.0,0.0,0.0,0.0,0.0,0.0,0.0,0.0,0.0,0.0,0.0,14899.0,14899.0,14899.0,14899.0,14899.0,0.0,0.0,209.21521257192586,71.2137507442385,14899.0,1.0,665.0,665.0,665.0,0.0,0.0625,464.0,266.1875,127.0,0.0625,464.0,266.1875,127.0,0.4242011308670044,0.0006502866744995117,0.00038785961805842817,0.00044847666868008673,0.0018768906593322754,0.0002537146210670471,0.002577483654022217,-0.004609286785125732,1.0002559423446655,0.7001261711120605,2.0477819442749023,0.7003799080848694,2.048102617263794,0.0006424336442832011,14.089118366429933,0.3842034348591045,0.009571618866175413,60.00555512262508,2.89811223000288,,71.2137507442385,5.724246975965798,2.0804611518979073,0.0,498.0,2.0,2.0,2.0,0.9996653199195862,0.06229063868522644,0.004198555834591389,0.007669904734939337,1.0
499.0,9,mixed,True,True,True,True,True,0.824195384979248,0.16985850036144257,-0.0444180965423584,1e-06,50.36837387084961,24.563430309295654,28.36328125,0.0,0.0,-0.04441809840500355,0.0,0.8539109230041504,0.044418077915906906,-1.0978854894638062,0.8539109230041504,0.044418077915906906,-1.0978854894638062,1.0,0.5625,0.0,1.0,0.5625,0.0,8706.0,8706.0,8706.0,8706.0,8706.0,0.0,0.0,136.77878801035743,63.6502203787677,8706.0,1.0,333.0,333.0,333.0,0.0,0.125,324.0,211.125,111.0,0.125,324.0,211.125,111.0,0.25955629348754883,0.0002504587173461914,0.0003653908788692206,0.0006031657685525715,0.001936228945851326,0.0004527140408754349,0.003202378749847412,-0.003600776195526123,1.0004552602767944,0.7955030202865601,2.449817657470703,0.7959557175636292,2.4508824348449707,0.0010764199252782294,16.283343216214636,0.438754482213181,0.009371311869472265,55.00513338437304,2.2408099519088864,,63.6502203787677,3.8197965221479535,2.074847070965916,0.0,499.0,2.0,2.0,2.0,0.9997150897979736,0.06067371368408203,0.0039174966514110565,0.00740656815469265,1.0
500.0,0,all_fail,False,False,False,False,False,0.7346234321594238,0.0,0.0,1e-06,50.320350646972656,24.563430309295654,28.36328125,0.0,0.0,0.0,0.0,0.0,0.0,0.0,0.0,0.0,0.0,0.0,0.0,0.0,0.0,0.0,0.0,17914.0,17914.0,17914.0,17914.0,17914.0,0.0,0.0,134.76638133355107,132.92632645275444,17914.0,1.0,827.0,827.0,827.0,0.0,0.0625,460.0,292.625,128.0,0.0625,460.0,292.625,128.0,0.9772464036941528,0.0027669668197631836,0.0004556189232971519,-0.00046722820843569934,0.0012672394514083862,-0.0003926381468772888,0.0026171207427978516,-0.003901541233062744,0.9996086359024048,0.7713973522186279,2.2773325443267822,0.7710047960281372,2.2767493724823,0.0005330118335400015,14.097834419000007,0.3614872243014982,0.009548373986035585,66.00606074975803,3.158396373037249,54.66479581501335,132.92632645275444,6.4756821361370385,2.114435358904302,0.0,500.0,2.0,2.0,2.0,0.9996495246887207,0.05962613224983215,0.004294592421501875,0.007967774756252766,1.0
501.0,0,all_fail,False,False,False,False,False,0.7025025486946106,0.0,0.0,1e-06,48.71220016479492,24.61508274078369,28.365234375,0.0,0.0,0.0,0.0,0.0,0.0,0.0,0.0,0.0,0.0,0.0,0.0,0.0,0.0,0.0,0.0,22559.0,22559.0,22559.0,22559.0,22559.0,0.0,0.0,261.6185812906039,86.22858471563086,22559.0,1.0,1102.0,1102.0,1102.0,0.0,0.125,512.0,307.9375,92.0,0.125,512.0,307.9375,92.0,0.2045435905456543,-4.9054622650146484e-05,0.0004384182393550873,0.0009009519126266241,0.0016796905547380447,0.001067744567990303,0.008798718452453613,-0.002064049243927002,1.0010714530944824,0.7595973014831543,2.172938585281372,0.7606649994850159,2.1756882667541504,0.000439544498862313,14.61474769598473,0.3545277466628179,0.009915684349834919,72.00686189811677,3.6278820908628404,,86.22858471563086,7.997791436966509,2.086967275943607,0.0,501.0,2.0,2.0,2.0,0.9996916651725769,0.0581510066986084,0.004057822283357382,0.0075791971758008,1.0
502.0,4,mixed,True,True,True,True,True,0.8071760535240173,0.16482588648796082,-0.03877158835530281,1e-06,48.718894958496094,24.61508274078369,28.365234375,0.0,0.0,-0.03877158835530281,0.0,1.6770472526550293,0.03877165913581848,-0.5590157508850098,1.6770472526550293,0.03877165913581848,-0.5590157508850098,1.0,0.25,0.0,1.0,0.25,0.0,11661.0,11661.0,11661.0,11661.0,11661.0,0.0,0.0,174.34208123923247,66.88574506575242,11661.0,1.0,481.0,481.0,481.0,0.0,0.0625,426.0,247.8125,109.0,0.0625,426.0,247.8125,109.0,0.1807008981704712,0.0012649297714233398,0.00046890650992281735,0.00030456125386990607,0.0016932561993598938,9.292364120483398e-05,0.005103588104248047,-0.003493368625640869,1.0000951290130615,0.810378909111023,2.2755048274993896,0.8104718327522278,2.2759299278259277,0.0008240139039836958,14.377163668147853,0.40417541366017157,0.009608826134353876,57.00545394420624,2.5629334188997746,,66.88574506575242,4.713089498691261,2.096194852143526,0.0,502.0,2.0,2.0,2.0,0.9996638298034668,0.058586329221725464,0.004516744986176491,0.007928200997412205,1.0
503.0,0,all_fail,False,False,False,False,False,0.6967214941978455,0.0,0.0,1e-06,48.728336334228516,24.61508274078369,28.365234375,0.0,0.0,0.0,0.0,0.0,0.0,0.0,0.0,0.0,0.0,0.0,0.0,0.0,0.0,0.0,0.0,16600.0,16600.0,16600.0,16600.0,16600.0,0.0,0.0,225.01892151625682,73.77157391095534,16600.0,1.0,808.0,808.0,808.0,0.0,0.0625,507.0,229.5,87.0,0.0625,507.0,229.5,87.0,-0.11689126491546631,0.0003064870834350586,0.0004076173936482519,0.0006623483495786786,0.0013292152434587479,0.0003193337470293045,0.0025010108947753906,-0.004544615745544434,1.0003209114074707,0.7493851184844971,2.173149585723877,0.7497044205665588,2.1734583377838135,0.0005685526552239815,16.886050292708727,0.36995268923353897,0.009437974076718092,62.00557667482644,3.037273406982422,,73.77157391095534,6.141214641276747,2.0826221369206905,0.0,503.0,2.0,2.0,2.0,0.9996852874755859,0.05443012714385986,0.003995613195002079,0.007548980414867401,1.0
504.0,0,all_fail,False,False,False,False,False,0.8087672591209412,0.0,0.0,1e-06,48.69086456298828,24.61508274078369,28.365234375,0.0,0.0,0.0,0.0,0.0,0.0,0.0,0.0,0.0,0.0,0.0,0.0,0.0,0.0,0.0,0.0,12261.0,12261.0,12261.0,12261.0,12261.0,0.0,0.0,90.83942282959381,134.97443750826642,12261.0,1.0,558.0,558.0,558.0,0.0,0.0625,355.0,208.3125,116.0,0.0625,355.0,208.3125,116.0,0.5557132959365845,0.0017145872116088867,0.0004243444709572941,-8.05172385298647e-06,0.00204337015748024,0.00010899081826210022,0.005719661712646484,-0.004814803600311279,1.0001122951507568,0.8059841394424438,2.2778658866882324,0.8060930967330933,2.277986526489258,0.0008248700724224819,37.50711486320255,0.3888033602446568,0.01011373195797205,125.01121383905411,2.590190061368048,,134.97443750826642,4.767117999959737,2.0951452050358057,0.0,504.0,2.0,2.0,2.0,0.9996778964996338,0.05989757180213928,0.004261643625795841,0.007742537651211023,1.0
505.0,0,all_fail,False,False,False,False,False,0.7511628866195679,0.0,0.0,1e-06,48.720035552978516,24.61508274078369,28.365234375,0.0,0.0,0.0,0.0,0.0,0.0,0.0,0.0,0.0,0.0,0.0,0.0,0.0,0.0,0.0,0.0,14740.0,14740.0,14740.0,14740.0,14740.0,0.0,0.0,173.3341772931196,85.03804748831317,14740.0,1.0,638.0,638.0,638.0,0.0,0.0625,481.0,283.25,169.0,0.0625,481.0,283.25,169.0,-0.18717169761657715,0.00013184547424316406,0.0004375996650196612,0.0008063335553742945,0.0012930817902088165,0.0008628480136394501,0.004521727561950684,-0.0016260147094726562,1.0008642673492432,0.7973978519439697,2.334933280944824,0.7982605695724487,2.3372764587402344,0.0006896497370874866,16.329878842024936,0.3792455786045545,0.010165437124669552,74.00701091205701,2.858614698983729,,85.03804748831317,5.590079828631133,2.0737361651845276,0.0,505.0,2.0,2.0,2.0,0.9996652603149414,0.06150674819946289,0.004308826755732298,0.00777641823515296,1.0
506.0,0,all_fail,False,False,False,False,False,0.7758938670158386,0.0,0.0,1e-06,48.71986389160156,24.61508274078369,28.365234375,0.0,0.0,0.0,0.0,0.0,0.0,0.0,0.0,0.0,0.0,0.0,0.0,0.0,0.0,0.0,0.0,13275.0,13275.0,13275.0,13275.0,13275.0,0.0,0.0,187.63788909243587,70.74797134101391,13275.0,1.0,582.0,582.0,582.0,0.0,0.0625,481.0,247.6875,82.0,0.0625,481.0,247.6875,82.0,-0.06318724155426025,-0.0005268454551696777,0.000464884185930714,0.0011897020740434527,0.0021440982818603516,0.000930003821849823,0.004561185836791992,-0.0025464296340942383,1.0009329319000244,0.8038214445114136,2.275301933288574,0.804751455783844,2.277552366256714,0.0007262054248493719,15.14148673041715,0.40305621957094206,0.009640377014875412,60.005711912643164,2.7935803490690887,,70.74797134101391,5.350571314804256,2.0876716203056276,0.0,506.0,2.0,2.0,2.0,0.9996615052223206,0.061159491539001465,0.0044065178371965885,0.00795366708189249,1.0
507.0,0,all_fail,False,False,False,False,False,0.9202401041984558,0.0,0.0,1e-06,48.716697692871094,24.61508274078369,28.365234375,0.0,0.0,0.0,0.0,0.0,0.0,0.0,0.0,0.0,0.0,0.0,0.0,0.0,0.0,0.0,0.0,20311.0,20311.0,20311.0,20311.0,20311.0,0.0,0.0,164.7290231365596,123.29946243390441,20311.0,1.0,1039.0,1039.0,1039.0,0.0,0.0625,512.0,230.4375,104.0,0.0625,512.0,230.4375,104.0,-0.37461984157562256,-0.0007760524749755859,0.0005256538861431181,0.0014378248015418649,0.0020453184843063354,0.0017865374684333801,0.004366278648376465,-0.001721203327178955,1.0017894506454468,0.9639284610748291,2.7053492069244385,0.9657149314880371,2.710848808288574,0.0004752571057882427,29.837042103886024,0.35901509201433174,0.009652947075664997,110.00917423702776,3.414895225316286,,123.29946243390441,7.291955533903092,2.073820148129016,0.0,507.0,2.0,2.0,2.0,0.9996846318244934,0.07474952936172485,0.004489591810852289,0.007836023345589638,1.0
508.0,0,all_fail,False,False,False,False,False,0.7035058736801147,0.0,0.0,1e-06,48.704627990722656,24.61508274078369,28.365234375,0.0,0.0,0.0,0.0,0.0,0.0,0.0,0.0,0.0,0.0,0.0,0.0,0.0,0.0,0.0,0.0,12084.0,12084.0,12084.0,12084.0,12084.0,0.0,0.0,119.4270437363579,101.1831124839373,12084.0,1.0,484.0,484.0,484.0,0.0,0.0625,512.0,271.25,120.0,0.0625,512.0,271.25,120.0,0.3057006597518921,-5.9604644775390625e-06,0.0004228578764013946,0.0008466042345389724,0.002326086163520813,0.0013427138328552246,0.011824965476989746,-0.0038826465606689453,1.0013492107391357,0.7414289116859436,2.160431385040283,0.7427716255187988,2.1648054122924805,0.0007902146420339526,20.96961278614292,0.4037396674183466,0.009548953734338284,91.00811949186027,2.637590612284839,,101.1831124839373,4.8787901410833,2.145441592205316,0.0,508.0,2.0,2.0,2.0,0.9996626377105713,0.06023493409156799,0.004218844696879387,0.007792249787598848,1.0
509.0,10,mixed,True,True,True,True,True,0.9746570587158203,0.19363783299922943,0.13882426917552948,1e-06,48.77542495727539,24.61508274078369,28.365234375,0.0,0.0,0.13882426358759403,0.0,0.7499985098838806,-0.13882429897785187,-1.2499974966049194,0.7499985098838806,-0.13882429897785187,-1.2499974966049194,1.0,0.625,0.0,1.0,0.625,0.0,11246.0,11246.0,11246.0,11246.0,11246.0,0.0,0.0,173.86975108872295,64.68060102220625,11246.0,1.0,487.0,487.0,487.0,0.0,0.0625,401.0,215.875,77.0,0.0625,401.0,215.875,77.0,0.5517054796218872,0.0027273893356323242,0.0005176219856366515,-0.0003385872405488044,0.0017872434109449387,-0.0004854891449213028,0.00238075852394104,-0.003744363784790039,0.9995165467262268,1.0072526931762695,2.9292898178100586,1.0067672729492188,2.9270265102386475,0.0008511366615797009,15.925046114750383,0.4053218513392621,0.009571882896125317,55.005109280347824,2.510763223748654,,64.68060102220625,4.558249540161341,2.098570290952921,0.0,509.0,2.0,2.0,2.0,0.999693751335144,0.1688796579837799,0.004176219925284386,0.008119008503854275,1.0
510.0,0,all_fail,False,False,False,False,False,0.8690266013145447,0.0,0.0,1e-06,48.7741813659668,24.61508274078369,28.365234375,0.0,0.0,0.0,0.0,0.0,0.0,0.0,0.0,0.0,0.0,0.0,0.0,0.0,0.0,0.0,0.0,17125.0,17125.0,17125.0,17125.0,17125.0,0.0,0.0,159.98196824248853,107.04331361921504,17125.0,1.0,699.0,699.0,699.0,0.0,0.1875,512.0,371.3125,192.0,0.1875,512.0,371.3125,192.0,0.5117683410644531,0.0004363059997558594,0.0004569540324155241,0.0006954003474675119,0.0015943683683872223,0.0005208514630794525,0.005056440830230713,-0.00484079122543335,1.0005232095718384,0.8943116664886475,2.5057878494262695,0.8948325514793396,2.50734543800354,0.0005663977596011476,15.991976552142342,0.3700042801779987,0.009699561633169651,95.00833269627765,3.111125375609845,,107.04331361921504,6.336323298048228,2.0819583921693265,0.0,510.0,2.0,2.0,2.0,0.9997090697288513,0.05770450830459595,0.004161020740866661,0.007581790443509817,1.0
511.0,0,all_fail,False,False,False,False,False,0.7840508818626404,0.0,0.0,1e-06,48.710418701171875,24.61508274078369,28.365234375,0.0,0.0,0.0,0.0,0.0,0.0,0.0,0.0,0.0,0.0,0.0,0.0,0.0,0.0,0.0,0.0,17093.0,17093.0,17093.0,17093.0,17093.0,0.0,0.0,216.41453557672202,78.98267995007336,17093.0,1.0,801.0,801.0,801.0,0.0,0.0625,476.0,267.3125,148.0,0.0625,476.0,267.3125,148.0,0.10800361633300781,-0.0005686283111572266,0.00046418915735557675,0.0012091834796592593,0.0021100882440805435,0.0009739305824041367,0.0039359331130981445,-0.004208475351333618,1.0009770393371582,0.8325142860412598,2.37235426902771,0.8334882259368896,2.3745405673980713,0.0006076015929979667,15.66654756039848,0.3669860496056099,0.010385734029114246,67.0058239158243,3.1060906150378287,,78.98267995007336,6.2728925459086895,2.088229139801115,0.0,511.0,2.0,2.0,2.0,0.9997024536132812,0.0614238977432251,0.00408770190551877,0.007695565931499004,1.0
512.0,12,mixed,True,True,True,True,True,0.5206335186958313,0.12061458081007004,-0.009585902094841003,1e-06,48.77034378051758,24.61508274078369,28.3828125,0.0,0.0,-0.009585902094841003,0.0,0.5590157508850098,0.009585839696228504,-1.6770472526550293,0.5590157508850098,0.009585839696228504,-1.6770472526550293,1.0,0.75,0.0,1.0,0.75,0.0,11791.0,11791.0,11791.0,11791.0,11791.0,0.0,0.0,173.65566102343288,67.8987366752699,11791.0,1.0,449.0,449.0,449.0,0.0,0.0625,464.0,287.9375,179.0,0.0625,464.0,287.9375,179.0,0.5579085350036621,0.0015045404434204102,0.000319271202897653,-0.00011406932026147842,0.0011214707046747208,-0.00014962442219257355,0.0026510953903198242,-0.002065122127532959,0.9998513460159302,0.5258305072784424,1.7086858749389648,0.5256808996200562,1.7083196640014648,0.0008148468285862215,12.590742005924353,0.4002789554613716,0.009607858955860138,58.0055484212935,2.569277089089155,,67.8987366752699,4.7196891638450325,2.0952025121077895,0.0,512.0,2.0,2.0,2.0,0.999673068523407,0.06022799015045166,0.0034660683013498783,0.007335673552006483,1.0
513.0,0,all_fail,False,False,False,False,False,0.7692018747329712,0.0,0.0,1e-06,48.74537658691406,24.61508274078369,28.3828125,0.0,0.0,0.0,0.0,0.0,0.0,0.0,0.0,0.0,0.0,0.0,0.0,0.0,0.0,0.0,0.0,15752.0,15752.0,15752.0,15752.0,15752.0,0.0,0.0,125.45733751261515,125.55662595992908,15752.0,1.0,660.0,660.0,660.0,0.0,0.125,512.0,324.5,162.0,0.125,512.0,324.5,162.0,0.1904003620147705,0.000590205192565918,0.0004141206154599786,0.0005332798464223742,0.001599533949047327,0.000501642469316721,0.004114925861358643,-0.0026645660400390625,1.0005035400390625,0.7997021675109863,2.3719100952148438,0.8002039194107056,2.3736910820007324,0.0006176983081977369,21.958773361877014,0.3793357634740002,0.009729983750730753,114.00995129486546,2.9951496589928865,,125.55662595992908,5.975296946242452,2.067990133073181,0.0,513.0,2.0,2.0,2.0,0.9997211694717407,0.05245986580848694,0.0037872404791414738,0.0073772030882537365,1.0
514.0,16,all_pass,True,False,False,False,False,0.6455666422843933,0.0,0.0,1e-06,48.797462463378906,24.61508274078369,28.3828125,0.0,0.0,0.0,0.0,0.0,0.0,0.0,0.0,0.0,0.0,1.0,1.0,1.0,1.0,1.0,1.0,8363.0,8363.0,8363.0,8363.0,8363.0,0.0,0.0,175.56118787706436,47.635813479777426,8363.0,1.0,357.0,357.0,357.0,0.0,0.0625,431.0,165.6875,89.0,0.0625,431.0,165.6875,89.0,0.4544506072998047,0.0020536184310913086,0.00039272368303500116,-0.00024018068506848067,0.001979101449251175,-0.0005216747522354126,0.004598736763000488,-0.005494058132171631,0.9994814395904541,0.673127293586731,2.0031566619873047,0.6726056337356567,2.001880168914795,0.0011744803417053974,14.712885703528963,0.45462153233034497,0.009822179097682238,39.00386000005528,2.2381483200006187,,47.635813479777426,3.8019998748786747,2.083098266273737,0.0,514.0,2.0,2.0,2.0,0.9996681809425354,0.06199389696121216,0.003951472230255604,0.007651685271412134,1.0
515.0,0,all_fail,False,False,False,False,False,0.889008104801178,0.0,0.0,1e-06,48.81203842163086,24.61508274078369,28.3828125,0.0,0.0,0.0,0.0,0.0,0.0,0.0,0.0,0.0,0.0,0.0,0.0,0.0,0.0,0.0,0.0,19858.0,19858.0,19858.0,19858.0,19858.0,0.0,0.0,230.86620761658003,86.01518691284582,19858.0,1.0,991.0,991.0,991.0,0.0,0.0625,397.0,250.125,117.0,0.0625,397.0,250.125,117.0,0.5375186204910278,0.0022279024124145508,0.0004974621697328985,-0.00011788737174356356,0.0015359260141849518,-0.00014982745051383972,0.004513204097747803,-0.0034570693969726562,0.9998521208763123,0.8855836391448975,2.463665246963501,0.8854337930679321,2.46321177482605,0.0005859268855677593,18.24256566563516,0.3550710018066865,0.011635336093604565,73.00674779387191,3.3626168849878013,,86.01518691284582,7.050999953877181,2.0843196446076035,0.0,515.0,2.0,2.0,2.0,0.9996748566627502,0.061917245388031006,0.004546730313450098,0.007849565707147121,1.0
516.0,0,all_fail,False,False,False,False,False,0.8345438241958618,0.0,0.0,1e-06,48.87903594970703,24.61508274078369,28.3828125,0.0,0.0,0.0,0.0,0.0,0.0,0.0,0.0,0.0,0.0,0.0,0.0,0.0,0.0,0.0,0.0,17049.0,17049.0,17049.0,17049.0,17049.0,0.0,0.0,185.31944400593244,91.99790173908696,17049.0,1.0,744.0,744.0,744.0,0.0,0.0625,480.0,321.5625,169.0,0.0625,480.0,321.5625,169.0,-0.14002776145935059,0.00037217140197753906,0.00047663701116107404,0.000764496682677418,0.0013335049152374268,0.0007892772555351257,0.0044585466384887695,-0.0014736056327819824,1.000791072845459,0.8597532510757446,2.3962302207946777,0.8605424761772156,2.3979427814483643,0.0005987835768866982,15.550558215986477,0.3694432730895154,0.010208661202341318,80.00762202125043,3.0969272782094777,,91.99790173908696,6.298638362903148,2.0857870811596513,0.0,516.0,2.0,2.0,2.0,0.9996863603591919,0.053067564964294434,0.0043485756032168865,0.007750289048999548,1.0
517.0,0,all_fail,False,False,False,False,False,0.8660444021224976,0.0,0.0,1e-06,48.804439544677734,24.61508274078369,28.3828125,0.0,0.0,0.0,0.0,0.0,0.0,0.0,0.0,0.0,0.0,0.0,0.0,0.0,0.0,0.0,0.0,11729.0,11729.0,11729.0,11729.0,11729.0,0.0,0.0,150.6096025851556,77.87684051133692,11729.0,1.0,489.0,489.0,489.0,0.0,0.0625,459.0,244.0625,136.0,0.0625,459.0,244.0625,136.0,0.19018030166625977,0.0008490085601806641,0.00043710495810955763,0.00045051705092191696,0.001819659024477005,0.0003337003290653229,0.0037658214569091797,-0.004348397254943848,1.0003361701965332,0.9057228565216064,2.665651321411133,0.9060566425323486,2.6673498153686523,0.0008530147349537664,17.415220340625616,0.4004379363980035,0.010005009826272726,68.00643543014303,2.5638586138375103,,77.87684051133692,4.696736556012183,2.097072117961943,0.0,517.0,2.0,2.0,2.0,0.9996919631958008,0.08039849996566772,0.004276174120604992,0.00767689011991024,1.0
518.0,1,mixed,True,True,True,True,True,0.9368767142295837,0.15234258770942688,0.040203943848609924,1e-06,48.78056335449219,24.61508274078369,28.3828125,0.0,0.0,0.04020394757390022,0.0,3.7499847412109375,-0.04020395874977112,-0.24999898672103882,3.7499847412109375,-0.04020395874977112,-0.24999898672103882,1.0,0.0625,0.0,1.0,0.0625,0.0,18052.0,18052.0,18052.0,18052.0,18052.0,0.0,0.0,242.90742724845765,74.31637724908069,18052.0,1.0,822.0,822.0,822.0,0.0,0.0625,461.0,306.25,141.0,0.0625,461.0,306.25,141.0,0.19340550899505615,0.0006524324417114258,0.0004892040742561221,0.0006513090920634568,0.0017491355538368225,0.00021802634000778198,0.0046002864837646484,-0.004410505294799805,1.0002204179763794,0.9546840190887451,2.6999006271362305,0.9549020528793335,2.6995339393615723,0.0005649615705686849,12.654243594092526,0.3613792001528745,0.010198686271905899,62.00579361105338,3.1794994538649917,,74.31637724908069,6.523617321159691,2.096806690096855,0.0,518.0,2.0,2.0,2.0,0.9996837973594666,0.060789406299591064,0.004418706521391869,0.007960408926010132,1.0
519.0,0,all_fail,False,False,False,False,False,0.8340309262275696,0.0,0.0,1e-06,48.808753967285156,24.61508274078369,28.3828125,0.0,0.0,0.0,0.0,0.0,0.0,0.0,0.0,0.0,0.0,0.0,0.0,0.0,0.0,0.0,0.0,18715.0,18715.0,18715.0,18715.0,18715.0,0.0,0.0,223.83591047573609,83.61035528313369,18715.0,1.0,916.0,916.0,916.0,0.0,0.0625,512.0,253.6875,90.0,0.0625,512.0,253.6875,90.0,0.10933983325958252,0.0013259649276733398,0.00044530912418849766,0.00022557898773811758,0.001173926517367363,7.43623822927475e-05,0.0027828216552734375,-0.003155350685119629,1.0000754594802856,0.8805381655693054,2.460671901702881,0.8806124925613403,2.4607093334198,0.0005312335376127372,17.493675978582175,0.36185993973465325,0.009942035656422377,71.00683079706505,3.24981842096895,,83.61035528313369,6.772208772134036,2.0759826600551605,0.0,519.0,2.0,2.0,2.0,0.9997029304504395,0.07634559273719788,0.004058877006173134,0.007661537267267704,1.0
520.0,0,all_fail,False,False,False,False,False,0.8792324662208557,0.0,0.0,1e-06,48.803802490234375,24.61508274078369,28.3828125,0.0,0.0,0.0,0.0,0.0,0.0,0.0,0.0,0.0,0.0,0.0,0.0,0.0,0.0,0.0,0.0,14655.0,14655.0,14655.0,14655.0,14655.0,0.0,0.0,180.4164062465914,81.22875466197729,14655.0,1.0,680.0,680.0,680.0,0.0,0.0625,431.0,235.9375,111.0,0.0625,431.0,235.9375,111.0,-0.17004215717315674,-0.0003165602684020996,0.0004642716085072607,0.0010844243224710226,0.0017594583332538605,0.0012739263474941254,0.005057036876678467,-0.0015723109245300293,1.0012763738632202,0.894667387008667,2.570234537124634,0.8959413766860962,2.5738399028778076,0.0006912063574656737,18.544642217210587,0.38585531096670334,0.010129629168659449,70.00602436996996,2.8767168219201267,,81.22875466197729,5.654709582217038,2.1855381140485406,0.0,520.0,2.0,2.0,2.0,0.9996904134750366,0.053486764430999756,0.004318291321396828,0.007818911224603653,1.0
521.0,0,all_fail,False,False,False,False,False,0.9308961629867554,0.0,0.0,1e-06,48.75910186767578,24.61508274078369,28.3828125,0.0,0.0,0.0,0.0,0.0,0.0,0.0,0.0,0.0,0.0,0.0,0.0,0.0,0.0,0.0,0.0,14030.0,14030.0,14030.0,14030.0,14030.0,0.0,0.0,200.62883868901866,69.93012615572661,14030.0,1.0,622.0,622.0,622.0,0.0,0.0625,512.0,254.875,110.0,0.0625,512.0,254.875,110.0,0.6005463600158691,0.001961350440979004,0.00044869270641356707,-8.281850750790909e-05,0.0015330500900745392,0.00032174214720726013,0.0047188401222229,-0.002131223678588867,1.0003236532211304,0.9790142774581909,2.748835802078247,0.9793360829353333,2.7496235370635986,0.0006865842449754286,14.46920806106295,0.39190715885802796,0.009632776957005262,59.00543047301471,2.828411031048745,,69.93012615572661,5.498457438778132,2.0830184491351247,0.0,521.0,2.0,2.0,2.0,0.9997443556785583,0.05756855010986328,0.003922273404896259,0.007333320565521717,1.0
522.0,0,all_fail,False,False,False,False,False,0.8879719972610474,0.0,0.0,1e-06,49.02695083618164,24.61508274078369,28.3828125,0.0,0.0,0.0,0.0,0.0,0.0,0.0,0.0,0.0,0.0,0.0,0.0,0.0,0.0,0.0,0.0,15933.0,15933.0,15933.0,15933.0,15933.0,0.0,0.0,110.90826101379113,143.65927167516202,15933.0,1.0,731.0,731.0,731.0,0.0,0.0625,512.0,264.8125,127.0,0.0625,512.0,264.8125,127.0,-0.16523289680480957,0.00022113323211669922,0.00045281092752702534,0.0007957901107147336,0.001521669328212738,0.001085422933101654,0.0034096240997314453,-0.001350104808807373,1.0010871887207031,0.9573860764503479,2.6979825496673584,0.9584715366363525,2.700991630554199,0.0006131056726805602,31.15672200495289,0.37597484817321686,0.009768612682819366,132.0110311349854,3.0211720298975706,,143.65927167516202,5.990407255943865,2.12507315678522,0.0,522.0,2.0,2.0,2.0,0.9997097849845886,0.06234058737754822,0.004161019343882799,0.007656544912606478,1.0
523.0,0,all_fail,False,False,False,False,False,0.6517384052276611,0.0,0.0,1e-06,48.84610366821289,24.61508274078369,28.3828125,0.0,0.0,0.0,0.0,0.0,0.0,0.0,0.0,0.0,0.0,0.0,0.0,0.0,0.0,0.0,0.0,17497.0,17497.0,17497.0,17497.0,17497.0,0.0,0.0,226.47110353951715,77.25930472603068,17497.0,1.0,786.0,786.0,786.0,0.0,0.125,512.0,307.5625,109.0,0.125,512.0,307.5625,109.0,-0.07387256622314453,0.0005739927291870117,0.0004201374831609428,0.0005525235319510102,0.0010773222893476486,0.00044182129204273224,0.002331554889678955,-0.0021234750747680664,1.000442624092102,0.6520665884017944,1.9387462139129639,0.6525083780288696,1.9396390914916992,0.0005396342321982512,13.210020664896915,0.369991745737823,0.0094419801607728,65.00651169195771,3.1582961911335588,,77.25930472603068,6.473745575174689,2.11743956618011,0.0,523.0,2.0,2.0,2.0,0.9996598958969116,0.06001704931259155,0.003996840678155422,0.0077065215446054935,1.0
524.0,3,mixed,True,True,True,True,True,0.7207845449447632,0.16913841664791107,0.07921214401721954,1e-06,48.899356842041016,24.61508274078369,28.3828125,0.0,0.0,0.07921214401721954,0.0,2.015559434890747,-0.07921208441257477,-0.4651290774345398,2.015559434890747,-0.07921208441257477,-0.4651290774345398,1.0,0.1875,0.0,1.0,0.1875,0.0,11407.0,11407.0,11407.0,11407.0,11407.0,0.0,0.0,121.71097627227083,93.72203189367428,11407.0,1.0,498.0,498.0,498.0,0.0,0.0625,327.0,214.9375,132.0,0.0625,327.0,214.9375,132.0,1.1376793384552002,0.0035364627838134766,0.0004289675853215158,-0.0009060384472832084,0.0014291107654571533,-0.0008656010031700134,0.0014494061470031738,-0.0036765336990356445,0.9991359710693359,0.7136974334716797,2.068751811981201,0.712831974029541,2.0668411254882812,0.0008442460774769235,24.42789408108845,0.3965609704733856,0.009630315005779266,84.00752774486318,2.497939824126661,,93.72203189367428,4.52357099018991,2.1810684287920594,0.0,524.0,2.0,2.0,2.0,0.9996626377105713,0.05959656834602356,0.004197578877210617,0.007778918370604515,1.0
525.0,0,all_fail,False,False,False,False,False,0.7446504831314087,0.0,0.0,1e-06,48.942169189453125,24.61508274078369,28.3828125,0.0,0.0,0.0,0.0,0.0,0.0,0.0,0.0,0.0,0.0,0.0,0.0,0.0,0.0,0.0,0.0,10999.0,10999.0,10999.0,10999.0,10999.0,0.0,0.0,87.45390303772255,125.76911513321102,10999.0,1.0,441.0,441.0,441.0,0.0,0.0625,458.0,246.4375,99.0,0.0625,458.0,246.4375,99.0,0.7950727939605713,0.0009387731552124023,0.0004336469864938408,0.00040105023072101176,0.0024474598467350006,5.111470818519592e-05,0.005390763282775879,-0.008233904838562012,1.0000561475753784,0.7585095763206482,2.1841542720794678,0.7585606575012207,2.1837916374206543,0.0009352093793980825,29.42190708338859,0.42252725529448804,0.01028636796399951,116.01057962980121,2.5405839649029076,,125.76911513321102,4.647377280984074,2.063762846868485,0.0,525.0,2.0,2.0,2.0,0.9996523261070251,0.058319419622421265,0.004273494239896536,0.007983406074345112,1.0
526.0,0,all_fail,False,False,False,False,False,0.8675380349159241,0.0,0.0,1e-06,48.85631561279297,24.61508274078369,28.3828125,0.0,0.0,0.0,0.0,0.0,0.0,0.0,0.0,0.0,0.0,0.0,0.0,0.0,0.0,0.0,0.0,17167.0,17167.0,17167.0,17167.0,17167.0,0.0,0.0,195.12898661166497,87.977702842094,17167.0,1.0,801.0,801.0,801.0,0.0,0.0625,512.0,271.9375,127.0,0.0625,512.0,271.9375,127.0,0.12906312942504883,0.0009753704071044922,0.0004748446517623961,0.0004627566668204963,0.0015333257615566254,0.0003066621720790863,0.0048601627349853516,-0.003224968910217285,1.0003087520599365,0.8896450996398926,2.578662157058716,0.8899518251419067,2.579420328140259,0.0005748386643408146,17.46898946852961,0.3669252998088769,0.009868255350738764,76.00757317757234,3.09289648802951,,87.977702842094,6.2990066218189895,2.071173111908138,0.0,526.0,2.0,2.0,2.0,0.9996979832649231,0.0608903169631958,0.004205625969916582,0.007768511772155762,1.0
527.0,0,all_fail,False,False,False,False,False,0.7730483412742615,0.0,0.0,1e-06,48.870567321777344,24.61508274078369,28.3828125,0.0,0.0,0.0,0.0,0.0,0.0,0.0,0.0,0.0,0.0,0.0,0.0,0.0,0.0,0.0,0.0,11480.0,11480.0,11480.0,11480.0,11480.0,0.0,0.0,144.23421546623194,79.5927648851648,11480.0,1.0,476.0,476.0,476.0,0.0,0.0625,318.0,241.5,156.0,0.0625,318.0,241.5,156.0,0.08213639259338379,0.0009628534317016602,0.0005037730443291366,0.0005253819399513304,0.0015987157821655273,0.0004377812147140503,0.005853533744812012,-0.003434598445892334,1.0004403591156006,0.7595812082290649,2.160588026046753,0.7600189447402954,2.161672353744507,0.0008375045213887293,18.117432401073984,0.39190327795709157,0.009614551905542612,70.00575879774988,2.495512718334794,,79.5927648851648,4.499049630947411,2.085175876971334,0.0,527.0,2.0,2.0,2.0,0.999638020992279,0.05863100290298462,0.00452899094671011,0.008138667792081833,1.0
528.0,0,all_fail,False,False,False,False,False,0.8364343047142029,0.0,0.0,1e-06,48.87923812866211,24.61508274078369,28.3828125,0.0,0.0,0.0,0.0,0.0,0.0,0.0,0.0,0.0,0.0,0.0,0.0,0.0,0.0,0.0,0.0,13348.0,13348.0,13348.0,13348.0,13348.0,0.0,0.0,141.16180006581948,94.55815945798531,13348.0,1.0,623.0,623.0,623.0,0.0,0.0625,512.0,211.25,100.0,0.0625,512.0,211.25,100.0,-0.1739000678062439,0.0006211996078491211,0.0004949690774083138,0.0006813984364271164,0.0009223222732543945,0.0007215067744255066,0.0027142763137817383,-0.000980377197265625,1.0007222890853882,0.9306599497795105,2.6196482181549072,0.9313814640045166,2.621415853500366,0.0007151857904301706,24.85437150149105,0.39117285788644207,0.009546299930661917,84.00777567503974,2.7421440319158137,,94.55815945798531,5.221375307068229,2.0798530783504248,0.0,528.0,2.0,2.0,2.0,0.9997124075889587,0.0565372109413147,0.004040855448693037,0.007624338380992413,1.0
529.0,0,all_fail,False,False,False,False,False,0.7841459512710571,0.0,0.0,1e-06,48.77724838256836,24.61508274078369,28.3828125,0.0,0.0,0.0,0.0,0.0,0.0,0.0,0.0,0.0,0.0,0.0,0.0,0.0,0.0,0.0,0.0,13321.0,13321.0,13321.0,13321.0,13321.0,0.0,0.0,150.3889329140039,88.57699660398066,13321.0,1.0,543.0,543.0,543.0,0.0,0.0625,457.0,289.5625,149.0,0.0625,457.0,289.5625,149.0,0.23190999031066895,0.0013049840927124023,0.0005067727179266512,0.00036172106047160923,0.0015062149614095688,0.00028023310005664825,0.0032581090927124023,-0.0023626089096069336,1.0002816915512085,0.7837790846824646,2.2396974563598633,0.7840593457221985,2.240365982055664,0.0008705269821336629,16.837377161890778,0.3931260895031269,0.011596289929002523,78.00756839103997,2.7403288781642914,,88.57699660398066,5.236832638271153,2.0819781008176506,0.0,529.0,2.0,2.0,2.0,0.9996640086174011,0.0618269145488739,0.004430246073752642,0.007934298366308212,1.0
530.0,0,all_fail,False,False,False,False,False,0.524735152721405,0.0,0.0,1e-06,48.82331848144531,24.61508274078369,28.3828125,0.0,0.0,0.0,0.0,0.0,0.0,0.0,0.0,0.0,0.0,0.0,0.0,0.0,0.0,0.0,0.0,15984.0,15984.0,15984.0,15984.0,15984.0,0.0,0.0,191.29727479225852,83.55581655493006,15984.0,1.0,632.0,632.0,632.0,0.0,0.1875,512.0,367.0,191.0,0.1875,512.0,367.0,191.0,0.06918632984161377,0.00017178058624267578,0.00035715955891646445,0.0006270181620493531,0.0014953091740608215,0.0006459318101406097,0.003610849380493164,-0.0028087496757507324,1.0006475448608398,0.5767379403114319,1.797767162322998,0.5773838758468628,1.798995018005371,0.0006672675120975222,12.262813545819322,0.3727764968032687,0.010665603913366795,72.00724114105105,2.9848644039593637,,83.55581655493006,5.958459524903446,2.0957720670849085,0.0,530.0,2.0,2.0,2.0,0.9996814727783203,0.06195640563964844,0.0034712518099695444,0.007368162274360657,1.0
531.0,0,all_fail,False,False,False,False,False,0.9256024956703186,0.0,0.0,1e-06,48.795345306396484,24.61508274078369,28.3828125,0.0,0.0,0.0,0.0,0.0,0.0,0.0,0.0,0.0,0.0,0.0,0.0,0.0,0.0,0.0,0.0,22317.0,22317.0,22317.0,22317.0,22317.0,0.0,0.0,212.24899623469895,105.14537357492372,22317.0,1.0,1103.0,1103.0,1103.0,0.0,0.125,512.0,291.8125,122.0,0.125,512.0,291.8125,122.0,0.06989467144012451,0.0009624958038330078,0.0004601397959049791,0.0004387268563732505,0.0015406608581542969,0.0005330070853233337,0.004705846309661865,-0.0027834177017211914,1.000535011291504,0.8934239745140076,2.488100290298462,0.8939569592475891,2.4896185398101807,0.00042566278344356186,19.492121338150145,0.35573121067791713,0.00949951633810997,91.00871452782303,3.612490248400718,,105.14537357492372,7.938853428699076,2.07492817286402,0.0,531.0,2.0,2.0,2.0,0.9996823072433472,0.062057167291641235,0.00440424308180809,0.007790187373757362,1.0
532.0,0,all_fail,False,False,False,False,False,0.7006411552429199,0.0,0.0,1e-06,48.80423355102539,24.61508274078369,28.3828125,0.0,0.0,0.0,0.0,0.0,0.0,0.0,0.0,0.0,0.0,0.0,0.0,0.0,0.0,0.0,0.0,19675.0,19675.0,19675.0,19675.0,19675.0,0.0,0.0,220.88050261454825,89.07531342562288,19675.0,1.0,898.0,898.0,898.0,0.0,0.0625,512.0,331.6875,171.0,0.0625,512.0,331.6875,171.0,0.14583349227905273,0.0003001689910888672,0.0004359708691481501,0.0007219720864668489,0.0014636628329753876,0.0005378015339374542,0.004591763019561768,-0.0015189051628112793,1.0005396604537964,0.708020031452179,2.0608489513397217,0.7085577249526978,2.0622692108154297,0.0004907283255075409,14.322108143369526,0.36149775065017775,0.009655079804360867,76.00742791686207,3.3578631137497723,,89.07531342562288,7.1124682440422475,2.088181847706437,0.0,532.0,2.0,2.0,2.0,0.9996986985206604,0.0587211549282074,0.003911936189979315,0.007494229357689619,1.0
533.0,7,mixed,True,True,True,True,True,0.6945644617080688,0.1655302196741104,0.16016098856925964,1e-06,48.793251037597656,24.61508274078369,28.3828125,0.0,0.0,0.16016098484396935,0.0,1.0978854894638062,-0.16016098856925964,-0.8539109230041504,1.0978854894638062,-0.16016098856925964,-0.8539109230041504,1.0,0.4375,0.0,1.0,0.4375,0.0,9425.0,9425.0,9425.0,9425.0,9425.0,0.0,0.0,136.52611060904601,69.03441369533539,9425.0,1.0,345.0,345.0,345.0,0.0,0.0625,384.0,244.0625,93.0,0.0625,384.0,244.0625,93.0,0.5879915952682495,0.0028039216995239258,0.00045557395787909627,-0.0004883761866949499,0.0015429090708494186,-0.0005431976169347763,0.003535330295562744,-0.002690553665161133,0.9994584321975708,0.7269780039787292,2.110792636871338,0.7264347672462463,2.109879493713379,0.0010264550758135413,15.36640417446095,0.4322509619281368,0.009674339089542627,60.00580830127001,2.3430828358978033,,69.03441369533539,4.073965316172689,2.099088542163372,0.0,533.0,2.0,2.0,2.0,0.9996674060821533,0.06113365292549133,0.004081201273947954,0.007864395156502724,1.0
534.0,0,all_fail,False,False,False,False,False,0.7793483138084412,0.0,0.0,1e-06,48.795745849609375,24.61508274078369,28.3828125,0.0,0.0,0.0,0.0,0.0,0.0,0.0,0.0,0.0,0.0,0.0,0.0,0.0,0.0,0.0,0.0,14603.0,14603.0,14603.0,14603.0,14603.0,0.0,0.0,150.63503531679862,96.94291881890967,14603.0,1.0,652.0,652.0,652.0,0.0,0.0625,369.0,260.6875,146.0,0.0625,369.0,260.6875,146.0,-0.10947126150131226,-0.0005401372909545898,0.0004354594857431948,0.0011406568810343742,0.0018108487129211426,0.0011047199368476868,0.004076659679412842,-0.0014424324035644531,1.001107096672058,0.7706549167633057,2.1887457370758057,0.7717596888542175,2.191347599029541,0.0006753251942258938,20.620462682600095,0.37741589581943746,0.009861773811280727,86.007949849125,2.8287272839806974,,96.94291881890967,5.511404326651245,2.0847929469309747,0.0,534.0,2.0,2.0,2.0,0.9996622800827026,0.06178012490272522,0.004320809151977301,0.007955952547490597,1.0
535.0,0,all_fail,False,False,False,False,False,0.7671036720275879,0.0,0.0,1e-06,48.78032684326172,24.61508274078369,28.3828125,0.0,0.0,0.0,0.0,0.0,0.0,0.0,0.0,0.0,0.0,0.0,0.0,0.0,0.0,0.0,0.0,15718.0,15718.0,15718.0,15718.0,15718.0,0.0,0.0,154.72714424154847,101.58527824608609,15718.0,1.0,690.0,690.0,690.0,0.0,0.0625,512.0,292.375,135.0,0.0625,512.0,292.375,135.0,0.2649824619293213,0.00044286251068115234,0.0004142408724874258,0.0006062945467419922,0.0015374906361103058,0.0007880590856075287,0.0033110380172729492,-0.0022774934768676758,1.0007896423339844,0.7461380958557129,2.132431983947754,0.7469261884689331,2.1341185569763184,0.0012319064023048312,19.24086580888733,0.3801498343813266,0.019363104831427336,90.00877025397494,2.989776167087257,,101.58527824608609,5.975195096805692,2.0972201880067587,0.0,535.0,2.0,2.0,2.0,0.9996833801269531,0.05791831016540527,0.004059246741235256,0.007640549913048744,1.0
536.0,0,all_fail,False,False,False,False,False,0.8325405120849609,0.0,0.0,1e-06,48.7956428527832,24.61508274078369,28.3828125,0.0,0.0,0.0,0.0,0.0,0.0,0.0,0.0,0.0,0.0,0.0,0.0,0.0,0.0,0.0,0.0,12381.0,12381.0,12381.0,12381.0,12381.0,0.0,0.0,158.53589936237938,78.09587639011443,12381.0,1.0,570.0,570.0,570.0,0.0,0.0625,413.0,203.8125,134.0,0.0625,413.0,203.8125,134.0,-0.10168176889419556,0.0003018379211425781,0.0005481469561345875,0.0010216248920187354,0.0018032900989055634,0.0010565780103206635,0.006268918514251709,-0.0037839412689208984,1.0010595321655273,0.8125591278076172,2.270814895629883,0.8136157393455505,2.2733001708984375,0.0007706622468010789,20.854579636924786,0.39505285136663426,0.009541569277644157,68.00678419601172,2.6124164829961956,,78.09587639011443,4.891149352770299,2.074984696228057,0.0,536.0,2.0,2.0,2.0,0.9996542930603027,0.13253340125083923,0.004429308697581291,0.007982711307704449,1.0
537.0,0,all_fail,False,False,False,False,False,0.6448271870613098,0.0,0.0,1e-06,48.7905387878418,24.61508274078369,28.3828125,0.0,0.0,0.0,0.0,0.0,0.0,0.0,0.0,0.0,0.0,0.0,0.0,0.0,0.0,0.0,0.0,13083.0,13083.0,13083.0,13083.0,13083.0,0.0,0.0,101.73459765400715,128.59931922564283,13083.0,1.0,510.0,510.0,510.0,0.0,0.125,512.0,307.6875,186.0,0.125,512.0,307.6875,186.0,0.08511948585510254,0.0007642507553100586,0.0003960507456213236,0.0004093249444849789,0.0011777393519878387,0.0003491826355457306,0.0026366710662841797,-0.002975761890411377,1.0003502368927002,0.684074342250824,2.019019365310669,0.684423565864563,2.019826889038086,0.0007131219102133945,23.971415799158045,0.4021178156568567,0.00932977395132184,118.01127997925505,2.7437805770896375,,128.59931922564283,5.260907382238656,2.0727107040584087,0.0,537.0,2.0,2.0,2.0,0.9996598362922668,0.060993313789367676,0.004059925209730864,0.0077596851624548435,1.0
538.0,0,all_fail,False,False,False,False,False,0.7485758662223816,0.0,0.0,1e-06,48.83883285522461,24.61508274078369,28.3828125,0.0,0.0,0.0,0.0,0.0,0.0,0.0,0.0,0.0,0.0,0.0,0.0,0.0,0.0,0.0,0.0,10633.0,10633.0,10633.0,10633.0,10633.0,0.0,0.0,167.04920673915643,63.651903577148914,10633.0,1.0,406.0,406.0,406.0,0.0,0.0625,512.0,258.5625,56.0,0.0625,512.0,258.5625,56.0,0.10693013668060303,-0.0001533031463623047,0.00040037205326370895,0.0008744265651330352,0.0018893517553806305,0.0010303966701030731,0.00546109676361084,-0.002429187297821045,1.0010331869125366,0.7945514917373657,2.2454423904418945,0.7955818772315979,2.2479586601257324,0.0008953682942352548,13.054264212963242,0.42767441651711097,0.009520451072603464,54.00549104902893,2.503008102066815,,63.651903577148914,4.547462070826441,2.0861319112591445,0.0,538.0,2.0,2.0,2.0,0.9997105002403259,0.05947476625442505,0.0038805208168923855,0.007448044139891863,1.0
539.0,0,all_fail,False,False,False,False,False,0.7314192652702332,0.0,0.0,1e-06,48.81321334838867,24.61508274078369,28.3828125,0.0,0.0,0.0,0.0,0.0,0.0,0.0,0.0,0.0,0.0,0.0,0.0,0.0,0.0,0.0,0.0,17067.0,17067.0,17067.0,17067.0,17067.0,0.0,0.0,179.5044016505377,95.0784484562464,17067.0,1.0,738.0,738.0,738.0,0.0,0.125,512.0,328.6875,127.0,0.125,512.0,328.6875,127.0,0.23308277130126953,0.0010758638381958008,0.0004625708097591996,0.0003894189139828086,0.0015706438571214676,0.0006714072078466415,0.004212737083435059,-0.0019230842590332031,1.0006732940673828,0.7898449897766113,2.275071144104004,0.7905163764953613,2.27663516998291,0.0006134044517600181,15.783901483526751,0.37269467981122406,0.010468973778188229,83.00753790186718,3.1217226278968155,,95.0784484562464,6.360780100338161,2.0792149920016527,0.0,539.0,2.0,2.0,2.0,0.9996556043624878,0.05631071329116821,0.004311429802328348,0.007944281212985516,1.0
540.0,0,all_fail,False,False,False,False,False,0.8697077631950378,0.0,0.0,1e-06,48.80583953857422,24.61508274078369,28.3828125,0.0,0.0,0.0,0.0,0.0,0.0,0.0,0.0,0.0,0.0,0.0,0.0,0.0,0.0,0.0,0.0,16774.0,16774.0,16774.0,16774.0,16774.0,0.0,0.0,187.0170645728744,89.69234993774444,16774.0,1.0,766.0,766.0,766.0,0.0,0.0625,433.0,282.375,180.0,0.0625,433.0,282.375,180.0,0.3478893041610718,0.0009303092956542969,0.0004990655579604208,0.0005330882268026471,0.0017065517604351044,0.00035641714930534363,0.00432741641998291,-0.0042819976806640625,1.0003588199615479,0.8552182912826538,2.3843469619750977,0.8555746674537659,2.385249614715576,0.0005692379993097965,17.26591256135871,0.3627249610140481,0.009548398200422525,78.00739295221865,3.0138244219124317,,89.69234993774444,6.084348496049643,2.0740311350673437,0.0,540.0,2.0,2.0,2.0,0.9996606111526489,0.05637139081954956,0.004605916328728199,0.00803076010197401,1.0
541.0,0,all_fail,False,False,False,False,False,0.6898744702339172,0.0,0.0,1e-06,48.8172492980957,24.61508274078369,28.3828125,0.0,0.0,0.0,0.0,0.0,0.0,0.0,0.0,0.0,0.0,0.0,0.0,0.0,0.0,0.0,0.0,9637.0,9637.0,9637.0,9637.0,9637.0,0.0,0.0,139.59212372788627,69.03684636810794,9637.0,1.0,327.0,327.0,327.0,0.0,0.0625,382.0,275.3125,186.0,0.0625,382.0,275.3125,186.0,0.23338556289672852,0.0015636682510375977,0.0004339104925747961,8.7454252934549e-05,0.0011780168861150742,5.545280873775482e-05,0.0028021633625030518,-0.002897322177886963,1.000056505203247,0.6809064149856567,1.9977262020111084,0.6809618473052979,1.9976152181625366,0.000998523002039091,13.622293455333837,0.4235204908201664,0.00962276617065072,60.00620267074555,2.350422658957541,,69.03684636810794,4.081466970033944,2.0917163770645857,0.0,541.0,2.0,2.0,2.0,0.9996191263198853,0.05978882312774658,0.004497065674513578,0.007960577495396137,1.0
542.0,0,all_fail,False,False,False,False,False,0.6762993931770325,0.0,0.0,1e-06,48.86931228637695,24.61508274078369,28.3828125,0.0,0.0,0.0,0.0,0.0,0.0,0.0,0.0,0.0,0.0,0.0,0.0,0.0,0.0,0.0,0.0,11052.0,11052.0,11052.0,11052.0,11052.0,0.0,0.0,144.0435812101625,76.72677884809673,11052.0,1.0,410.0,410.0,410.0,0.0,0.0625,512.0,280.75,130.0,0.0625,512.0,280.75,130.0,0.30837714672088623,0.0010808706283569336,0.0004009571566712111,0.0002617111604195088,0.001581542193889618,0.0004381239414215088,0.0073015689849853516,-0.003094613552093506,1.0004407167434692,0.7393832206726074,2.1322219371795654,0.7398213148117065,2.13344669342041,0.0008638883569088053,14.91685154383798,0.4167492536240073,0.009547694120556116,67.00649713492021,2.531275872141123,,76.72677884809673,4.605912751052529,2.075882758013904,0.0,542.0,2.0,2.0,2.0,0.9996756911277771,0.06130903959274292,0.004021892789751291,0.007678047753870487,1.0
543.0,1,mixed,True,True,True,True,True,0.6845654845237732,0.0967898741364479,0.16678158938884735,1e-06,48.81892395019531,24.61508274078369,28.3828125,0.0,0.0,0.16678159311413765,0.0,3.7499847412109375,-0.16678164899349213,-0.24999898672103882,3.7499847412109375,-0.16678164899349213,-0.24999898672103882,1.0,0.0625,0.0,1.0,0.0625,0.0,15399.0,15399.0,15399.0,15399.0,15399.0,0.0,0.0,170.10375992275112,90.52709950087592,15399.0,1.0,647.0,647.0,647.0,0.0,0.1875,512.0,315.4375,105.0,0.1875,512.0,315.4375,105.0,0.16860198974609375,0.0005557537078857422,0.00042432048940099776,0.0005712014390155673,0.0017426982522010803,0.0005068108439445496,0.0059059858322143555,-0.003847360610961914,1.0005093812942505,0.7150653004646301,2.0603861808776855,0.7155720591545105,2.0613296031951904,0.0006369772856518374,15.654388085164149,0.38691856893226656,0.009808813221752644,79.00769666582346,2.972331481985748,,90.52709950087592,5.9581590429879725,2.081893150229007,0.0,543.0,2.0,2.0,2.0,0.9996809959411621,0.06179305911064148,0.004044168163090944,0.007631372660398483,1.0
544.0,15,mixed,True,True,True,True,True,0.8017342686653137,0.1872505247592926,0.013952180743217468,1e-06,48.86878967285156,24.61508274078369,28.3828125,0.0,0.0,0.013952180743217468,0.0,0.24999898672103882,-0.013952153734862804,-3.7499847412109375,0.24999898672103882,-0.013952153734862804,-3.7499847412109375,1.0,0.9375,0.0,1.0,0.9375,0.0,10193.0,10193.0,10193.0,10193.0,10193.0,0.0,0.0,139.36866425105228,73.13695696787909,10193.0,1.0,459.0,459.0,459.0,0.0,0.0625,274.0,178.0625,91.0,0.0625,274.0,178.0625,91.0,-0.19811606407165527,-0.0003358125686645508,0.0004880572378169745,0.0011469345772638917,0.0018650982528924942,0.0014004167169332504,0.006052255630493164,-0.001997828483581543,1.00140380859375,0.7725294828414917,2.1880743503570557,0.7739299535751343,2.1913909912109375,0.0009014445531447783,22.46622894421513,0.40870650761786265,0.009188424330204725,64.0062862620689,2.3758776811882854,,73.13695696787909,4.165945432148874,2.080715569201857,0.0,544.0,2.0,2.0,2.0,0.9996958374977112,0.058918118476867676,0.004139488097280264,0.007626731880009174,1.0
545.0,0,all_fail,False,False,False,False,False,0.6214775443077087,0.0,0.0,1e-06,48.823753356933594,24.61508274078369,28.3828125,0.0,0.0,0.0,0.0,0.0,0.0,0.0,0.0,0.0,0.0,0.0,0.0,0.0,0.0,0.0,0.0,17561.0,17561.0,17561.0,17561.0,17561.0,0.0,0.0,245.89600454785582,71.41636982792988,17561.0,1.0,837.0,837.0,837.0,0.0,0.125,512.0,260.5625,67.0,0.125,512.0,260.5625,67.0,0.025084853172302246,0.0011675357818603516,0.000393621128750965,0.0002050470357062295,0.0011560097336769104,-0.00014794617891311646,0.0014961957931518555,-0.004702210426330566,0.9998533725738525,0.6948004961013794,2.1016032695770264,0.6946526169776917,2.100660562515259,0.000540981741991098,14.153512153313418,0.37627826307925016,0.009500180371105671,59.00599216716364,3.191244720015675,,71.41636982792988,6.607822577934712,2.1010605110786855,0.0,545.0,2.0,2.0,2.0,0.9996554851531982,0.08313757181167603,0.004039463587105274,0.007653128355741501,1.0
546.0,0,all_fail,False,False,False,False,False,0.8681822419166565,0.0,0.0,1e-06,48.83399200439453,24.61508274078369,28.3828125,0.0,0.0,0.0,0.0,0.0,0.0,0.0,0.0,0.0,0.0,0.0,0.0,0.0,0.0,0.0,0.0,11826.0,11826.0,11826.0,11826.0,11826.0,0.0,0.0,102.0009707276154,115.94007307616994,11826.0,1.0,550.0,550.0,550.0,0.0,0.0625,411.0,189.125,105.0,0.0625,411.0,189.125,105.0,0.6458562612533569,0.0020186901092529297,0.0004640138358809054,-7.865425868658349e-05,0.002123747020959854,4.712492227554321e-06,0.003039836883544922,-0.005772590637207031,1.0000079870224,0.8552250862121582,2.418945789337158,0.8552297353744507,2.4182562828063965,0.0008271002860696671,35.03315256319458,0.40203102342355995,0.009781287983059883,106.01031965622678,2.582255153916776,,115.94007307616994,4.75441888300702,2.0836335606873035,0.0,546.0,2.0,2.0,2.0,0.9996777772903442,0.05429348349571228,0.0044095697812736034,0.007953164167702198,1.0
547.0,0,all_fail,False,False,False,False,False,1.018609642982483,0.0,0.0,1e-06,48.87931442260742,24.61508274078369,28.3828125,0.0,0.0,0.0,0.0,0.0,0.0,0.0,0.0,0.0,0.0,0.0,0.0,0.0,0.0,0.0,0.0,13774.0,13774.0,13774.0,13774.0,13774.0,0.0,0.0,168.76679111317833,81.61558271711692,13774.0,1.0,652.0,652.0,652.0,0.0,0.0625,415.0,208.875,82.0,0.0625,415.0,208.875,82.0,0.45198583602905273,0.0020215511322021484,0.0005260496400296688,4.2006970033980906e-05,0.0016182176768779755,-0.00023898109793663025,0.0031806230545043945,-0.005270481109619141,0.9997633099555969,1.0500431060791016,2.984504222869873,1.0498042106628418,2.9838473796844482,0.0007078254748748664,21.246895440817905,0.3817279677956007,0.009749588090926409,71.00712456321344,2.7539525837637484,,81.61558271711692,5.257921028416604,2.0893184230662882,0.0,547.0,2.0,2.0,2.0,0.999713659286499,0.05668318271636963,0.004440308548510075,0.0076622916385531425,1.0
548.0,8,mixed,True,True,True,True,True,0.7039660811424255,0.16720706224441528,0.03217101842164993,1e-06,48.85337829589844,24.61508274078369,28.3828125,0.0,0.0,0.032171018596272916,0.0,0.9682439565658569,-0.03217102214694023,-0.9682439565658569,0.9682439565658569,-0.03217102214694023,-0.9682439565658569,1.0,0.5,0.0,1.0,0.5,0.0,11524.0,11524.0,11524.0,11524.0,11524.0,0.0,0.0,164.8109361042703,69.92254441604018,11524.0,1.0,487.0,487.0,487.0,0.0,0.0625,478.0,233.25,125.0,0.0625,478.0,233.25,125.0,0.9968420267105103,0.0029332637786865234,0.00042356012272648513,-0.0006172540015541017,0.0017613302916288376,-0.0004525166004896164,0.0038732290267944336,-0.004847407341003418,0.9995501041412354,0.7374135255813599,2.1190381050109863,0.7369610071182251,2.118276596069336,0.0008715012219709598,16.07872117952107,0.4072671503032901,0.010043180081993341,60.00578744197264,2.559946561232209,,69.92254441604018,4.693346640095115,2.153564798180014,0.0,548.0,2.0,2.0,2.0,0.9996721744537354,0.06166630983352661,0.004120455123484135,0.0076831188052892685,1.0
549.0,0,all_fail,False,False,False,False,False,0.6502501964569092,0.0,0.0,1e-06,48.830230712890625,24.61508274078369,28.3828125,0.0,0.0,0.0,0.0,0.0,0.0,0.0,0.0,0.0,0.0,0.0,0.0,0.0,0.0,0.0,0.0,14480.0,14480.0,14480.0,14480.0,14480.0,0.0,0.0,198.0657148716843,73.10704939207062,14480.0,1.0,614.0,614.0,614.0,0.0,0.0625,472.0,291.0,156.0,0.0625,472.0,291.0,156.0,-0.029878973960876465,0.0006089210510253906,0.0004385397769510746,0.0005706364172510803,0.0013501793146133423,0.0004869624972343445,0.0031504034996032715,-0.0019420385360717773,1.0004884004592896,0.6362372636795044,1.9241347312927246,0.6367242336273193,1.925401210784912,0.0006718278376292952,13.317633164995366,0.389191723757974,0.009728067088872194,62.006900016218424,2.8689119266346097,,73.10704939207062,5.635496160015464,2.0855675833299756,0.0,549.0,2.0,2.0,2.0,0.9996670484542847,0.05846017599105835,0.0039784954860806465,0.007727399468421936,1.0
550.0,0,all_fail,False,False,False,False,False,0.7723088264465332,0.0,0.0,1e-06,48.83274841308594,24.61508274078369,28.3828125,0.0,0.0,0.0,0.0,0.0,0.0,0.0,0.0,0.0,0.0,0.0,0.0,0.0,0.0,0.0,0.0,13727.0,13727.0,13727.0,13727.0,13727.0,0.0,0.0,175.99640651091877,77.99591066734865,13727.0,1.0,601.0,601.0,601.0,0.0,0.0625,401.0,256.9375,145.0,0.0625,401.0,256.9375,145.0,-0.0637311339378357,0.0007138252258300781,0.0004243292205501348,0.0004907202091999352,0.0009492635726928711,0.0004331842064857483,0.002847135066986084,-0.0017879009246826172,1.0004339218139648,0.7885791063308716,2.2959718704223633,0.7890123128890991,2.296781301498413,0.00067684541482115,16.2994139584253,0.3881462758898609,0.009291057009249926,67.00689078308642,2.7705663722008467,,77.99591066734865,5.328083929140121,2.382058451883495,0.0,550.0,2.0,2.0,2.0,0.9996930360794067,0.061740100383758545,0.003998070489615202,0.007637195289134979,1.0
551.0,0,all_fail,False,False,False,False,False,0.8417497873306274,0.0,0.0,1e-06,48.838165283203125,24.61508274078369,28.3828125,0.0,0.0,0.0,0.0,0.0,0.0,0.0,0.0,0.0,0.0,0.0,0.0,0.0,0.0,0.0,0.0,13731.0,13731.0,13731.0,13731.0,13731.0,0.0,0.0,118.60596712077034,115.76989196520299,13731.0,1.0,608.0,608.0,608.0,0.0,0.125,512.0,250.1875,146.0,0.125,512.0,250.1875,146.0,0.7389121055603027,0.0010256767272949219,0.00046622336958535016,0.0004178009112365544,0.001795601099729538,0.0007299371063709259,0.005462229251861572,-0.002531886100769043,1.0007325410842896,0.8736175298690796,2.43963885307312,0.874347448348999,2.441601276397705,0.0006956219299840923,26.232800806369777,0.3919250431320202,0.009551584720611572,105.00990162789822,2.783082169946283,,115.76989196520299,5.3815227672457695,2.0855508749373257,0.0,551.0,2.0,2.0,2.0,0.9996871948242188,0.058291852474212646,0.004342634230852127,0.007725819014012814,1.0
552.0,0,all_fail,False,False,False,False,False,0.8290426135063171,0.0,0.0,1e-06,49.471431732177734,24.61508274078369,28.3828125,0.0,0.0,0.0,0.0,0.0,0.0,0.0,0.0,0.0,0.0,0.0,0.0,0.0,0.0,0.0,0.0,9241.0,9241.0,9241.0,9241.0,9241.0,0.0,0.0,45.74086775243733,202.0293985242024,9241.0,1.0,372.0,372.0,372.0,0.0,0.0625,373.0,205.5625,123.0,0.0625,373.0,205.5625,123.0,-0.13811326026916504,0.00038444995880126953,0.0005013939226046205,0.0008076811209321022,0.0013398490846157074,0.0009334497153759003,0.0023494958877563477,-0.002852141857147217,1.0009347200393677,0.8254932165145874,2.35446834564209,0.8264266848564148,2.3567070960998535,0.0012028917929057035,58.68472139767036,0.4366552012766637,0.011115923058241606,193.01404867693782,2.388838694896549,,202.0293985242024,4.035130714997649,2.0754983709193766,0.0,552.0,2.0,2.0,2.0,0.999671220779419,0.06185469031333923,0.004427755251526833,0.007825475186109543,1.0
553.0,0,all_fail,False,False,False,False,False,1.0369408130645752,0.0,0.0,1e-06,48.968109130859375,24.61508274078369,28.3828125,0.0,0.0,0.0,0.0,0.0,0.0,0.0,0.0,0.0,0.0,0.0,0.0,0.0,0.0,0.0,0.0,12954.0,12954.0,12954.0,12954.0,12954.0,0.0,0.0,148.320096163947,87.33813107619062,12954.0,1.0,606.0,606.0,606.0,0.0,0.0625,293.0,203.625,128.0,0.0625,293.0,203.625,128.0,0.3134385347366333,0.0007187128067016602,0.0004895482561551034,0.0006198399350978434,0.0020540952682495117,0.00046872347593307495,0.004296422004699707,-0.00361478328704834,1.000471591949463,1.0367274284362793,2.947021245956421,1.0371960401535034,2.947901725769043,0.0007158730961859769,23.636299262493345,0.3823544810312834,0.009273420087993145,77.00706299720332,2.6424403293058276,,87.33813107619062,4.953019947279245,2.2274840492755175,0.0,553.0,2.0,2.0,2.0,0.9997149109840393,0.04871775209903717,0.004386349115520716,0.00759884063154459,1.0
554.0,3,mixed,True,True,True,True,True,0.6572998762130737,0.15908990800380707,0.004348330199718475,1e-06,48.966102600097656,24.61508274078369,28.3828125,0.0,0.0,0.004348328919149935,0.0,2.015559434890747,-0.00434828968718648,-0.4651290774345398,2.015559434890747,-0.00434828968718648,-0.4651290774345398,1.0,0.1875,0.0,1.0,0.1875,0.0,13646.0,13646.0,13646.0,13646.0,13646.0,0.0,0.0,177.9864095060996,76.66877509281039,13646.0,1.0,581.0,581.0,581.0,0.0,0.0625,451.0,271.875,188.0,0.0625,451.0,271.875,188.0,1.1601297855377197,0.002690553665161133,0.0004022333596367389,-0.000541067449375987,0.0012813042849302292,-0.00053422711789608,0.0022512078285217285,-0.0031290948390960693,0.9994669556617737,0.6744344830513,1.999403476715088,0.6739002466201782,1.9983755350112915,0.0006853887833415737,15.17396139858783,0.3885121988909267,0.009352815337479115,66.00673208385706,2.762399376835674,,76.66877509281039,5.301637466065586,2.0903649423271418,0.0,554.0,2.0,2.0,2.0,0.9996153116226196,0.07441297173500061,0.004361876752227545,0.008161465637385845,1.0
555.0,0,all_fail,False,False,False,False,False,0.8245013952255249,0.0,0.0,1e-06,48.95548629760742,24.61508274078369,28.3828125,0.0,0.0,0.0,0.0,0.0,0.0,0.0,0.0,0.0,0.0,0.0,0.0,0.0,0.0,0.0,0.0,11882.0,11882.0,11882.0,11882.0,11882.0,0.0,0.0,134.88244952983058,88.09151999698952,11882.0,1.0,498.0,498.0,498.0,0.0,0.0625,512.0,244.625,112.0,0.0625,512.0,244.625,112.0,0.03030240535736084,0.0006948709487915039,0.0005151067744009197,0.0006834605592302978,0.00185413658618927,0.0006733760237693787,0.0062424540519714355,-0.003541231155395508,1.0006762742996216,0.8692130446434021,2.485236883163452,0.8698863983154297,2.4865169525146484,0.0008255156455287186,19.93056867194567,0.408927227919578,0.009808776900172234,78.00824578199536,2.622578652109951,,88.09151999698952,4.858873322140425,2.0936775598675013,0.0,555.0,2.0,2.0,2.0,0.9996825456619263,0.060915857553482056,0.004338512197136879,0.007848271168768406,1.0
556.0,0,all_fail,False,False,False,False,False,0.8069812655448914,0.0,0.0,1e-06,48.98766326904297,24.61508274078369,28.3828125,0.0,0.0,0.0,0.0,0.0,0.0,0.0,0.0,0.0,0.0,0.0,0.0,0.0,0.0,0.0,0.0,15896.0,15896.0,15896.0,15896.0,15896.0,0.0,0.0,204.90518618123815,77.5773434350267,15896.0,1.0,702.0,702.0,702.0,0.0,0.0625,468.0,291.5,120.0,0.0625,468.0,291.5,120.0,1.5301494598388672,0.0016208887100219727,0.0004970547743141651,0.00019048208196181804,0.0027186479419469833,-5.127862095832825e-06,0.010008811950683594,-0.006341099739074707,1.0000016689300537,0.8738279938697815,2.460536003112793,0.8738228678703308,2.460155725479126,0.0005758424719798397,14.152203965692511,0.376210088942858,0.009153591934591532,66.00587929598987,2.9906832296401262,,77.5773434350267,5.980235573835671,2.0936017176136374,0.0,556.0,2.0,2.0,2.0,0.9996976256370544,0.059364110231399536,0.004134675487875938,0.007613076828420162,1.0
557.0,0,all_fail,False,False,False,False,False,0.720920979976654,0.0,0.0,1e-06,49.015235900878906,24.61508274078369,28.3828125,0.0,0.0,0.0,0.0,0.0,0.0,0.0,0.0,0.0,0.0,0.0,0.0,0.0,0.0,0.0,0.0,13294.0,13294.0,13294.0,13294.0,13294.0,0.0,0.0,178.43657022580678,74.50266491435468,13294.0,1.0,551.0,551.0,551.0,0.0,0.0625,512.0,279.875,154.0,0.0625,512.0,279.875,154.0,0.13310348987579346,0.0011396408081054688,0.0004684237646870315,0.00036825783899985254,0.0014343895018100739,0.0003589354455471039,0.0036468505859375,-0.0017619729042053223,1.0003604888916016,0.7393640875816345,2.1185741424560547,0.7397230267524719,2.1193437576293945,0.0007980147538345452,14.293551764148567,0.3891882041576542,0.010608808137476444,64.00652479985729,2.721442969981581,,74.50266491435468,5.173867986071855,2.0903536416590214,0.0,557.0,2.0,2.0,2.0,0.9996465444564819,0.06214126944541931,0.004350368399173021,0.008050866425037384,1.0
558.0,4,mixed,True,True,True,True,True,0.9209545254707336,0.15524372458457947,0.07675430178642273,1e-06,49.08938980102539,24.61508274078369,28.3828125,0.0,0.0,0.07675429992377758,0.0,1.6770472526550293,-0.07675422728061676,-0.5590157508850098,1.6770472526550293,-0.07675422728061676,-0.5590157508850098,1.0,0.25,0.0,1.0,0.25,0.0,15386.0,15386.0,15386.0,15386.0,15386.0,0.0,0.0,136.63387281259241,112.60750854294747,15386.0,1.0,653.0,653.0,653.0,0.0,0.1875,512.0,308.625,109.0,0.1875,512.0,308.625,109.0,0.2723574638366699,0.0007053613662719727,0.0005029337480664253,0.0006548642995767295,0.0016908422112464905,0.0005850270390510559,0.0024210214614868164,-0.004004240036010742,1.0005868673324585,1.0026137828826904,2.7891526222229004,1.0031987428665161,2.790640115737915,0.0006636517744883749,20.45560181997158,0.3901708550738135,0.010210946202278137,101.00976178701967,3.0047182575799525,,112.60750854294747,6.003168776165694,2.0822400376200676,0.0,558.0,2.0,2.0,2.0,0.9997224807739258,0.06216728687286377,0.004149514250457287,0.007590149063616991,1.0
559.0,6,mixed,True,True,True,True,True,0.8071359395980835,0.1734558343887329,-0.03157663345336914,1e-06,49.04267120361328,24.61508274078369,28.3828125,0.0,0.0,-0.03157663159072399,0.0,1.2499974966049194,0.031576670706272125,-0.7499985098838806,1.2499974966049194,0.031576670706272125,-0.7499985098838806,1.0,0.375,0.0,1.0,0.375,0.0,16707.0,16707.0,16707.0,16707.0,16707.0,0.0,0.0,214.76819998340045,77.79084613686427,16707.0,1.0,823.0,823.0,823.0,0.0,0.0625,412.0,221.1875,108.0,0.0625,412.0,221.1875,108.0,0.06794083118438721,4.1365623474121094e-05,0.000506530748680234,0.0009916999842971563,0.002228911966085434,0.0011454634368419647,0.005232274532318115,-0.004171133041381836,1.0011491775512695,0.8844067454338074,2.62636661529541,0.8855522871017456,2.629901885986328,0.0005910875884572001,18.65133389569535,0.3672483055067193,0.009875300340354443,66.00707065686584,3.0378076815977693,,77.79084613686427,6.135617440100759,2.1007528929039836,0.0,559.0,2.0,2.0,2.0,0.9996577501296997,0.061128854751586914,0.004651177208870649,0.007914718240499496,1.0
560.0,0,all_fail,False,False,False,False,False,0.8405886888504028,0.0,0.0,1e-06,49.08296203613281,24.61508274078369,28.3828125,0.0,0.0,0.0,0.0,0.0,0.0,0.0,0.0,0.0,0.0,0.0,0.0,0.0,0.0,0.0,0.0,11492.0,11492.0,11492.0,11492.0,11492.0,0.0,0.0,133.9662857637308,85.78277687169611,11492.0,1.0,458.0,458.0,458.0,0.0,0.0625,375.0,260.25,119.0,0.0625,375.0,260.25,119.0,0.19147872924804688,0.000996708869934082,0.0004932299489155412,0.000518141605425626,0.0016271304339170456,0.000565623864531517,0.0033124685287475586,-0.003777444362640381,1.0005676746368408,0.8356828689575195,2.3699967861175537,0.836248517036438,2.3717780113220215,0.0008208851977985701,18.253378689626373,0.3990998049647529,0.009433612693101168,76.00706886360422,2.5235465611331165,,85.78277687169611,4.58645495865494,2.155049992725253,0.0,560.0,2.0,2.0,2.0,0.9996797442436218,0.05667906999588013,0.004245294723659754,0.007856888696551323,1.0
561.0,0,all_fail,False,False,False,False,False,0.8180410861968994,0.0,0.0,1e-06,49.06026077270508,24.61508274078369,28.3828125,0.0,0.0,0.0,0.0,0.0,0.0,0.0,0.0,0.0,0.0,0.0,0.0,0.0,0.0,0.0,0.0,19668.0,19668.0,19668.0,19668.0,19668.0,0.0,0.0,190.9982286555192,102.97477698326111,19668.0,1.0,975.0,975.0,975.0,0.0,0.0625,512.0,254.25,112.0,0.0625,512.0,254.25,112.0,0.11991751194000244,0.001025557518005371,0.0004952976596541703,0.0004772946413140744,0.0014890842139720917,0.00041966512799263,0.004078269004821777,-0.0031886696815490723,1.0004215240478516,0.8151283860206604,2.342296600341797,0.8155480623245239,2.343963146209717,0.0004946390189228927,22.126108993141525,0.3565576346373295,0.009728560224175453,90.00901138409972,3.350620510056615,,102.97477698326111,7.012775558046997,2.092927592806518,0.0,561.0,2.0,2.0,2.0,0.9996411204338074,0.14826706051826477,0.004381941165775061,0.00832094345241785,1.0
562.0,2,mixed,True,True,True,True,True,0.5161774754524231,0.13745185732841492,0.0017979666590690613,1e-06,49.105987548828125,24.61508274078369,28.3828125,0.0,0.0,0.0017979666590690613,0.0,2.561730146408081,-0.0017980315024033189,-0.3659614622592926,2.561730146408081,-0.0017980315024033189,-0.3659614622592926,1.0,0.125,0.0,1.0,0.125,0.0,14974.0,14974.0,14974.0,14974.0,14974.0,0.0,0.0,219.19170680722442,68.31462840503082,14974.0,1.0,656.0,656.0,656.0,0.0,0.125,512.0,279.875,183.0,0.125,512.0,279.875,183.0,0.27973759174346924,0.0012097358703613281,0.0003661495284177363,0.00013019342441111803,0.0012469887733459473,0.00023793429136276245,0.003572404384613037,-0.0027361512184143066,1.0002392530441284,0.5408863425254822,1.733351707458496,0.5411242842674255,1.733898639678955,0.0006151415148424787,12.730267678369577,0.3841418210808618,0.009211129043251276,57.006138663738966,2.908347437158227,,68.31462840503082,5.752139628864825,2.1399188013747334,0.0,562.0,2.0,2.0,2.0,0.9996656179428101,0.05797934532165527,0.00356301199644804,0.007387045305222273,1.0
563.0,0,all_fail,False,False,False,False,False,0.7709857821464539,0.0,0.0,1e-06,49.1154899597168,24.61508274078369,28.3828125,0.0,0.0,0.0,0.0,0.0,0.0,0.0,0.0,0.0,0.0,0.0,0.0,0.0,0.0,0.0,0.0,12194.0,12194.0,12194.0,12194.0,12194.0,0.0,0.0,128.38869470321944,94.97720985626802,12194.0,1.0,487.0,487.0,487.0,0.0,0.0625,467.0,275.125,131.0,0.0625,467.0,275.125,131.0,0.8507308959960938,0.002815723419189453,0.00045871929614804685,-0.0004882992361672223,0.0013963021337985992,-0.0005471669137477875,0.0022720694541931152,-0.003720998764038086,0.9994543790817261,0.7754774689674377,2.215991258621216,0.7749301195144653,2.2144665718078613,0.0007831554081457764,19.31145639797298,0.391946134069036,0.009549797046929598,85.00903106387705,2.5937177087180316,,94.97720985626802,4.779391158837825,2.086950405035168,0.0,563.0,2.0,2.0,2.0,0.9996798038482666,0.05866748094558716,0.0041162921115756035,0.00784879270941019,1.0
564.0,1,mixed,True,True,True,True,True,0.8959328532218933,0.1827198565006256,-0.04050794243812561,1e-06,49.066917419433594,24.61508274078369,28.3828125,0.0,0.0,-0.04050794243812561,0.0,3.7499847412109375,0.04050789028406143,-0.24999898672103882,3.7499847412109375,0.04050789028406143,-0.24999898672103882,1.0,0.0625,0.0,1.0,0.0625,0.0,11020.0,11020.0,11020.0,11020.0,11020.0,0.0,0.0,118.98499567178246,92.61671976186335,11020.0,1.0,428.0,428.0,428.0,0.0,0.0625,387.0,260.75,170.0,0.0625,387.0,260.75,170.0,-0.32858574390411377,-0.0005550980567932129,0.00044759249431081116,0.0011717303423210979,0.0013819001615047455,0.001166556030511856,0.004004776477813721,-0.001008749008178711,1.001167893409729,0.8957714438438416,2.495734214782715,0.8969380259513855,2.498713493347168,0.0010023856562597782,19.896566183623264,0.4096093448555053,0.011046289931982756,83.00847411807626,2.4996001487597823,,92.61671976186335,4.5138949803076684,2.0842886958271265,0.0,564.0,2.0,2.0,2.0,0.9997062087059021,0.05764910578727722,0.0041706617921590805,0.007666191551834345,1.0
565.0,0,all_fail,False,False,False,False,False,0.7430830597877502,0.0,0.0,1e-06,49.05455017089844,24.61508274078369,28.3828125,0.0,0.0,0.0,0.0,0.0,0.0,0.0,0.0,0.0,0.0,0.0,0.0,0.0,0.0,0.0,0.0,13245.0,13245.0,13245.0,13245.0,13245.0,0.0,0.0,156.17055407049884,84.81112255016342,13245.0,1.0,540.0,540.0,540.0,0.0,0.125,512.0,287.8125,137.0,0.125,512.0,287.8125,137.0,0.505649209022522,0.00045168399810791016,0.00040629832074046135,0.0005849538720212877,0.00194479338824749,0.00020328350365161896,0.004743993282318115,-0.003625035285949707,1.0002061128616333,0.806364893913269,2.383129119873047,0.8065681457519531,2.383213758468628,0.000742725569511549,16.071071928967676,0.40706150260465285,0.009837400168180466,74.00728623289615,2.786895425990224,,84.81112255016342,5.391529601998627,2.11368237901479,0.0,565.0,2.0,2.0,2.0,0.9997302889823914,0.062039583921432495,0.00370702869258821,0.007276945747435093,1.0
566.0,4,mixed,True,True,True,True,True,0.7451011538505554,0.168174609541893,-0.007059529423713684,1e-06,49.06724548339844,24.61508274078369,28.3828125,0.0,0.0,-0.007059529423713684,0.0,1.6770472526550293,0.007059547584503889,-0.5590157508850098,1.6770472526550293,0.007059547584503889,-0.5590157508850098,1.0,0.25,0.0,1.0,0.25,0.0,11869.0,11869.0,11869.0,11869.0,11869.0,0.0,0.0,167.56165135677207,70.83362991409376,11869.0,1.0,529.0,529.0,529.0,0.0,0.0625,348.0,212.8125,122.0,0.0625,348.0,212.8125,122.0,0.8022925853729248,0.0018939971923828125,0.0004811921389773488,1.8847609680960886e-05,0.0021810270845890045,-8.935853838920593e-05,0.007190346717834473,-0.004906296730041504,0.999914824962616,0.7496442794799805,2.213866949081421,0.7495549321174622,2.2144312858581543,0.0008918793490807021,17.916735710655498,0.39287685484198775,0.010585715994238853,61.006485094781965,2.5526185859926045,,70.83362991409376,4.663055390119553,2.103732326067984,0.0,566.0,2.0,2.0,2.0,0.9996486306190491,0.09328088164329529,0.004356226418167353,0.008091983385384083,1.0
567.0,0,all_fail,False,False,False,False,False,1.0575183629989624,0.0,0.0,1e-06,49.07568359375,24.61508274078369,28.3828125,0.0,0.0,0.0,0.0,0.0,0.0,0.0,0.0,0.0,0.0,0.0,0.0,0.0,0.0,0.0,0.0,11700.0,11700.0,11700.0,11700.0,11700.0,0.0,0.0,133.0725239311785,87.92198159592226,11700.0,1.0,490.0,490.0,490.0,0.0,0.0625,405.0,241.25,131.0,0.0625,405.0,241.25,131.0,0.5260058641433716,0.0014559030532836914,0.0005312494467943907,0.00033771610469557345,0.0014942176640033722,0.0004730410873889923,0.0025835037231445312,-0.002950429916381836,1.000474452972412,1.057490587234497,2.990194320678711,1.0579638481140137,2.991391897201538,0.0009136566987786538,20.20903360339876,0.4024605266749859,0.010689783375710249,78.0068697091192,2.574089566245675,,87.92198159592226,4.708788162097335,2.1230739429593086,0.0,567.0,2.0,2.0,2.0,0.9996887445449829,0.05789905786514282,0.004652992822229862,0.007888512685894966,1.0
568.0,0,all_fail,False,False,False,False,False,0.7236173748970032,0.0,0.0,1e-06,49.07186508178711,24.61508274078369,28.3828125,0.0,0.0,0.0,0.0,0.0,0.0,0.0,0.0,0.0,0.0,0.0,0.0,0.0,0.0,0.0,0.0,18904.0,18904.0,18904.0,18904.0,18904.0,0.0,0.0,231.361314019441,81.7076963800937,18904.0,1.0,905.0,905.0,905.0,0.0,0.0625,512.0,276.5,131.0,0.0625,512.0,276.5,131.0,-0.07662242650985718,0.0003867149353027344,0.0004774736880790442,0.0007577331271022558,0.0013515464961528778,0.0007903836667537689,0.003931701183319092,-0.001615285873413086,1.0007919073104858,0.7020560503005981,2.047832489013672,0.702846348285675,2.049426317214966,0.0005341113042094246,15.598419663002867,0.36150884828453395,0.010096840094774961,69.00740858912468,3.2735238657332957,,81.7076963800937,6.83396326797083,2.0839738519862294,0.0,568.0,2.0,2.0,2.0,0.9996923804283142,0.05950620770454407,0.003995269536972046,0.007679366040974855,1.0
569.0,0,all_fail,False,False,False,False,False,0.6358420252799988,0.0,0.0,1e-06,49.06416320800781,24.61508274078369,28.3828125,0.0,0.0,0.0,0.0,0.0,0.0,0.0,0.0,0.0,0.0,0.0,0.0,0.0,0.0,0.0,0.0,13462.0,13462.0,13462.0,13462.0,13462.0,0.0,0.0,140.42632446262664,95.8652165220119,13462.0,1.0,517.0,517.0,517.0,0.0,0.1875,512.0,324.375,122.0,0.1875,512.0,324.375,122.0,-0.23264068365097046,-0.0003056526184082031,0.00037609695573337376,0.0009033763781189919,0.0012656748294830322,0.000813506543636322,0.0024139881134033203,-0.0011406540870666504,1.000814437866211,0.658916175365448,1.968266487121582,0.6597297787666321,1.9699852466583252,0.0007956623178749697,16.379318141193632,0.4051814641393395,0.010711206123232841,85.00866115279496,2.8112119561992586,,95.8652165220119,5.454552870243788,2.0857285647653043,0.0,569.0,2.0,2.0,2.0,0.9996827840805054,0.05416238307952881,0.003741480875760317,0.007506305351853371,1.0
570.0,2,mixed,True,True,True,True,True,0.7452919483184814,0.15134988725185394,0.0990428701043129,1e-06,49.10340881347656,24.61508274078369,28.3828125,0.0,0.0,0.09904287103563547,0.0,2.561730146408081,-0.09904288500547409,-0.3659614622592926,2.561730146408081,-0.09904288500547409,-0.3659614622592926,1.0,0.125,0.0,1.0,0.125,0.0,9636.0,9636.0,9636.0,9636.0,9636.0,0.0,0.0,150.32225475855225,64.10228489106521,9636.0,1.0,363.0,363.0,363.0,0.0,0.0625,391.0,239.25,134.0,0.0625,391.0,239.25,134.0,0.7204017639160156,0.002137422561645508,0.0004745918558910489,-0.00011662874021567404,0.0017851237207651138,3.40733677148819e-05,0.003717184066772461,-0.003382563591003418,1.0000362396240234,0.7744642496109009,2.2119452953338623,0.7744983434677124,2.2122530937194824,0.0009641611671029605,14.369354078613314,0.4275912682720274,0.009290657006204128,55.00588741293177,2.358693588990718,,64.10228489106521,4.120269461069256,2.1122468430548906,0.0,570.0,2.0,2.0,2.0,0.9996916651725769,0.05755877494812012,0.004117083735764027,0.007702528033405542,1.0
571.0,5,mixed,True,True,True,True,True,0.8243721723556519,0.1773936003446579,0.13055795431137085,1e-06,49.09990310668945,24.61508274078369,28.3828125,0.0,0.0,0.13055795058608055,0.0,1.4361376762390137,-0.130558043718338,-0.652789831161499,1.4361376762390137,-0.130558043718338,-0.652789831161499,1.0,0.3125,0.0,1.0,0.3125,0.0,11968.0,11968.0,11968.0,11968.0,11968.0,0.0,0.0,199.8310611455899,59.890589237678796,11968.0,1.0,534.0,534.0,534.0,0.0,0.0625,350.0,214.0,70.0,0.0625,350.0,214.0,70.0,0.030550241470336914,0.0008630752563476562,0.00048095223610289395,0.0005362443043850362,0.0015701688826084137,0.0005711577832698822,0.0036009550094604492,-0.0026124119758605957,1.0005730390548706,0.8323146104812622,2.3976221084594727,0.8328857421875,2.3991572856903076,0.0008527637878930904,14.604405126132933,0.39435725500850743,0.010205877013504505,50.00548315187916,2.5740231801755726,,59.890589237678796,4.719667627941817,2.0833421829156578,0.0,571.0,2.0,2.0,2.0,0.999677836894989,0.060238540172576904,0.004382769111543894,0.007818440906703472,1.0
572.0,15,mixed,True,True,True,True,True,0.6710514426231384,0.15462975203990936,0.02740935981273651,1e-06,49.079185485839844,24.61508274078369,28.3828125,0.0,0.0,0.02740935981273651,0.0,0.24999898672103882,-0.027409402653574944,-3.7499847412109375,0.24999898672103882,-0.027409402653574944,-3.7499847412109375,1.0,0.9375,0.0,1.0,0.9375,0.0,8418.0,8418.0,8418.0,8418.0,8418.0,0.0,0.0,134.21223561975157,62.72155412007123,8418.0,1.0,281.0,281.0,281.0,0.0,0.0625,512.0,245.125,103.0,0.0625,512.0,245.125,103.0,0.28681182861328125,0.001402139663696289,0.0004170446190983057,0.00013530542491935194,0.0016742125153541565,0.00014179199934005737,0.004182755947113037,-0.0025224685668945312,1.0001437664031982,0.7092588543891907,2.0522570610046387,0.7094005942344666,2.0525107383728027,0.0011493442710652775,13.770057553708485,0.458163128219621,0.009675180073827505,54.00616572564468,2.2601056057028472,,62.72155412007123,3.8568172133527696,2.09015245269984,0.0,572.0,2.0,2.0,2.0,0.9996969103813171,0.059669047594070435,0.003799383295699954,0.007508751470595598,1.0
573.0,11,mixed,True,True,True,True,True,0.48895883560180664,0.13043220341205597,0.06985953450202942,1e-06,49.1037483215332,24.61508274078369,28.3828125,0.0,0.0,0.06985953822731972,0.0,0.652789831161499,-0.06985949724912643,-1.4361376762390137,0.652789831161499,-0.06985949724912643,-1.4361376762390137,1.0,0.6875,0.0,1.0,0.6875,0.0,15982.0,15982.0,15982.0,15982.0,15982.0,0.0,0.0,232.86121625038808,68.63315522158518,15982.0,1.0,680.0,680.0,680.0,0.0,0.0625,512.0,318.875,192.0,0.0625,512.0,318.875,192.0,-0.08526372909545898,-4.565715789794922e-05,0.0003460848529357463,0.0007146032294258475,0.001313650980591774,0.0008941609412431717,0.0035594701766967773,-0.001222848892211914,1.000895619392395,0.5147181153297424,1.6922438144683838,0.5156122446060181,1.6938772201538086,0.0006338071726992616,11.173306044424043,0.37687095795854686,0.0101295062340796,57.00620743865147,2.999825031030923,,68.63315522158518,6.023151650093496,2.0962460609152913,0.0,573.0,2.0,2.0,2.0,0.9996665120124817,0.06015205383300781,0.0033929948695003986,0.007204586640000343,1.0
574.0,0,all_fail,False,False,False,False,False,0.8579912781715393,0.0,0.0,1e-06,49.138126373291016,24.61508274078369,28.3828125,0.0,0.0,0.0,0.0,0.0,0.0,0.0,0.0,0.0,0.0,0.0,0.0,0.0,0.0,0.0,0.0,29677.0,29677.0,29677.0,29677.0,29677.0,0.0,0.0,202.40661080330625,146.62070513516665,29677.0,1.0,1544.0,1544.0,1544.0,0.0,0.0625,512.0,310.8125,112.0,0.0625,512.0,310.8125,112.0,0.33295249938964844,0.0006633996963500977,0.0005112033686600626,0.000694182759616524,0.001618761569261551,0.0006926991045475006,0.004949510097503662,-0.003458678722381592,1.000694990158081,0.8701537251472473,2.559224843978882,0.8708464503288269,2.5614888668060303,0.000387474172863954,25.942787495732947,0.3574500954224311,0.011499071028083563,129.01348221627995,4.379828142002225,,146.62070513516665,10.608046481851488,2.1076946170069277,0.0,574.0,2.0,2.0,2.0,0.9996816515922546,0.08887279033660889,0.004334119148552418,0.0078028528951108456,1.0
575.0,0,all_fail,False,False,False,False,False,0.7646098732948303,0.0,0.0,1e-06,49.06319046020508,24.61508274078369,28.3828125,0.0,0.0,0.0,0.0,0.0,0.0,0.0,0.0,0.0,0.0,0.0,0.0,0.0,0.0,0.0,0.0,14978.0,14978.0,14978.0,14978.0,14978.0,0.0,0.0,207.09438367573182,72.32451085420325,14978.0,1.0,646.0,646.0,646.0,0.0,0.0625,512.0,290.125,164.0,0.0625,512.0,290.125,164.0,-0.105682373046875,0.0006835460662841797,0.0004474212764762342,0.0005555987008847296,0.0010896455496549606,0.0006202850490808487,0.0035976171493530273,-0.0012001991271972656,1.0006214380264282,0.776140570640564,2.2079362869262695,0.7767608761787415,2.2092227935791016,0.0006382264438626094,13.142313257875768,0.3867911522227329,0.009559355676174164,61.00661814305931,2.924328925088048,,72.32451085420325,5.793357877992094,2.091303539928049,0.0,575.0,2.0,2.0,2.0,0.999679684638977,0.0699387788772583,0.004159233998507261,0.00778335751965642,1.0
576.0,2,mixed,True,True,True,True,True,0.6037054061889648,0.14675942063331604,0.04560881108045578,1e-06,49.09648132324219,24.61508274078369,28.3828125,0.0,0.0,0.04560880921781063,0.0,2.561730146408081,-0.04560881480574608,-0.3659614622592926,2.561730146408081,-0.04560881480574608,-0.3659614622592926,1.0,0.125,0.0,1.0,0.125,0.0,10730.0,10730.0,10730.0,10730.0,10730.0,0.0,0.0,193.79511498523976,55.367752694990486,10730.0,1.0,461.0,461.0,461.0,0.0,0.0625,406.0,209.625,90.0,0.0625,406.0,209.625,90.0,0.4107307195663452,0.0013555288314819336,0.00039520938298664987,0.00011472861660877243,0.0015954896807670593,-6.819888949394226e-05,0.0032836198806762695,-0.004136085510253906,0.9999338388442993,0.6152151823043823,1.8877445459365845,0.6151469945907593,1.8876376152038574,0.0009237236594165027,13.716437066802461,0.40411434556424397,0.009911554865539074,46.00492992205545,2.4319950342178345,,55.367752694990486,4.336146927904338,2.0836462317965925,0.0,576.0,2.0,2.0,2.0,0.9996275305747986,0.062173038721084595,0.0041101290844380856,0.007842411287128925,1.0
577.0,0,all_fail,False,False,False,False,False,0.7844451069831848,0.0,0.0,1e-06,49.06525421142578,24.61508274078369,28.3828125,0.0,0.0,0.0,0.0,0.0,0.0,0.0,0.0,0.0,0.0,0.0,0.0,0.0,0.0,0.0,0.0,12929.0,12929.0,12929.0,12929.0,12929.0,0.0,0.0,158.11024618207128,81.77205660101026,12929.0,1.0,508.0,508.0,508.0,0.0,0.1875,512.0,300.0625,130.0,0.1875,512.0,300.0625,130.0,0.06080460548400879,0.0009576082229614258,0.00043224130058661103,0.00038620064151473343,0.0011853128671646118,0.00046622008085250854,0.00209885835647583,-0.0022910237312316895,1.000467300415039,0.7888936996459961,2.218528985977173,0.7893599271774292,2.2195091247558594,0.0007801802084224481,14.790250575047711,0.4152752789611472,0.010086949914693832,71.00799301080406,2.786078534089029,,81.77205660101026,5.369094081688672,2.0993148875422776,0.0,577.0,2.0,2.0,2.0,0.9996892809867859,0.05405771732330322,0.00410555861890316,0.00761054502800107,1.0
578.0,11,mixed,True,True,True,True,True,0.7446870803833008,0.18557733297348022,-0.03766259551048279,1e-06,49.09108352661133,24.61508274078369,28.3828125,0.0,0.0,-0.03766259551048279,0.0,0.652789831161499,0.03766267001628876,-1.4361376762390137,0.652789831161499,0.03766267001628876,-1.4361376762390137,1.0,0.6875,0.0,1.0,0.6875,0.0,8506.0,8506.0,8506.0,8506.0,8506.0,0.0,0.0,153.20022888456307,55.52211026009172,8506.0,1.0,344.0,344.0,344.0,0.0,0.0625,271.0,187.625,56.0,0.0625,271.0,187.625,56.0,-0.2652323842048645,-0.000893712043762207,0.000475896435091272,0.0013945348327979445,0.0017412230372428894,0.0013703927397727966,0.0033698081970214844,-0.0025752782821655273,1.0013725757598877,0.7454609870910645,2.209773302078247,0.7468314170837402,2.2130303382873535,0.0012240063507690615,15.657992143932232,0.43710288598252317,0.010411398019641638,47.00529241608456,2.2049146499484777,,55.52211026009172,3.717997148167342,2.0794376200065017,0.0,578.0,2.0,2.0,2.0,0.999704122543335,0.06055799126625061,0.003943071700632572,0.007638780865818262,1.0
579.0,0,all_fail,False,False,False,False,False,0.7337434887886047,0.0,0.0,1e-06,49.09569549560547,24.61508274078369,28.3828125,0.0,0.0,0.0,0.0,0.0,0.0,0.0,0.0,0.0,0.0,0.0,0.0,0.0,0.0,0.0,0.0,16162.0,16162.0,16162.0,16162.0,16162.0,0.0,0.0,149.97210020848593,107.76671112515032,16162.0,1.0,689.0,689.0,689.0,0.0,0.1875,512.0,321.125,130.0,0.1875,512.0,321.125,130.0,0.5303037166595459,0.0007207393646240234,0.00045401338138617575,0.0005472602206282318,0.002018395811319351,1.788511872291565e-05,0.003102242946624756,-0.007582247257232666,1.0000214576721191,0.7614285945892334,2.1845703125,0.7614465355873108,2.1844115257263184,0.000630633481646245,18.686315735911535,0.37921394432158795,0.010192298330366611,96.01029025111347,3.036828650161624,,107.76671112515032,6.128855768125504,2.084724618587643,0.0,579.0,2.0,2.0,2.0,0.999701201915741,0.059918731451034546,0.0040092687122523785,0.007465077564120293,1.0
580.0,0,all_fail,False,False,False,False,False,0.890461802482605,0.0,0.0,1e-06,49.15876770019531,24.61508274078369,28.3828125,0.0,0.0,0.0,0.0,0.0,0.0,0.0,0.0,0.0,0.0,0.0,0.0,0.0,0.0,0.0,0.0,15817.0,15817.0,15817.0,15817.0,15817.0,0.0,0.0,147.0354880963773,107.57266973285004,15817.0,1.0,717.0,717.0,717.0,0.0,0.0625,419.0,271.5625,137.0,0.0625,419.0,271.5625,137.0,0.5080971717834473,0.0006707906723022461,0.0004885176313109696,0.000639668432995677,0.002418927848339081,0.00032050907611846924,0.004852116107940674,-0.005196928977966309,1.000325083732605,0.9352719783782959,2.6893677711486816,0.935592532157898,2.689535140991211,0.0006502876707679547,22.096688142935857,0.37415390496234713,0.01028560008853674,96.0101099810563,2.998004963155836,,107.57266973285004,5.917992314789444,2.1262527890503407,0.0,580.0,2.0,2.0,2.0,0.9996666312217712,0.06200096011161804,0.004477301612496376,0.008020943962037563,1.0
581.0,1,mixed,True,True,True,True,True,0.7668202519416809,0.1491180807352066,0.0699075236916542,1e-06,49.02875518798828,24.61508274078369,28.3828125,0.0,0.0,0.0699075236916542,0.0,3.7499847412109375,-0.06990750133991241,-0.24999898672103882,3.7499847412109375,-0.06990750133991241,-0.24999898672103882,1.0,0.0625,0.0,1.0,0.0625,0.0,11911.0,11911.0,11911.0,11911.0,11911.0,0.0,0.0,154.73006377918884,76.97922245413065,11911.0,1.0,514.0,514.0,514.0,0.0,0.0625,512.0,230.4375,131.0,0.0625,512.0,230.4375,131.0,0.6197524070739746,0.0021239519119262695,0.00046536067384295166,-0.00012408934708219022,0.0015649665147066116,-0.00018419884145259857,0.002643883228302002,-0.005887925624847412,0.9998177886009216,0.7704545855522156,2.2133116722106934,0.7702704668045044,2.212677001953125,0.0008217740659148874,18.173901505029708,0.4009729014427638,0.009788150899112225,67.00717484904453,2.589378075208515,,76.97922245413065,4.77598822908476,2.0977066550403833,0.0,581.0,2.0,2.0,2.0,0.9996662139892578,0.06228092312812805,0.004296391271054745,0.00781297404319048,1.0
582.0,0,all_fail,False,False,False,False,False,0.8118796348571777,0.0,0.0,1e-06,49.081321716308594,24.61508274078369,28.3828125,0.0,0.0,0.0,0.0,0.0,0.0,0.0,0.0,0.0,0.0,0.0,0.0,0.0,0.0,0.0,0.0,15111.0,15111.0,15111.0,15111.0,15111.0,0.0,0.0,187.3146096902261,80.67176407109946,15111.0,1.0,689.0,689.0,689.0,0.0,0.0625,472.0,255.4375,93.0,0.0625,472.0,255.4375,93.0,0.5086722373962402,0.002753019332885742,0.00045600871089845896,-0.00045956834219396114,0.0010294057428836823,-0.00048634782433509827,0.0012835264205932617,-0.0024320483207702637,0.9995144009590149,0.9033232927322388,2.675377130508423,0.9028369784355164,2.6746904850006104,0.0006357466071167628,16.884612737705233,0.38175906114027286,0.009606766980141401,69.00741225900128,2.9176007071509957,,80.67176407109946,5.768761172890663,2.469534521922469,0.0,582.0,2.0,2.0,2.0,0.9996806383132935,0.061381131410598755,0.004312559496611357,0.007875547744333744,1.0
583.0,0,all_fail,False,False,False,False,False,0.6861242651939392,0.0,0.0,1e-06,49.09053039550781,24.61508274078369,28.3828125,0.0,0.0,0.0,0.0,0.0,0.0,0.0,0.0,0.0,0.0,0.0,0.0,0.0,0.0,0.0,0.0,11011.0,11011.0,11011.0,11011.0,11011.0,0.0,0.0,172.68186452690966,63.764657801017165,11011.0,1.0,401.0,401.0,401.0,0.0,0.0625,493.0,287.1875,168.0,0.0625,493.0,287.1875,168.0,-0.31763237714767456,-0.0019259452819824219,0.0004308603529352695,0.0018221128266304731,0.002372240647673607,0.0017179902642965317,0.007968544960021973,-0.0033545494079589844,1.0017225742340088,0.7436395287513733,2.1486847400665283,0.7453575730323792,2.152167558670044,0.0008745160843287552,11.753165286532942,0.4204541324927013,0.009629296604543924,54.00579449161887,2.541089231148362,,63.764657801017165,4.629620452877134,2.084187726955861,0.0,583.0,2.0,2.0,2.0,0.9996340870857239,0.06013178825378418,0.004346075002104044,0.00808348786085844,1.0
584.0,0,all_fail,False,False,False,False,False,0.7401536703109741,0.0,0.0,1e-06,49.02349090576172,24.61508274078369,28.3828125,0.0,0.0,0.0,0.0,0.0,0.0,0.0,0.0,0.0,0.0,0.0,0.0,0.0,0.0,0.0,0.0,21136.0,21136.0,21136.0,21136.0,21136.0,0.0,0.0,232.97174857649986,90.72344663739204,21136.0,1.0,1058.0,1058.0,1058.0,0.0,0.0625,475.0,263.0,59.0,0.0625,475.0,263.0,59.0,0.6660418510437012,0.0015704631805419922,0.0004426195228006691,0.00010423827916383743,0.0014954041689634323,-0.00020868144929409027,0.003072679042816162,-0.005556344985961914,0.9997934103012085,0.7844674587249756,2.224318027496338,0.7842587232589722,2.2238903045654297,0.00045006982996258926,18.300351724953714,0.3598572595191613,0.009512675926089287,77.00788005860522,3.5103801651857793,,90.72344663739204,7.605943037196994,2.091857369057834,0.0,584.0,2.0,2.0,2.0,0.9996731281280518,0.05925488471984863,0.004252695478498936,0.00773314805701375,1.0
585.0,0,all_fail,False,False,False,False,False,0.7183325886726379,0.0,0.0,1e-06,49.04365921020508,24.61508274078369,28.3828125,0.0,0.0,0.0,0.0,0.0,0.0,0.0,0.0,0.0,0.0,0.0,0.0,0.0,0.0,0.0,0.0,16518.0,16518.0,16518.0,16518.0,16518.0,0.0,0.0,172.2470715032953,95.89713111426681,16518.0,1.0,698.0,698.0,698.0,0.0,0.0625,512.0,334.375,118.0,0.0625,512.0,334.375,118.0,0.4666900634765625,0.00040853023529052734,0.00047535094199702144,0.0007470419513992965,0.0015382766723632812,0.0008130744099617004,0.005124270915985107,-0.002524435520172119,1.0008151531219482,0.7520394325256348,2.1472487449645996,0.7528525590896606,2.148787021636963,0.00063095133869357,15.702635363423239,0.3766632463917441,0.010422054212540388,84.00909919431433,3.073475993704051,,95.89713111426681,6.221723503898829,2.082897710148245,0.0,585.0,2.0,2.0,2.0,0.99967360496521,0.061197519302368164,0.0041864062659442425,0.007805578876286745,1.0
586.0,0,all_fail,False,False,False,False,False,0.6316950917243958,0.0,0.0,1e-06,49.03746795654297,24.61508274078369,28.3828125,0.0,0.0,0.0,0.0,0.0,0.0,0.0,0.0,0.0,0.0,0.0,0.0,0.0,0.0,0.0,0.0,9799.0,9799.0,9799.0,9799.0,9799.0,0.0,0.0,137.44675927238447,71.29305959539488,9799.0,1.0,354.0,354.0,354.0,0.0,0.0625,508.0,258.4375,130.0,0.0625,508.0,258.4375,130.0,0.31329286098480225,0.0017659664154052734,0.0004091754381079227,-6.391773058567196e-05,0.0012707095593214035,-0.000138917937874794,0.004528403282165527,-0.002641916275024414,0.9998626708984375,0.713995635509491,2.1364078521728516,0.7138566970825195,2.136017322540283,0.0010397421514115681,14.995715258352485,0.4346434772850993,0.010188433341681957,62.00728259328753,2.408948772121221,,71.29305959539488,4.259071433916688,2.1059357807971537,0.0,586.0,2.0,2.0,2.0,0.9996462464332581,0.058635830879211426,0.00397097272798419,0.00792737677693367,1.0
587.0,0,all_fail,False,False,False,False,False,0.7093315720558167,0.0,0.0,1e-06,49.034706115722656,24.61508274078369,28.3828125,0.0,0.0,0.0,0.0,0.0,0.0,0.0,0.0,0.0,0.0,0.0,0.0,0.0,0.0,0.0,0.0,10889.0,10889.0,10889.0,10889.0,10889.0,0.0,0.0,109.17883170597325,99.73545081820339,10889.0,1.0,406.0,406.0,406.0,0.0,0.125,512.0,274.5625,143.0,0.125,512.0,274.5625,143.0,0.938534140586853,0.0025464296340942383,0.0004002505447715521,-0.0004703304439317435,0.0015118950977921486,-0.0007438687607645988,0.002515852451324463,-0.004942774772644043,0.9992580413818359,0.7517732381820679,2.1908624172210693,0.751029372215271,2.1888351440429688,0.0008706502744356499,20.489114216040594,0.4218847018984989,0.009480510838329792,90.00867875106633,2.5247319540940225,,99.73545081820339,4.5939025189727545,2.101796038914472,0.0,587.0,2.0,2.0,2.0,0.9996891021728516,0.06194436550140381,0.003880143631249666,0.00765171367675066,1.0
588.0,1,mixed,True,True,True,True,True,0.8354055881500244,0.14009296894073486,0.046643950045108795,1e-06,49.044960021972656,24.61508274078369,28.3828125,0.0,0.0,0.046643950045108795,0.0,3.7499847412109375,-0.04664398729801178,-0.24999898672103882,3.7499847412109375,-0.04664398729801178,-0.24999898672103882,1.0,0.0625,0.0,1.0,0.0625,0.0,16441.0,16441.0,16441.0,16441.0,16441.0,0.0,0.0,232.5240812299518,70.70665503991768,16441.0,1.0,778.0,778.0,778.0,0.0,0.0625,437.0,249.5625,137.0,0.0625,437.0,249.5625,137.0,0.24593043327331543,0.0003370046615600586,0.0004651904455386102,0.0007592810434289277,0.002227421849966049,0.0010430999100208282,0.003970623016357422,-0.002505064010620117,1.0010461807250977,0.8417413830757141,2.3458151817321777,0.8427844643592834,2.348649024963379,0.0005638857680431183,14.777482487144676,0.367985250829715,0.009270845912396908,59.00648757116869,3.0078639942221344,,70.70665503991768,6.050045508891344,2.134792188182473,0.0,588.0,2.0,2.0,2.0,0.999692440032959,0.05985993146896362,0.004201789852231741,0.007702643051743507,1.0
589.0,0,all_fail,False,False,False,False,False,0.7968935370445251,0.0,0.0,1e-06,49.03120803833008,24.61508274078369,28.3828125,0.0,0.0,0.0,0.0,0.0,0.0,0.0,0.0,0.0,0.0,0.0,0.0,0.0,0.0,0.0,0.0,9118.0,9118.0,9118.0,9118.0,9118.0,0.0,0.0,119.91768700529168,76.0354892401956,9118.0,1.0,340.0,340.0,340.0,0.0,0.0625,503.0,229.875,134.0,0.0625,503.0,229.875,134.0,0.08658766746520996,0.0003801584243774414,0.00044939739746041596,0.0007090812432579696,0.0017083454877138138,0.0006133038550615311,0.0042841434478759766,-0.0029709339141845703,1.0006154775619507,0.8087500929832458,2.29084849357605,0.8093633651733398,2.2921721935272217,0.0011131880765265607,18.21845930723991,0.44661809551997594,0.01015004888176918,67.00749333202839,2.3434213269501925,,76.0354892401956,4.072263794951141,2.0997396390885115,0.0,589.0,2.0,2.0,2.0,0.9996989369392395,0.08211535215377808,0.004033513832837343,0.00759988883510232,1.0
590.0,0,all_fail,False,False,False,False,False,0.9257136583328247,0.0,0.0,1e-06,49.06086730957031,24.61508274078369,28.3828125,0.0,0.0,0.0,0.0,0.0,0.0,0.0,0.0,0.0,0.0,0.0,0.0,0.0,0.0,0.0,0.0,17559.0,17559.0,17559.0,17559.0,17559.0,0.0,0.0,154.98123863596177,113.29758462728932,17559.0,1.0,812.0,812.0,812.0,0.0,0.0625,512.0,285.4375,144.0,0.0625,512.0,285.4375,144.0,0.5295411348342896,0.002093791961669922,0.0004913065349683166,-6.344311987049878e-05,0.0016284584999084473,-0.00018819421529769897,0.0039566755294799805,-0.003423929214477539,0.9998137950897217,0.9998897314071655,2.802131414413452,0.9997014403343201,2.801598072052002,0.0005919423750551586,22.117562840613374,0.3706467881244162,0.01039391616359353,101.01090949308127,3.1676035220734775,,113.29758462728932,6.508186952676624,2.10156151978299,0.0,590.0,2.0,2.0,2.0,0.9996974468231201,0.06283065676689148,0.004401452373713255,0.0077465372160077095,1.0
591.0,1,mixed,True,True,True,True,True,0.9632140398025513,0.18302401900291443,0.003763444721698761,1e-06,49.077125549316406,24.61508274078369,28.3828125,0.0,0.0,0.003763444721698761,0.0,3.7499847412109375,-0.0037633890751749277,-0.24999898672103882,3.7499847412109375,-0.0037633890751749277,-0.24999898672103882,1.0,0.0625,0.0,1.0,0.0625,0.0,12104.0,12104.0,12104.0,12104.0,12104.0,0.0,0.0,100.7604195876574,120.1265343031846,12104.0,1.0,524.0,524.0,524.0,0.0,0.0625,451.0,232.5,108.0,0.0625,451.0,232.5,108.0,0.4072023630142212,0.001629471778869629,0.0005201618769206107,0.00023016285558696836,0.001848272979259491,0.0002617761492729187,0.005444705486297607,-0.003408074378967285,1.0002645254135132,0.9746561646461487,2.777672052383423,0.9749178290367126,2.7778453826904297,0.0008045449811086226,29.572979343919865,0.4014418904315028,0.009738212451338768,110.0114831593819,2.618449487257749,,120.1265343031846,4.85905264178291,2.1273584067821503,0.0,591.0,2.0,2.0,2.0,0.9997121691703796,0.056533098220825195,0.004303888417780399,0.007702857255935669,1.0
592.0,0,all_fail,False,False,False,False,False,0.8466994762420654,0.0,0.0,1e-06,49.098777770996094,24.61508274078369,28.3828125,0.0,0.0,0.0,0.0,0.0,0.0,0.0,0.0,0.0,0.0,0.0,0.0,0.0,0.0,0.0,0.0,11961.0,11961.0,11961.0,11961.0,11961.0,0.0,0.0,153.5851626644774,77.87861660914496,11961.0,1.0,503.0,503.0,503.0,0.0,0.0625,388.0,244.5625,107.0,0.0625,388.0,244.5625,107.0,0.09690678119659424,0.0008705854415893555,0.0005307600367814302,0.0006266680429689586,0.001778092235326767,0.0008220337331295013,0.00547480583190918,-0.0025380849838256836,1.0008243322372437,0.8821336627006531,2.463615894317627,0.8829556107521057,2.465871810913086,0.0008723200075767499,17.379844316666713,0.3932761249930008,0.010433819610625505,68.00733081111684,2.5658627562224865,,77.87861660914496,4.703975731041282,2.0923250559717417,0.0,592.0,2.0,2.0,2.0,0.9996090531349182,0.05957973003387451,0.004937860183417797,0.008503538556396961,1.0
593.0,1,mixed,True,True,True,True,True,0.8339049220085144,0.17848482728004456,-0.018412336707115173,1e-06,49.04852294921875,24.61508274078369,28.3828125,0.0,0.0,-0.018412340432405472,0.0,3.7499847412109375,0.018412364646792412,-0.24999898672103882,3.7499847412109375,0.018412364646792412,-0.24999898672103882,1.0,0.0625,0.0,1.0,0.0625,0.0,17848.0,17848.0,17848.0,17848.0,17848.0,0.0,0.0,157.4180283932067,113.37964388309047,17848.0,1.0,810.0,810.0,810.0,0.0,0.125,512.0,305.5,157.0,0.125,512.0,305.5,157.0,0.7672508955001831,0.00305330753326416,0.0004616231599356979,-0.0005995663232170045,0.0011043064296245575,-0.0005952827632427216,0.002568662166595459,-0.0023360252380371094,0.9994055032730103,0.9099594354629517,2.769606113433838,0.9093642830848694,2.7673139572143555,0.0006150589326621171,20.66493783345821,0.36881486060271473,0.010977571830153465,101.01021612994373,3.192681489046663,,113.37964388309047,6.582607632037252,2.0872717830352485,0.0,593.0,2.0,2.0,2.0,0.9996872544288635,0.05468791723251343,0.004315863363444805,0.007713682483881712,1.0
594.0,0,all_fail,False,False,False,False,False,0.8909775614738464,0.0,0.0,1e-06,49.07807540893555,24.61508274078369,28.3828125,0.0,0.0,0.0,0.0,0.0,0.0,0.0,0.0,0.0,0.0,0.0,0.0,0.0,0.0,0.0,0.0,11828.0,11828.0,11828.0,11828.0,11828.0,0.0,0.0,171.78586372336463,68.85316255735233,11828.0,1.0,534.0,534.0,534.0,0.0,0.0625,455.0,205.25,69.0,0.0625,455.0,205.25,69.0,0.06990563869476318,0.0006403923034667969,0.0004471785214263946,0.0005742463399656117,0.0020850785076618195,0.0005095042288303375,0.004296541213989258,-0.005206108093261719,1.000512719154358,1.0087599754333496,3.583972692489624,1.0092694759368896,3.5798428058624268,0.0008784763569797783,17.96798257967718,0.3973992398442712,0.010390618350356817,59.00685479165986,2.5582654322497547,,68.85316255735233,4.70043820887804,2.0778728327713907,0.0,594.0,2.0,2.0,2.0,0.9997154474258423,0.053956568241119385,0.0041193971410393715,0.007513232994824648,1.0
595.0,0,all_fail,False,False,False,False,False,0.60821932554245,0.0,0.0,1e-06,49.06366729736328,24.61508274078369,28.3828125,0.0,0.0,0.0,0.0,0.0,0.0,0.0,0.0,0.0,0.0,0.0,0.0,0.0,0.0,0.0,0.0,15758.0,15758.0,15758.0,15758.0,15758.0,0.0,0.0,208.66408091989783,75.51850769203156,15758.0,1.0,678.0,678.0,678.0,0.0,0.125,512.0,306.875,141.0,0.125,512.0,306.875,141.0,0.2937222719192505,0.001051187515258789,0.00042802104144357145,0.00033339206129312515,0.0016285385936498642,0.0002849046140909195,0.005624353885650635,-0.0040468573570251465,1.000287413597107,0.6447013020515442,1.9900511503219604,0.6449861526489258,1.9904768466949463,0.0005975933427536967,13.036053139117001,0.37742806282941727,0.009416875895112753,64.00702091306448,2.975303100887686,,75.51850769203156,5.947511414065957,2.0802651192061603,0.0,595.0,2.0,2.0,2.0,0.9996510148048401,0.0908994972705841,0.0038975973147898912,0.0077127013355493546,1.0
596.0,0,all_fail,False,False,False,False,False,0.8209348917007446,0.0,0.0,1e-06,49.059993743896484,24.61508274078369,28.3828125,0.0,0.0,0.0,0.0,0.0,0.0,0.0,0.0,0.0,0.0,0.0,0.0,0.0,0.0,0.0,0.0,17110.0,17110.0,17110.0,17110.0,17110.0,0.0,0.0,205.84149105136834,83.12221172032878,17110.0,1.0,762.0,762.0,762.0,0.0,0.0625,512.0,307.375,118.0,0.0625,512.0,307.375,118.0,0.42569124698638916,0.0011349916458129883,0.00047063457896001637,0.0003791082708630711,0.0017176158726215363,0.0002965368330478668,0.0032216906547546387,-0.002845287322998047,1.0002985000610352,0.8365821838378906,2.3659117221832275,0.8368787169456482,2.36665940284729,0.000597752248601632,14.438404276135335,0.3729730447147897,0.010227540973573923,71.00807223003358,3.135433225892484,,83.12221172032878,6.381568795070052,2.0887746289372444,0.0,596.0,2.0,2.0,2.0,0.9996954202651978,0.1326451599597931,0.004106121137738228,0.007728905882686377,1.0
597.0,0,all_fail,False,False,False,False,False,0.7879917025566101,0.0,0.0,1e-06,49.06998062133789,24.61508274078369,28.3828125,0.0,0.0,0.0,0.0,0.0,0.0,0.0,0.0,0.0,0.0,0.0,0.0,0.0,0.0,0.0,0.0,15499.0,15499.0,15499.0,15499.0,15499.0,0.0,0.0,192.79769130438387,80.3899667840451,15499.0,1.0,754.0,754.0,754.0,0.0,0.0625,438.0,214.6875,83.0,0.0625,438.0,214.6875,83.0,-0.0023734569549560547,0.0007233619689941406,0.0004400437173899263,0.0005198451108299196,0.00138130784034729,0.0004147365689277649,0.004036068916320801,-0.0032502412796020508,1.0004162788391113,0.9001498222351074,2.5571281909942627,0.9005646109580994,2.5583927631378174,0.0006188095301914633,20.0895499805425,0.37646413433974046,0.00959092890843749,69.0076041831635,2.9382813228294253,,80.3899667840451,5.834817618131638,2.0995585559867322,0.0,597.0,2.0,2.0,2.0,0.9997398257255554,0.05475294589996338,0.0037248856388032436,0.00726204551756382,1.0
598.0,0,all_fail,False,False,False,False,False,0.8137983083724976,0.0,0.0,1e-06,49.08442306518555,24.61508274078369,28.3828125,0.0,0.0,0.0,0.0,0.0,0.0,0.0,0.0,0.0,0.0,0.0,0.0,0.0,0.0,0.0,0.0,13335.0,13335.0,13335.0,13335.0,13335.0,0.0,0.0,155.9897529463342,85.48638451006263,13335.0,1.0,576.0,576.0,576.0,0.0,0.0625,409.0,257.4375,112.0,0.0625,409.0,257.4375,112.0,0.29931139945983887,0.001054525375366211,0.0004723618912976235,0.00041532525210641325,0.0014674849808216095,0.0005080141127109528,0.0032768845558166504,-0.002375364303588867,1.00050950050354,0.8670074939727783,2.4255146980285645,0.8675154447555542,2.4266839027404785,0.000832123799933268,18.21034535802729,0.38709370988582825,0.011096370872110128,75.0084125297144,2.7132108379155397,,85.48638451006263,5.161894621327519,2.0875050839968026,0.0,598.0,2.0,2.0,2.0,0.9996842741966248,0.06229856610298157,0.004308818839490414,0.007741122506558895,1.0
599.0,0,all_fail,False,False,False,False,False,0.847720205783844,0.0,0.0,1e-06,49.100135803222656,24.61508274078369,28.3828125,0.0,0.0,0.0,0.0,0.0,0.0,0.0,0.0,0.0,0.0,0.0,0.0,0.0,0.0,0.0,0.0,18642.0,18642.0,18642.0,18642.0,18642.0,0.0,0.0,268.27834983388425,69.48753043822944,18642.0,1.0,933.0,933.0,933.0,0.0,0.0625,395.0,232.125,132.0,0.0625,395.0,232.125,132.0,0.3533306121826172,0.0013047456741333008,0.000507795310113579,0.000361263140803203,0.0018910840153694153,0.0005865469574928284,0.010090947151184082,-0.004041075706481934,1.0005913972854614,0.8543827533721924,2.381087303161621,0.854969322681427,2.38299560546875,0.0005330080942811021,15.34903109099718,0.3567050181306469,0.009936336893588305,57.006301471963525,3.213182316161692,,69.48753043822944,6.64969494799152,2.103998687118292,0.0,599.0,2.0,2.0,2.0,0.9996263980865479,0.0621359646320343,0.004834296647459269,0.00832142774015665,1.0
600.0,0,all_fail,False,False,False,False,False,0.8777996301651001,0.0,0.0,1e-06,49.14890670776367,24.61508274078369,28.3828125,0.0,0.0,0.0,0.0,0.0,0.0,0.0,0.0,0.0,0.0,0.0,0.0,0.0,0.0,0.0,0.0,13759.0,13759.0,13759.0,13759.0,13759.0,0.0,0.0,116.68817254823992,117.91255017137155,13759.0,1.0,603.0,603.0,603.0,0.0,0.0625,428.0,256.9375,166.0,0.0625,428.0,256.9375,166.0,0.2260986566543579,0.001882791519165039,0.00045174898696132004,-3.656335320556536e-05,0.0009560100734233856,-4.719570279121399e-05,0.0015600919723510742,-0.0024033784866333008,0.9999533295631409,0.8904491066932678,2.638700246810913,0.8904018998146057,2.6391067504882812,0.0007231078445759786,15.083228748557241,0.38839498413230533,0.00994924083352089,62.007153385318816,2.7891520583070815,45.135029025841504,117.91255017137155,5.343926586676389,2.129334870260209,0.0,600.0,2.0,2.0,2.0,0.9996961355209351,0.059737056493759155,0.004234617110341787,0.007685284595936537,1.0
601.0,2,mixed,True,True,True,True,True,0.5542252659797668,0.13047486543655396,-0.13223370909690857,1e-06,49.064674377441406,24.61508274078369,28.3828125,0.0,0.0,-0.13223370909690857,0.0,2.561730146408081,0.1322336047887802,-0.3659614622592926,2.561730146408081,0.1322336047887802,-0.3659614622592926,1.0,0.125,0.0,1.0,0.125,0.0,14532.0,14532.0,14532.0,14532.0,14532.0,0.0,0.0,193.62756053162738,75.051299309358,14532.0,1.0,563.0,563.0,563.0,0.0,0.0625,496.0,345.25,201.0,0.0625,496.0,345.25,201.0,0.14929986000061035,0.0006233453750610352,0.00038036672049202025,0.0004489228595048189,0.0011530276387929916,0.0005143415182828903,0.0032834410667419434,-0.00238153338432312,1.0005154609680176,0.5553956031799316,1.7588012218475342,0.5559099316596985,1.7598376274108887,0.000730212430497634,11.587092081461828,0.38443030348571083,0.010611447039991617,64.00709665799513,2.8505559735931456,,75.051299309358,5.58654117025435,2.097613717895001,0.0,601.0,2.0,2.0,2.0,0.9996457099914551,0.06222692131996155,0.003798166522756219,0.007650813087821007,1.0
602.0,0,all_fail,False,False,False,False,False,0.721150815486908,0.0,0.0,1e-06,49.09690856933594,24.61508274078369,28.3828125,0.0,0.0,0.0,0.0,0.0,0.0,0.0,0.0,0.0,0.0,0.0,0.0,0.0,0.0,0.0,0.0,14690.0,14690.0,14690.0,14690.0,14690.0,0.0,0.0,152.6120276034136,96.25715764798224,14690.0,1.0,589.0,589.0,589.0,0.0,0.1875,512.0,329.125,143.0,0.1875,512.0,329.125,143.0,0.43945741653442383,0.0014458894729614258,0.00044860225170850754,0.0001780414895620197,0.001336580142378807,0.00020874105393886566,0.0027745962142944336,-0.005542635917663574,1.0002105236053467,0.7296733260154724,2.1004319190979004,0.7298821210861206,2.100912094116211,0.0007106025796447018,16.143148443444097,0.3901146316154016,0.010438751894980669,85.00981970317662,2.9141960628330708,,96.25715764798224,5.73078393843025,2.0921593359671533,0.0,602.0,2.0,2.0,2.0,0.9997031688690186,0.06189161539077759,0.003918004222214222,0.007495078723877668,1.0
603.0,0,all_fail,False,False,False,False,False,0.9789207577705383,0.0,0.0,1e-06,49.14543151855469,24.61508274078369,28.3828125,0.0,0.0,0.0,0.0,0.0,0.0,0.0,0.0,0.0,0.0,0.0,0.0,0.0,0.0,0.0,0.0,12603.0,12603.0,12603.0,12603.0,12603.0,0.0,0.0,138.04797589266,91.29434834886342,12603.0,1.0,571.0,571.0,571.0,0.0,0.0625,412.0,216.6875,111.0,0.0625,412.0,216.6875,111.0,0.8871941566467285,0.003232717514038086,0.00047932271263562143,-0.0006541187758557498,0.0014138631522655487,-0.0004721321165561676,0.002470076084136963,-0.00562131404876709,0.9995298385620117,1.0474419593811035,3.0726194381713867,1.0469697713851929,3.0708022117614746,0.0008176579169315979,23.36576848806889,0.39804867087983614,0.010304942727088928,81.00911934813485,2.665052271913737,,91.29434834886342,5.016607399098575,2.0964029980823398,0.0,603.0,2.0,2.0,2.0,0.9997240900993347,0.053326964378356934,0.00414271978661418,0.007510045543313026,1.0
604.0,0,all_fail,False,False,False,False,False,0.8425480127334595,0.0,0.0,1e-06,49.13346481323242,24.61508274078369,28.3828125,0.0,0.0,0.0,0.0,0.0,0.0,0.0,0.0,0.0,0.0,0.0,0.0,0.0,0.0,0.0,0.0,22541.0,22541.0,22541.0,22541.0,22541.0,0.0,0.0,197.3835491896562,114.19898006971925,22541.0,1.0,1129.0,1129.0,1129.0,0.0,0.0625,512.0,279.8125,120.0,0.0625,512.0,279.8125,120.0,0.8294563293457031,0.0018253326416015625,0.0004374651762191206,-3.6394518247107044e-05,0.002151116728782654,0.00011657178401947021,0.005215048789978027,-0.004697620868682861,1.0001201629638672,0.804498553276062,2.2711703777313232,0.8046151399612427,2.2718567848205566,0.0004166711830298494,22.33885393815183,0.35377444622061527,0.009392185136675835,100.01104908110574,3.621837794780731,,114.19898006971925,7.9744297922588885,2.0827257400378585,0.0,604.0,2.0,2.0,2.0,0.999685525894165,0.06612163782119751,0.004257117863744497,0.007776781916618347,1.0
605.0,0,all_fail,False,False,False,False,False,0.8941823244094849,0.0,0.0,1e-06,49.12287521362305,24.61508274078369,28.3828125,0.0,0.0,0.0,0.0,0.0,0.0,0.0,0.0,0.0,0.0,0.0,0.0,0.0,0.0,0.0,0.0,11973.0,11973.0,11973.0,11973.0,11973.0,0.0,0.0,157.5230894382444,76.00790488999337,11973.0,1.0,503.0,503.0,503.0,0.0,0.0625,498.0,245.3125,99.0,0.0625,498.0,245.3125,99.0,0.021219491958618164,0.0004756450653076172,0.0004963580868206918,0.0007550397422164679,0.00165494903922081,0.0005333162844181061,0.0041214823722839355,-0.002148270606994629,1.0005351305007935,0.9036192297935486,2.53706693649292,0.9041525721549988,2.5385994911193848,0.0008116315611271216,16.81715659595504,0.40149374946747757,0.009717664681375027,66.00733963912353,2.600693688262254,,76.00790488999337,4.807084662374109,2.0843823230825365,0.0,605.0,2.0,2.0,2.0,0.9996699690818787,0.06124889850616455,0.004533448256552219,0.007977651432156563,1.0
606.0,0,all_fail,False,False,False,False,False,0.9351270198822021,0.0,0.0,1e-06,49.120819091796875,24.61508274078369,28.3828125,0.0,0.0,0.0,0.0,0.0,0.0,0.0,0.0,0.0,0.0,0.0,0.0,0.0,0.0,0.0,0.0,26007.0,26007.0,26007.0,26007.0,26007.0,0.0,0.0,195.94261321144143,132.7276368001476,26007.0,1.0,1357.0,1357.0,1357.0,0.0,0.0625,482.0,268.4375,182.0,0.0625,482.0,268.4375,182.0,0.10566985607147217,-0.0008903741836547852,0.0005181372398510575,0.0014788125408813357,0.002644546329975128,0.0013264864683151245,0.0074613094329833984,-0.004425764083862305,1.0013316869735718,0.9180384874343872,2.5326852798461914,0.9193649291992188,2.5360605716705322,0.00036185069154550786,27.24383270261729,0.3533920445934424,0.009410650935024023,117.01226145774126,3.9227575617842376,,132.7276368001476,9.190666903741658,2.097040581982583,0.0,606.0,2.0,2.0,2.0,0.9996450543403625,0.05452430248260498,0.004824766423553228,0.008105162531137466,1.0
607.0,6,mixed,True,True,True,True,True,0.721510648727417,0.14811868965625763,-0.11014827340841293,1e-06,49.17057800292969,24.61508274078369,28.3828125,0.0,0.0,-0.11014827713370323,0.0,1.2499974966049194,0.11014832556247711,-0.7499985098838806,1.2499974966049194,0.11014832556247711,-0.7499985098838806,1.0,0.375,0.0,1.0,0.375,0.0,15568.0,15568.0,15568.0,15568.0,15568.0,0.0,0.0,211.53660444636935,73.59482790576294,15568.0,1.0,670.0,670.0,670.0,0.0,0.0625,512.0,303.0,140.0,0.0625,512.0,303.0,140.0,0.7432823181152344,0.0014418363571166992,0.00046032993122935295,0.00020054145716130733,0.0013432465493679047,0.0005572624504566193,0.005478382110595703,-0.0029128193855285645,1.0005590915679932,0.7615610361099243,2.1699559688568115,0.7621183395385742,2.17128586769104,0.0006362171817325891,12.790218533632244,0.38468945060281384,0.009904629085212946,62.00697945104912,2.986821435857564,,73.59482790576294,5.988845366984606,2.1046268842183053,0.0,607.0,2.0,2.0,2.0,0.999636709690094,0.08218884468078613,0.00438698148354888,0.00819473061710596,1.0
608.0,0,all_fail,False,False,False,False,False,0.879021167755127,0.0,0.0,1e-06,49.1182861328125,24.61508274078369,28.3828125,0.0,0.0,0.0,0.0,0.0,0.0,0.0,0.0,0.0,0.0,0.0,0.0,0.0,0.0,0.0,0.0,16626.0,16626.0,16626.0,16626.0,16626.0,0.0,0.0,191.338723589603,86.89302242686972,16626.0,1.0,782.0,782.0,782.0,0.0,0.0625,487.0,257.125,98.0,0.0625,487.0,257.125,98.0,0.32407844066619873,0.0015611648559570312,0.0004810372774954885,0.00018346018623560667,0.0016107186675071716,0.00013022124767303467,0.006487131118774414,-0.0055141448974609375,1.0001332759857178,0.9791998863220215,2.8584132194519043,0.9793299436569214,2.85957670211792,0.0006070112502346913,18.232487617368417,0.37354546396648153,0.010092169046401978,75.00845405785367,3.0690220831893384,,86.89302242686972,6.210566883906722,2.0941543322987854,0.0,608.0,2.0,2.0,2.0,0.9997217059135437,0.06044548749923706,0.004204628989100456,0.00739342300221324,1.0
609.0,0,all_fail,False,False,False,False,False,0.7049350142478943,0.0,0.0,1e-06,49.131874084472656,24.61508274078369,28.3828125,0.0,0.0,0.0,0.0,0.0,0.0,0.0,0.0,0.0,0.0,0.0,0.0,0.0,0.0,0.0,0.0,16401.0,16401.0,16401.0,16401.0,16401.0,0.0,0.0,184.76263440411336,88.7679484160617,16401.0,1.0,738.0,738.0,738.0,0.0,0.0625,512.0,287.0625,92.0,0.0625,512.0,287.0625,92.0,0.3240509033203125,0.0013350248336791992,0.00041791319381445646,0.00016954628517851233,0.0012638121843338013,-0.0002701282501220703,0.0016223788261413574,-0.0038173794746398926,0.9997312426567078,0.7586777210235596,2.1990628242492676,0.7584075927734375,2.1982035636901855,0.0006047454355700802,16.766571064272622,0.3734189026890408,0.009918429888784885,77.00886089820415,3.036270837765187,,88.7679484160617,6.124443423002958,2.086687339004129,0.0,609.0,2.0,2.0,2.0,0.9996763467788696,0.06216108798980713,0.0040167588740587234,0.0077001554891467094,1.0
610.0,0,all_fail,False,False,False,False,False,0.8386504054069519,0.0,0.0,1e-06,49.125370025634766,24.61508274078369,28.3828125,0.0,0.0,0.0,0.0,0.0,0.0,0.0,0.0,0.0,0.0,0.0,0.0,0.0,0.0,0.0,0.0,21512.0,21512.0,21512.0,21512.0,21512.0,0.0,0.0,179.53335396815845,119.82174634700641,21512.0,1.0,1011.0,1011.0,1011.0,0.0,0.0625,512.0,333.5,113.0,0.0625,512.0,333.5,113.0,0.8583836555480957,0.000746607780456543,0.0004984891857020557,0.0006244795513339341,0.0020308978855609894,0.0003194250166416168,0.0034369230270385742,-0.005972504615783691,1.0003223419189453,0.8796115517616272,2.47070050239563,0.8799309134483337,2.4713783264160156,0.00046855857417087165,19.867100830907575,0.35708525027839383,0.010079632047563791,106.01085003372282,3.5343060828745365,,119.82174634700641,7.681617903988808,2.0859947707504034,0.0,610.0,2.0,2.0,2.0,0.9996867179870605,0.06174516677856445,0.004252168349921703,0.007865053601562977,1.0
611.0,0,all_fail,False,False,False,False,False,0.8255768418312073,0.0,0.0,1e-06,49.12762451171875,24.61508274078369,28.3828125,0.0,0.0,0.0,0.0,0.0,0.0,0.0,0.0,0.0,0.0,0.0,0.0,0.0,0.0,0.0,0.0,12975.0,12975.0,12975.0,12975.0,12975.0,0.0,0.0,204.89573168900543,63.324891607277095,12975.0,1.0,563.0,563.0,563.0,0.0,0.0625,408.0,247.9375,141.0,0.0625,408.0,247.9375,141.0,2.895653247833252,0.001280069351196289,0.000435170775745064,0.00023114080249797553,0.0023595020174980164,0.00022879987955093384,0.0039061307907104492,-0.006970643997192383,1.0002329349517822,0.8760212659835815,2.503864288330078,0.8762500286102295,2.5052402019500732,0.0007528025721538963,13.361681934717488,0.389648789507633,0.009767613373696804,53.00579223502427,2.6780582070350647,,63.324891607277095,5.055693043861538,2.0806781919673085,0.0,611.0,2.0,2.0,2.0,0.9997214674949646,0.0528905987739563,0.004010339733213186,0.007398503832519054,1.0
612.0,4,mixed,True,True,True,True,True,0.8015751838684082,0.17416581511497498,-0.0259762704372406,1e-06,49.16969299316406,24.61508274078369,28.3828125,0.0,0.0,-0.025976269505918026,0.0,1.6770472526550293,0.02597634680569172,-0.5590157508850098,1.6770472526550293,0.02597634680569172,-0.5590157508850098,1.0,0.25,0.0,1.0,0.25,0.0,10331.0,10331.0,10331.0,10331.0,10331.0,0.0,0.0,140.82193008199513,73.36215313896537,10331.0,1.0,413.0,413.0,413.0,0.0,0.0625,438.0,232.6875,147.0,0.0625,438.0,232.6875,147.0,0.6145620346069336,0.0024875402450561523,0.0004667225875891745,-0.00030874001095071435,0.001838579773902893,-0.00017175078392028809,0.0038900375366210938,-0.0028408169746398926,0.9998304843902588,0.8319651484489441,2.357912540435791,0.831793487071991,2.357558250427246,0.0009422038857864856,17.192348376068576,0.4188707697400597,0.009733908344060183,64.0071130041033,2.4310721890069544,,73.36215313896537,4.327353922184557,2.090416308026761,0.0,612.0,2.0,2.0,2.0,0.9996651411056519,0.11964273452758789,0.00435048621147871,0.007997868582606316,1.0
613.0,0,all_fail,False,False,False,False,False,0.6948844790458679,0.0,0.0,1e-06,49.19538497924805,24.61508274078369,28.3828125,0.0,0.0,0.0,0.0,0.0,0.0,0.0,0.0,0.0,0.0,0.0,0.0,0.0,0.0,0.0,0.0,10025.0,10025.0,10025.0,10025.0,10025.0,0.0,0.0,134.82047557201366,74.35814150236547,10025.0,1.0,340.0,340.0,340.0,0.0,0.0625,474.0,286.5625,140.0,0.0625,474.0,286.5625,140.0,0.9691497087478638,0.0024690628051757812,0.00037991671706549823,-0.00047169189201667905,0.0013832524418830872,-0.0005130693316459656,0.0018302202224731445,-0.003207087516784668,0.9994881749153137,0.7962594032287598,2.3585991859436035,0.7957462668418884,2.3571743965148926,0.0009505128827029631,14.178321376186974,0.4291122331007609,0.009528891649097204,65.00760350981727,2.4311304287984967,,74.35814150236547,4.301850136835128,2.110883839894086,0.0,613.0,2.0,2.0,2.0,0.999687135219574,0.0620495080947876,0.003945816308259964,0.00760848680511117,1.0
614.0,0,all_fail,False,False,False,False,False,0.7791562080383301,0.0,0.0,1e-06,49.14453125,24.61508274078369,28.3828125,0.0,0.0,0.0,0.0,0.0,0.0,0.0,0.0,0.0,0.0,0.0,0.0,0.0,0.0,0.0,0.0,19778.0,19778.0,19778.0,19778.0,19778.0,0.0,0.0,186.17068719178454,106.23584356019273,19778.0,1.0,998.0,998.0,998.0,0.0,0.0625,512.0,238.125,85.0,0.0625,512.0,238.125,85.0,-0.004983842372894287,-0.00013768672943115234,0.00047559046652168036,0.0010185058927163482,0.0019904449582099915,0.00043299049139022827,0.0037790536880493164,-0.00483471155166626,1.0004359483718872,0.7373350858688354,2.1150031089782715,0.7377681136131287,2.1156914234161377,0.0005239300930469291,24.412121794496972,0.3641076756658032,0.010362289380282164,93.01018403703347,3.39032179210335,,106.23584356019273,7.201321609318256,2.1265069991350174,0.0,614.0,2.0,2.0,2.0,0.9996272921562195,0.06214165687561035,0.0044759223237633705,0.008144914172589779,1.0
615.0,0,all_fail,False,False,False,False,False,0.7958460450172424,0.0,0.0,1e-06,49.16148376464844,24.61508274078369,28.3828125,0.0,0.0,0.0,0.0,0.0,0.0,0.0,0.0,0.0,0.0,0.0,0.0,0.0,0.0,0.0,0.0,20181.0,20181.0,20181.0,20181.0,20181.0,0.0,0.0,197.5491010025694,102.15688098594546,20181.0,1.0,1054.0,1054.0,1054.0,0.0,0.0625,421.0,207.3125,153.0,0.0625,421.0,207.3125,153.0,-0.44984984397888184,-0.0015562772750854492,0.00048007641453295946,0.0017329329857602715,0.0018781144171953201,0.0018519479781389236,0.004836916923522949,-0.00014102458953857422,1.001854658126831,0.7895163297653198,2.2251365184783936,0.7913684248924255,2.2293262481689453,0.0004797466355847814,26.834503830069963,0.3498387179650744,0.009681766852736473,89.01004920434207,3.347027351614088,,102.15688098594546,7.060095167253166,2.236341721843928,0.0,615.0,2.0,2.0,2.0,0.9996926784515381,0.0508154034614563,0.004292524419724941,0.007590942084789276,1.0
616.0,0,all_fail,False,False,False,False,False,0.9709320664405823,0.0,0.0,1e-06,49.17739486694336,24.61508274078369,28.3828125,0.0,0.0,0.0,0.0,0.0,0.0,0.0,0.0,0.0,0.0,0.0,0.0,0.0,0.0,0.0,0.0,35036.0,35036.0,35036.0,35036.0,35036.0,0.0,0.0,258.5346220173324,135.5176329058595,35036.0,1.0,1937.0,1937.0,1937.0,0.0,0.0625,512.0,252.75,105.0,0.0625,512.0,252.75,105.0,-0.09574896097183228,0.00013458728790283203,0.0005013705813325942,0.0009343058918602765,0.0019075386226177216,0.001155804842710495,0.007224380970001221,-0.0017449259757995605,1.001159429550171,0.9611824154853821,2.6645216941833496,0.9623382091522217,2.667924404144287,0.00028299962656657735,28.4402757504463,0.34387575374527674,0.009915174916386604,115.01247513480484,5.860901777166873,,135.5176329058595,12.048030908219516,2.086135435849428,0.0,616.0,2.0,2.0,2.0,0.9997034668922424,0.058101534843444824,0.004454779904335737,0.007697028573602438,1.0
617.0,0,all_fail,False,False,False,False,False,0.6853593587875366,0.0,0.0,1e-06,49.171817779541016,24.61508274078369,28.3828125,0.0,0.0,0.0,0.0,0.0,0.0,0.0,0.0,0.0,0.0,0.0,0.0,0.0,0.0,0.0,0.0,19327.0,19327.0,19327.0,19327.0,19327.0,0.0,0.0,238.48141706237809,81.04195386823267,19327.0,1.0,907.0,907.0,907.0,0.0,0.0625,512.0,300.9375,150.0,0.0625,512.0,300.9375,150.0,1.1834206581115723,0.0009286403656005859,0.00042899366235360503,0.0003954725107178092,0.0018125977367162704,0.00018852390348911285,0.004202485084533691,-0.006221890449523926,1.0001914501190186,0.711195170879364,2.07228946685791,0.7113837003707886,2.072936773300171,0.0005236815223840893,14.124220178335873,0.3666729961827481,0.010121192783117294,68.00812015868723,3.3512253179214895,,81.04195386823267,7.086688997223973,2.09173739887774,0.0,617.0,2.0,2.0,2.0,0.9996984601020813,0.06145760416984558,0.003838219214230776,0.007526107598096132,1.0
618.0,5,mixed,True,True,True,True,True,0.7002525925636292,0.13975806534290314,0.01201176643371582,1e-06,49.18571090698242,24.61508274078369,28.3828125,0.0,0.0,0.01201176643371582,0.0,1.4361376762390137,-0.012011807411909103,-0.652789831161499,1.4361376762390137,-0.012011807411909103,-0.652789831161499,1.0,0.3125,0.0,1.0,0.3125,0.0,14524.0,14524.0,14524.0,14524.0,14524.0,0.0,0.0,226.1516200077632,64.22240088088438,14524.0,1.0,617.0,617.0,617.0,0.0,0.0625,512.0,290.75,167.0,0.0625,512.0,290.75,167.0,0.22034525871276855,0.0007765293121337891,0.00040175174945034087,0.00041428839904256165,0.0016102958470582962,0.0002844762057065964,0.0030042529106140137,-0.003385782241821289,1.000286340713501,0.6831437349319458,2.0016121864318848,0.683428168296814,2.0020713806152344,0.0007458683500885635,11.394258456821982,0.3888888707583505,0.010832991916686296,53.00609034113586,2.8801203910261393,,64.22240088088438,5.648221958894283,2.17849681712687,0.0,618.0,2.0,2.0,2.0,0.999620795249939,0.0619979202747345,0.004341432359069586,0.008103477768599987,1.0
619.0,0,all_fail,False,False,False,False,False,0.9278802275657654,0.0,0.0,1e-06,49.145286560058594,24.61508274078369,28.3828125,0.0,0.0,0.0,0.0,0.0,0.0,0.0,0.0,0.0,0.0,0.0,0.0,0.0,0.0,0.0,0.0,16016.0,16016.0,16016.0,16016.0,16016.0,0.0,0.0,122.602212878546,130.63385744811967,16016.0,1.0,660.0,660.0,660.0,0.0,0.0625,512.0,341.0,212.0,0.0625,512.0,341.0,212.0,0.17906367778778076,0.0015645027160644531,0.0004305912589188665,8.006463758647442e-05,0.0007457993924617767,8.057430386543274e-05,0.0018262863159179688,-0.0016144514083862305,1.0000810623168945,0.9725931882858276,2.7824532985687256,0.972673773765564,2.7825329303741455,0.0005912293422293592,21.81317971809699,0.3748950676689693,0.009469129145145416,119.01270854193717,2.9981514937244356,,130.63385744811967,6.004319403786212,2.1082545211538672,0.0,619.0,2.0,2.0,2.0,0.9997348189353943,0.06549084186553955,0.004040820058435202,0.007362186908721924,1.0
620.0,0,all_fail,False,False,False,False,False,0.6837223172187805,0.0,0.0,1e-06,49.15664291381836,24.61508274078369,28.3828125,0.0,0.0,0.0,0.0,0.0,0.0,0.0,0.0,0.0,0.0,0.0,0.0,0.0,0.0,0.0,0.0,10078.0,10078.0,10078.0,10078.0,10078.0,0.0,0.0,115.51185403615183,87.24645694671199,10078.0,1.0,393.0,393.0,393.0,0.0,0.0625,364.0,236.875,149.0,0.0625,364.0,236.875,149.0,0.05061984062194824,0.0006468296051025391,0.00043091175029985607,0.0005405099363997579,0.0018125399947166443,0.0008313320577144623,0.0045639872550964355,-0.001991093158721924,1.0008337497711182,0.6827807426452637,2.005084276199341,0.683612048625946,2.0069918632507324,0.0010286885239575727,20.582803217743308,0.41752225201148896,0.010367122944444418,78.00882419524714,2.416934238281101,,87.24645694671199,4.207789255771786,2.0986279300414026,0.0,620.0,2.0,2.0,2.0,0.9996582865715027,0.08266735076904297,0.004116324707865715,0.007817812263965607,1.0
621.0,0,all_fail,False,False,False,False,False,0.593549907207489,0.0,0.0,1e-06,49.230037689208984,24.61508274078369,28.3828125,0.0,0.0,0.0,0.0,0.0,0.0,0.0,0.0,0.0,0.0,0.0,0.0,0.0,0.0,0.0,0.0,11769.0,11769.0,11769.0,11769.0,11769.0,0.0,0.0,116.6874652706748,100.85916231619194,11769.0,1.0,395.0,395.0,395.0,0.0,0.0625,512.0,340.5625,170.0,0.0625,512.0,340.5625,170.0,0.9206161499023438,0.0023232698440551758,0.00040793081279844046,-0.00034347001928836107,0.0013456232845783234,-0.0004755742847919464,0.003259420394897461,-0.0029082298278808594,0.9995258450508118,0.6136783957481384,1.8670457601547241,0.6132028102874756,1.8661513328552246,0.0008132479412577573,16.702301091888664,0.3967950146998876,0.009571115020662546,91.01083864970133,2.5571166137233377,,100.85916231619194,4.669880528002977,2.1133143743500113,0.0,621.0,2.0,2.0,2.0,0.9996533393859863,0.062282413244247437,0.003929810132831335,0.007705813739448786,1.0
622.0,0,all_fail,False,False,False,False,False,0.788540780544281,0.0,0.0,1e-06,49.31782531738281,24.61508274078369,28.3828125,0.0,0.0,0.0,0.0,0.0,0.0,0.0,0.0,0.0,0.0,0.0,0.0,0.0,0.0,0.0,0.0,11953.0,11953.0,11953.0,11953.0,11953.0,0.0,0.0,130.02789702275152,91.92642712593079,11953.0,1.0,483.0,483.0,483.0,0.0,0.0625,456.0,264.0625,119.0,0.0625,456.0,264.0625,119.0,0.8498879671096802,0.0013107061386108398,0.00045968321501277387,0.00026325261569581926,0.0016643442213535309,0.00020739063620567322,0.003611743450164795,-0.0042380690574646,1.0002096891403198,0.805679440498352,2.284064769744873,0.8058867454528809,2.284562587738037,0.0008099119027872859,19.41047962038563,0.39639197169798174,0.009680876974016428,82.00927639612928,2.5735970698297024,,91.92642712593079,4.738073237705976,2.0987639371305704,0.0,622.0,2.0,2.0,2.0,0.9996604919433594,0.053840041160583496,0.004462368320673704,0.007854042574763298,1.0
623.0,1,mixed,True,True,True,True,True,0.6736540198326111,0.12357732653617859,0.07525021582841873,1e-06,49.31171798706055,24.61508274078369,28.3828125,0.0,0.0,0.07525021582841873,0.0,3.7499847412109375,-0.07525020837783813,-0.24999898672103882,3.7499847412109375,-0.07525020837783813,-0.24999898672103882,1.0,0.0625,0.0,1.0,0.0625,0.0,14494.0,14494.0,14494.0,14494.0,14494.0,0.0,0.0,147.73453603127348,98.10840707505122,14494.0,1.0,594.0,594.0,594.0,0.0,0.125,512.0,311.875,155.0,0.125,512.0,311.875,155.0,-0.06743466854095459,0.00031113624572753906,0.00044540627277456224,0.0007304010796360672,0.001507328823208809,0.0008489880710840225,0.006123661994934082,-0.002334773540496826,1.0008512735366821,0.6998112797737122,2.047335624694824,0.700660228729248,2.0492396354675293,0.0007356966421474863,17.436704284722406,0.3888456312042772,0.010663187131285667,87.00915438076481,2.871106225065887,,98.10840707505122,5.635928578674793,2.0827660891227424,0.0,623.0,2.0,2.0,2.0,0.9996243715286255,0.06146839261054993,0.0042537241242825985,0.00811018981039524,1.0
624.0,0,all_fail,False,False,False,False,False,0.8800083994865417,0.0,0.0,1e-06,49.317359924316406,24.61508274078369,28.3828125,0.0,0.0,0.0,0.0,0.0,0.0,0.0,0.0,0.0,0.0,0.0,0.0,0.0,0.0,0.0,0.0,11419.0,11419.0,11419.0,11419.0,11419.0,0.0,0.0,170.97436923594776,66.7877884330228,11419.0,1.0,493.0,493.0,493.0,0.0,0.0625,340.0,220.6875,135.0,0.0625,340.0,220.6875,135.0,0.45171594619750977,0.0011931657791137695,0.0004793710249941796,0.00036415408249013126,0.002098366618156433,0.0003015846014022827,0.0044179558753967285,-0.004449903964996338,1.0003046989440918,0.8436489105224609,2.378988027572632,0.8439505100250244,2.3798413276672363,0.0008258923163309814,16.14456601439324,0.4009144925176758,0.009430864360183477,57.00646259682253,2.52086814166978,,66.7877884330228,4.57804259005934,2.171142259147018,0.0,624.0,2.0,2.0,2.0,0.9996501803398132,0.06189611554145813,0.00468846969306469,0.008031453005969524,1.0
625.0,8,mixed,True,True,True,True,True,0.9377448558807373,0.17464794218540192,-0.11545117199420929,1e-06,49.36593246459961,24.61508274078369,28.3828125,0.0,0.0,-0.11545117385685444,0.0,0.9682439565658569,0.11545120179653168,-0.9682439565658569,0.9682439565658569,0.11545120179653168,-0.9682439565658569,1.0,0.5,0.0,1.0,0.5,0.0,10955.0,10955.0,10955.0,10955.0,10955.0,0.0,0.0,127.9351353497512,85.62933059828356,10955.0,1.0,442.0,442.0,442.0,0.0,0.0625,507.0,242.6875,58.0,0.0625,507.0,242.6875,58.0,0.22347009181976318,0.00011289119720458984,0.00048242800403386354,0.0009045962942764163,0.0024986714124679565,0.000818200409412384,0.0063613057136535645,-0.004153847694396973,1.0008227825164795,1.0736854076385498,3.3060131072998047,1.0745034217834473,3.306084156036377,0.0008738937221096836,19.574746367203307,0.41177211106605643,0.009573505725711584,76.00874014385045,2.503121597226709,,85.62933059828356,4.510963476728648,2.097068076953292,0.0,625.0,2.0,2.0,2.0,0.9997178912162781,0.051857173442840576,0.0041969940066337585,0.007553880102932453,1.0
626.0,0,all_fail,False,False,False,False,False,0.8038912415504456,0.0,0.0,1e-06,49.28879928588867,24.61508274078369,28.3828125,0.0,0.0,0.0,0.0,0.0,0.0,0.0,0.0,0.0,0.0,0.0,0.0,0.0,0.0,0.0,0.0,8700.0,8700.0,8700.0,8700.0,8700.0,0.0,0.0,95.83364993680554,90.78230877919123,8700.0,1.0,310.0,310.0,310.0,0.0,0.0625,425.0,233.75,84.0,0.0625,425.0,233.75,84.0,-0.028936147689819336,0.0005071163177490234,0.0004765165795106441,0.0006991717382334173,0.0016767308115959167,0.0007549077272415161,0.007158756256103516,-0.0023067593574523926,1.0007576942443848,0.8299203515052795,2.335005283355713,0.8306752443313599,2.336876153945923,0.0011688009461109665,21.927713352145958,0.4472904991701074,0.010168568231165409,82.00964793702587,2.2778996769338846,,90.78230877919123,3.8914273427799344,2.0950599280185997,0.0,626.0,2.0,2.0,2.0,0.999679684638977,0.06210625171661377,0.004312199540436268,0.007761651184409857,1.0
627.0,1,mixed,True,True,True,True,True,0.7799077033996582,0.1683667153120041,-0.05602958798408508,1e-06,49.32060623168945,24.61508274078369,28.3828125,0.0,0.0,-0.05602957308292389,0.0,3.7499847412109375,0.056029606610536575,-0.24999898672103882,3.7499847412109375,0.056029606610536575,-0.24999898672103882,1.0,0.0625,0.0,1.0,0.0625,0.0,14467.0,14467.0,14467.0,14467.0,14467.0,0.0,0.0,187.4476341217203,77.17888821475208,14467.0,1.0,615.0,615.0,615.0,0.0,0.0625,512.0,289.1875,154.0,0.0625,512.0,289.1875,154.0,1.1848907470703125,0.003197908401489258,0.0005019059171900153,-0.0005964160664007068,0.0016148649156093597,-0.0008671768009662628,0.002224266529083252,-0.004277586936950684,0.9991346597671509,0.8814964294433594,2.5118703842163086,0.880629301071167,2.5090436935424805,0.0006818599659562514,14.26570618278378,0.3931464922161255,0.00986446812748909,66.00742250774056,2.8925019400194287,,77.17888821475208,5.687650302890688,2.088573391083628,0.0,627.0,2.0,2.0,2.0,0.9996740818023682,0.06120830774307251,0.004367970861494541,0.007886183448135853,1.0
628.0,0,all_fail,False,False,False,False,False,0.877676784992218,0.0,0.0,1e-06,49.28268814086914,24.61508274078369,28.3828125,0.0,0.0,0.0,0.0,0.0,0.0,0.0,0.0,0.0,0.0,0.0,0.0,0.0,0.0,0.0,0.0,8459.0,8459.0,8459.0,8459.0,8459.0,0.0,0.0,119.9240526503259,70.53630871418864,8459.0,1.0,309.0,309.0,309.0,0.0,0.0625,311.0,219.6875,110.0,0.0625,311.0,219.6875,110.0,0.06417858600616455,0.0003223419189453125,0.0005388616700656712,0.0009119684691540897,0.0019026286900043488,0.0008970536291599274,0.004261374473571777,-0.0036553144454956055,1.0008997917175293,0.9338478446006775,2.613269329071045,0.9347448945045471,2.61499285697937,0.0011563924904100184,17.64069013125336,0.4396627220905501,0.009781924076378345,62.00702581135556,2.2090623723343015,,70.53630871418864,3.719106966163963,2.0933088338933885,0.0,628.0,2.0,2.0,2.0,0.9997130632400513,0.06016594171524048,0.004169194493442774,0.0076765320263803005,1.0
629.0,0,all_fail,False,False,False,False,False,0.8962188959121704,0.0,0.0,1e-06,49.32183837890625,24.61508274078369,28.3828125,0.0,0.0,0.0,0.0,0.0,0.0,0.0,0.0,0.0,0.0,0.0,0.0,0.0,0.0,0.0,0.0,11062.0,11062.0,11062.0,11062.0,11062.0,0.0,0.0,156.6162350301708,70.63124712370336,11062.0,1.0,451.0,451.0,451.0,0.0,0.0625,372.0,240.375,98.0,0.0625,372.0,240.375,98.0,-0.17407631874084473,-0.00037163496017456055,0.0004650364862754941,0.0011118996189907193,0.0017183143645524979,0.0010329876095056534,0.004172027111053467,-0.002892017364501953,1.0010350942611694,0.9526951909065247,2.8957700729370117,0.9537280797958374,2.8967435359954834,0.0008422483309033852,15.862539543412352,0.4088538035425748,0.009316951036453247,61.0073270839639,2.504579651169479,,70.63124712370336,4.522740774787962,2.088363100308925,0.0,629.0,2.0,2.0,2.0,0.9996978640556335,0.05908733606338501,0.004242278169840574,0.007770960684865713,1.0
630.0,0,all_fail,False,False,False,False,False,0.7851967215538025,0.0,0.0,1e-06,49.32742691040039,24.61508274078369,28.3828125,0.0,0.0,0.0,0.0,0.0,0.0,0.0,0.0,0.0,0.0,0.0,0.0,0.0,0.0,0.0,0.0,22202.0,22202.0,22202.0,22202.0,22202.0,0.0,0.0,233.48455231959838,95.08980264188722,22202.0,1.0,1153.0,1153.0,1153.0,0.0,0.0625,512.0,234.625,85.0,0.0625,512.0,234.625,85.0,-0.16495728492736816,0.0002955198287963867,0.00047419144539162517,0.0008010362507775426,0.0013911053538322449,0.0005688518285751343,0.0031652450561523438,-0.002680361270904541,1.0005701780319214,0.777756929397583,2.2110400199890137,0.7783257961273193,2.2123093605041504,0.0004458060202357168,21.579297307951176,0.35341724259403845,0.009897785261273384,81.00868209404871,3.5873332559131086,,95.08980264188722,7.846569620072842,2.141219878103584,0.0,630.0,2.0,2.0,2.0,0.9996764659881592,0.055134356021881104,0.004287881311029196,0.007774880155920982,1.0
631.0,0,all_fail,False,False,False,False,False,0.8582277297973633,0.0,0.0,1e-06,49.294410705566406,24.61508274078369,28.3828125,0.0,0.0,0.0,0.0,0.0,0.0,0.0,0.0,0.0,0.0,0.0,0.0,0.0,0.0,0.0,0.0,19288.0,19288.0,19288.0,19288.0,19288.0,0.0,0.0,202.88510639473392,95.06858508614823,19288.0,1.0,910.0,910.0,910.0,0.0,0.0625,512.0,295.5,121.0,0.0625,512.0,295.5,121.0,0.3504437208175659,0.0011839866638183594,0.0004303258319851011,0.00026913071633316576,0.001322619616985321,0.00037275999784469604,0.00277632474899292,-0.004254639148712158,1.0003743171691895,0.8584253787994385,2.448373794555664,0.8587980270385742,2.4491469860076904,0.0005031009328295487,17.345273317477638,0.36860521945929325,0.009703810792416334,82.00845224503428,3.3589168251492083,,95.06858508614823,7.109657472930849,2.0832317979075015,0.0,631.0,2.0,2.0,2.0,0.9997342228889465,0.0570642352104187,0.003861201461404562,0.0073155928403139114,1.0
632.0,11,mixed,True,True,True,True,True,0.7690105438232422,0.1779165416955948,0.16895145177841187,1e-06,49.30588912963867,24.61508274078369,28.3828125,0.0,0.0,0.16895145177841187,0.0,0.652789831161499,-0.16895140707492828,-1.4361376762390137,0.652789831161499,-0.16895140707492828,-1.4361376762390137,1.0,0.6875,0.0,1.0,0.6875,0.0,12313.0,12313.0,12313.0,12313.0,12313.0,0.0,0.0,183.54990081570344,67.08257506694645,12313.0,1.0,526.0,526.0,526.0,0.0,0.0625,365.0,243.5625,134.0,0.0625,365.0,243.5625,134.0,-0.079414963722229,-6.866455078125e-05,0.00047690782230347395,0.000983463367447257,0.001959022134542465,0.00100664421916008,0.006427645683288574,-0.002453148365020752,1.0010099411010742,0.7901819944381714,2.234321117401123,0.7911887168884277,2.2367265224456787,0.0007912731177068343,14.62835129070812,0.39192581550648314,0.009742945898324251,57.00668497988954,2.5894925738684833,,67.08257506694645,4.825782566331327,2.152722353581339,0.0,632.0,2.0,2.0,2.0,0.9996644854545593,0.0664885938167572,0.00432760501280427,0.007939647883176804,1.0
633.0,0,all_fail,False,False,False,False,False,0.7862818241119385,0.0,0.0,1e-06,49.632789611816406,24.61508274078369,28.3828125,0.0,0.0,0.0,0.0,0.0,0.0,0.0,0.0,0.0,0.0,0.0,0.0,0.0,0.0,0.0,0.0,14079.0,14079.0,14079.0,14079.0,14079.0,0.0,0.0,118.11058538149165,119.2018476119265,14079.0,1.0,587.0,587.0,587.0,0.0,0.125,512.0,292.9375,113.0,0.125,512.0,292.9375,113.0,0.48042309284210205,0.0020933151245117188,0.00044939693179912865,-0.00014441228995565325,0.0013025850057601929,0.00012852251529693604,0.004744410514831543,-0.0017074346542358398,1.0001299381256104,0.8497205972671509,2.434027910232544,0.8498491644859314,2.4346396923065186,0.000680670919036635,23.044986841003567,0.4007241567813103,0.009583165869116783,108.01185332378373,2.9251065491698682,,119.2018476119265,5.641795403324068,2.099329018034041,0.0,633.0,2.0,2.0,2.0,0.9997150301933289,0.05847674608230591,0.003936949651688337,0.007456338964402676,1.0
634.0,0,all_fail,False,False,False,False,False,0.7990338802337646,0.0,0.0,1e-06,49.314125061035156,24.61508274078369,28.3828125,0.0,0.0,0.0,0.0,0.0,0.0,0.0,0.0,0.0,0.0,0.0,0.0,0.0,0.0,0.0,0.0,12715.0,12715.0,12715.0,12715.0,12715.0,0.0,0.0,183.451408375916,69.3099067080766,12715.0,1.0,590.0,590.0,590.0,0.0,0.0625,395.0,204.6875,93.0,0.0625,395.0,204.6875,93.0,0.4287075996398926,0.001863718032836914,0.00043386954348534346,-6.385770393535495e-05,0.0016955696046352386,0.00010282173752784729,0.006310164928436279,-0.0037086009979248047,1.000105619430542,0.8302708268165588,2.351519823074341,0.8303737044334412,2.3513824939727783,0.0007576989965836364,18.01759571263581,0.3961620674729699,0.009634142741560936,59.00762595888227,2.668570567853749,,69.3099067080766,5.037200687918812,2.0878874668851495,0.0,634.0,2.0,2.0,2.0,0.9996934533119202,0.06027302145957947,0.00423917593434453,0.007622706703841686,1.0
635.0,0,all_fail,False,False,False,False,False,0.9741639494895935,0.0,0.0,1e-06,49.335426330566406,24.61508274078369,28.3828125,0.0,0.0,0.0,0.0,0.0,0.0,0.0,0.0,0.0,0.0,0.0,0.0,0.0,0.0,0.0,0.0,17121.0,17121.0,17121.0,17121.0,17121.0,0.0,0.0,150.181090782784,114.00236814608797,17121.0,1.0,801.0,801.0,801.0,0.0,0.0625,457.0,269.0625,124.0,0.0625,457.0,269.0625,124.0,0.07840216159820557,0.0008941888809204102,0.00048135381075553596,0.0005155961262062192,0.001600213348865509,0.0004792064428329468,0.0038279294967651367,-0.0038292407989501953,1.000481128692627,0.9987875819206238,2.8251326084136963,0.9992668032646179,2.826277732849121,0.0005590407224913274,23.695884395334502,0.3680504765366987,0.009571336209774017,102.01078232191503,3.099220879841596,,114.00236814608797,6.301392208784819,2.0827790522016585,0.0,635.0,2.0,2.0,2.0,0.9996861219406128,0.06666827201843262,0.004527760669589043,0.00791922677308321,1.0
636.0,0,all_fail,False,False,False,False,False,0.9459713101387024,0.0,0.0,1e-06,49.293609619140625,24.61508274078369,28.3828125,0.0,0.0,0.0,0.0,0.0,0.0,0.0,0.0,0.0,0.0,0.0,0.0,0.0,0.0,0.0,0.0,10616.0,10616.0,10616.0,10616.0,10616.0,0.0,0.0,105.4912351813192,100.63395297015086,10616.0,1.0,370.0,370.0,370.0,0.0,0.0625,512.0,293.5,129.0,0.0625,512.0,293.5,129.0,-0.3910428285598755,-0.0005102157592773438,0.0004893753794021904,0.0012317426735535264,0.0014899522066116333,0.0012756288051605225,0.004992485046386719,-0.0009874701499938965,1.0012774467468262,0.9467639923095703,2.6749496459960938,0.9480396509170532,2.678248882293701,0.0009743726448055578,19.380283384112676,0.4262364798975714,0.010343939997255802,91.00981077179313,2.5029568462632596,,100.63395297015086,4.524926470592618,2.0898323208093643,0.0,636.0,2.0,2.0,2.0,0.9997002482414246,0.07088667154312134,0.004391906782984734,0.007775118108838797,1.0
637.0,0,all_fail,False,False,False,False,False,0.749919593334198,0.0,0.0,1e-06,49.337425231933594,24.61508274078369,28.3828125,0.0,0.0,0.0,0.0,0.0,0.0,0.0,0.0,0.0,0.0,0.0,0.0,0.0,0.0,0.0,0.0,11107.0,11107.0,11107.0,11107.0,11107.0,0.0,0.0,169.10431987831427,65.68134987913072,11107.0,1.0,478.0,478.0,478.0,0.0,0.0625,365.0,216.1875,121.0,0.0625,365.0,216.1875,121.0,0.8106609582901001,0.002128124237060547,0.00042819094960577786,-0.00020698799926321954,0.0018993392586708069,-0.0002842545509338379,0.004330158233642578,-0.005609035491943359,0.9997187852859497,0.7355403900146484,2.103086471557617,0.7352560758590698,2.102564573287964,0.000940233823192037,16.191658870448702,0.41041685665061356,0.010443177074193954,56.006948032882065,2.5149398408830166,,65.68134987913072,4.558500026818365,2.0943146692588925,0.0,637.0,2.0,2.0,2.0,0.9996544718742371,0.055626124143600464,0.004439834039658308,0.007824478670954704,1.0
638.0,0,all_fail,False,False,False,False,False,0.8139270544052124,0.0,0.0,1e-06,49.28807830810547,24.61508274078369,28.3828125,0.0,0.0,0.0,0.0,0.0,0.0,0.0,0.0,0.0,0.0,0.0,0.0,0.0,0.0,0.0,0.0,9064.0,9064.0,9064.0,9064.0,9064.0,0.0,0.0,109.54985046456689,82.73858851986006,9064.0,1.0,355.0,355.0,355.0,0.0,0.0625,297.0,211.5,86.0,0.0625,297.0,211.5,86.0,0.1399902105331421,0.001586318016052246,0.00048163533210754395,0.0001734616671456024,0.001459166407585144,0.00042967498302459717,0.003977358341217041,-0.0016153454780578613,1.0004311800003052,0.7933866381645203,2.248783588409424,0.793816328048706,2.249965190887451,0.0010518950947773268,21.869791622645714,0.42485371136475625,0.00953437713906169,74.00737485103309,2.2576874936930835,,82.73858851986006,3.850874039810151,2.113572472240776,0.0,638.0,2.0,2.0,2.0,0.9996545314788818,0.0591808557510376,0.004422666504979134,0.008020259439945221,1.0
639.0,13,mixed,True,True,True,True,True,0.792606770992279,0.2094397097826004,0.12863945960998535,1e-06,49.328304290771484,24.61508274078369,28.3828125,0.0,0.0,0.12863945960998535,0.0,0.4651290774345398,-0.12863950431346893,-2.015559434890747,0.4651290774345398,-0.12863950431346893,-2.015559434890747,1.0,0.8125,0.0,1.0,0.8125,0.0,11895.0,11895.0,11895.0,11895.0,11895.0,0.0,0.0,167.23893040796258,71.12578375730664,11895.0,1.0,557.0,557.0,557.0,0.0,0.0625,372.0,186.4375,100.0,0.0625,372.0,186.4375,100.0,-0.2761842608451843,-0.0006070137023925781,0.0005070426850579679,0.0013155248016119003,0.0019637420773506165,0.0015091001987457275,0.005812406539916992,-0.001233220100402832,1.0015124082565308,0.8108218312263489,2.2799670696258545,0.8123308420181274,2.283111333847046,0.0008950753355913174,20.451681246026286,0.3999420144947926,0.01064692111685872,61.00736515689641,2.585168576799333,,71.12578375730664,4.757310262415558,2.264675782993436,0.0,639.0,2.0,2.0,2.0,0.9996097683906555,0.07148391008377075,0.004714179318398237,0.008472096174955368,1.0
640.0,1,mixed,True,True,True,True,True,0.6814523935317993,0.10257444530725479,0.1350005865097046,1e-06,49.322383880615234,24.61508274078369,28.3828125,0.0,0.0,0.1350005678832531,0.0,3.7499847412109375,-0.13500061631202698,-0.24999898672103882,3.7499847412109375,-0.13500061631202698,-0.24999898672103882,1.0,0.0625,0.0,1.0,0.0625,0.0,18711.0,18711.0,18711.0,18711.0,18711.0,0.0,0.0,256.6795796134746,72.8963325722143,18711.0,1.0,889.0,889.0,889.0,0.0,0.0625,512.0,280.4375,104.0,0.0625,512.0,280.4375,104.0,-0.233426034450531,-0.0007808208465576172,0.0004591479664668441,0.0013050256529822946,0.0016905386000871658,0.0009631980210542679,0.003542661666870117,-0.0023294687271118164,1.0009651184082031,0.7331526279449463,2.2191214561462402,0.734115719795227,2.220649480819702,0.0005739797869340134,13.37364607598323,0.37217320218112077,0.010739735793322325,60.00754994293675,3.301562298089266,,72.8963325722143,6.963732786010951,2.1102374792099,0.0,640.0,2.0,2.0,2.0,0.9996563196182251,0.06088462471961975,0.004164798650890589,0.007903513498604298,1.0
641.0,0,all_fail,False,False,False,False,False,0.663343071937561,0.0,0.0,1e-06,49.27695846557617,24.61508274078369,28.3828125,0.0,0.0,0.0,0.0,0.0,0.0,0.0,0.0,0.0,0.0,0.0,0.0,0.0,0.0,0.0,0.0,14673.0,14673.0,14673.0,14673.0,14673.0,0.0,0.0,183.49315898510432,79.96483400883153,14673.0,1.0,621.0,621.0,621.0,0.0,0.0625,452.0,296.0625,141.0,0.0625,452.0,296.0625,141.0,0.3165774345397949,0.0014727115631103516,0.00042499721166677773,0.00011641970922937617,0.001336449757218361,8.943118155002594e-05,0.00284498929977417,-0.002092301845550537,1.0000907182693481,0.6528217196464539,1.9345742464065552,0.6529111266136169,1.9348058700561523,0.0006955196390522937,14.567956764464114,0.3756306729911194,0.010205359663814306,69.00841119326651,2.839362542144954,,79.96483400883153,5.511628864798695,2.0957377539016306,0.0,641.0,2.0,2.0,2.0,0.9996264576911926,0.06119334697723389,0.004297745879739523,0.008001324720680714,1.0
642.0,5,mixed,True,True,True,True,True,0.6482627391815186,0.13537879288196564,0.06155179813504219,1e-06,49.303462982177734,24.61508274078369,28.3828125,0.0,0.0,0.06155180186033249,0.0,1.4361376762390137,-0.06155183166265488,-0.652789831161499,1.4361376762390137,-0.06155183166265488,-0.652789831161499,1.0,0.3125,0.0,1.0,0.3125,0.0,13272.0,13272.0,13272.0,13272.0,13272.0,0.0,0.0,158.5259680553685,83.72129918402061,13272.0,1.0,523.0,523.0,523.0,0.0,0.0625,512.0,306.5,85.0,0.0625,512.0,306.5,85.0,0.0758810043334961,0.000850677490234375,0.0003735693753696978,0.0003209777642041445,0.00112815760076046,0.0002796147018671036,0.0029767751693725586,-0.0013367533683776855,1.000280499458313,0.7165272831916809,2.130551815032959,0.7168070077896118,2.1312732696533203,0.0007216380196137914,14.887549564698908,0.40167566138892835,0.00957757979631424,73.00854306528345,2.770242953673005,,83.72129918402061,5.331039377953857,2.102772338781506,0.0,642.0,2.0,2.0,2.0,0.9997064471244812,0.060223937034606934,0.003648035693913698,0.0073872460052371025,1.0
643.0,0,all_fail,False,False,False,False,False,0.5311147570610046,0.0,0.0,1e-06,49.310489654541016,24.61508274078369,28.3828125,0.0,0.0,0.0,0.0,0.0,0.0,0.0,0.0,0.0,0.0,0.0,0.0,0.0,0.0,0.0,0.0,17692.0,17692.0,17692.0,17692.0,17692.0,0.0,0.0,168.05942123125587,105.27228923188522,17692.0,1.0,727.0,727.0,727.0,0.0,0.375,512.0,378.75,189.0,0.375,512.0,378.75,189.0,0.06723999977111816,0.0006679296493530273,0.00035652078804560006,0.00038236414548009634,0.0010218173265457153,0.0002758614718914032,0.0022358298301696777,-0.002316415309906006,1.0002765655517578,0.5779317021369934,1.8067924976348877,0.5782075524330139,1.8072741031646729,0.0005702794968101495,15.353161553397356,0.3657377575674283,0.010089384857565165,93.04015901358798,3.1568674938753247,,105.27228923188522,6.470632406882942,2.0944517040625215,0.0,643.0,2.0,2.0,2.0,0.9996631741523743,0.17457708716392517,0.0033656929153949022,0.007688372861593962,1.0
644.0,0,all_fail,False,False,False,False,False,0.8603171110153198,0.0,0.0,1e-06,49.3209114074707,24.61508274078369,28.3828125,0.0,0.0,0.0,0.0,0.0,0.0,0.0,0.0,0.0,0.0,0.0,0.0,0.0,0.0,0.0,0.0,23989.0,23989.0,23989.0,23989.0,23989.0,0.0,0.0,230.8666396917017,103.9084730129689,23989.0,1.0,1259.0,1259.0,1259.0,0.0,0.0625,405.0,240.3125,113.0,0.0625,405.0,240.3125,113.0,0.7208690643310547,0.0008828639984130859,0.0005077336099930108,0.0005730085540562868,0.002440445125102997,0.0005135759711265564,0.006055295467376709,-0.006685733795166016,1.0005180835723877,0.8551226258277893,2.440714120864868,0.8556362390518188,2.441800355911255,0.0004012490668083232,23.149799459743445,0.34455827691359453,0.009625563863664865,89.01097892271355,3.7225182661786675,,103.9084730129689,8.26560850488022,2.3986869952641428,0.0,644.0,2.0,2.0,2.0,0.9996992349624634,0.1036568284034729,0.004165841732174158,0.007733952719718218,1.0
645.0,0,all_fail,False,False,False,False,False,0.8236578702926636,0.0,0.0,1e-06,49.278724670410156,24.61508274078369,28.3828125,0.0,0.0,0.0,0.0,0.0,0.0,0.0,0.0,0.0,0.0,0.0,0.0,0.0,0.0,0.0,0.0,15243.0,15243.0,15243.0,15243.0,15243.0,0.0,0.0,165.34772674224445,92.18753895396367,15243.0,1.0,700.0,700.0,700.0,0.0,0.0625,375.0,252.6875,179.0,0.0625,375.0,252.6875,179.0,-0.02446305751800537,0.0007222890853881836,0.00044706332846544683,0.0005345201934687793,0.0012650378048419952,0.0007299520075321198,0.005438089370727539,-0.0016337037086486816,1.0007314682006836,0.8693104386329651,2.550443172454834,0.8700402975082397,2.552013635635376,0.0006465227199255353,20.03704644154528,0.3739972040106061,0.009854945819824934,81.00977876316756,2.893608841113746,,92.18753895396367,5.700839380733669,2.07477652002126,0.0,645.0,2.0,2.0,2.0,0.9996986389160156,0.05666780471801758,0.004194699227809906,0.007629617117345333,1.0
646.0,0,all_fail,False,False,False,False,False,0.716833770275116,0.0,0.0,1e-06,49.31758499145508,24.61508274078369,28.3828125,0.0,0.0,0.0,0.0,0.0,0.0,0.0,0.0,0.0,0.0,0.0,0.0,0.0,0.0,0.0,0.0,15053.0,15053.0,15053.0,15053.0,15053.0,0.0,0.0,180.6923042567489,83.30736642004922,15053.0,1.0,637.0,637.0,637.0,0.0,0.125,512.0,303.8125,150.0,0.125,512.0,303.8125,150.0,3.092813491821289,0.0018161535263061523,0.000451305037131533,-5.1640909077832475e-06,0.002013426274061203,0.0001949705183506012,0.0044176578521728516,-0.003699004650115967,1.0001977682113647,0.7663370370864868,2.200258255004883,0.7665320038795471,2.200748920440674,0.0007285297289168978,14.81356209297652,0.38364904130910044,0.010966558009386063,72.00872533395886,2.9219287051819265,,83.30736642004922,5.775069018825889,2.0943118147552013,0.0,646.0,2.0,2.0,2.0,0.9997022747993469,0.059934377670288086,0.003899609437212348,0.007531263865530491,1.0
647.0,0,all_fail,False,False,False,False,False,0.6885408163070679,0.0,0.0,1e-06,49.31852340698242,24.61508274078369,28.3828125,0.0,0.0,0.0,0.0,0.0,0.0,0.0,0.0,0.0,0.0,0.0,0.0,0.0,0.0,0.0,0.0,17925.0,17925.0,17925.0,17925.0,17925.0,0.0,0.0,234.4385621026342,76.45926437713206,17925.0,1.0,837.0,837.0,837.0,0.0,0.0625,512.0,283.3125,101.0,0.0625,512.0,283.3125,101.0,0.4881737232208252,0.001572251319885254,0.00038222389412112534,-1.8694641767069697e-05,0.0016413666307926178,0.00011266395449638367,0.006524205207824707,-0.0030159950256347656,1.0001150369644165,0.6885817646980286,2.025287628173828,0.6886943578720093,2.0260887145996094,0.0005606635937381489,14.120448376496888,0.3706547425412982,0.010049894917756319,64.0079924906604,3.204676600638777,,76.45926437713206,6.64398626005277,2.0976392929442227,0.0,647.0,2.0,2.0,2.0,0.9996694922447205,0.05594754219055176,0.004043950233608484,0.007685705088078976,1.0
648.0,0,all_fail,False,False,False,False,False,0.8248862028121948,0.0,0.0,1e-06,49.30453109741211,24.61508274078369,28.3828125,0.0,0.0,0.0,0.0,0.0,0.0,0.0,0.0,0.0,0.0,0.0,0.0,0.0,0.0,0.0,0.0,18531.0,18531.0,18531.0,18531.0,18531.0,0.0,0.0,166.08519684434367,111.5752659002319,18531.0,1.0,909.0,909.0,909.0,0.0,0.0625,512.0,249.1875,134.0,0.0625,512.0,249.1875,134.0,0.012618303298950195,0.0007425546646118164,0.00047145411372184753,0.0005690188845619559,0.00147927924990654,0.00045545026659965515,0.0033304691314697266,-0.0043904781341552734,1.0004572868347168,0.8636855483055115,2.4345474243164062,0.8641409873962402,2.4353179931640625,0.0005100398809867621,24.833555104748697,0.3629576894883606,0.009451549034565687,99.01138420263305,3.240148945711553,,111.5752659002319,6.725968943908811,2.0883500217460096,0.0,648.0,2.0,2.0,2.0,0.9996850490570068,0.07324451208114624,0.004370127338916063,0.007693699561059475,1.0
649.0,0,all_fail,False,False,False,False,False,0.7927224040031433,0.0,0.0,1e-06,49.353248596191406,24.61508274078369,28.3828125,0.0,0.0,0.0,0.0,0.0,0.0,0.0,0.0,0.0,0.0,0.0,0.0,0.0,0.0,0.0,0.0,15588.0,15588.0,15588.0,15588.0,15588.0,0.0,0.0,176.5425318237639,88.29600345576182,15588.0,1.0,709.0,709.0,709.0,0.0,0.0625,429.0,265.25,120.0,0.0625,429.0,265.25,120.0,0.03723037242889404,0.0003598928451538086,0.000454787106718868,0.0007316336268559098,0.001711379736661911,0.0006752721965312958,0.0041081905364990234,-0.003491222858428955,1.0006773471832275,0.8034940361976624,2.2521588802337646,0.8041693568229675,2.253737688064575,0.0006246578805330229,18.145426884965058,0.3711622734600714,0.009737167041748762,77.0091916997917,2.9238380040042102,,88.29600345576182,5.785677518695593,2.071633922867477,0.0,649.0,2.0,2.0,2.0,0.9996829628944397,0.059684038162231445,0.004190041683614254,0.007778841070830822,1.0
650.0,0,all_fail,False,False,False,False,False,0.7595271468162537,0.0,0.0,1e-06,49.35871505737305,24.61508274078369,28.3828125,0.0,0.0,0.0,0.0,0.0,0.0,0.0,0.0,0.0,0.0,0.0,0.0,0.0,0.0,0.0,0.0,16827.0,16827.0,16827.0,16827.0,16827.0,0.0,0.0,195.68035897985317,85.99227887624875,16827.0,1.0,772.0,772.0,772.0,0.0,0.0625,512.0,279.6875,132.0,0.0625,512.0,279.6875,132.0,0.16773653030395508,0.0006570816040039062,0.0004449248663149774,0.0005606875056400895,0.0015673190355300903,0.0006565749645233154,0.003715813159942627,-0.0018295645713806152,1.0006581544876099,0.742652177810669,2.1150662899017334,0.7433087825775146,2.116532564163208,0.0005856336724785069,16.53814911197184,0.37324738597942664,0.009854457806795835,74.00821727607399,3.09119257889688,,85.99227887624875,6.280633763875812,2.101764694787562,0.0,650.0,2.0,2.0,2.0,0.9996766448020935,0.07481339573860168,0.004199905786663294,0.007770712487399578,1.0
651.0,0,all_fail,False,False,False,False,False,0.6881757974624634,0.0,0.0,1e-06,49.28738784790039,24.61508274078369,28.3828125,0.0,0.0,0.0,0.0,0.0,0.0,0.0,0.0,0.0,0.0,0.0,0.0,0.0,0.0,0.0,0.0,14854.0,14854.0,14854.0,14854.0,14854.0,0.0,0.0,152.97568859009374,97.10039638914168,14854.0,1.0,625.0,625.0,625.0,0.0,0.0625,512.0,303.375,177.0,0.0625,512.0,303.375,177.0,0.7308461666107178,0.001020669937133789,0.00043027440551668406,0.0003509619564283639,0.002065252512693405,0.0004192627966403961,0.0067258477210998535,-0.003032982349395752,1.0004225969314575,0.7139887809753418,2.0894956588745117,0.7144080400466919,2.090587615966797,0.0006360208077206495,17.71956146205459,0.37801756827135385,0.009447453077882528,86.01075133681297,2.8725025756284595,,97.10039638914168,5.61507295910269,2.094744605012238,0.0,651.0,2.0,2.0,2.0,0.9996423125267029,0.06179836392402649,0.004214095417410135,0.00800570473074913,1.0
652.0,5,mixed,True,True,True,True,True,0.708175778388977,0.14715637266635895,-0.08874993771314621,1e-06,49.333797454833984,24.61508274078369,28.3828125,0.0,0.0,-0.08874993654899299,0.0,1.4361376762390137,0.08874992281198502,-0.652789831161499,1.4361376762390137,0.08874992281198502,-0.652789831161499,1.0,0.3125,0.0,1.0,0.3125,0.0,15947.0,15947.0,15947.0,15947.0,15947.0,0.0,0.0,195.73716089901606,81.47149946773425,15947.0,1.0,709.0,709.0,709.0,0.0,0.0625,450.0,287.6875,125.0,0.0625,450.0,287.6875,125.0,-0.13459956645965576,0.00022733211517333984,0.0004082330269739032,0.0007017020252533257,0.0012096110731363297,0.0005445424467325211,0.0025516748428344727,-0.0030056238174438477,1.000545620918274,0.6931055188179016,2.0165627002716064,0.6936500072479248,2.017514705657959,0.0006505861974640117,15.209373248554483,0.3699817903624393,0.010374898090958595,70.00874506309628,2.9614042178727686,,81.47149946773425,5.90009961090982,2.091660400852561,0.0,652.0,2.0,2.0,2.0,0.9996383786201477,0.05554288625717163,0.004331963136792183,0.007922649383544922,1.0
653.0,0,all_fail,False,False,False,False,False,0.5583547353744507,0.0,0.0,1e-06,49.304805755615234,24.61508274078369,28.3828125,0.0,0.0,0.0,0.0,0.0,0.0,0.0,0.0,0.0,0.0,0.0,0.0,0.0,0.0,0.0,0.0,17846.0,17846.0,17846.0,17846.0,17846.0,0.0,0.0,132.87333286246292,134.3083643312566,17846.0,1.0,753.0,753.0,753.0,0.0,0.125,512.0,362.375,212.0,0.125,512.0,362.375,212.0,0.032884836196899414,0.0002789497375488281,0.00038202741416171193,0.0006224472890608013,0.0012191832065582275,0.0004944466054439545,0.003818333148956299,-0.004040926694869995,1.0004957914352417,0.5819345116615295,1.8654110431671143,0.5824289321899414,1.866558313369751,0.0005560241569475276,21.04387065156698,0.3651968413484006,0.009922807104885578,122.01236203778535,3.1803294271230698,,134.3083643312566,6.5173028307035565,2.0872957641258836,0.0,653.0,2.0,2.0,2.0,0.9996664524078369,0.06235280632972717,0.0037055702414363623,0.007469803560525179,1.0
654.0,0,all_fail,False,False,False,False,False,0.8225208520889282,0.0,0.0,1e-06,49.36033248901367,24.61508274078369,28.3828125,0.0,0.0,0.0,0.0,0.0,0.0,0.0,0.0,0.0,0.0,0.0,0.0,0.0,0.0,0.0,0.0,13546.0,13546.0,13546.0,13546.0,13546.0,0.0,0.0,174.3163221632304,77.70930359186605,13546.0,1.0,574.0,574.0,574.0,0.0,0.0625,444.0,272.625,127.0,0.0625,444.0,272.625,127.0,-0.022779226303100586,0.0006697177886962891,0.00042395328637212515,0.0005108572659082711,0.001406196504831314,0.000695403665304184,0.005367279052734375,-0.0020300745964050293,1.0006972551345825,0.830050528049469,2.3225693702697754,0.8307459950447083,2.324340343475342,0.0007307561460668467,15.361848832370695,0.3937373668844782,0.009898822754621506,67.00838460680097,2.7763475365936756,,77.70930359186605,5.333566371817142,2.0810998757369816,0.0,654.0,2.0,2.0,2.0,0.9996815323829651,0.08630871772766113,0.004229824990034103,0.007735254243016243,1.0
655.0,12,mixed,True,True,True,True,True,0.5544406771659851,0.14195358753204346,-0.055846817791461945,1e-06,49.31181716918945,24.61508274078369,28.3828125,0.0,0.0,-0.055846817791461945,0.0,0.5590157508850098,0.055846747010946274,-1.6770472526550293,0.5590157508850098,0.055846747010946274,-1.6770472526550293,1.0,0.75,0.0,1.0,0.75,0.0,9204.0,9204.0,9204.0,9204.0,9204.0,0.0,0.0,135.27502291845755,68.03916792199016,9204.0,1.0,320.0,320.0,320.0,0.0,0.0625,436.0,255.25,72.0,0.0625,436.0,255.25,72.0,0.1825786828994751,0.0008827447891235352,0.00040765234734863043,0.00037460625753737986,0.001220710575580597,0.0004346296191215515,0.0027585625648498535,-0.0027160048484802246,1.000435709953308,0.5387734174728394,1.7285841703414917,0.5392080545425415,1.7293161153793335,0.0010849822997425183,14.448223388128996,0.44404758344437184,0.00998617708683014,59.00654431711882,2.3490398530848324,,68.03916792199016,4.087013958021998,2.0878362422809005,0.0,655.0,2.0,2.0,2.0,0.9996067881584167,0.05829125642776489,0.004080031532794237,0.00779841560870409,1.0
656.0,0,all_fail,False,False,False,False,False,0.8087725639343262,0.0,0.0,1e-06,49.781436920166016,24.61508274078369,28.3828125,0.0,0.0,0.0,0.0,0.0,0.0,0.0,0.0,0.0,0.0,0.0,0.0,0.0,0.0,0.0,0.0,10041.0,10041.0,10041.0,10041.0,10041.0,0.0,0.0,78.08959291728132,128.58307522023097,10041.0,1.0,413.0,413.0,413.0,0.0,0.0625,512.0,214.5625,104.0,0.0625,512.0,214.5625,104.0,0.43876636028289795,0.0016824007034301758,0.0005426622228696942,0.0002465056022629142,0.0019205324351787567,0.00022533908486366272,0.004349350929260254,-0.0028217434883117676,1.000227928161621,0.8578370809555054,2.416692018508911,0.8580624461174011,2.4180045127868652,0.0009430070509623038,34.667821442738216,0.4416929942190932,0.009468733798712492,119.01463101292029,2.530203509144485,,128.58307522023097,4.435039354953915,2.092719775158912,0.0,656.0,2.0,2.0,2.0,0.999647855758667,0.062079280614852905,0.0045912787318229675,0.008167312480509281,1.0
657.0,0,all_fail,False,False,False,False,False,1.0605533123016357,0.0,0.0,1e-06,49.405189514160156,24.61508274078369,28.3828125,0.0,0.0,0.0,0.0,0.0,0.0,0.0,0.0,0.0,0.0,0.0,0.0,0.0,0.0,0.0,0.0,15372.0,15372.0,15372.0,15372.0,15372.0,0.0,0.0,140.3525290147591,109.52421098435298,15372.0,1.0,676.0,676.0,676.0,0.0,0.0625,512.0,284.75,74.0,0.0625,512.0,284.75,74.0,0.4807744026184082,0.0013970136642456055,0.0004899686900898814,0.0002838388900272548,0.0018655471503734589,0.0006427280604839325,0.008184075355529785,-0.0021558403968811035,1.0006464719772339,1.0995646715164185,3.511005163192749,1.1002074480056763,3.5134260654449463,0.0006246346640569017,21.51242603201998,0.38567080061651055,0.009601884055882692,98.01061300188303,2.9729840639047325,,109.52421098435298,5.928531547077,2.1045025349594653,0.0,657.0,2.0,2.0,2.0,0.9997342824935913,0.06029358506202698,0.004145968705415726,0.00745817506685853,1.0
658.0,0,all_fail,False,False,False,False,False,0.6879714131355286,0.0,0.0,1e-06,49.404212951660156,24.61508274078369,28.3828125,0.0,0.0,0.0,0.0,0.0,0.0,0.0,0.0,0.0,0.0,0.0,0.0,0.0,0.0,0.0,0.0,16077.0,16077.0,16077.0,16077.0,16077.0,0.0,0.0,199.31459183917755,80.66143001196906,16077.0,1.0,721.0,721.0,721.0,0.0,0.0625,512.0,283.8125,109.0,0.0625,512.0,283.8125,109.0,-0.13901901245117188,-0.0007576346397399902,0.0004240529960952699,0.0012228266568854451,0.0018710587173700333,0.0012713763862848282,0.0037450790405273438,-0.0022521615028381348,1.00127375125885,0.7152754664421082,2.0852909088134766,0.716546893119812,2.08819317817688,0.0006151337234721949,15.196811134519457,0.3752348056900592,0.009889504872262478,69.00871936185285,3.0033901087008417,,80.66143001196906,6.032649971079081,2.1085510556586087,0.0,658.0,2.0,2.0,2.0,0.9996595978736877,0.059839874505996704,0.004177598748356104,0.007797271013259888,1.0
659.0,0,all_fail,False,False,False,False,False,0.7237443923950195,0.0,0.0,1e-06,49.4327278137207,24.61508274078369,28.3828125,0.0,0.0,0.0,0.0,0.0,0.0,0.0,0.0,0.0,0.0,0.0,0.0,0.0,0.0,0.0,0.0,10471.0,10471.0,10471.0,10471.0,10471.0,0.0,0.0,123.94004043198179,84.48440038831905,10471.0,1.0,393.0,393.0,393.0,0.0,0.0625,440.0,261.4375,133.0,0.0625,440.0,261.4375,133.0,-0.0900646448135376,6.4849853515625e-05,0.00046751825721003115,0.0008994779782369733,0.0016065239906311035,0.0008601769804954529,0.005681037902832031,-0.0020638704299926758,1.0008625984191895,0.7653401494026184,2.1944684982299805,0.7662003040313721,2.1963696479797363,0.0009096293670948296,17.931792552767938,0.42101784281325183,0.00952472910284996,75.00868824822828,2.465968163218349,,84.48440038831905,4.40847783209756,2.093444138765335,0.0,659.0,2.0,2.0,2.0,0.9996352195739746,0.08744677901268005,0.0043586804531514645,0.008319343440234661,1.0
660.0,12,mixed,True,True,True,True,True,0.7010889649391174,0.18669743835926056,0.01864655502140522,1e-06,49.33964538574219,24.61508274078369,28.3828125,0.0,0.0,0.01864655502140522,0.0,0.5590157508850098,-0.01864658296108246,-1.6770472526550293,0.5590157508850098,-0.01864658296108246,-1.6770472526550293,1.0,0.75,0.0,1.0,0.75,0.0,8362.0,8362.0,8362.0,8362.0,8362.0,0.0,0.0,165.53786135376492,50.51412366703153,8362.0,1.0,339.0,339.0,339.0,0.0,0.0625,301.0,183.625,67.0,0.0625,301.0,183.625,67.0,0.7300570011138916,0.0010491609573364258,0.00045511769712902606,0.0003864484024234116,0.0023443810641765594,0.0004939250648021698,0.003922879695892334,-0.0038701891899108887,1.0004973411560059,0.7141996622085571,2.059985399246216,0.714693546295166,2.060938835144043,0.0011387855929176193,14.297365481661565,0.44226994282679394,0.009522525127977133,42.00565978512168,2.2071574577130377,,50.51412366703153,3.6982612619176507,2.0944601171649992,0.0,660.0,2.0,2.0,2.0,0.9996669888496399,0.06857913732528687,0.004190017003566027,0.007735792081803083,1.0
661.0,0,all_fail,False,False,False,False,False,0.6998129487037659,0.0,0.0,1e-06,49.34690856933594,24.61508274078369,28.3828125,0.0,0.0,0.0,0.0,0.0,0.0,0.0,0.0,0.0,0.0,0.0,0.0,0.0,0.0,0.0,0.0,22163.0,22163.0,22163.0,22163.0,22163.0,0.0,0.0,299.7094094349413,73.94829559000209,22163.0,1.0,1115.0,1115.0,1115.0,0.0,0.0625,409.0,270.1875,130.0,0.0625,409.0,270.1875,130.0,0.022617459297180176,0.000828862190246582,0.0004352243850007653,0.0004567416908685118,0.0011032838374376297,0.000460674986243248,0.0027046799659729004,-0.002311795949935913,1.0004615783691406,0.6968936920166016,2.022749900817871,0.6973543167114258,2.0237462520599365,0.0004405739666717672,13.880726526504917,0.3509453731004374,0.009764440823346376,60.00638077408075,3.571534850168973,,73.94829559000209,7.778002304024994,2.085397255141288,0.0,661.0,2.0,2.0,2.0,0.9996765851974487,0.06195136904716492,0.004117028787732124,0.007622213568538427,1.0
662.0,0,all_fail,False,False,False,False,False,0.6892181038856506,0.0,0.0,1e-06,49.28652572631836,24.61508274078369,28.3828125,0.0,0.0,0.0,0.0,0.0,0.0,0.0,0.0,0.0,0.0,0.0,0.0,0.0,0.0,0.0,0.0,15829.0,15829.0,15829.0,15829.0,15829.0,0.0,0.0,206.6952738858508,76.58133494015783,15829.0,1.0,687.0,687.0,687.0,0.0,0.0625,512.0,302.3125,143.0,0.0625,512.0,302.3125,143.0,0.16254091262817383,0.0008236169815063477,0.00045967180631123483,0.0005061563570052385,0.0016751009970903397,0.0002987552434206009,0.00343930721282959,-0.0030804872512817383,1.000300645828247,0.7577551007270813,2.248668670654297,0.7580538392066956,2.2485761642456055,0.000632598961331221,13.439896285644808,0.3780494169011722,0.010013408958911896,65.00877833366394,2.993933631107211,,76.58133494015783,5.984144220128655,2.087898048106581,0.0,662.0,2.0,2.0,2.0,0.9996770620346069,0.05865955352783203,0.003952874336391687,0.007732075173407793,1.0
663.0,0,all_fail,False,False,False,False,False,0.665829598903656,0.0,0.0,1e-06,49.295047760009766,24.61508274078369,28.3828125,0.0,0.0,0.0,0.0,0.0,0.0,0.0,0.0,0.0,0.0,0.0,0.0,0.0,0.0,0.0,0.0,11968.0,11968.0,11968.0,11968.0,11968.0,0.0,0.0,133.24461135942374,89.81976740295067,11968.0,1.0,515.0,515.0,515.0,0.0,0.0625,350.0,233.0,76.0,0.0625,350.0,233.0,76.0,-0.01453179121017456,0.00027048587799072266,0.0004497081972658634,0.0007656231173314154,0.0015978645533323288,0.0005099456757307053,0.003925442695617676,-0.005494475364685059,1.0005123615264893,0.733597993850708,2.171072483062744,0.7341079115867615,2.172473907470703,0.0007910311784231687,21.461786259097636,0.3886903410252647,0.009467061143368483,80.00953917391598,2.5481972629204392,,89.81976740295067,4.651846001390368,2.1054201209917665,0.0,663.0,2.0,2.0,2.0,0.999688982963562,0.062411487102508545,0.003945736680179834,0.007580623030662537,1.0
664.0,0,all_fail,False,False,False,False,False,0.8710833191871643,0.0,0.0,1e-06,49.2891960144043,24.61508274078369,28.3828125,0.0,0.0,0.0,0.0,0.0,0.0,0.0,0.0,0.0,0.0,0.0,0.0,0.0,0.0,0.0,0.0,15080.0,15080.0,15080.0,15080.0,15080.0,0.0,0.0,156.41596086605236,96.40959858894348,15080.0,1.0,684.0,684.0,684.0,0.0,0.0625,512.0,258.5,77.0,0.0625,512.0,258.5,77.0,0.36110758781433105,0.0018616914749145508,0.0005077339592389762,8.593576058046892e-05,0.0017764419317245483,-7.215887308120728e-05,0.0041297078132629395,-0.004498600959777832,0.9999305009841919,0.9601913094520569,2.7372090816497803,0.9601191282272339,2.735626459121704,0.000649171607168663,20.553607381727165,0.38659232671666566,0.00978950783610344,85.00972013082355,2.9344643587246537,,96.40959858894348,5.829812286887318,2.12599573796615,0.0,664.0,2.0,2.0,2.0,0.9996991753578186,0.059478580951690674,0.0043218787759542465,0.007664630655199289,1.0
665.0,0,all_fail,False,False,False,False,False,0.7450951933860779,0.0,0.0,1e-06,49.29380798339844,24.61508274078369,28.3828125,0.0,0.0,0.0,0.0,0.0,0.0,0.0,0.0,0.0,0.0,0.0,0.0,0.0,0.0,0.0,0.0,15553.0,15553.0,15553.0,15553.0,15553.0,0.0,0.0,211.6151698460069,73.496621302329,15553.0,1.0,624.0,624.0,624.0,0.0,0.25,512.0,348.0625,156.0,0.25,512.0,348.0625,156.0,-0.04092317819595337,0.0005354881286621094,0.00041056625195778906,0.0005533680669032037,0.0009864624589681625,0.0005044844001531601,0.003656715154647827,-0.0012657642364501953,1.0005054473876953,0.7498084902763367,2.1984188556671143,0.7503129243850708,2.19929838180542,0.0006618817860632704,11.134488907542154,0.3807425618364268,0.010294247418642044,62.00796872610226,2.9704588050954044,,73.496621302329,5.921689064241946,2.0885678050108254,0.0,665.0,2.0,2.0,2.0,0.9996946454048157,0.06024724245071411,0.003938899375498295,0.007637373171746731,1.0
666.0,0,all_fail,False,False,False,False,False,0.8334004282951355,0.0,0.0,1e-06,49.274169921875,24.61508274078369,28.3828125,0.0,0.0,0.0,0.0,0.0,0.0,0.0,0.0,0.0,0.0,0.0,0.0,0.0,0.0,0.0,0.0,12692.0,12692.0,12692.0,12692.0,12692.0,0.0,0.0,95.25521317082263,133.24205130105838,12692.0,1.0,554.0,554.0,554.0,0.0,0.0625,468.0,239.25,118.0,0.0625,468.0,239.25,118.0,1.4599626064300537,0.002400994300842285,0.00046400909195654094,-0.0002676367003004998,0.0017707832157611847,-0.000370856374502182,0.00298154354095459,-0.005982875823974609,0.9996322393417358,0.87343430519104,2.5332512855529785,0.8730635643005371,2.530956983566284,0.0007351269485271018,32.13535182838802,0.3915898931652115,0.009330231230705976,123.01412679906934,2.6421059230342507,,133.24205130105838,4.970058924052864,2.10640365537256,0.0,666.0,2.0,2.0,2.0,0.9996723532676697,0.08544948697090149,0.004319508094340563,0.007955039851367474,1.0
667.0,0,all_fail,False,False,False,False,False,0.7619508504867554,0.0,0.0,1e-06,49.29447937011719,24.61508274078369,28.3828125,0.0,0.0,0.0,0.0,0.0,0.0,0.0,0.0,0.0,0.0,0.0,0.0,0.0,0.0,0.0,0.0,11334.0,11334.0,11334.0,11334.0,11334.0,0.0,0.0,117.09236643464335,96.79537911061198,11334.0,1.0,464.0,464.0,464.0,0.0,0.0625,441.0,244.375,85.0,0.0625,441.0,244.375,85.0,0.6505250930786133,0.0024595260620117188,0.00044599390821531415,-0.00033473613439127803,0.0015223659574985504,-0.000466223806142807,0.0034023523330688477,-0.003470301628112793,0.9995355606079102,0.7846122980117798,2.2516896724700928,0.7841459512710571,2.2505605220794678,0.0008467684028424008,22.25342955621307,0.40912884365598295,0.009597273077815771,87.01090956479311,2.537042092066258,,96.79537911061198,4.637066313996911,2.1051594568416476,0.0,667.0,2.0,2.0,2.0,0.9996912479400635,0.05257523059844971,0.0042370157316327095,0.007545035798102617,1.0
668.0,3,mixed,True,True,True,True,True,0.7584794759750366,0.162591353058815,-0.06283825635910034,1e-06,49.298583984375,24.61508274078369,28.3828125,0.0,0.0,-0.06283826380968094,0.0,2.015559434890747,0.06283830106258392,-0.4651290774345398,2.015559434890747,0.06283830106258392,-0.4651290774345398,1.0,0.1875,0.0,1.0,0.1875,0.0,22072.0,22072.0,22072.0,22072.0,22072.0,0.0,0.0,216.6763319485203,101.86622508103028,22072.0,1.0,1134.0,1134.0,1134.0,0.0,0.0625,390.0,245.5,168.0,0.0625,390.0,245.5,168.0,0.6166244745254517,0.0017437934875488281,0.00045097022666595876,3.2960655516944826e-05,0.0018010009080171585,6.34174793958664e-05,0.003656327724456787,-0.0061408281326293945,1.0000660419464111,0.7624138593673706,2.168534755706787,0.7624772787094116,2.16899037361145,0.0004359699582161896,22.40587813059407,0.34942608749464926,0.009622728917747736,88.0102892969735,3.5444375509396195,,101.86622508103028,7.712532603181899,2.09119686903432,0.0,668.0,2.0,2.0,2.0,0.9996865391731262,0.056326448917388916,0.004185991361737251,0.00759832002222538,1.0
669.0,0,all_fail,False,False,False,False,False,0.6553705930709839,0.0,0.0,1e-06,49.30108642578125,24.61508274078369,28.3828125,0.0,0.0,0.0,0.0,0.0,0.0,0.0,0.0,0.0,0.0,0.0,0.0,0.0,0.0,0.0,0.0,27038.0,27038.0,27038.0,27038.0,27038.0,0.0,0.0,272.1612350543996,99.3455221299082,27038.0,1.0,1387.0,1387.0,1387.0,0.0,0.0625,512.0,302.875,150.0,0.0625,512.0,302.875,150.0,0.1581432819366455,0.00019729137420654297,0.00047637714305892587,0.0008516390225850046,0.0016616806387901306,0.00045859068632125854,0.004161655902862549,-0.0031494498252868652,1.0004608631134033,0.6746792793273926,1.9972882270812988,0.6751378774642944,1.9978957176208496,0.0004115582244888602,17.129613397246302,0.3545875857755783,0.011127711273729801,83.01010652305558,4.0568176517263055,,99.3455221299082,9.587339144200087,2.181914009153843,0.0,669.0,2.0,2.0,2.0,0.9996200799942017,0.09760800004005432,0.0043762559071183205,0.008070612326264381,1.0
670.0,0,all_fail,False,False,False,False,False,0.8627611994743347,0.0,0.0,1e-06,49.33699417114258,24.61508274078369,28.3828125,0.0,0.0,0.0,0.0,0.0,0.0,0.0,0.0,0.0,0.0,0.0,0.0,0.0,0.0,0.0,0.0,20246.0,20246.0,20246.0,20246.0,20246.0,0.0,0.0,207.7031249109134,97.47566392505541,20246.0,1.0,978.0,978.0,978.0,0.0,0.125,512.0,287.375,75.0,0.125,512.0,287.375,75.0,0.2717001438140869,-0.0001658797264099121,0.0004420165787450969,0.0009667033446021378,0.0022910088300704956,0.0006134957075119019,0.003918051719665527,-0.0056580305099487305,1.000617265701294,0.8983189463615417,2.5092647075653076,0.8989324569702148,2.5107481479644775,0.00048285740470269166,18.271016646577625,0.3654809351855927,0.009775931015610695,84.01013454096392,3.446604391094297,,97.47566392505541,7.399527013767511,2.110351847950369,0.0,670.0,2.0,2.0,2.0,0.999702513217926,0.08062991499900818,0.004140871576964855,0.007671449799090624,1.0
671.0,1,mixed,True,True,True,True,True,0.8047606348991394,0.14088203012943268,0.07795669883489609,1e-06,49.3668212890625,24.61508274078369,28.3828125,0.0,0.0,0.07795669883489609,0.0,3.7499847412109375,-0.07795672863721848,-0.24999898672103882,3.7499847412109375,-0.07795672863721848,-0.24999898672103882,1.0,0.0625,0.0,1.0,0.0625,0.0,10662.0,10662.0,10662.0,10662.0,10662.0,0.0,0.0,135.63935250865043,78.60550646111369,10662.0,1.0,399.0,399.0,399.0,0.0,0.0625,398.0,267.375,160.0,0.0625,398.0,267.375,160.0,0.22056102752685547,0.0004647970199584961,0.0003959860769100487,0.0005590697983279824,0.001700185239315033,0.00037334859371185303,0.0040264129638671875,-0.0034679174423217773,1.000375509262085,0.8600379824638367,2.7027249336242676,0.8604113459587097,2.7051756381988525,0.0008980348678992314,16.130984652623738,0.41192464433160414,0.009574847761541605,69.00835234392434,2.462125231977552,,78.60550646111369,4.391940557863563,2.234742701984942,0.0,671.0,2.0,2.0,2.0,0.9997143149375916,0.06086200475692749,0.0038852039724588394,0.007503946777433157,1.0
672.0,0,all_fail,False,False,False,False,False,0.7247435450553894,0.0,0.0,1e-06,49.30302810668945,24.61508274078369,28.3828125,0.0,0.0,0.0,0.0,0.0,0.0,0.0,0.0,0.0,0.0,0.0,0.0,0.0,0.0,0.0,0.0,13081.0,13081.0,13081.0,13081.0,13081.0,0.0,0.0,160.4092816673088,81.54765026085079,13081.0,1.0,590.0,590.0,590.0,0.0,0.0625,462.0,227.5625,113.0,0.0625,462.0,227.5625,113.0,0.08779740333557129,0.0013477802276611328,0.0004325673799030483,0.00019163222168572247,0.0014208219945430756,0.0002888776361942291,0.0042896270751953125,-0.002399742603302002,1.0002903938293457,0.804962158203125,2.3280646800994873,0.8052510023117065,2.3292274475097656,0.0007567816815416562,19.502353494967963,0.39571286919925813,0.009899461176246405,71.00806907517835,2.721364254131913,,81.54765026085079,5.176320041995496,2.13133974513039,0.0,672.0,2.0,2.0,2.0,0.9997363090515137,0.04718637466430664,0.003713742597028613,0.007135240361094475,1.0
673.0,0,all_fail,False,False,False,False,False,0.7643714547157288,0.0,0.0,1e-06,49.318153381347656,24.61508274078369,28.3828125,0.0,0.0,0.0,0.0,0.0,0.0,0.0,0.0,0.0,0.0,0.0,0.0,0.0,0.0,0.0,0.0,21154.0,21154.0,21154.0,21154.0,21154.0,0.0,0.0,230.71946674773685,91.68710511596873,21154.0,1.0,1082.0,1082.0,1082.0,0.0,0.0625,512.0,240.125,76.0,0.0625,512.0,240.125,76.0,0.4777737855911255,0.0017671585083007812,0.00040784140583127737,-6.331373879220337e-05,0.0015091635286808014,-0.00023911520838737488,0.0033805370330810547,-0.0028513669967651367,0.9997623562812805,0.8035967946052551,2.3080570697784424,0.803357720375061,2.3075098991394043,0.00044537805548414816,20.304470887831386,0.3582110644643162,0.00942152738571167,78.00977715104818,3.5007866378873587,,91.68710511596873,7.577596857678145,2.0911477231420577,0.0,673.0,2.0,2.0,2.0,0.9997107982635498,0.05933845043182373,0.00387369142845273,0.007490924559533596,1.0
674.0,0,all_fail,False,False,False,False,False,0.7474821209907532,0.0,0.0,1e-06,49.31072235107422,24.61508274078369,28.3828125,0.0,0.0,0.0,0.0,0.0,0.0,0.0,0.0,0.0,0.0,0.0,0.0,0.0,0.0,0.0,0.0,15843.0,15843.0,15843.0,15843.0,15843.0,0.0,0.0,231.1005225433892,68.55458319885656,15843.0,1.0,749.0,749.0,749.0,0.0,0.0625,491.0,241.1875,71.0,0.0625,491.0,241.1875,71.0,0.22088921070098877,0.0012636184692382812,0.0004449632833711803,0.00026095801149494946,0.0014717523008584976,0.0004207845777273178,0.0026435256004333496,-0.003203868865966797,1.0004223585128784,0.7548102736473083,2.1484193801879883,0.7552310824394226,2.1493260860443115,0.0006106523344863329,14.772376572666436,0.3767691715824734,0.009674564935266972,57.00660119391978,2.9826462320052087,,68.55458319885656,5.969153985381126,2.088708662893623,0.0,674.0,2.0,2.0,2.0,0.999647855758667,0.052620530128479004,0.004454030189663172,0.007916931994259357,1.0
675.0,16,all_pass,True,False,False,False,False,0.5858098864555359,0.0,0.0,1e-06,49.331809997558594,24.61508274078369,28.3828125,0.0,0.0,0.0,0.0,0.0,0.0,0.0,0.0,0.0,0.0,1.0,1.0,1.0,1.0,1.0,1.0,8522.0,8522.0,8522.0,8522.0,8522.0,0.0,0.0,179.58301981312076,47.454375190194696,8522.0,1.0,334.0,334.0,334.0,0.0,0.0625,267.0,198.625,133.0,0.0625,267.0,198.625,133.0,0.6188448667526245,0.0018303394317626953,0.00039378233486786485,-0.0001242725265910849,0.001950003206729889,-1.9632279872894287e-06,0.0045909881591796875,-0.0040184855461120605,1.0000008344650269,0.5730123519897461,1.8049362897872925,0.5730104446411133,1.8054242134094238,0.0011215757008583383,12.273627526171932,0.4304851078780443,0.009558068122714758,39.0055882781744,2.186604153830558,,47.454375190194696,3.6685940893366933,2.084276980254799,0.0,675.0,2.0,2.0,2.0,0.9996492266654968,0.05414047837257385,0.003866234328597784,0.007552053313702345,1.0
676.0,0,all_fail,False,False,False,False,False,0.7349894642829895,0.0,0.0,1e-06,49.312042236328125,24.61508274078369,28.3828125,0.0,0.0,0.0,0.0,0.0,0.0,0.0,0.0,0.0,0.0,0.0,0.0,0.0,0.0,0.0,0.0,13442.0,13442.0,13442.0,13442.0,13442.0,0.0,0.0,162.36571459970898,82.7884140019305,13442.0,1.0,605.0,605.0,605.0,0.0,0.0625,512.0,235.125,114.0,0.0625,512.0,235.125,114.0,0.07217466831207275,0.0007036924362182617,0.00045390575542114675,0.0005597072886303067,0.0014862045645713806,0.0003142356872558594,0.0034945011138916016,-0.003706812858581543,1.0003160238265991,0.7864358425140381,2.2618186473846436,0.7867500185966492,2.2623839378356934,0.0007701533993578901,19.141281816557818,0.40056502483668754,0.010352401994168758,72.00950219389051,2.7912834458984435,,82.7884140019305,5.384395063854754,2.0939009790308774,0.0,676.0,2.0,2.0,2.0,0.9997164011001587,0.06023082137107849,0.0038718453142791986,0.0073368060402572155,1.0
677.0,0,all_fail,False,False,False,False,False,0.8777719140052795,0.0,0.0,1e-06,49.30704116821289,24.61508274078369,28.3828125,0.0,0.0,0.0,0.0,0.0,0.0,0.0,0.0,0.0,0.0,0.0,0.0,0.0,0.0,0.0,0.0,17071.0,17071.0,17071.0,17071.0,17071.0,0.0,0.0,185.57400015526662,91.9902571788989,17071.0,1.0,784.0,784.0,784.0,0.0,0.125,512.0,282.9375,126.0,0.125,512.0,282.9375,126.0,4.053327560424805,0.0026755332946777344,0.0005159066058695316,-0.00030108887585811317,0.0017398074269294739,-2.7649104595184326e-05,0.00478440523147583,-0.006615877151489258,0.9999754428863525,0.9046608209609985,2.5468571186065674,0.904633104801178,2.5458812713623047,0.0006204600725852154,17.674001670574803,0.36841855621127173,0.010591873899102211,80.01020556269214,3.095178183168173,,91.9902571788989,6.28927317308262,2.0863036406226456,0.0,677.0,2.0,2.0,2.0,0.999703049659729,0.05545133352279663,0.004344698507338762,0.0076916515827178955,1.0
678.0,0,all_fail,False,False,False,False,False,0.6770952939987183,0.0,0.0,1e-06,49.32805252075195,24.61508274078369,28.3828125,0.0,0.0,0.0,0.0,0.0,0.0,0.0,0.0,0.0,0.0,0.0,0.0,0.0,0.0,0.0,0.0,18101.0,18101.0,18101.0,18101.0,18101.0,0.0,0.0,246.50731366268067,73.42987001501024,18101.0,1.0,881.0,881.0,881.0,0.0,0.0625,495.0,250.3125,83.0,0.0625,495.0,250.3125,83.0,0.040201663970947266,0.0007208585739135742,0.00044416007585823536,0.0005264769424684346,0.0015949606895446777,0.00027321651577949524,0.005144357681274414,-0.0028849244117736816,1.0002753734588623,0.6805194616317749,2.0111899375915527,0.6807925701141357,2.0116491317749023,0.0005342685454662686,15.232965488396074,0.3646478504483759,0.009670794941484928,61.008026781026274,3.2034544376656413,,73.42987001501024,6.600490740966052,2.1106217093765736,0.0,678.0,2.0,2.0,2.0,0.9996601939201355,0.06083253026008606,0.004159458912909031,0.007761904504150152,1.0
679.0,0,all_fail,False,False,False,False,False,0.7015654444694519,0.0,0.0,1e-06,49.305233001708984,24.61508274078369,28.3828125,0.0,0.0,0.0,0.0,0.0,0.0,0.0,0.0,0.0,0.0,0.0,0.0,0.0,0.0,0.0,0.0,11048.0,11048.0,11048.0,11048.0,11048.0,0.0,0.0,130.36097869943586,84.7492870199494,11048.0,1.0,459.0,459.0,459.0,0.0,0.0625,512.0,231.5,145.0,0.0625,512.0,231.5,145.0,-0.38564401865005493,-0.0017635822296142578,0.0004461147473193705,0.001769652939401567,0.002013634890317917,0.0017833374440670013,0.006135463714599609,-0.0006963014602661133,1.0017870664596558,0.704318106174469,2.0427656173706055,0.7061014175415039,2.0464248657226562,0.0009056394663487631,20.25088553704607,0.416426838053273,0.010005504824221134,75.00928002921864,2.5317597300745547,,84.7492870199494,4.600683706812561,2.0991770257242024,0.0,679.0,2.0,2.0,2.0,0.9996443390846252,0.05542922019958496,0.00437520956620574,0.007941670715808868,1.0
680.0,0,all_fail,False,False,False,False,False,0.9344146847724915,0.0,0.0,1e-06,49.30726623535156,24.61508274078369,28.3828125,0.0,0.0,0.0,0.0,0.0,0.0,0.0,0.0,0.0,0.0,0.0,0.0,0.0,0.0,0.0,0.0,13618.0,13618.0,13618.0,13618.0,13618.0,0.0,0.0,192.35340554538107,70.79677098197863,13618.0,1.0,615.0,615.0,615.0,0.0,0.0625,427.0,236.125,92.0,0.0625,427.0,236.125,92.0,0.03733837604522705,0.001032710075378418,0.0004548249999061227,0.00039397558430209756,0.0015067383646965027,0.00027185678482055664,0.003365159034729004,-0.003614187240600586,1.0002738237380981,0.9404645562171936,2.725003719329834,0.9407363533973694,2.7261106967926025,0.0007448645185786978,15.88348360695714,0.39513022219632266,0.010143565014004707,60.007801067084074,2.7973939906805754,,70.79677098197863,5.380883365869522,2.1032120711170137,0.0,680.0,2.0,2.0,2.0,0.9997138381004333,0.04911518096923828,0.004228328354656696,0.007649249397218227,1.0
681.0,5,mixed,True,True,True,True,True,0.535933792591095,0.1606004238128662,-0.13744457066059113,1e-06,49.30882263183594,24.61508274078369,28.3828125,0.0,0.0,-0.13744456926360726,0.0,1.4361376762390137,0.13744454085826874,-0.652789831161499,1.4361376762390137,0.13744454085826874,-0.652789831161499,1.0,0.3125,0.0,1.0,0.3125,0.0,9032.0,9032.0,9032.0,9032.0,9032.0,0.0,0.0,146.00814464466566,61.85956284822896,9032.0,1.0,337.0,337.0,337.0,0.0,0.0625,370.0,227.5,145.0,0.0625,370.0,227.5,145.0,0.25590014457702637,0.0008490085601806641,0.0003862458688672632,0.00034737540408968925,0.0016250740736722946,0.000566365197300911,0.003119051456451416,-0.0028387904167175293,1.0005680322647095,0.5517567992210388,1.7712267637252808,0.5523231625556946,1.7722234725952148,0.0010638154298232075,14.562137465115514,0.43657056873241906,0.00960838096216321,53.00618037302047,2.2994443108327687,,61.85956284822896,3.943105376791209,2.101469858083874,0.0,681.0,2.0,2.0,2.0,0.9996365904808044,0.11667013168334961,0.0037432913668453693,0.007727807387709618,1.0
682.0,0,all_fail,False,False,False,False,False,0.8136085271835327,0.0,0.0,1e-06,49.32989501953125,24.61508274078369,28.3828125,0.0,0.0,0.0,0.0,0.0,0.0,0.0,0.0,0.0,0.0,0.0,0.0,0.0,0.0,0.0,0.0,16491.0,16491.0,16491.0,16491.0,16491.0,0.0,0.0,183.29586785095802,89.96929496200755,16491.0,1.0,740.0,740.0,740.0,0.0,0.1875,512.0,290.6875,99.0,0.1875,512.0,290.6875,99.0,-0.007274508476257324,0.00045883655548095703,0.00048487193998880684,0.0007390845566987991,0.0014081932604312897,0.0010559968650341034,0.004036009311676025,-0.0015576481819152832,1.0010576248168945,0.8509259223937988,2.5097949504852295,0.8519819974899292,2.512770652770996,0.0005824859652490456,16.772761113058205,0.3793692479957015,0.00960577605292201,78.01011193683371,3.0832610176876187,,89.96929496200755,6.256178268697113,2.1124122119508684,0.0,682.0,2.0,2.0,2.0,0.9996938109397888,0.06138575077056885,0.004220691509544849,0.00766792194917798,1.0
683.0,0,all_fail,False,False,False,False,False,0.8450168371200562,0.0,0.0,1e-06,49.31867218017578,24.61508274078369,28.3828125,0.0,0.0,0.0,0.0,0.0,0.0,0.0,0.0,0.0,0.0,0.0,0.0,0.0,0.0,0.0,0.0,11266.0,11266.0,11266.0,11266.0,11266.0,0.0,0.0,83.56467741406323,134.81772859813645,11266.0,1.0,482.0,482.0,482.0,0.0,0.0625,512.0,222.125,101.0,0.0625,512.0,222.125,101.0,-0.01000988483428955,0.0009399652481079102,0.0005134388920851052,0.0005589957581833005,0.0016528107225894928,0.0008318759500980377,0.0041201114654541016,-0.00273817777633667,1.0008338689804077,0.9267914295196533,2.575521945953369,0.9276233315467834,2.5778684616088867,0.0008809024435989644,35.17577977372532,0.41202009958425856,0.009924246929585934,125.01472131581977,2.547879699151963,,134.81772859813645,4.641818441916257,2.1045673210173845,0.0,683.0,2.0,2.0,2.0,0.9996755719184875,0.057937294244766235,0.004437912255525589,0.007950656116008759,1.0
684.0,0,all_fail,False,False,False,False,False,0.7951245307922363,0.0,0.0,1e-06,49.430938720703125,24.61508274078369,28.3828125,0.0,0.0,0.0,0.0,0.0,0.0,0.0,0.0,0.0,0.0,0.0,0.0,0.0,0.0,0.0,0.0,16525.0,16525.0,16525.0,16525.0,16525.0,0.0,0.0,209.67777284838976,78.811405593995,16525.0,1.0,743.0,743.0,743.0,0.0,0.0625,497.0,289.8125,130.0,0.0625,497.0,289.8125,130.0,0.23739922046661377,0.001183152198791504,0.00046068907249718904,0.0003302866534795612,0.0016635581851005554,0.0003347620368003845,0.005272865295410156,-0.00255739688873291,1.0003368854522705,0.8433568477630615,2.378852367401123,0.8436915278434753,2.3798465728759766,0.0006304469393529617,14.45073552260162,0.37197972699977266,0.010418135672807693,67.00806061830372,3.0452313241548836,,78.811405593995,6.146964988671243,2.1020826771855354,0.0,684.0,2.0,2.0,2.0,0.9997203350067139,0.056739211082458496,0.003919019363820553,0.007452175486832857,1.0
685.0,4,mixed,True,True,True,True,True,0.5395483374595642,0.1485261768102646,-0.08371350169181824,1e-06,49.318477630615234,24.61508274078369,28.3828125,0.0,0.0,-0.08371350169181824,0.0,1.6770472526550293,0.08371356129646301,-0.5590157508850098,1.6770472526550293,0.08371356129646301,-0.5590157508850098,1.0,0.25,0.0,1.0,0.25,0.0,9651.0,9651.0,9651.0,9651.0,9651.0,0.0,0.0,131.80561833504498,73.22146143624559,9651.0,1.0,339.0,339.0,339.0,0.0,0.0625,512.0,264.1875,163.0,0.0625,512.0,264.1875,163.0,0.8852378129959106,0.0018788576126098633,0.00038271243101917207,-0.00017167693295050412,0.001651594415307045,-0.0003956165164709091,0.002699911594390869,-0.005551755428314209,0.9996064901351929,0.5126239061355591,1.6806646585464478,0.5122283101081848,1.679951786994934,0.0010490004556492293,15.142761794720236,0.43512985027099804,0.010123903397470713,64.00845410628244,2.394726851955056,,73.22146143624559,4.199438184965402,2.1126261721365154,0.0,685.0,2.0,2.0,2.0,0.9996212124824524,0.061337679624557495,0.003887015860527754,0.007677542977035046,1.0
686.0,0,all_fail,False,False,False,False,False,0.7798939943313599,0.0,0.0,1e-06,49.32094192504883,24.61508274078369,28.3828125,0.0,0.0,0.0,0.0,0.0,0.0,0.0,0.0,0.0,0.0,0.0,0.0,0.0,0.0,0.0,0.0,14395.0,14395.0,14395.0,14395.0,14395.0,0.0,0.0,225.2257195995569,63.91365970810875,14395.0,1.0,628.0,628.0,628.0,0.0,0.0625,425.0,271.6875,174.0,0.0625,425.0,271.6875,174.0,0.31979477405548096,0.0007702112197875977,0.00046324674622155726,0.00054248480591923,0.001823384314775467,0.0005694963037967682,0.005152225494384766,-0.0032445788383483887,1.0005717277526855,0.7791708707809448,2.202888250350952,0.7797403931617737,2.204409122467041,0.0006834822394712057,12.193724637637303,0.3798405740755575,0.009838726837188005,53.006120999809355,2.8242617077194154,,63.91365970810875,5.46780506381765,2.108450361993164,0.0,686.0,2.0,2.0,2.0,0.9996821284294128,0.05859804153442383,0.0041550868190824986,0.00772043876349926,1.0
687.0,1,mixed,True,True,True,True,True,0.8406288027763367,0.14685311913490295,0.001855798065662384,1e-06,49.32345199584961,24.61508274078369,28.3828125,0.0,0.0,0.001855798065662384,0.0,3.7499847412109375,-0.001855763141065836,-0.24999898672103882,3.7499847412109375,-0.001855763141065836,-0.24999898672103882,1.0,0.0625,0.0,1.0,0.0625,0.0,10684.0,10684.0,10684.0,10684.0,10684.0,0.0,0.0,145.6841566548426,73.33673232095316,10684.0,1.0,432.0,432.0,432.0,0.0,0.0625,339.0,235.75,123.0,0.0625,339.0,235.75,123.0,0.8082098960876465,0.0018515586853027344,0.0004669831250794232,1.1132379768241663e-05,0.0018580704927444458,0.0002754107117652893,0.0037689805030822754,-0.003460407257080078,1.0002776384353638,0.7861688137054443,2.2097246646881104,0.7864442467689514,2.2101657390594482,0.0008889213772731209,16.969425157714962,0.4029571405081591,0.009497235994786024,64.00867169490084,2.428926271852106,,73.33673232095316,4.305194089189172,2.085258452221751,0.0,687.0,2.0,2.0,2.0,0.9996922612190247,0.05525249242782593,0.00424809567630291,0.007589146960526705,1.0
688.0,0,all_fail,False,False,False,False,False,0.9383336901664734,0.0,0.0,1e-06,49.34659957885742,24.61508274078369,28.3828125,0.0,0.0,0.0,0.0,0.0,0.0,0.0,0.0,0.0,0.0,0.0,0.0,0.0,0.0,0.0,0.0,15466.0,15466.0,15466.0,15466.0,15466.0,0.0,0.0,192.51577751032846,80.33627269417048,15466.0,1.0,753.0,753.0,753.0,0.0,0.0625,393.0,213.625,108.0,0.0625,393.0,213.625,108.0,0.23065626621246338,0.0017451047897338867,0.00046096424921415746,4.9309004680253565e-05,0.0014337003231048584,-0.00037041306495666504,0.002532958984375,-0.003934979438781738,0.9996311664581299,0.9631884098052979,2.6961121559143066,0.9628179669380188,2.6950535774230957,0.0006345377520322183,20.189506893720306,0.37391840520734104,0.009813760872930288,69.007734562736,2.922293907031417,,80.33627269417048,5.783022054936737,2.112460670992732,0.0,688.0,2.0,2.0,2.0,0.9997140765190125,0.05438262224197388,0.004271744750440121,0.007488843519240618,1.0
689.0,0,all_fail,False,False,False,False,False,0.8413100838661194,0.0,0.0,1e-06,49.33213424682617,24.61508274078369,28.3828125,0.0,0.0,0.0,0.0,0.0,0.0,0.0,0.0,0.0,0.0,0.0,0.0,0.0,0.0,0.0,0.0,16523.0,16523.0,16523.0,16523.0,16523.0,0.0,0.0,163.82996640839,100.85456502391025,16523.0,1.0,746.0,746.0,746.0,0.0,0.0625,487.0,286.6875,154.0,0.0625,487.0,286.6875,154.0,0.39737701416015625,0.0014139413833618164,0.0005017233779653907,0.0002959985285997391,0.0017300024628639221,6.386637687683105e-05,0.0030916333198547363,-0.0031319856643676758,1.000065803527832,0.8377842903137207,2.341325283050537,0.8378481864929199,2.341479778289795,0.0005869495799150723,19.404967658015437,0.3714375218178901,0.009698167908936739,89.01058664731681,3.0411872202530503,,100.85456502391025,6.137262172996998,2.1546324868686497,0.0,689.0,2.0,2.0,2.0,0.9996727108955383,0.06177884340286255,0.004402820486575365,0.007940245792269707,1.0
690.0,0,all_fail,False,False,False,False,False,0.6654495596885681,0.0,0.0,1e-06,49.33604049682617,24.61508274078369,28.3828125,0.0,0.0,0.0,0.0,0.0,0.0,0.0,0.0,0.0,0.0,0.0,0.0,0.0,0.0,0.0,0.0,9793.0,9793.0,9793.0,9793.0,9793.0,0.0,0.0,129.73627157694426,75.48390192631632,9793.0,1.0,350.0,350.0,350.0,0.0,0.0625,482.0,262.0625,61.0,0.0625,482.0,262.0625,61.0,0.5951156616210938,0.001672983169555664,0.00040608516428619623,-2.1467609258252196e-05,0.001462722197175026,-0.00017344392836093903,0.0021927058696746826,-0.005193829536437988,0.9998282790184021,0.6569569706916809,1.97013521194458,0.6567835211753845,1.9695994853973389,0.0010014745212515443,15.742577527996865,0.450108144059511,0.009807439986616373,66.00862757489085,2.4621917279437184,,75.48390192631632,4.407909054774791,2.0974320149980485,0.0,690.0,2.0,2.0,2.0,0.9996492862701416,0.06698280572891235,0.004111360292881727,0.007878781296312809,1.0
691.0,0,all_fail,False,False,False,False,False,0.9387810826301575,0.0,0.0,1e-06,49.42273712158203,24.61508274078369,28.3828125,0.0,0.0,0.0,0.0,0.0,0.0,0.0,0.0,0.0,0.0,0.0,0.0,0.0,0.0,0.0,0.0,10075.0,10075.0,10075.0,10075.0,10075.0,0.0,0.0,119.53345695960614,84.28602548828349,10075.0,1.0,412.0,412.0,412.0,0.0,0.0625,422.0,217.6875,105.0,0.0625,422.0,217.6875,105.0,-0.2963709235191345,-0.00037223100662231445,0.000535354483872652,0.0012547597289085388,0.0016521438956260681,0.0012411698698997498,0.004043877124786377,-0.002056717872619629,1.001243233680725,0.9625492095947266,2.6596200466156006,0.9637904167175293,2.6628360748291016,0.0010553637413173989,21.535721527155303,0.4231996686837957,0.010632789693772793,75.00891807908192,2.4103470291011035,,84.28602548828349,4.263736661989242,2.092497712932527,0.0,691.0,2.0,2.0,2.0,0.9996814131736755,0.05636334419250488,0.004661190323531628,0.007836505770683289,1.0
692.0,10,mixed,True,True,True,True,True,0.7315534949302673,0.17371360957622528,0.001381203532218933,1e-06,49.33781051635742,24.61508274078369,28.3828125,0.0,0.0,0.0013812016695737839,0.0,0.7499985098838806,-0.0013812261167913675,-1.2499974966049194,0.7499985098838806,-0.0013812261167913675,-1.2499974966049194,1.0,0.625,0.0,1.0,0.625,0.0,18255.0,18255.0,18255.0,18255.0,18255.0,0.0,0.0,183.8263854575876,99.30565709900111,18255.0,1.0,926.0,926.0,926.0,0.0,0.0625,329.0,214.9375,100.0,0.0625,329.0,214.9375,100.0,0.30228519439697266,0.0016984939575195312,0.0004860399349126965,0.00012768505257554352,0.0017070695757865906,0.0002695247530937195,0.005059480667114258,-0.002483367919921875,1.0002715587615967,0.7610341906547546,2.1731925010681152,0.7613036632537842,2.173800468444824,0.0005348546262621324,25.301153039845158,0.35491187461649054,0.009763771202415228,87.0106653040275,3.1598834353499115,,99.30565709900111,6.478916271124035,2.145589812193066,0.0,692.0,2.0,2.0,2.0,0.9996626377105713,0.06203630566596985,0.004253579303622246,0.007942106574773788,1.0
693.0,0,all_fail,False,False,False,False,False,0.6245400309562683,0.0,0.0,1e-06,49.3413200378418,24.61508274078369,28.3828125,0.0,0.0,0.0,0.0,0.0,0.0,0.0,0.0,0.0,0.0,0.0,0.0,0.0,0.0,0.0,0.0,14617.0,14617.0,14617.0,14617.0,14617.0,0.0,0.0,214.84940737536365,68.03369941096753,14617.0,1.0,684.0,684.0,684.0,0.0,0.0625,399.0,229.5625,90.0,0.0625,399.0,229.5625,90.0,-0.14332664012908936,-0.0002765655517578125,0.00034263182897120714,0.0008242340409196913,0.0014959760010242462,0.0005989670753479004,0.0038102269172668457,-0.0035812854766845703,1.000600814819336,0.6591589450836182,2.018822193145752,0.6597579717636108,2.0198705196380615,0.0008156579432567738,15.520689118244798,0.38038147842780284,0.011922472156584263,57.007491131313145,2.8540903329849243,,68.03369941096753,5.560036070179194,2.099412600044161,0.0,693.0,2.0,2.0,2.0,0.9997217655181885,0.05166691541671753,0.0034684056881815195,0.007092186249792576,1.0
694.0,0,all_fail,False,False,False,False,False,0.6772925853729248,0.0,0.0,1e-06,49.31507873535156,24.61508274078369,28.3828125,0.0,0.0,0.0,0.0,0.0,0.0,0.0,0.0,0.0,0.0,0.0,0.0,0.0,0.0,0.0,0.0,13264.0,13264.0,13264.0,13264.0,13264.0,0.0,0.0,104.73592445629242,126.642315603327,13264.0,1.0,588.0,588.0,588.0,0.0,0.125,512.0,241.0,105.0,0.125,512.0,241.0,105.0,-0.21067559719085693,-0.00015217065811157227,0.0004070443974342197,0.0008887769654393196,0.0014485616702586412,0.0010724712628871202,0.003761887550354004,-0.0015524029731750488,1.0010743141174316,0.7446275353431702,2.1521942615509033,0.7457000017166138,2.1546168327331543,0.0007193423504295194,30.08664232684508,0.3971957986170608,0.009541356936097145,116.01409281231463,2.7466889997012913,,126.642315603327,5.2684050728566945,2.094045929145068,0.0,694.0,2.0,2.0,2.0,0.999697208404541,0.06204301118850708,0.003744880435988307,0.007502087391912937,1.0
695.0,0,all_fail,False,False,False,False,False,0.7806611657142639,0.0,0.0,1e-06,49.34189987182617,24.61508274078369,28.3828125,0.0,0.0,0.0,0.0,0.0,0.0,0.0,0.0,0.0,0.0,0.0,0.0,0.0,0.0,0.0,0.0,15455.0,15455.0,15455.0,15455.0,15455.0,0.0,0.0,211.1195803115711,73.20495795411989,15455.0,1.0,741.0,741.0,741.0,0.0,0.0625,331.0,224.9375,127.0,0.0625,331.0,224.9375,127.0,-0.4012046456336975,-0.0017358660697937012,0.00040724556311033666,0.0016797418938949704,0.0021395571529865265,0.0018018744885921478,0.005285739898681641,-0.0015134215354919434,1.0018051862716675,0.819494366645813,2.349160671234131,0.821296215057373,2.353837251663208,0.0006322120143078323,17.22894995723041,0.36851453553585123,0.009770836681127548,62.00699089607224,2.8956550541333854,,73.20495795411989,5.695392146706581,2.100299283862114,0.0,695.0,2.0,2.0,2.0,0.9996907114982605,0.05396378040313721,0.004148964770138264,0.007633817382156849,1.0
696.0,2,mixed,True,True,True,True,True,0.7601861357688904,0.2187887728214264,-0.28494054079055786,1e-06,49.365360260009766,24.61508274078369,28.3828125,0.0,0.0,-0.28494054079055786,0.0,2.561730146408081,0.2849405109882355,-0.3659614622592926,2.561730146408081,0.2849405109882355,-0.3659614622592926,1.0,0.125,0.0,1.0,0.125,0.0,18538.0,18538.0,18538.0,18538.0,18538.0,0.0,0.0,160.19338867478632,115.72262846399099,18538.0,1.0,891.0,891.0,891.0,0.0,0.0625,485.0,267.625,123.0,0.0625,485.0,267.625,123.0,0.09473514556884766,0.0009740591049194336,0.00046491893590427935,0.00044539052760228515,0.0012666750699281693,0.0005479175597429276,0.003177344799041748,-0.0025757551193237305,1.000549077987671,0.777219831943512,2.33602237701416,0.7777677774429321,2.3368029594421387,0.0005199799304294514,24.05694714640361,0.36895454186318777,0.00963938795030117,103.01184768090025,3.2622921727597713,,115.72262846399099,6.839679297059774,2.0973911760374904,0.0,696.0,2.0,2.0,2.0,0.9997037649154663,0.06214487552642822,0.004030678421258926,0.007485471200197935,1.0
697.0,3,mixed,True,True,True,True,True,0.8678333163261414,0.14514151215553284,0.06913526356220245,1e-06,49.344207763671875,24.61508274078369,28.3828125,0.0,0.0,0.06913526356220245,0.0,2.015559434890747,-0.06913524866104126,-0.4651290774345398,2.015559434890747,-0.06913524866104126,-0.4651290774345398,1.0,0.1875,0.0,1.0,0.1875,0.0,15690.0,15690.0,15690.0,15690.0,15690.0,0.0,0.0,181.06196862851274,86.65541482204571,15690.0,1.0,649.0,649.0,649.0,0.0,0.1875,512.0,331.625,140.0,0.1875,512.0,331.625,140.0,0.587741494178772,0.001498579978942871,0.00045420590322464705,0.00015985088248271495,0.0015155822038650513,0.0002034902572631836,0.002726316452026367,-0.0034381747245788574,1.0002050399780273,0.9015618562698364,2.5718932151794434,0.9017653465270996,2.572877883911133,0.0006066359534451277,14.136763784017791,0.3844225773833564,0.009518118109554052,75.0096686379984,3.0026208497583866,,86.65541482204571,6.031590239144862,2.1025552512146533,0.0,697.0,2.0,2.0,2.0,0.999681293964386,0.05653303861618042,0.004419224336743355,0.007773192599415779,1.0
698.0,14,mixed,True,True,True,True,True,0.7649096250534058,0.16849304735660553,-0.13007065653800964,1e-06,49.33717346191406,24.61508274078369,28.3828125,0.0,0.0,-0.13007066026329994,0.0,0.3659614622592926,0.13007065653800964,-2.561730146408081,0.3659614622592926,0.13007065653800964,-2.561730146408081,1.0,0.875,0.0,1.0,0.875,0.0,8928.0,8928.0,8928.0,8928.0,8928.0,0.0,0.0,179.61603577028865,49.70602965215221,8928.0,1.0,392.0,392.0,392.0,0.0,0.0625,267.0,166.0,56.0,0.0625,267.0,166.0,56.0,-0.08124595880508423,-0.0005381107330322266,0.0005339732160791755,0.0013348797801882029,0.002884693443775177,0.0018654093146324158,0.013254106044769287,-0.003296971321105957,1.0018736124038696,0.7948360443115234,2.251368284225464,0.7967014312744141,2.25537109375,0.0010482581665298791,15.438950143884924,0.430534305487005,0.009358848910778761,41.00585158215836,2.25389746716246,,49.70602965215221,3.8438102793879807,2.095691186375916,0.0,698.0,2.0,2.0,2.0,0.999665379524231,0.061973512172698975,0.004385843873023987,0.007948504760861397,1.0
699.0,0,all_fail,False,False,False,False,False,0.8112140893936157,0.0,0.0,1e-06,49.34838104248047,24.61508274078369,28.3828125,0.0,0.0,0.0,0.0,0.0,0.0,0.0,0.0,0.0,0.0,0.0,0.0,0.0,0.0,0.0,0.0,9447.0,9447.0,9447.0,9447.0,9447.0,0.0,0.0,152.39621615455061,61.989728081040084,9447.0,1.0,368.0,368.0,368.0,0.0,0.0625,401.0,222.4375,88.0,0.0625,401.0,222.4375,88.0,0.41912662982940674,0.0016797780990600586,0.0004791154933627695,0.00011817949416581541,0.0018104296177625656,0.0002766866236925125,0.0031120777130126953,-0.00367128849029541,1.0002787113189697,0.8439773321151733,2.39495849609375,0.8442540168762207,2.395469903945923,0.00102225034708155,14.89384638773077,0.4291827113167393,0.009657199028879404,53.00719929393381,2.3359511927701533,,61.989728081040084,4.054489073809236,2.084949669893831,0.0,699.0,2.0,2.0,2.0,0.9996481537818909,0.08124542236328125,0.004472668748348951,0.008190993219614029,1.0
700.0,0,all_fail,False,False,False,False,False,0.83946293592453,0.0,0.0,1e-06,49.35921096801758,24.61508274078369,28.3828125,0.0,0.0,0.0,0.0,0.0,0.0,0.0,0.0,0.0,0.0,0.0,0.0,0.0,0.0,0.0,0.0,17349.0,17349.0,17349.0,17349.0,17349.0,0.0,0.0,132.53327357497116,130.90297652827576,17349.0,1.0,805.0,805.0,805.0,0.0,0.0625,458.0,279.3125,131.0,0.0625,458.0,279.3125,131.0,0.6097205877304077,0.002584218978881836,0.00046734549687244,-0.00035365737858228385,0.0009873360395431519,-0.0001947656273841858,0.0027734041213989258,-0.0019941329956054688,0.9998059868812561,0.8650345802307129,2.4679243564605713,0.8648397922515869,2.46756649017334,0.0006061510212280968,16.113125663071465,0.36989609079629904,0.010516114067286253,72.00955858826637,3.145041882060468,46.68220747727901,130.90297652827576,6.417327279224992,2.1386878197081387,0.0,700.0,2.0,2.0,2.0,0.9996829628944397,0.057801008224487305,0.004276677500456572,0.00785925891250372,1.0
701.0,0,all_fail,False,False,False,False,False,0.7964932918548584,0.0,0.0,1e-06,49.34266662597656,24.61508274078369,28.3828125,0.0,0.0,0.0,0.0,0.0,0.0,0.0,0.0,0.0,0.0,0.0,0.0,0.0,0.0,0.0,0.0,11647.0,11647.0,11647.0,11647.0,11647.0,0.0,0.0,86.9340942822829,133.97505427710712,11647.0,1.0,464.0,464.0,464.0,0.0,0.0625,512.0,263.9375,100.0,0.0625,512.0,263.9375,100.0,-0.13008499145507812,7.331371307373047e-05,0.00044553878251463175,0.0008547717006877065,0.001449519768357277,0.0007229950278997421,0.005063056945800781,-0.0035871267318725586,1.000725269317627,0.8105931878089905,2.2976770401000977,0.8113162517547607,2.299635887145996,0.0008546531448612359,29.36684765222035,0.40891807812775494,0.009954145178198814,124.01619763532653,2.587905991822481,,133.97505427710712,4.762668855953962,2.0996161941438913,0.0,701.0,2.0,2.0,2.0,0.9996715784072876,0.05860108137130737,0.004316014237701893,0.00777634559199214,1.0
702.0,2,mixed,True,True,True,True,True,0.8237842321395874,0.1807532012462616,-0.13300177454948425,1e-06,49.37558364868164,24.61508274078369,28.3828125,0.0,0.0,-0.13300177454948425,0.0,2.561730146408081,0.13300172984600067,-0.3659614622592926,2.561730146408081,0.13300172984600067,-0.3659614622592926,1.0,0.125,0.0,1.0,0.125,0.0,10078.0,10078.0,10078.0,10078.0,10078.0,0.0,0.0,99.43958648153814,101.34796771174297,10078.0,1.0,353.0,353.0,353.0,0.0,0.0625,442.0,276.875,155.0,0.0625,442.0,276.875,155.0,-0.17248868942260742,5.602836608886719e-05,0.00045771137229166925,0.0008845197153277695,0.0014418400824069977,0.0010161139070987701,0.004207491874694824,-0.001329958438873291,1.0010179281234741,0.8616095781326294,2.4245686531066895,0.862625777721405,2.4270358085632324,0.0009905018494949618,20.770050886846054,0.42601054127520865,0.009982277639210224,92.01132542872801,2.4235993619076908,,101.34796771174297,4.293334234971553,2.112494837027043,0.0,702.0,2.0,2.0,2.0,0.999671995639801,0.05955895781517029,0.004403556697070599,0.007827763445675373,1.0
703.0,0,all_fail,False,False,False,False,False,0.8609871864318848,0.0,0.0,1e-06,49.336204528808594,24.61508274078369,28.3828125,0.0,0.0,0.0,0.0,0.0,0.0,0.0,0.0,0.0,0.0,0.0,0.0,0.0,0.0,0.0,0.0,12929.0,12929.0,12929.0,12929.0,12929.0,0.0,0.0,178.3098963902842,72.5085946531035,12929.0,1.0,563.0,563.0,563.0,0.0,0.0625,466.0,245.0625,143.0,0.0625,466.0,245.0625,143.0,-0.2579955458641052,-0.00036221742630004883,0.00046045187627896667,0.0011014444753527641,0.0016983821988105774,0.0013914257287979126,0.004375338554382324,-0.0011391639709472656,1.0013936758041382,0.8822628855705261,2.493365526199341,0.8836542963981628,2.4971230030059814,0.0007272167745751455,15.814463306076822,0.39991697780422014,0.009402185678482056,62.00851062312722,2.714341009967029,,72.5085946531035,5.170526606030762,2.1089541227556765,0.0,703.0,2.0,2.0,2.0,0.9996989369392395,0.05664563179016113,0.004265740979462862,0.007648592349141836,1.0
704.0,0,all_fail,False,False,False,False,False,0.5794353485107422,0.0,0.0,1e-06,49.34000778198242,24.61508274078369,28.3828125,0.0,0.0,0.0,0.0,0.0,0.0,0.0,0.0,0.0,0.0,0.0,0.0,0.0,0.0,0.0,0.0,15393.0,15393.0,15393.0,15393.0,15393.0,0.0,0.0,173.90703587404556,88.51280756201595,15393.0,1.0,676.0,676.0,676.0,0.0,0.125,512.0,286.0625,147.0,0.125,512.0,286.0625,147.0,0.40705442428588867,0.0018463134765625,0.00036395940696820617,-0.00019427236111368984,0.0011047795414924622,-0.0001718662679195404,0.001551210880279541,-0.0030063986778259277,0.9998289942741394,0.5922800898551941,1.8298003673553467,0.5921082496643066,1.8295114040374756,0.0006235974840154303,16.825647842259464,0.38462865200187274,0.009599036071449518,77.01099017402157,2.9682168569415808,,88.51280756201595,5.920588840264827,2.1028328319080174,0.0,704.0,2.0,2.0,2.0,0.9996333718299866,0.061819493770599365,0.0038900210056453943,0.00785832293331623,1.0
705.0,0,all_fail,False,False,False,False,False,0.8916127681732178,0.0,0.0,1e-06,49.331687927246094,24.61508274078369,28.3828125,0.0,0.0,0.0,0.0,0.0,0.0,0.0,0.0,0.0,0.0,0.0,0.0,0.0,0.0,0.0,0.0,17561.0,17561.0,17561.0,17561.0,17561.0,0.0,0.0,182.58719095004443,96.17870732676238,17561.0,1.0,873.0,873.0,873.0,0.0,0.0625,407.0,224.5625,130.0,0.0625,407.0,224.5625,130.0,0.3336852788925171,0.0015821456909179688,0.0005211762618273497,0.0002524019801057875,0.0018225163221359253,0.0003050565719604492,0.005108356475830078,-0.007006406784057617,1.0003083944320679,0.9240999221801758,2.5652759075164795,0.9244049787521362,2.565469264984131,0.0005773509995831858,23.382051661636524,0.3659117142059175,0.010138860903680325,84.01171162026003,3.1445993818342686,,96.17870732676238,6.425775613170117,2.0907080960460007,0.0,705.0,2.0,2.0,2.0,0.9996832013130188,0.05253547430038452,0.004620133899152279,0.007809916511178017,1.0
706.0,2,mixed,True,True,True,True,True,0.7767143845558167,0.15763136744499207,-0.04511651396751404,1e-06,49.30568313598633,24.61508274078369,28.3828125,0.0,0.0,-0.04511651396751404,0.0,2.561730146408081,0.04511646553874016,-0.3659614622592926,2.561730146408081,0.04511646553874016,-0.3659614622592926,1.0,0.125,0.0,1.0,0.125,0.0,18701.0,18701.0,18701.0,18701.0,18701.0,0.0,0.0,208.07583313610246,89.87588668102399,18701.0,1.0,855.0,855.0,855.0,0.0,0.1875,512.0,313.8125,141.0,0.1875,512.0,313.8125,141.0,0.02414727210998535,0.0005468130111694336,0.00048291010898537934,0.0006935620331205428,0.0015376843512058258,0.0009536556899547577,0.00320357084274292,-0.0019040107727050781,1.00095534324646,0.8249239325523376,2.3128750324249268,0.8258776068687439,2.315218925476074,0.0005050738467155858,15.337577934924633,0.37207636367363295,0.00944538600742817,77.00997881125659,3.3094778996892273,,89.87588668102399,6.95820007706061,2.0908984397538006,0.0,706.0,2.0,2.0,2.0,0.9997028112411499,0.07482531666755676,0.004048728849738836,0.007700236048549414,1.0
707.0,0,all_fail,False,False,False,False,False,0.9391035437583923,0.0,0.0,1e-06,49.33791732788086,24.61508274078369,28.3828125,0.0,0.0,0.0,0.0,0.0,0.0,0.0,0.0,0.0,0.0,0.0,0.0,0.0,0.0,0.0,0.0,13428.0,13428.0,13428.0,13428.0,13428.0,0.0,0.0,121.34982161334725,110.65529245510697,13428.0,1.0,560.0,560.0,560.0,0.0,0.0625,512.0,279.25,120.0,0.0625,512.0,279.25,120.0,0.3704484701156616,-4.601478576660156e-05,0.0004667394678108394,0.0009549882961437106,0.002105075865983963,0.0009367652237415314,0.006022155284881592,-0.0043569207191467285,1.0009403228759766,0.9229827523231506,2.6101009845733643,0.9239194393157959,2.6127736568450928,0.000754303870667721,22.38415679116896,0.39259965176005246,0.010128792375326157,100.01241254294291,2.7607143009081483,,110.65529245510697,5.271828123833984,2.101135291159153,0.0,707.0,2.0,2.0,2.0,0.9997037649154663,0.060405462980270386,0.0042580729350447655,0.007731063757091761,1.0
708.0,0,all_fail,False,False,False,False,False,0.7875744700431824,0.0,0.0,1e-06,49.30933380126953,24.61508274078369,28.3828125,0.0,0.0,0.0,0.0,0.0,0.0,0.0,0.0,0.0,0.0,0.0,0.0,0.0,0.0,0.0,0.0,20329.0,20329.0,20329.0,20329.0,20329.0,0.0,0.0,158.35200223788434,128.37854724097997,20329.0,1.0,998.0,998.0,998.0,0.0,0.0625,512.0,272.5625,108.0,0.0625,512.0,272.5625,108.0,0.014400482177734375,0.0006483793258666992,0.000489414029289037,0.0006514801061712205,0.0017812661826610565,0.000884663313627243,0.0037717223167419434,-0.002758920192718506,1.0008867979049683,0.7974134683609009,2.252009630203247,0.7982981204986572,2.2542054653167725,0.000468159329104549,26.37318647128112,0.35915492459200005,0.009517211001366377,115.01346620125696,3.4223540206439793,,128.37854724097997,7.301260462030768,2.1345127797685564,0.0,708.0,2.0,2.0,2.0,0.9996417164802551,0.08853894472122192,0.004482117015868425,0.008216223679482937,1.0
709.0,0,all_fail,False,False,False,False,False,0.8703252673149109,0.0,0.0,1e-06,49.308258056640625,24.61508274078369,28.3828125,0.0,0.0,0.0,0.0,0.0,0.0,0.0,0.0,0.0,0.0,0.0,0.0,0.0,0.0,0.0,0.0,12683.0,12683.0,12683.0,12683.0,12683.0,0.0,0.0,192.04722462971733,66.04104810394347,12683.0,1.0,588.0,588.0,588.0,0.0,0.0625,305.0,204.6875,142.0,0.0625,305.0,204.6875,142.0,0.1906348466873169,0.00014650821685791016,0.0005328803090378642,0.000990574830211699,0.0024006031453609467,0.0009282194077968597,0.004807531833648682,-0.004880309104919434,1.0009326934814453,0.8812615275382996,2.575584888458252,0.8821897506713867,2.5779976844787598,0.0007674665267602094,17.101293598792253,0.3811557970202059,0.009733777958899736,56.00673653604463,2.5921308449469507,,66.04104810394347,4.834198973607272,2.097665623296052,0.0,709.0,2.0,2.0,2.0,0.9996656179428101,0.0544658899307251,0.004577064421027899,0.008002792485058308,1.0
710.0,0,all_fail,False,False,False,False,False,0.7873972058296204,0.0,0.0,1e-06,49.352115631103516,24.61508274078369,28.3828125,0.0,0.0,0.0,0.0,0.0,0.0,0.0,0.0,0.0,0.0,0.0,0.0,0.0,0.0,0.0,0.0,18249.0,18249.0,18249.0,18249.0,18249.0,0.0,0.0,190.77490318480793,95.65723633114249,18249.0,1.0,844.0,844.0,844.0,0.0,0.0625,510.0,296.5625,142.0,0.0625,510.0,296.5625,142.0,0.1728651523590088,0.0013333559036254883,0.0004745501501020044,0.00028375323745422065,0.001291755586862564,-2.469494938850403e-05,0.0021889209747314453,-0.0023914575576782227,0.9999763369560242,0.8351293802261353,2.3908133506774902,0.835104763507843,2.390583038330078,0.0005103966927628327,17.49412956990074,0.3717980072805784,0.009314229246228933,83.00964480917901,3.2463755747303367,,95.65723633114249,6.784941834863275,2.107550098095089,0.0,710.0,2.0,2.0,2.0,0.9996575713157654,0.07524782419204712,0.004467932041734457,0.007968710735440254,1.0
711.0,0,all_fail,False,False,False,False,False,0.6821438074111938,0.0,0.0,1e-06,49.36701202392578,24.61508274078369,28.3828125,0.0,0.0,0.0,0.0,0.0,0.0,0.0,0.0,0.0,0.0,0.0,0.0,0.0,0.0,0.0,0.0,16762.0,16762.0,16762.0,16762.0,16762.0,0.0,0.0,207.3451270495658,80.84106069197878,16762.0,1.0,791.0,791.0,791.0,0.0,0.0625,443.0,256.625,95.0,0.0625,443.0,256.625,95.0,-0.055077433586120605,2.384185791015625e-07,0.00042751707951538265,0.0008540775161236525,0.0015601012855768204,0.0006458330899477005,0.0035256147384643555,-0.002989530563354492,1.0006475448608398,0.7077422738075256,2.053194999694824,0.708388090133667,2.0543222427368164,0.0005818652252464074,16.806877540611367,0.3678215751058837,0.009753224905580282,69.00903918175027,3.0511574926786125,,80.84106069197878,6.165425241924822,2.109431733842939,0.0,711.0,2.0,2.0,2.0,0.9997034072875977,0.05971485376358032,0.0038337178993970156,0.007321640383452177,1.0
712.0,0,all_fail,False,False,False,False,False,0.9489073753356934,0.0,0.0,1e-06,49.33119583129883,24.61508274078369,28.3828125,0.0,0.0,0.0,0.0,0.0,0.0,0.0,0.0,0.0,0.0,0.0,0.0,0.0,0.0,0.0,0.0,13931.0,13931.0,13931.0,13931.0,13931.0,0.0,0.0,162.10289980703945,85.93923993082717,13931.0,1.0,590.0,590.0,590.0,0.0,0.125,512.0,280.6875,153.0,0.125,512.0,280.6875,153.0,0.12998664379119873,0.0011990070343017578,0.00047026792890392244,0.00033986265771090984,0.0013348348438739777,0.0001527927815914154,0.003022134304046631,-0.003563106060028076,1.0001541376113892,0.909382164478302,2.9119036197662354,0.9095349311828613,2.9124810695648193,0.0007233462637307339,16.70221302961502,0.3943206545792605,0.010076936800032854,75.00963871600106,2.823782444000244,,85.93923993082717,5.493281038943678,2.1016119313426316,0.0,712.0,2.0,2.0,2.0,0.9997093677520752,0.061939239501953125,0.004146374296396971,0.007757133338600397,1.0
713.0,0,all_fail,False,False,False,False,False,0.7077592015266418,0.0,0.0,1e-06,49.31797790527344,24.61508274078369,28.3828125,0.0,0.0,0.0,0.0,0.0,0.0,0.0,0.0,0.0,0.0,0.0,0.0,0.0,0.0,0.0,0.0,9078.0,9078.0,9078.0,9078.0,9078.0,0.0,0.0,84.05472319979462,108.00106947496533,9078.0,1.0,301.0,301.0,301.0,0.0,0.0625,419.0,266.375,98.0,0.0625,419.0,266.375,98.0,-0.2758650779724121,-0.0007320642471313477,0.00043585567618720233,0.0012428727932274342,0.0017787255346775055,0.0013841427862644196,0.0049381256103515625,-0.001222848892211914,1.0013866424560547,0.7313098907470703,2.1249072551727295,0.7326940298080444,2.128101348876953,0.0010858906265147118,23.231089278484827,0.44472126624033786,0.009857715107500553,99.01090250490233,2.3321966333314776,,108.00106947496533,4.037179654929787,2.1125184260308743,0.0,713.0,2.0,2.0,2.0,0.9996422529220581,0.10838162899017334,0.004275207873433828,0.008075435645878315,1.0
714.0,0,all_fail,False,False,False,False,False,0.9109780788421631,0.0,0.0,1e-06,49.34138107299805,24.61508274078369,28.3828125,0.0,0.0,0.0,0.0,0.0,0.0,0.0,0.0,0.0,0.0,0.0,0.0,0.0,0.0,0.0,0.0,20926.0,20926.0,20926.0,20926.0,20926.0,0.0,0.0,208.07268016904263,100.570627450943,20926.0,1.0,1057.0,1057.0,1057.0,0.0,0.0625,393.0,250.875,133.0,0.0625,393.0,250.875,133.0,-0.12730932235717773,0.0004582405090332031,0.0004829162498936057,0.0007404622156172991,0.0013780109584331512,0.0008397437632083893,0.0030698180198669434,-0.003023087978363037,1.0008411407470703,1.0035510063171387,2.886685848236084,1.0043907165527344,2.889350175857544,0.0004546230497422779,21.6767436063254,0.35723550711583707,0.009513441938906908,87.01044883579016,3.474684793036431,,100.570627450943,7.475510221906006,2.1023432831279933,0.0,714.0,2.0,2.0,2.0,0.9997041821479797,0.05501663684844971,0.00441185524687171,0.007667048834264278,1.0
715.0,1,mixed,True,True,True,True,True,0.8337922096252441,0.2020426094532013,-0.04799404740333557,1e-06,49.378753662109375,24.61508274078369,28.3828125,0.0,0.0,-0.04799404740333557,0.0,3.7499847412109375,0.04799410700798035,-0.24999898672103882,3.7499847412109375,0.04799410700798035,-0.24999898672103882,1.0,0.0625,0.0,1.0,0.0625,0.0,18114.0,18114.0,18114.0,18114.0,18114.0,0.0,0.0,180.71933037520378,100.23277511261404,18114.0,1.0,914.0,914.0,914.0,0.0,0.0625,333.0,218.125,122.0,0.0625,333.0,218.125,122.0,-0.01399993896484375,-0.00036150217056274414,0.0004518042260315269,0.0010820081224665046,0.0020702145993709564,0.001262318342924118,0.0034890174865722656,-0.0032213926315307617,1.0012649297714233,0.8451129794120789,2.3766062259674072,0.8463753461837769,2.3800032138824463,0.0005669188894972286,25.218261400355097,0.35683367615451517,0.010269168764352798,88.01173228723928,3.1582998391240835,,100.23277511261404,6.463685209862888,2.094226253218949,0.0,715.0,2.0,2.0,2.0,0.9996614456176758,0.0535815954208374,0.00446734856814146,0.007947583682835102,1.0
716.0,0,all_fail,False,False,False,False,False,0.5784392952919006,0.0,0.0,1e-06,49.34917449951172,24.61508274078369,28.3828125,0.0,0.0,0.0,0.0,0.0,0.0,0.0,0.0,0.0,0.0,0.0,0.0,0.0,0.0,0.0,0.0,13609.0,13609.0,13609.0,13609.0,13609.0,0.0,0.0,158.89478508584693,85.6478706500493,13609.0,1.0,622.0,622.0,622.0,0.0,0.0625,391.0,228.5625,117.0,0.0625,391.0,228.5625,117.0,0.07014453411102295,0.0005033016204833984,0.0003734063357114792,0.0004971722373738885,0.0015904083847999573,0.0003387667238712311,0.004487514495849609,-0.00397104024887085,1.0003409385681152,0.6148990392684937,1.9220290184020996,0.615237832069397,1.923144817352295,0.000794748454361889,20.51131285896124,0.3866715811042981,0.010815731715410948,75.00987112522125,2.755904393736273,,85.6478706500493,5.262213547248393,2.1095942691899836,0.0,716.0,2.0,2.0,2.0,0.999660849571228,0.057136595249176025,0.0037689225282520056,0.007551728747785091,1.0
717.0,0,all_fail,False,False,False,False,False,1.0516997575759888,0.0,0.0,1e-06,49.341575622558594,24.61508274078369,28.3828125,0.0,0.0,0.0,0.0,0.0,0.0,0.0,0.0,0.0,0.0,0.0,0.0,0.0,0.0,0.0,0.0,24873.0,24873.0,24873.0,24873.0,24873.0,0.0,0.0,166.46615303456167,149.4177617887035,24873.0,1.0,1275.0,1275.0,1275.0,0.0,0.0625,512.0,279.5625,122.0,0.0625,512.0,279.5625,122.0,0.8325115442276001,0.00044989585876464844,0.0005570701905526221,0.0008851448656059802,0.0029540657997131348,0.0002758204936981201,0.004461169242858887,-0.007843613624572754,1.000281810760498,1.1024566888809204,3.239063262939453,1.1027324199676514,3.238870143890381,0.0003884446934924139,29.961212455835746,0.36019278671946686,0.00966178486123681,134.0165033149533,3.837150461040437,,149.4177617887035,8.9590751840733,2.0976183842867613,0.0,717.0,2.0,2.0,2.0,0.9997194409370422,0.08136385679244995,0.004393978510051966,0.007600555662065744,1.0
718.0,0,all_fail,False,False,False,False,False,0.6926259398460388,0.0,0.0,1e-06,49.40956497192383,24.61508274078369,28.3828125,0.0,0.0,0.0,0.0,0.0,0.0,0.0,0.0,0.0,0.0,0.0,0.0,0.0,0.0,0.0,0.0,14436.0,14436.0,14436.0,14436.0,14436.0,0.0,0.0,171.29701507882402,84.27467339904979,14436.0,1.0,640.0,640.0,640.0,0.0,0.125,512.0,262.25,20.0,0.125,512.0,262.25,20.0,0.5296312570571899,0.0015066862106323242,0.00043769640615209937,0.00012453488307073712,0.001717444509267807,-0.0002801455557346344,0.003878951072692871,-0.004412055015563965,0.9997223615646362,0.9097862243652344,4.562540531158447,0.90950608253479,4.561420440673828,0.0006721472629828776,17.399723299763906,0.3982640067208326,0.00970311788842082,73.00923896580935,2.9102082918398082,,84.27467339904979,5.7493392010219395,2.097245348151773,0.0,718.0,2.0,2.0,2.0,0.9996774792671204,0.05682903528213501,0.00411632377654314,0.007674593012779951,1.0
719.0,0,all_fail,False,False,False,False,False,0.8694429397583008,0.0,0.0,1e-06,49.35210037231445,24.61508274078369,28.3828125,0.0,0.0,0.0,0.0,0.0,0.0,0.0,0.0,0.0,0.0,0.0,0.0,0.0,0.0,0.0,0.0,10725.0,10725.0,10725.0,10725.0,10725.0,0.0,0.0,141.95936106017822,75.54979058727622,10725.0,1.0,462.0,462.0,462.0,0.0,0.0625,346.0,208.3125,81.0,0.0625,346.0,208.3125,81.0,0.2189418077468872,0.0017954111099243164,0.0005457120714709163,0.00020259844313841313,0.0016003884375095367,-7.89053738117218e-05,0.003213644027709961,-0.004240155220031738,0.9999231100082397,0.8810056447982788,2.447079658508301,0.880926787853241,2.446593761444092,0.0009449947807755503,19.804701984052745,0.41514548457863726,0.010135069023817778,66.0090717128478,2.4809838328510523,,75.54979058727622,4.4524353221058846,2.0976695897988975,0.0,719.0,2.0,2.0,2.0,0.9996414184570312,0.06426683068275452,0.0046708728186786175,0.008282364346086979,1.0
720.0,0,all_fail,False,False,False,False,False,0.8641694784164429,0.0,0.0,1e-06,49.34211730957031,24.61508274078369,28.3828125,0.0,0.0,0.0,0.0,0.0,0.0,0.0,0.0,0.0,0.0,0.0,0.0,0.0,0.0,0.0,0.0,10439.0,10439.0,10439.0,10439.0,10439.0,0.0,0.0,137.95355122772241,75.67039708001539,10439.0,1.0,405.0,405.0,405.0,0.0,0.0625,512.0,247.4375,109.0,0.0625,512.0,247.4375,109.0,0.005022168159484863,0.00014960765838623047,0.00047792927944101393,0.000881147978361696,0.0017848331481218338,0.0007742960005998611,0.004264354705810547,-0.003336787223815918,1.000776767730713,0.8399701118469238,2.3533427715301514,0.8407443761825562,2.3553526401519775,0.0009805244916539868,16.67314867744748,0.4361791507038437,0.010235695168375969,66.00899561401457,2.509508847258985,,75.67039708001539,4.553274154197425,2.0894356220960617,0.0,720.0,2.0,2.0,2.0,0.9997084736824036,0.058002769947052,0.0042249965481460094,0.007588943000882864,1.0
721.0,0,all_fail,False,False,False,False,False,0.9993347525596619,0.0,0.0,1e-06,49.331199645996094,24.61508274078369,28.3828125,0.0,0.0,0.0,0.0,0.0,0.0,0.0,0.0,0.0,0.0,0.0,0.0,0.0,0.0,0.0,0.0,17819.0,17819.0,17819.0,17819.0,17819.0,0.0,0.0,184.93359202229607,96.35350617021322,17819.0,1.0,845.0,845.0,845.0,0.0,0.0625,446.0,268.6875,104.0,0.0625,446.0,268.6875,104.0,0.2309424877166748,0.0009111166000366211,0.0005232019466347992,0.000593493867199868,0.0018941089510917664,0.0011002570390701294,0.006117105484008789,-0.0022055506706237793,1.001103401184082,1.0230016708374023,2.8254196643829346,1.024101972579956,2.828911066055298,0.0005833813440295286,19.542081010204903,0.3668401216582903,0.01039527216926217,84.01140626287088,3.186237986199558,,96.35350617021322,6.536724127829075,2.093005504924804,0.0,721.0,2.0,2.0,2.0,0.9996979236602783,0.06191748380661011,0.0045228698290884495,0.007806555368006229,1.0
722.0,16,all_pass,True,False,False,False,False,0.5546256899833679,0.0,0.0,1e-06,49.340938568115234,24.61508274078369,28.3828125,0.0,0.0,0.0,0.0,0.0,0.0,0.0,0.0,0.0,0.0,1.0,1.0,1.0,1.0,1.0,1.0,6832.0,6832.0,6832.0,6832.0,6832.0,0.0,0.0,148.58083596283726,45.981703869998455,6832.0,1.0,254.0,254.0,254.0,0.0,0.0625,278.0,173.0,47.0,0.0625,278.0,173.0,47.0,0.06609141826629639,0.0007926225662231445,0.0003083286574110389,0.00022016846924088895,0.0011866521090269089,0.00012372620403766632,0.0033296048641204834,-0.0029906034469604492,1.0001248121261597,0.5541831851005554,1.754584550857544,0.5543069243431091,1.7548060417175293,0.001401686073069306,13.730366665511957,0.4827060862264402,0.009576319251209497,38.0056549301371,2.0763584026135504,,45.981703869998455,3.2978479810990393,2.088738770224154,0.0,722.0,2.0,2.0,2.0,0.9997054934501648,0.058682262897491455,0.0033521982841193676,0.0070699118077754974,1.0
723.0,0,all_fail,False,False,False,False,False,0.8180366158485413,0.0,0.0,1e-06,49.35509490966797,24.61508274078369,28.3828125,0.0,0.0,0.0,0.0,0.0,0.0,0.0,0.0,0.0,0.0,0.0,0.0,0.0,0.0,0.0,0.0,20717.0,20717.0,20717.0,20717.0,20717.0,0.0,0.0,207.9506786117112,99.62458472512662,20717.0,1.0,1052.0,1052.0,1052.0,0.0,0.0625,483.0,242.8125,111.0,0.0625,483.0,242.8125,111.0,-0.216877281665802,-0.0005994439125061035,0.00045125081669539213,0.0012022319715470076,0.0020660385489463806,0.0015178248286247253,0.009676098823547363,-0.002556443214416504,1.0015223026275635,0.8790928721427917,2.491729736328125,0.8806107640266418,2.4951725006103516,0.0004726147609379161,22.139283582721593,0.36352777531464114,0.009791160002350807,86.01111671887338,3.4865702288225293,,99.62458472512662,7.531204921193421,2.088459354825318,0.0,723.0,2.0,2.0,2.0,0.9997108578681946,0.06081581115722656,0.004068778362125158,0.007451179437339306,1.0
724.0,2,mixed,True,True,True,True,True,0.8164685964584351,0.19119486212730408,-0.03201186656951904,1e-06,49.37199020385742,24.61508274078369,28.3828125,0.0,0.0,-0.03201186656951904,0.0,2.561730146408081,0.03201182931661606,-0.3659614622592926,2.561730146408081,0.03201182931661606,-0.3659614622592926,1.0,0.125,0.0,1.0,0.125,0.0,13761.0,13761.0,13761.0,13761.0,13761.0,0.0,0.0,203.57794528374654,67.59573086770251,13761.0,1.0,655.0,655.0,655.0,0.0,0.0625,395.0,205.0625,76.0,0.0625,395.0,205.0625,76.0,0.1487271785736084,0.0006223917007446289,0.00048293001600541174,0.0006542030023410916,0.0019125044345855713,0.0007028728723526001,0.004700720310211182,-0.002968132495880127,1.0007057189941406,0.8697016835212708,2.4623568058013916,0.8704045414924622,2.4643750190734863,0.0007125482287472586,17.375321482574748,0.3815956824418461,0.009805376175791025,57.008429784327745,2.7471302561461926,,67.59573086770251,5.251138186082244,2.0816044048406184,0.0,724.0,2.0,2.0,2.0,0.9996677041053772,0.04899102449417114,0.004436982795596123,0.007833916693925858,1.0
725.0,2,mixed,True,True,True,True,True,0.6657408475875854,0.14313766360282898,0.10471901297569275,1e-06,49.411922454833984,24.61508274078369,28.3828125,0.0,0.0,0.10471901600249112,0.0,2.561730146408081,-0.10471904277801514,-0.3659614622592926,2.561730146408081,-0.10471904277801514,-0.3659614622592926,1.0,0.125,0.0,1.0,0.125,0.0,11684.0,11684.0,11684.0,11684.0,11684.0,0.0,0.0,155.86627886748963,74.96169206639752,11684.0,1.0,483.0,483.0,483.0,0.0,0.0625,485.0,247.25,158.0,0.0625,485.0,247.25,158.0,-0.055849432945251465,0.0006945133209228516,0.0004092325980309397,0.0004700708668678999,0.0013070665299892426,0.000660240650177002,0.004550158977508545,-0.001700282096862793,1.000661849975586,0.7041919827461243,2.078486204147339,0.704852283000946,2.079604387283325,0.0009518265768819294,16.432953944888354,0.4077236449778927,0.011121141724288464,65.00876580597833,2.5873537831939757,,74.96169206639752,4.763843067921698,2.092306036967784,0.0,725.0,2.0,2.0,2.0,0.9996955990791321,0.05953380465507507,0.0038835154846310616,0.0074244411662220955,1.0
726.0,1,mixed,True,True,True,True,True,0.833854615688324,0.19790466129779816,-0.18665026128292084,1e-06,49.35580062866211,24.61508274078369,28.3828125,0.0,0.0,-0.18665026873350143,0.0,3.7499847412109375,0.18665021657943726,-0.24999898672103882,3.7499847412109375,0.18665021657943726,-0.24999898672103882,1.0,0.0625,0.0,1.0,0.0625,0.0,11729.0,11729.0,11729.0,11729.0,11729.0,0.0,0.0,156.46810899558182,74.96096217492595,11729.0,1.0,480.0,480.0,480.0,0.0,0.0625,442.0,253.0625,97.0,0.0625,442.0,253.0625,97.0,0.13255858421325684,0.0009205341339111328,0.0004805514181498438,0.0005016427603550255,0.001585809513926506,0.0003759879618883133,0.002948760986328125,-0.0032254457473754883,1.0003776550292969,0.8383492827415466,2.633629560470581,0.8387252688407898,2.6361746788024902,0.0008239582884808677,16.055579024219135,0.405257710054236,0.009664206765592098,65.00903946906328,2.5861393311060965,,74.96096217492595,4.753267681226134,2.1016602721065283,0.0,726.0,2.0,2.0,2.0,0.9996477961540222,0.05560624599456787,0.004588083829730749,0.007975442335009575,1.0
727.0,0,all_fail,False,False,False,False,False,1.0399638414382935,0.0,0.0,1e-06,49.33332824707031,24.61508274078369,28.3828125,0.0,0.0,0.0,0.0,0.0,0.0,0.0,0.0,0.0,0.0,0.0,0.0,0.0,0.0,0.0,0.0,14187.0,14187.0,14187.0,14187.0,14187.0,0.0,0.0,136.75428728317672,103.74080609716475,14187.0,1.0,624.0,624.0,624.0,0.0,0.0625,367.0,262.6875,157.0,0.0625,367.0,262.6875,157.0,0.24345433712005615,0.0016803741455078125,0.00046878535067662597,9.821719868341461e-05,0.0011033453047275543,3.9663165807724e-05,0.002949833869934082,-0.0016714930534362793,1.0000405311584473,1.1006821393966675,3.4647274017333984,1.1007217168807983,3.464357614517212,0.0006610210826081504,22.129690315257097,0.376411401840335,0.00937790609896183,93.01108839502558,2.7852556109428406,,103.74080609716475,5.340148557908833,2.0968314870260656,0.0,727.0,2.0,2.0,2.0,0.9997096657752991,0.06125682592391968,0.0043848371133208275,0.007722079288214445,1.0
728.0,9,mixed,True,True,True,True,True,0.5921717882156372,0.16986383497714996,0.06430591642856598,1e-06,49.39286422729492,24.61508274078369,28.3828125,0.0,0.0,0.06430592155084014,0.0,0.8539109230041504,-0.06430592387914658,-1.0978854894638062,0.8539109230041504,-0.06430592387914658,-1.0978854894638062,1.0,0.5625,0.0,1.0,0.5625,0.0,14261.0,14261.0,14261.0,14261.0,14261.0,0.0,0.0,190.5495109802529,74.84144108602777,14261.0,1.0,683.0,683.0,683.0,0.0,0.0625,335.0,208.3125,96.0,0.0625,335.0,208.3125,96.0,0.2816540002822876,0.0008081197738647461,0.000440758973127231,0.00047646593884564936,0.0017769020050764084,0.0003918241709470749,0.004566311836242676,-0.003699660301208496,1.0003942251205444,0.6003106236457825,1.8574509620666504,0.6007024049758911,1.8582322597503662,0.0006524126551719862,19.20449137721214,0.38010885167874,0.009304056875407696,64.00856976024806,2.8075792230665684,,74.84144108602777,5.420732333790511,2.0950903967022896,0.0,728.0,2.0,2.0,2.0,0.9996645450592041,0.0569266676902771,0.0038623276632279158,0.007581392303109169,1.0
729.0,0,all_fail,False,False,False,False,False,0.8529385924339294,0.0,0.0,1e-06,49.37054443359375,24.61508274078369,28.3828125,0.0,0.0,0.0,0.0,0.0,0.0,0.0,0.0,0.0,0.0,0.0,0.0,0.0,0.0,0.0,0.0,12861.0,12861.0,12861.0,12861.0,12861.0,0.0,0.0,164.1047666007523,78.370666900184,12861.0,1.0,564.0,564.0,564.0,0.0,0.0625,512.0,239.8125,99.0,0.0625,512.0,239.8125,99.0,0.3976926803588867,-0.0005258917808532715,0.0004651180061046034,0.0011935747461393476,0.0025894232094287872,0.0016149245202541351,0.007296323776245117,-0.0038123130798339844,1.0016200542449951,0.8585712909698486,2.475109100341797,0.8601862192153931,2.4797885417938232,0.0007795548677240539,17.724513747977664,0.3942791632143509,0.010025855153799057,68.0089592509903,2.6860128729604185,,78.370666900184,5.070824318099767,2.0956246173009276,0.0,729.0,2.0,2.0,2.0,0.9996577501296997,0.0615575909614563,0.004575757309794426,0.007999888621270657,1.0
730.0,5,mixed,True,True,True,True,True,0.6203587651252747,0.14220136404037476,-0.07179433107376099,1e-06,49.37390899658203,24.61508274078369,28.3828125,0.0,0.0,-0.07179433107376099,0.0,1.4361376762390137,0.07179427891969681,-0.652789831161499,1.4361376762390137,0.07179427891969681,-0.652789831161499,1.0,0.3125,0.0,1.0,0.3125,0.0,14007.0,14007.0,14007.0,14007.0,14007.0,0.0,0.0,195.15887852328325,71.77229191921651,14007.0,1.0,583.0,583.0,583.0,0.0,0.0625,512.0,292.4375,138.0,0.0625,512.0,292.4375,138.0,0.17787837982177734,0.00036466121673583984,0.00043836917029693723,0.0006898354040458798,0.001691564917564392,0.0008663907647132874,0.0035620927810668945,-0.0020113587379455566,1.000868320465088,0.6528434753417969,1.9367352724075317,0.6537098288536072,1.938420295715332,0.000688511879049907,13.038787277637129,0.3833559041128319,0.009643985889852047,61.008485672064126,2.790345516987145,,71.77229191921651,5.369666148908436,2.0957939149811864,0.0,730.0,2.0,2.0,2.0,0.9996428489685059,0.05841952562332153,0.004151948727667332,0.007813757285475731,1.0
731.0,0,all_fail,False,False,False,False,False,0.718662679195404,0.0,0.0,1e-06,49.372493743896484,24.61508274078369,28.3828125,0.0,0.0,0.0,0.0,0.0,0.0,0.0,0.0,0.0,0.0,0.0,0.0,0.0,0.0,0.0,0.0,13939.0,13939.0,13939.0,13939.0,13939.0,0.0,0.0,183.82077663460836,75.82929555187002,13939.0,1.0,601.0,601.0,601.0,0.0,0.0625,512.0,270.1875,137.0,0.0625,512.0,270.1875,137.0,0.040093064308166504,0.0007770061492919922,0.000497599714435637,0.0006063884356990457,0.0014714337885379791,0.0004936717450618744,0.0028923749923706055,-0.0026210546493530273,1.0004950761795044,0.7245802283287048,2.0808663368225098,0.7250739336013794,2.081906318664551,0.0007078121053803915,15.037844990981817,0.38753320547922526,0.009866192936897278,65.00860389601439,2.8026301618665457,,75.82929555187002,5.401825351174921,2.1067966390401125,0.0,731.0,2.0,2.0,2.0,0.9996392726898193,0.06239268183708191,0.004540080204606056,0.007978356443345547,1.0
732.0,3,mixed,True,True,True,True,True,0.649051308631897,0.15463289618492126,0.07350900024175644,1e-06,49.37078857421875,24.61508274078369,28.3828125,0.0,0.0,0.07350900024175644,0.0,2.015559434890747,-0.07350897043943405,-0.4651290774345398,2.015559434890747,-0.07350897043943405,-0.4651290774345398,1.0,0.1875,0.0,1.0,0.1875,0.0,10296.0,10296.0,10296.0,10296.0,10296.0,0.0,0.0,162.7781985881445,63.251713615842164,10296.0,1.0,402.0,402.0,402.0,0.0,0.0625,347.0,241.5,134.0,0.0625,347.0,241.5,134.0,0.6498032808303833,0.0016101598739624023,0.0004215504159219563,3.845812170766294e-05,0.0022361911833286285,0.00025046244263648987,0.008565783500671387,-0.003682851791381836,1.0002549886703491,0.6390407085418701,1.922300100326538,0.6392911672592163,1.9234328269958496,0.0009125803409849106,13.977187951399094,0.4108586358000534,0.00939592719078064,54.0078542442061,2.4077986860647798,,63.251713615842164,4.2302005141973495,2.0947485310025513,0.0,732.0,2.0,2.0,2.0,0.9996609091758728,0.05555376410484314,0.003994946833699942,0.007626788690686226,1.0
733.0,12,mixed,True,True,True,True,True,0.5579599738121033,0.16031768918037415,0.13193440437316895,1e-06,49.37970733642578,24.61508274078369,28.3828125,0.0,0.0,0.13193439692258835,0.0,0.5590157508850098,-0.13193446397781372,-1.6770472526550293,0.5590157508850098,-0.13193446397781372,-1.6770472526550293,1.0,0.75,0.0,1.0,0.75,0.0,12023.0,12023.0,12023.0,12023.0,12023.0,0.0,0.0,162.270925441781,74.09213922498748,12023.0,1.0,480.0,480.0,480.0,0.0,0.0625,512.0,271.4375,158.0,0.0625,512.0,271.4375,158.0,-0.06588625907897949,0.0005083084106445312,0.0004033998411614448,0.0005574963870458305,0.0010814722627401352,0.0005319584161043167,0.006020307540893555,-0.0013505816459655762,1.0005335807800293,0.5582273006439209,1.758223533630371,0.5587592720985413,1.7592936754226685,0.00078227273530525,14.738318946314605,0.4045642596498847,0.009405265096575022,64.00851918384433,2.623516053892672,,74.09213922498748,4.864076093770564,2.0872597051784396,0.0,733.0,2.0,2.0,2.0,0.9996072053909302,0.0761445164680481,0.004102224484086037,0.007929389365017414,1.0
734.0,0,all_fail,False,False,False,False,False,0.629696786403656,0.0,0.0,1e-06,49.38075637817383,24.61508274078369,28.3828125,0.0,0.0,0.0,0.0,0.0,0.0,0.0,0.0,0.0,0.0,0.0,0.0,0.0,0.0,0.0,0.0,17185.0,17185.0,17185.0,17185.0,17185.0,0.0,0.0,204.79024667532357,83.91512915771455,17185.0,1.0,817.0,817.0,817.0,0.0,0.0625,381.0,257.0625,169.0,0.0625,381.0,257.0625,169.0,0.6075742244720459,0.0009272098541259766,0.00040502968477085233,0.00034255447098985314,0.0020778588950634003,7.82497227191925e-05,0.0043395161628723145,-0.004710853099822998,1.000081181526184,0.645494282245636,1.9344061613082886,0.6455725431442261,1.9341671466827393,0.0005619014307947606,17.507707953059974,0.36173511048844464,0.00965627608820796,72.00920281093568,3.071649975143373,,83.91512915771455,6.2164178737439215,2.109522255603224,0.0,734.0,2.0,2.0,2.0,0.9996528029441833,0.062075674533843994,0.003960123285651207,0.007717650383710861,1.0
735.0,5,mixed,True,True,True,True,True,0.7394469976425171,0.164061039686203,-0.09810663759708405,1e-06,49.38693618774414,24.61508274078369,28.3828125,0.0,0.0,-0.09810664877295494,0.0,1.4361376762390137,0.09810660779476166,-0.652789831161499,1.4361376762390137,0.09810660779476166,-0.652789831161499,1.0,0.3125,0.0,1.0,0.3125,0.0,14433.0,14433.0,14433.0,14433.0,14433.0,0.0,0.0,177.86374117683374,81.14638714166358,14433.0,1.0,631.0,631.0,631.0,0.0,0.0625,512.0,271.0625,82.0,0.0625,512.0,271.0625,82.0,1.153883695602417,0.00325620174407959,0.0004482914519030601,-0.0007275599054992199,0.0015804488211870193,-0.0006469767540693283,0.0024515390396118164,-0.004325747489929199,0.9993547201156616,0.8033102750778198,2.2682697772979736,0.8026632070541382,2.266982078552246,0.0007345296234988888,16.142421822710634,0.3915667933750213,0.010601466055959463,70.00968344509602,2.8790805963799357,,81.14638714166358,5.651483528781682,2.09697940479964,0.0,735.0,2.0,2.0,2.0,0.9996986985206604,0.056848496198654175,0.003996408544480801,0.007632293738424778,1.0
736.0,1,mixed,True,True,True,True,True,0.8734309077262878,0.1688566356897354,0.03128167241811752,1e-06,49.39019012451172,24.61508274078369,28.3828125,0.0,0.0,0.03128167241811752,0.0,3.7499847412109375,-0.03128166124224663,-0.24999898672103882,3.7499847412109375,-0.03128166124224663,-0.24999898672103882,1.0,0.0625,0.0,1.0,0.0625,0.0,11484.0,11484.0,11484.0,11484.0,11484.0,0.0,0.0,138.77272644954914,82.75401293765754,11484.0,1.0,472.0,472.0,472.0,0.0,0.0625,372.0,245.75,130.0,0.0625,372.0,245.75,130.0,0.0482405424118042,0.0007797479629516602,0.00046079233288764954,0.0005324922385625541,0.0014342740178108215,0.0004831552505493164,0.004038453102111816,-0.0030237436294555664,1.0004849433898926,0.8861501216888428,2.4953012466430664,0.8866332769393921,2.49682354927063,0.0009316182557463604,18.568224468673954,0.40074872563082825,0.010698704048991203,73.01025861082599,2.5345942969433963,,82.75401293765754,4.602198365144432,2.096645360812545,0.0,736.0,2.0,2.0,2.0,0.9996809363365173,0.062114596366882324,0.004374964628368616,0.00791123602539301,1.0
737.0,0,all_fail,False,False,False,False,False,0.7214986681938171,0.0,0.0,1e-06,49.37668228149414,24.61508274078369,28.3828125,0.0,0.0,0.0,0.0,0.0,0.0,0.0,0.0,0.0,0.0,0.0,0.0,0.0,0.0,0.0,0.0,13305.0,13305.0,13305.0,13305.0,13305.0,0.0,0.0,145.0501746982816,91.72688021697104,13305.0,1.0,523.0,523.0,523.0,0.0,0.0625,501.0,308.5625,103.0,0.0625,501.0,308.5625,103.0,0.8913452625274658,0.001582026481628418,0.0004232354403939098,5.889710519113578e-05,0.0013264156877994537,-4.1078776121139526e-05,0.003889918327331543,-0.00453948974609375,0.999960720539093,0.7847385406494141,2.255110502243042,0.7846975326538086,2.2553157806396484,0.0007347903770528669,16.409028410166048,0.4010542929004521,0.009776385966688395,81.01137326098979,2.7816447662189603,,91.72688021697104,5.336027367040515,2.0881185233592987,0.0,737.0,2.0,2.0,2.0,0.9996921420097351,0.061096519231796265,0.003984164446592331,0.00759863993152976,1.0
738.0,0,all_fail,False,False,False,False,False,0.7919160723686218,0.0,0.0,1e-06,49.478458404541016,24.61508274078369,28.3828125,0.0,0.0,0.0,0.0,0.0,0.0,0.0,0.0,0.0,0.0,0.0,0.0,0.0,0.0,0.0,0.0,26205.0,26205.0,26205.0,26205.0,26205.0,0.0,0.0,222.03648324247456,118.02114507183433,26205.0,1.0,1409.0,1409.0,1409.0,0.0,0.0625,491.0,228.8125,88.0,0.0625,491.0,228.8125,88.0,0.1908583641052246,0.0008516311645507812,0.00048094778321683407,0.000536099192686379,0.002497367560863495,0.0006654933094978333,0.007211565971374512,-0.005034446716308594,1.0006704330444336,0.8677159547805786,2.46000599861145,0.8683814406394958,2.461519718170166,0.00036481817293271745,27.86527260526408,0.35829284118033167,0.00956006022170186,102.0147630078718,4.009920916054398,,118.02114507183433,9.389063903130591,2.0985823809169233,0.0,738.0,2.0,2.0,2.0,0.9996896982192993,0.06009262800216675,0.004108269698917866,0.007780664600431919,1.0
739.0,0,all_fail,False,False,False,False,False,0.6702761054039001,0.0,0.0,1e-06,49.44496154785156,24.61508274078369,28.3828125,0.0,0.0,0.0,0.0,0.0,0.0,0.0,0.0,0.0,0.0,0.0,0.0,0.0,0.0,0.0,0.0,21808.0,21808.0,21808.0,21808.0,21808.0,0.0,0.0,245.34248878201092,88.8879871899262,21808.0,1.0,1087.0,1087.0,1087.0,0.0,0.0625,507.0,276.0,121.0,0.0625,507.0,276.0,121.0,0.3768264055252075,0.0016685724258422852,0.00047210787306539714,0.00012335061910562217,0.0014691222459077835,8.34297388792038e-05,0.0031419992446899414,-0.00279158353805542,1.0000849962234497,0.6400997042655945,1.934313416481018,0.64018315076828,1.9347336292266846,0.00043772652120720965,16.986181150191374,0.35405002141242226,0.009545939974486828,75.01097595924512,3.5502296183258295,,88.8879871899262,7.721122866962105,2.0977366059087217,0.0,739.0,2.0,2.0,2.0,0.9996194839477539,0.18352189660072327,0.0041409870609641075,0.008382687345147133,1.0
740.0,1,mixed,True,True,True,True,True,0.7354761958122253,0.18979814648628235,-0.2263830304145813,1e-06,49.435157775878906,24.61508274078369,28.3828125,0.0,0.0,-0.2263830453157425,0.0,3.7499847412109375,0.22638298571109772,-0.24999898672103882,3.7499847412109375,0.22638298571109772,-0.24999898672103882,1.0,0.0625,0.0,1.0,0.0625,0.0,14738.0,14738.0,14738.0,14738.0,14738.0,0.0,0.0,201.1361802605069,73.27373911999166,14738.0,1.0,675.0,675.0,675.0,0.0,0.0625,469.0,246.125,77.0,0.0625,469.0,246.125,77.0,0.332242488861084,0.0014934539794921875,0.00038103165570646524,1.6877967937034555e-05,0.0016230028122663498,0.00017481856048107147,0.004296302795410156,-0.005057394504547119,1.0001771450042725,0.8183679580688477,2.50289249420166,0.8185427188873291,2.5039494037628174,0.0006804090563987906,15.746353591904384,0.3841341521377612,0.010027868673205376,62.00914044491947,2.881670860107988,,73.27373911999166,5.661369134206325,2.210818780120462,0.0,740.0,2.0,2.0,2.0,0.9997000694274902,0.0516621470451355,0.0038689528591930866,0.00750808697193861,1.0
741.0,0,all_fail,False,False,False,False,False,0.5759797096252441,0.0,0.0,1e-06,49.453857421875,24.61508274078369,28.3828125,0.0,0.0,0.0,0.0,0.0,0.0,0.0,0.0,0.0,0.0,0.0,0.0,0.0,0.0,0.0,0.0,12162.0,12162.0,12162.0,12162.0,12162.0,0.0,0.0,213.90591425256136,56.856772953178734,12162.0,1.0,583.0,583.0,583.0,0.0,0.0625,266.0,177.125,82.0,0.0625,266.0,177.125,82.0,0.5987292528152466,0.0019366741180419922,0.0004024295194540173,-0.00016174685151781887,0.0024098455905914307,-0.00015297532081604004,0.005124986171722412,-0.0046308040618896484,0.9998513460159302,0.5845233798027039,1.8145216703414917,0.5843704342842102,1.8142375946044922,0.0009105795888112889,16.586727679272666,0.38471407382758976,0.011074468959122896,47.00678624305874,2.5588503158651292,,56.856772953178734,4.678892565891147,2.10226892773062,0.0,741.0,2.0,2.0,2.0,0.9996095299720764,0.057237446308135986,0.004168941173702478,0.008062419481575489,1.0
742.0,0,all_fail,False,False,False,False,False,0.6745284795761108,0.0,0.0,1e-06,49.45756149291992,24.61508274078369,28.3828125,0.0,0.0,0.0,0.0,0.0,0.0,0.0,0.0,0.0,0.0,0.0,0.0,0.0,0.0,0.0,0.0,17260.0,17260.0,17260.0,17260.0,17260.0,0.0,0.0,224.26318395889183,76.96314524440095,17260.0,1.0,764.0,764.0,764.0,0.0,0.0625,452.0,314.75,210.0,0.0625,452.0,314.75,210.0,0.12494051456451416,0.0009121894836425781,0.00042209780076518655,0.00038730056257918477,0.001204017549753189,0.0003319866955280304,0.003007352352142334,-0.002945542335510254,1.0003331899642944,0.6825106739997864,2.0007107257843018,0.6828426122665405,2.001293659210205,0.0005895047969813971,12.90887698155367,0.36269450168473905,0.010174852795898914,65.00910447910428,3.0926159690134227,,76.96314524440095,6.260107099078596,2.09123328095302,0.0,742.0,2.0,2.0,2.0,0.9996873140335083,0.06451404094696045,0.003861590987071395,0.007538005709648132,1.0
743.0,0,all_fail,False,False,False,False,False,0.7742391228675842,0.0,0.0,1e-06,49.439910888671875,24.61508274078369,28.3828125,0.0,0.0,0.0,0.0,0.0,0.0,0.0,0.0,0.0,0.0,0.0,0.0,0.0,0.0,0.0,0.0,21996.0,21996.0,21996.0,21996.0,21996.0,0.0,0.0,217.87858313324418,100.95531044714153,21996.0,1.0,1123.0,1123.0,1123.0,0.0,0.0625,428.0,251.75,104.0,0.0625,428.0,251.75,104.0,0.4499772787094116,0.0020247697830200195,0.0004666262830141932,-7.830064714653417e-05,0.0016112718731164932,1.0523945093154907e-06,0.003908812999725342,-0.0036358237266540527,1.0000030994415283,0.7943789958953857,2.239680290222168,0.7943800687789917,2.239717960357666,0.00051869366370151,21.601089357991277,0.35324735396934065,0.011409185826778412,87.00918793398887,3.5616220287047327,,100.95531044714153,7.770028797909617,2.103495370130986,0.0,743.0,2.0,2.0,2.0,0.9996490478515625,0.06110572814941406,0.004461193922907114,0.007996040396392345,1.0
744.0,0,all_fail,False,False,False,False,False,0.8774168491363525,0.0,0.0,1e-06,49.67826843261719,24.61508274078369,28.3828125,0.0,0.0,0.0,0.0,0.0,0.0,0.0,0.0,0.0,0.0,0.0,0.0,0.0,0.0,0.0,0.0,8302.0,8302.0,8302.0,8302.0,8302.0,0.0,0.0,91.6336673596505,90.59988800203428,8302.0,1.0,296.0,296.0,296.0,0.0,0.0625,368.0,222.875,127.0,0.0625,368.0,222.875,127.0,-0.38141030073165894,-0.0016127228736877441,0.00044721763697452843,0.0016974708996713161,0.0021220259368419647,0.001694362610578537,0.00498729944229126,-0.0028156638145446777,1.0016977787017822,0.8941803574562073,2.4908852577209473,0.8958746194839478,2.495185375213623,0.001173282804524459,22.99775888522292,0.45011354055254754,0.00974059384316206,82.01000818470493,2.2382518965750933,,90.59988800203428,3.7368426136672497,2.1043257489800453,0.0,744.0,2.0,2.0,2.0,0.9997124075889587,0.057284533977508545,0.00417700782418251,0.00751582020893693,1.0
745.0,3,mixed,True,True,True,True,True,0.7423127293586731,0.1530328243970871,-0.01760917901992798,1e-06,49.645992279052734,24.61508274078369,28.3828125,0.0,0.0,-0.017609178088605404,0.0,2.015559434890747,0.01760927028954029,-0.4651290774345398,2.015559434890747,0.01760927028954029,-0.4651290774345398,1.0,0.1875,0.0,1.0,0.1875,0.0,9155.0,9155.0,9155.0,9155.0,9155.0,0.0,0.0,84.70016657889475,108.08715460402891,9155.0,1.0,313.0,313.0,313.0,0.0,0.0625,440.0,259.1875,133.0,0.0625,440.0,259.1875,133.0,0.07221555709838867,0.00099945068359375,0.00045324722304940224,0.00040588932461105287,0.0013930201530456543,0.0004052668809890747,0.004521012306213379,-0.0022254586219787598,1.0004068613052368,0.7572817802429199,2.1563634872436523,0.7576870918273926,2.1575443744659424,0.0011345134577029784,23.87591932069538,0.44843044741346755,0.010386470705270767,99.01343742292374,2.3594468939118087,,108.08715460402891,4.105380746070296,2.0987089001573622,0.0,745.0,2.0,2.0,2.0,0.9996704459190369,0.056544870138168335,0.004178997129201889,0.007776951417326927,1.0
746.0,0,all_fail,False,False,False,False,False,0.7173818349838257,0.0,0.0,1e-06,49.60205841064453,24.61508274078369,28.3828125,0.0,0.0,0.0,0.0,0.0,0.0,0.0,0.0,0.0,0.0,0.0,0.0,0.0,0.0,0.0,0.0,12854.0,12854.0,12854.0,12854.0,12854.0,0.0,0.0,143.58437039126343,89.52227853890508,12854.0,1.0,502.0,502.0,502.0,0.0,0.0625,512.0,301.375,129.0,0.0625,512.0,301.375,129.0,0.5386865139007568,0.0015779733657836914,0.00044836269808001816,0.00010880522313527763,0.0017108134925365448,0.0004917941987514496,0.006342530250549316,-0.0024042129516601562,1.000494360923767,0.7661597728729248,2.226193904876709,0.7666516304016113,2.2275004386901855,0.0007478200027874771,16.38548209284417,0.40309482612155156,0.00961247831583023,79.0107946516946,2.7216385803185403,,89.52227853890508,5.1813808949664235,2.1003110017627478,0.0,746.0,2.0,2.0,2.0,0.999684751033783,0.08316713571548462,0.004041879437863827,0.007764757610857487,1.0
747.0,0,all_fail,False,False,False,False,False,0.6904658675193787,0.0,0.0,1e-06,49.630088806152344,24.61508274078369,28.3828125,0.0,0.0,0.0,0.0,0.0,0.0,0.0,0.0,0.0,0.0,0.0,0.0,0.0,0.0,0.0,0.0,16114.0,16114.0,16114.0,16114.0,16114.0,0.0,0.0,199.3419207612398,80.83598240884021,16114.0,1.0,727.0,727.0,727.0,0.0,0.125,512.0,280.125,112.0,0.125,512.0,280.125,112.0,0.4340956211090088,0.001994490623474121,0.0004090519214514643,-0.0001783039333531633,0.001116778701543808,-0.0002739056944847107,0.0015311241149902344,-0.004050493240356445,0.9997273087501526,0.6737654209136963,2.023163318634033,0.6734915375709534,2.0229921340942383,0.0006425645481205554,15.397223481465428,0.3832471314218902,0.010354285128414631,69.01035564392805,3.0456033777445555,,80.83598240884021,6.175644275732338,2.0975378956645727,0.0,747.0,2.0,2.0,2.0,0.99964439868927,0.05667221546173096,0.004291623830795288,0.007828369736671448,1.0
748.0,0,all_fail,False,False,False,False,False,0.9010477662086487,0.0,0.0,1e-06,49.58697509765625,24.61508274078369,28.3828125,0.0,0.0,0.0,0.0,0.0,0.0,0.0,0.0,0.0,0.0,0.0,0.0,0.0,0.0,0.0,0.0,13727.0,13727.0,13727.0,13727.0,13727.0,0.0,0.0,114.48068434831829,119.9066906189546,13727.0,1.0,625.0,625.0,625.0,0.0,0.0625,484.0,232.9375,117.0,0.0625,484.0,232.9375,117.0,0.0769968032836914,0.0008400678634643555,0.0005085185985080898,0.0005957575631327927,0.0015451982617378235,0.000628352165222168,0.004311561584472656,-0.0016027092933654785,1.0006303787231445,0.962682843208313,2.7963006496429443,0.9633111357688904,2.79805588722229,0.0007200490260229287,29.24989278910285,0.39801900627511766,0.009884112980216742,109.01435042498633,2.8164795245975256,,119.9066906189546,5.46360689913854,2.1030928399413824,0.0,748.0,2.0,2.0,2.0,0.9996792078018188,0.05445101857185364,0.004489689599722624,0.007943456992506981,1.0
749.0,0,all_fail,False,False,False,False,False,0.8059219717979431,0.0,0.0,1e-06,50.58228302001953,24.61508274078369,28.3828125,0.0,0.0,0.0,0.0,0.0,0.0,0.0,0.0,0.0,0.0,0.0,0.0,0.0,0.0,0.0,0.0,13492.0,13492.0,13492.0,13492.0,13492.0,0.0,0.0,208.8119016334656,64.61317527620122,13492.0,1.0,624.0,624.0,624.0,0.0,0.0625,379.0,219.25,122.0,0.0625,379.0,219.25,122.0,0.1486811637878418,0.001017928123474121,0.0004650434711948037,0.00042163010220974684,0.0015054158866405487,0.00021787360310554504,0.0031848549842834473,-0.004024982452392578,1.000219702720642,0.860258936882019,2.4252893924713135,0.8604767918586731,2.425706148147583,0.0006738900566755788,15.39567783007668,0.3889855514414412,0.00909212464466691,54.00803782790899,2.754143411293626,,64.61317527620122,5.2481930600479245,2.094501833897084,0.0,749.0,2.0,2.0,2.0,0.9996998310089111,0.05524015426635742,0.004284715745598078,0.007489855866879225,1.0
750.0,0,all_fail,False,False,False,False,False,0.7642923593521118,0.0,0.0,1e-06,50.57415771484375,24.61508274078369,28.3828125,0.0,0.0,0.0,0.0,0.0,0.0,0.0,0.0,0.0,0.0,0.0,0.0,0.0,0.0,0.0,0.0,7777.0,7777.0,7777.0,7777.0,7777.0,0.0,0.0,164.57745775709628,47.25434519397095,7777.0,1.0,294.0,294.0,294.0,0.0,0.0625,275.0,192.0625,117.0,0.0625,275.0,192.0625,117.0,0.3546757698059082,0.0018393993377685547,0.00043081134208478034,-5.406630225479603e-05,0.0019459929317235947,-0.00015578605234622955,0.004311800003051758,-0.003577291965484619,0.9998466372489929,0.7670106291770935,2.1852362155914307,0.7668548822402954,2.1849207878112793,0.0012581402758514574,12.693201137929089,0.4488606352234034,0.009784556925296783,39.00620709685609,2.1531177992001176,,47.25434519397095,3.490789160132408,2.097085401881486,0.0,750.0,2.0,2.0,2.0,0.9996797442436218,0.06081271171569824,0.0041825175285339355,0.007678259164094925,1.0
751.0,2,mixed,True,True,True,True,True,0.6980185508728027,0.1586780995130539,0.11493787169456482,1e-06,50.08204650878906,24.61508274078369,28.3828125,0.0,0.0,0.11493787169456482,0.0,2.561730146408081,-0.11493788659572601,-0.3659614622592926,2.561730146408081,-0.11493788659572601,-0.3659614622592926,1.0,0.125,0.0,1.0,0.125,0.0,14977.0,14977.0,14977.0,14977.0,14977.0,0.0,0.0,177.35627212746968,84.4458435010165,14977.0,1.0,670.0,670.0,670.0,0.0,0.0625,512.0,266.0625,152.0,0.0625,512.0,266.0625,152.0,0.04497253894805908,0.0009396076202392578,0.0004671131318900734,0.00046678693615831435,0.0012642350047826767,0.00017649494111537933,0.00392526388168335,-0.0032263994216918945,1.0001778602600098,0.7143426537513733,2.116522789001465,0.7145191431045532,2.1164350509643555,0.0006250411927711982,17.150743283302518,0.3927904334775678,0.009361241944134235,73.01071415701881,2.949078142642975,,84.4458435010165,5.882822322193533,2.0969977169297636,0.0,751.0,2.0,2.0,2.0,0.9996578097343445,0.054770857095718384,0.004275863990187645,0.007751643192023039,1.0
752.0,0,all_fail,False,False,False,False,False,0.76835697889328,0.0,0.0,1e-06,49.95175552368164,24.61508274078369,28.3828125,0.0,0.0,0.0,0.0,0.0,0.0,0.0,0.0,0.0,0.0,0.0,0.0,0.0,0.0,0.0,0.0,16346.0,16346.0,16346.0,16346.0,16346.0,0.0,0.0,210.00446140190692,77.83644162071869,16346.0,1.0,722.0,722.0,722.0,0.0,0.125,512.0,299.625,130.0,0.125,512.0,299.625,130.0,0.37363290786743164,8.07046890258789e-05,0.000464437558548525,0.0008853343315422535,0.0020661689341068268,0.0009810291230678558,0.0038740038871765137,-0.00450742244720459,1.0009840726852417,0.8038944602012634,2.27413272857666,0.804875373840332,2.2761588096618652,0.0005934467097288769,13.768945409266319,0.377726280971975,0.009700479917228222,66.00832429202273,3.047915275208652,,77.83644162071869,6.174313788767904,2.097018515691161,0.0,752.0,2.0,2.0,2.0,0.9996724724769592,0.06110560894012451,0.004232869017869234,0.007881435565650463,1.0
753.0,3,mixed,True,True,True,True,True,0.6435239911079407,0.1470002830028534,0.08194852620363235,1e-06,49.95322799682617,24.61508274078369,28.3828125,0.0,0.0,0.08194852247834206,0.0,2.015559434890747,-0.08194848895072937,-0.4651290774345398,2.015559434890747,-0.08194848895072937,-0.4651290774345398,1.0,0.1875,0.0,1.0,0.1875,0.0,15719.0,15719.0,15719.0,15719.0,15719.0,0.0,0.0,247.54776052863062,63.4988576201722,15719.0,1.0,734.0,734.0,734.0,0.0,0.0625,404.0,248.4375,82.0,0.0625,404.0,248.4375,82.0,0.32680296897888184,0.0013872385025024414,0.0004225189913995564,0.00015196725144051015,0.0014995373785495758,-3.353506326675415e-05,0.0024586915969848633,-0.003828763961791992,0.9999679327011108,0.6593039035797119,1.9670780897140503,0.6592704057693481,1.9665848016738892,0.0005962978675226817,13.083788712022814,0.3766725341935116,0.009373206179589033,52.00806013029069,2.969283372629434,,63.4988576201722,5.9209155649878085,2.0943326517008245,0.0,753.0,2.0,2.0,2.0,0.9996413588523865,0.0552823543548584,0.004063545260578394,0.007743398193269968,1.0
754.0,0,all_fail,False,False,False,False,False,0.6626477241516113,0.0,0.0,1e-06,49.9537467956543,24.61508274078369,28.3828125,0.0,0.0,0.0,0.0,0.0,0.0,0.0,0.0,0.0,0.0,0.0,0.0,0.0,0.0,0.0,0.0,12821.0,12821.0,12821.0,12821.0,12821.0,0.0,0.0,167.8631437616573,76.37769502401352,12821.0,1.0,547.0,547.0,547.0,0.0,0.0625,410.0,254.3125,131.0,0.0625,410.0,254.3125,131.0,-0.08324235677719116,-0.00012046098709106445,0.00040611729491502047,0.0008734524017199874,0.0013929642736911774,0.0005323626101016998,0.003393113613128662,-0.0015410780906677246,1.0005338191986084,0.6462651491165161,1.9202377796173096,0.6467974781990051,1.9212603569030762,0.0008328046125811874,16.222510193413935,0.39601028351992584,0.010677387937903404,66.00939397700131,2.6939423801377416,,76.37769502401352,5.077247845008969,2.0884783240035176,0.0,754.0,2.0,2.0,2.0,0.9996638298034668,0.06200218200683594,0.003955810330808163,0.007727477233856916,1.0
755.0,0,all_fail,False,False,False,False,False,0.886189877986908,0.0,0.0,1e-06,49.69426727294922,24.61508274078369,28.3828125,0.0,0.0,0.0,0.0,0.0,0.0,0.0,0.0,0.0,0.0,0.0,0.0,0.0,0.0,0.0,0.0,17981.0,17981.0,17981.0,17981.0,17981.0,0.0,0.0,175.64415726686798,102.37175138527527,17981.0,1.0,842.0,842.0,842.0,0.0,0.0625,503.0,281.8125,149.0,0.0625,503.0,281.8125,149.0,-0.3188566565513611,-0.0001824498176574707,0.00046963224303908646,0.0010306300828233361,0.0013102181255817413,0.0011403076350688934,0.0035423636436462402,-0.0010775923728942871,1.0011415481567383,0.9109779000282288,2.6522810459136963,0.9121181964874268,2.6553590297698975,0.0006372001477687644,19.962779708110816,0.3648560470514263,0.011457495857030153,90.01217370387167,3.186084831133485,,102.37175138527527,6.560476582031697,2.103510887827724,0.0,755.0,2.0,2.0,2.0,0.9997198581695557,0.05916544795036316,0.004066267050802708,0.007522010710090399,1.0
756.0,2,mixed,True,True,True,True,True,0.8141587972640991,0.17258581519126892,0.0915471687912941,1e-06,49.682945251464844,24.61508274078369,28.3828125,0.0,0.0,0.09154717065393925,0.0,2.561730146408081,-0.09154720604419708,-0.3659614622592926,2.561730146408081,-0.09154720604419708,-0.3659614622592926,1.0,0.125,0.0,1.0,0.125,0.0,9942.0,9942.0,9942.0,9942.0,9942.0,0.0,0.0,154.7447004126055,64.24775758711621,9942.0,1.0,420.0,420.0,420.0,0.0,0.0625,357.0,201.375,110.0,0.0625,357.0,201.375,110.0,0.012035608291625977,0.00028526782989501953,0.0004966160049661994,0.0008492229389958084,0.0019836127758026123,0.0008747577667236328,0.004270076751708984,-0.006258368492126465,1.000878095626831,0.803905189037323,2.290987968444824,0.8047799468040466,2.292755603790283,0.0010441694190578426,17.07272870294995,0.4246850000884368,0.010381132364273071,55.008331880904734,2.4020469491370022,,64.24775758711621,4.222218270879239,2.103847198188305,0.0,756.0,2.0,2.0,2.0,0.9996855854988098,0.061050593852996826,0.004394715651869774,0.007681264076381922,1.0
757.0,0,all_fail,False,False,False,False,False,0.6460832357406616,0.0,0.0,1e-06,49.60554122924805,24.61508274078369,28.3828125,0.0,0.0,0.0,0.0,0.0,0.0,0.0,0.0,0.0,0.0,0.0,0.0,0.0,0.0,0.0,0.0,18993.0,18993.0,18993.0,18993.0,18993.0,0.0,0.0,168.11829028729943,112.97402541711926,18993.0,1.0,906.0,906.0,906.0,0.0,0.125,512.0,281.0625,138.0,0.125,512.0,281.0625,138.0,0.4028446674346924,0.0016655921936035156,0.00040877179708331823,-1.4811270375503227e-05,0.0012860111892223358,-9.149312973022461e-06,0.002324998378753662,-0.003522217273712158,0.9999920725822449,0.6951975226402283,2.0420737266540527,0.6951882839202881,2.041834831237793,0.0005654423778931288,22.240131117373686,0.36970680330052813,0.010739447083324194,100.01386963482946,3.3324623531661928,,112.97402541711926,7.021841315086931,2.094103111885488,0.0,757.0,2.0,2.0,2.0,0.9996642470359802,0.06141471862792969,0.003985558170825243,0.007764678448438644,1.0
758.0,1,mixed,True,True,True,True,True,0.5652310848236084,0.1029827743768692,0.13729780912399292,1e-06,49.697349548339844,24.61508274078369,28.3828125,0.0,0.0,0.13729780912399292,0.0,3.7499847412109375,-0.13729780912399292,-0.24999898672103882,3.7499847412109375,-0.13729780912399292,-0.24999898672103882,1.0,0.0625,0.0,1.0,0.0625,0.0,12561.0,12561.0,12561.0,12561.0,12561.0,0.0,0.0,110.64420918562081,113.52604978112504,12561.0,1.0,510.0,510.0,510.0,0.0,0.0625,505.0,275.0625,124.0,0.0625,505.0,275.0625,124.0,-0.3106870651245117,-0.0005912184715270996,0.00040879874723032117,0.001109605422243476,0.0014380086213350296,0.0011280830949544907,0.00416073203086853,-0.0010400712490081787,1.0011298656463623,0.5534315705299377,1.7536145448684692,0.554559588432312,1.7555744647979736,0.0007690516087780351,23.406936523289342,0.41159280509008134,0.009660057257860899,103.01392763899639,2.7355222599580884,,113.52604978112504,5.170017224736512,2.0958522907458246,0.0,758.0,2.0,2.0,2.0,0.9996604323387146,0.060826122760772705,0.003777957521378994,0.007466629613190889,1.0
759.0,0,all_fail,False,False,False,False,False,0.727380633354187,0.0,0.0,1e-06,49.648685455322266,24.61508274078369,28.3828125,0.0,0.0,0.0,0.0,0.0,0.0,0.0,0.0,0.0,0.0,0.0,0.0,0.0,0.0,0.0,0.0,19025.0,19025.0,19025.0,19025.0,19025.0,0.0,0.0,190.48097555617187,99.87874087924138,19025.0,1.0,882.0,882.0,882.0,0.0,0.0625,512.0,307.0625,161.0,0.0625,512.0,307.0625,161.0,-0.06303143501281738,-2.7835369110107422e-05,0.00047397983144037426,0.0009609038243070245,0.0016285572201013565,0.0006003100425004959,0.0025673508644104004,-0.003023087978363037,1.0006020069122314,0.7361175417900085,2.114729404449463,0.7367178201675415,2.1159110069274902,0.0005016023594195834,17.710259804017227,0.36550625272672843,0.009542984887957573,87.01050641713664,3.308348376303911,,99.87874087924138,6.9537564581260085,2.0972226159647107,0.0,759.0,2.0,2.0,2.0,0.99967360496521,0.06005984544754028,0.004196973517537117,0.007801385130733252,1.0
760.0,7,mixed,True,True,True,True,True,0.6167970895767212,0.23817071318626404,-0.10014840215444565,1e-06,49.67058563232422,24.61508274078369,28.3828125,0.0,0.0,-0.10014839936047792,0.0,1.0978854894638062,0.10014841705560684,-0.8539109230041504,1.0978854894638062,0.10014841705560684,-0.8539109230041504,1.0,0.4375,0.0,1.0,0.4375,0.0,6519.0,6519.0,6519.0,6519.0,6519.0,0.0,0.0,136.46050684518733,47.77206351282075,6519.0,1.0,265.0,265.0,265.0,0.0,0.0625,230.0,142.4375,54.0,0.0625,230.0,142.4375,54.0,0.09803140163421631,0.0011371374130249023,0.00041571585461497307,0.00026567329769022763,0.002155046910047531,0.0005110427737236023,0.0046746134757995605,-0.003107309341430664,1.000514268875122,0.6165403723716736,1.888301134109497,0.6170515418052673,1.8891288042068481,0.0016069596010147564,17.554477758267538,0.4807999435441363,0.010475769639015198,40.00665481109172,2.0185097670182586,,47.77206351282075,3.1343348319642246,2.102060191798955,0.0,760.0,2.0,2.0,2.0,0.9996666312217712,0.0615975558757782,0.004025520756840706,0.007643493823707104,1.0
761.0,0,all_fail,False,False,False,False,False,0.9385060667991638,0.0,0.0,1e-06,49.68046569824219,24.61508274078369,28.3828125,0.0,0.0,0.0,0.0,0.0,0.0,0.0,0.0,0.0,0.0,0.0,0.0,0.0,0.0,0.0,0.0,19682.0,19682.0,19682.0,19682.0,19682.0,0.0,0.0,191.27781712526743,102.89745196700096,19682.0,1.0,964.0,964.0,964.0,0.0,0.0625,512.0,266.125,145.0,0.0625,512.0,266.125,145.0,-0.03102320432662964,0.0002321004867553711,0.0005195803823880851,0.0009203987428918481,0.0017333142459392548,0.0010484270751476288,0.007635653018951416,-0.0019311904907226562,1.001051902770996,0.9575618505477905,2.663900375366211,0.9586102962493896,2.6667308807373047,0.0005254462391998138,21.13975723724184,0.35302545132883745,0.010341832879930735,90.01308631617576,3.322935339063406,,102.89745196700096,6.948246933054179,2.1035311929881573,0.0,761.0,2.0,2.0,2.0,0.9996927976608276,0.07144865393638611,0.004456090275198221,0.00775837991386652,1.0
762.0,0,all_fail,False,False,False,False,False,0.7859154343605042,0.0,0.0,1e-06,49.6629753112793,24.61508274078369,28.3828125,0.0,0.0,0.0,0.0,0.0,0.0,0.0,0.0,0.0,0.0,0.0,0.0,0.0,0.0,0.0,0.0,8792.0,8792.0,8792.0,8792.0,8792.0,0.0,0.0,135.76290278666056,64.75995886605233,8792.0,1.0,362.0,362.0,362.0,0.0,0.0625,319.0,187.5,63.0,0.0625,319.0,187.5,63.0,0.019089221954345703,0.00015938282012939453,0.0004662178398575634,0.0008532030042260885,0.002216145396232605,0.000980086624622345,0.005791783332824707,-0.004515171051025391,1.0009840726852417,0.8107734322547913,2.281689405441284,0.8117533922195435,2.284578561782837,0.0011624461819533872,18.66956536968549,0.4403650696246162,0.01022022683173418,56.00869610905647,2.2683003856800497,,64.75995886605233,3.8716896921396255,2.101568477228284,0.0,762.0,2.0,2.0,2.0,0.9996364712715149,0.1171187162399292,0.00451771542429924,0.008187033236026764,1.0
763.0,0,all_fail,False,False,False,False,False,0.7621385455131531,0.0,0.0,1e-06,49.69515609741211,24.61508274078369,28.3828125,0.0,0.0,0.0,0.0,0.0,0.0,0.0,0.0,0.0,0.0,0.0,0.0,0.0,0.0,0.0,0.0,14757.0,14757.0,14757.0,14757.0,14757.0,0.0,0.0,120.7229691990949,122.23854414699599,14757.0,1.0,596.0,596.0,596.0,0.0,0.125,512.0,326.3125,146.0,0.125,512.0,326.3125,146.0,-0.1786707043647766,0.00023698806762695312,0.00043103052303195,0.0007409764220938087,0.001318465918302536,0.0006133653223514557,0.0032601356506347656,-0.0026226043701171875,1.0006146430969238,0.7600326538085938,2.1819992065429688,0.7606460452079773,2.1834354400634766,0.0006719876088072244,21.26317527428772,0.3881347139425989,0.009916521143168211,111.01503810705617,2.8990461472421885,,122.23854414699599,5.727703973650932,2.0873850001953542,0.0,763.0,2.0,2.0,2.0,0.9996814727783203,0.0641791820526123,0.004071319010108709,0.00784302782267332,1.0
764.0,4,mixed,True,True,True,True,True,0.6544849276542664,0.15469063818454742,0.0902838259935379,1e-06,49.66286087036133,24.61508274078369,28.3828125,0.0,0.0,0.09028382785618305,0.0,1.6770472526550293,-0.09028378874063492,-0.5590157508850098,1.6770472526550293,-0.09028378874063492,-0.5590157508850098,1.0,0.25,0.0,1.0,0.25,0.0,11395.0,11395.0,11395.0,11395.0,11395.0,0.0,0.0,134.18469057147772,84.92026885831729,11395.0,1.0,468.0,468.0,468.0,0.0,0.0625,512.0,244.1875,92.0,0.0625,512.0,244.1875,92.0,-0.19595104455947876,-0.000644981861114502,0.00043712102342396975,0.0011953007197007537,0.0019048545509576797,0.0013102609664201736,0.004329681396484375,-0.0028142929077148438,1.0013128519058228,0.6369998455047607,1.900517463684082,0.6383101344108582,1.903088927268982,0.0008703761142745986,19.199210780929935,0.4145933878283168,0.009917935822159052,75.01131652109325,2.570974709931761,,84.92026885831729,4.72429165430367,2.1040598386898637,0.0,764.0,2.0,2.0,2.0,0.9996055364608765,0.05985561013221741,0.0044463821686804295,0.008155968971550465,1.0
765.0,0,all_fail,False,False,False,False,False,0.7805803418159485,0.0,0.0,1e-06,49.69060134887695,24.61508274078369,28.3828125,0.0,0.0,0.0,0.0,0.0,0.0,0.0,0.0,0.0,0.0,0.0,0.0,0.0,0.0,0.0,0.0,13599.0,13599.0,13599.0,13599.0,13599.0,0.0,0.0,166.8593567245468,81.49977482203394,13599.0,1.0,611.0,611.0,611.0,0.0,0.0625,380.0,238.9375,128.0,0.0625,380.0,238.9375,128.0,0.4175189733505249,0.0014522075653076172,0.00041582935955375433,0.00011008410365320742,0.0016353316605091095,0.0002881251275539398,0.0037844181060791016,-0.003218412399291992,1.0002899169921875,0.7680901885032654,2.267831325531006,0.7683783769607544,2.268645763397217,0.0007300233192146328,18.57456667195268,0.38004490044273403,0.009927587117999792,71.0105683868751,2.716369756963104,,81.49977482203394,5.16823060112074,2.0973876477219164,0.0,765.0,2.0,2.0,2.0,0.999724268913269,0.058505862951278687,0.003976953215897083,0.007235840428620577,1.0
766.0,0,all_fail,False,False,False,False,False,0.9359263777732849,0.0,0.0,1e-06,49.70205307006836,24.61508274078369,28.3828125,0.0,0.0,0.0,0.0,0.0,0.0,0.0,0.0,0.0,0.0,0.0,0.0,0.0,0.0,0.0,0.0,11623.0,11623.0,11623.0,11623.0,11623.0,0.0,0.0,115.93907924851106,100.25092553207651,11623.0,1.0,481.0,481.0,481.0,0.0,0.0625,512.0,245.4375,112.0,0.0625,512.0,245.4375,112.0,0.6611474752426147,0.001284480094909668,0.000485597993247211,0.00033183416235260665,0.0016689151525497437,0.0005373731255531311,0.005703389644622803,-0.003171086311340332,1.0005398988723755,0.9697530269622803,2.7833170890808105,0.97029048204422,2.7842352390289307,0.0008775866723051377,22.921178639333515,0.4356654516257718,0.010200189892202616,90.01146851666272,2.568242829758674,,100.25092553207651,5.063739544246346,2.0984859112650156,0.0,766.0,2.0,2.0,2.0,0.9997156858444214,0.049858421087265015,0.004252705257385969,0.007566858548671007,1.0
767.0,0,all_fail,False,False,False,False,False,0.7097090482711792,0.0,0.0,1e-06,49.67224884033203,24.61508274078369,28.3828125,0.0,0.0,0.0,0.0,0.0,0.0,0.0,0.0,0.0,0.0,0.0,0.0,0.0,0.0,0.0,0.0,9725.0,9725.0,9725.0,9725.0,9725.0,0.0,0.0,92.34692534890395,105.30940757645294,9725.0,1.0,369.0,369.0,369.0,0.0,0.0625,512.0,238.8125,83.0,0.0625,512.0,238.8125,83.0,0.452353835105896,0.0022110939025878906,0.000435872032539919,-0.0002323335356777534,0.001641770824790001,-0.0003418009728193283,0.003706037998199463,-0.0034151673316955566,0.9996602535247803,0.7208304405212402,2.0797882080078125,0.7204886674880981,2.079164505004883,0.0009894165615036432,25.127375908381214,0.4395386923324786,0.00962207606062293,96.01170334592462,2.41819209093228,,105.30940757645294,4.274513782933354,2.0974672762677073,0.0,767.0,2.0,2.0,2.0,0.9996946454048157,0.07910186052322388,0.0038944731932133436,0.007625514641404152,1.0
768.0,0,all_fail,False,False,False,False,False,0.7676016092300415,0.0,0.0,1e-06,49.67356491088867,24.61508274078369,28.3828125,0.0,0.0,0.0,0.0,0.0,0.0,0.0,0.0,0.0,0.0,0.0,0.0,0.0,0.0,0.0,0.0,15416.0,15416.0,15416.0,15416.0,15416.0,0.0,0.0,182.64775835915705,84.40289735002443,15416.0,1.0,710.0,710.0,710.0,0.0,0.0625,471.0,253.5,162.0,0.0625,471.0,253.5,162.0,0.21644818782806396,0.0009593963623046875,0.00042550338548608124,0.00037157165934331715,0.0014461204409599304,0.00022208690643310547,0.003541231155395508,-0.003441154956817627,1.0002238750457764,0.7525544166564941,2.163649797439575,0.7527765035629272,2.16434907913208,0.0006287305477618027,18.000511062667655,0.37937521438279154,0.00969251012429595,73.01007287018001,2.946608593221754,,84.40289735002443,5.848448304925114,2.0886682770214975,0.0,768.0,2.0,2.0,2.0,0.999678909778595,0.062343984842300415,0.004131846595555544,0.007833686657249928,1.0
769.0,0,all_fail,False,False,False,False,False,0.790008008480072,0.0,0.0,1e-06,49.69508361816406,24.61508274078369,28.3828125,0.0,0.0,0.0,0.0,0.0,0.0,0.0,0.0,0.0,0.0,0.0,0.0,0.0,0.0,0.0,0.0,11552.0,11552.0,11552.0,11552.0,11552.0,0.0,0.0,165.36817300656176,69.85624736594036,11552.0,1.0,472.0,472.0,472.0,0.0,0.0625,502.0,250.0,154.0,0.0625,502.0,250.0,154.0,3.1618237495422363,0.0011740922927856445,0.0005494391079992056,0.0005014603375457227,0.0024428702890872955,0.0009304322302341461,0.0066713690757751465,-0.0038129687309265137,1.0009348392486572,0.785275936126709,2.232090711593628,0.7862063050270081,2.233891010284424,0.0008352204768368949,15.002564458292909,0.4060238188534454,0.00964846694841981,60.010257833171636,2.5596648631617427,,69.85624736594036,4.690387155395001,2.086198152974248,0.0,769.0,2.0,2.0,2.0,0.9996389746665955,0.08208325505256653,0.004538104869425297,0.00828820001333952,1.0
770.0,0,all_fail,False,False,False,False,False,0.6245533227920532,0.0,0.0,1e-06,49.69621658325195,24.61508274078369,28.3828125,0.0,0.0,0.0,0.0,0.0,0.0,0.0,0.0,0.0,0.0,0.0,0.0,0.0,0.0,0.0,0.0,10288.0,10288.0,10288.0,10288.0,10288.0,0.0,0.0,72.69408672265466,141.52457873569801,10288.0,1.0,340.0,340.0,340.0,0.0,0.125,512.0,303.0,159.0,0.125,512.0,303.0,159.0,0.07508063316345215,0.0006198883056640625,0.00041550889727659523,0.000522301415912807,0.001425648108124733,0.0005091074854135513,0.003607034683227539,-0.0023180246353149414,1.000510334968567,0.6645742058753967,1.9667385816574097,0.6650832891464233,1.9677013158798218,0.0009044403214627532,27.231361165837917,0.4304600191558965,0.009304882027208805,132.01763893198222,2.4662229041568935,,141.52457873569801,4.428572677075863,2.1040077740326524,0.0,770.0,2.0,2.0,2.0,0.9996671676635742,0.09516018629074097,0.0038917139172554016,0.007741739507764578,1.0
771.0,13,mixed,True,True,True,True,True,0.8116579055786133,0.21833498775959015,0.11704875528812408,1e-06,49.741825103759766,24.61508274078369,28.3828125,0.0,0.0,0.11704874178394675,0.0,0.4651290774345398,-0.11704874783754349,-2.015559434890747,0.4651290774345398,-0.11704874783754349,-2.015559434890747,1.0,0.8125,0.0,1.0,0.8125,0.0,10749.0,10749.0,10749.0,10749.0,10749.0,0.0,0.0,177.81023721784746,60.45208739489317,10749.0,1.0,479.0,479.0,479.0,0.0,0.0625,407.0,192.8125,93.0,0.0625,407.0,192.8125,93.0,0.3830183744430542,0.0010035037994384766,0.0004788253572769463,0.00045783331734128296,0.0022844597697257996,0.0003444477915763855,0.0073035359382629395,-0.0032405853271484375,1.000348448753357,0.8397271633148193,2.3814640045166016,0.8400716781616211,2.381727457046509,0.0009525322354203635,16.53418980562996,0.4066132997276229,0.010238768998533487,51.00797555036843,2.4543782332912087,,60.45208739489317,4.370686358772218,2.109550042077899,0.0,771.0,2.0,2.0,2.0,0.9996752142906189,0.07423889636993408,0.004306361079216003,0.007826538756489754,1.0
772.0,0,all_fail,False,False,False,False,False,0.8735938668251038,0.0,0.0,1e-06,49.67826843261719,24.61508274078369,28.3828125,0.0,0.0,0.0,0.0,0.0,0.0,0.0,0.0,0.0,0.0,0.0,0.0,0.0,0.0,0.0,0.0,10172.0,10172.0,10172.0,10172.0,10172.0,0.0,0.0,117.61536517745273,86.4852987928316,10172.0,1.0,390.0,390.0,390.0,0.0,0.0625,512.0,245.75,140.0,0.0625,512.0,245.75,140.0,-0.21399927139282227,-0.0003567934036254883,0.0004923678352497518,0.0011628821957856417,0.0018113963305950165,0.0010976232588291168,0.00542140007019043,-0.003153562545776367,1.0011003017425537,0.8572664260864258,2.391364812850952,0.8583641052246094,2.3941562175750732,0.0009350719445282861,19.58601194941216,0.4325081335913172,0.009511551819741726,77.01219898508862,2.4625265169888735,,86.4852987928316,4.399472734890878,2.102012843824923,0.0,772.0,2.0,2.0,2.0,0.9996626377105713,0.05755150318145752,0.0046345386654138565,0.007951212115585804,1.0
773.0,14,mixed,True,True,True,True,True,0.7725587487220764,0.20720632374286652,0.08555524051189423,1e-06,49.682743072509766,24.61508274078369,28.3828125,0.0,0.0,0.08555523678660393,0.0,0.3659614622592926,-0.08555518835783005,-2.561730146408081,0.3659614622592926,-0.08555518835783005,-2.561730146408081,1.0,0.875,0.0,1.0,0.875,0.0,7155.0,7155.0,7155.0,7155.0,7155.0,0.0,0.0,142.84842578938503,50.08805634686723,7155.0,1.0,294.0,294.0,294.0,0.0,0.0625,256.0,153.1875,61.0,0.0625,256.0,153.1875,61.0,0.3958476781845093,0.0017766952514648438,0.0004683395382016897,5.0335405830992386e-05,0.0017370209097862244,-0.000378437340259552,0.003262042999267578,-0.006249904632568359,0.9996243119239807,0.787115752696991,2.264596700668335,0.7867372632026672,2.2635083198547363,0.001325214100750404,17.138760044839444,0.46738735474984516,0.00948190689086914,42.00710086990148,2.101287516299635,,50.08805634686723,3.3441565232351422,2.1260061166249216,0.0,773.0,2.0,2.0,2.0,0.9996393918991089,0.06008937954902649,0.004429354332387447,0.008138136938214302,1.0
774.0,0,all_fail,False,False,False,False,False,0.8060506582260132,0.0,0.0,1e-06,49.694297790527344,24.61508274078369,28.3828125,0.0,0.0,0.0,0.0,0.0,0.0,0.0,0.0,0.0,0.0,0.0,0.0,0.0,0.0,0.0,0.0,13867.0,13867.0,13867.0,13867.0,13867.0,0.0,0.0,146.04402041086738,94.95082346396521,13867.0,1.0,601.0,601.0,601.0,0.0,0.0625,512.0,265.6875,96.0,0.0625,512.0,265.6875,96.0,1.4539871215820312,0.002561807632446289,0.00045725962263531983,-0.00036247787647880614,0.0023022741079330444,-0.00013988465070724487,0.006564736366271973,-0.0039370059967041016,0.9998643398284912,0.9020373821258545,2.627495288848877,0.9018974304199219,2.6272287368774414,0.0007197674837471421,19.762653994396544,0.3967617979990346,0.00998101569712162,84.0110421301797,2.8304086537100375,,94.95082346396521,5.501895852852613,2.099340574350208,0.0,774.0,2.0,2.0,2.0,0.9996964335441589,0.062336891889572144,0.004136914387345314,0.007690712343901396,1.0
775.0,0,all_fail,False,False,False,False,False,0.8532307744026184,0.0,0.0,1e-06,49.915523529052734,24.61508274078369,28.3828125,0.0,0.0,0.0,0.0,0.0,0.0,0.0,0.0,0.0,0.0,0.0,0.0,0.0,0.0,0.0,0.0,14373.0,14373.0,14373.0,14373.0,14373.0,0.0,0.0,168.68706818256246,85.20510881394148,14373.0,1.0,616.0,616.0,616.0,0.0,0.0625,506.0,282.3125,140.0,0.0625,506.0,282.3125,140.0,1.1853749752044678,0.003068089485168457,0.0004799873859155923,-0.0005706106894649565,0.0017660073935985565,-0.0005924664437770844,0.0034111738204956055,-0.003152012825012207,0.9994096159934998,0.9164244532585144,2.6760663986206055,0.9158319234848022,2.6733627319335938,0.0007239723800866396,16.38469011020777,0.3945343289051301,0.010405655018985271,74.0096452278085,2.9184410572052,,85.20510881394148,5.670641909353435,2.0972294309176505,0.0,775.0,2.0,2.0,2.0,0.9997183084487915,0.06140577793121338,0.004221389070153236,0.007456524297595024,1.0
776.0,1,mixed,True,True,True,True,True,0.8262789845466614,0.16555416584014893,0.0516711100935936,1e-06,49.686065673828125,24.61508274078369,28.3828125,0.0,0.0,0.0516711100935936,0.0,3.7499847412109375,-0.05167108029127121,-0.24999898672103882,3.7499847412109375,-0.05167108029127121,-0.24999898672103882,1.0,0.0625,0.0,1.0,0.0625,0.0,6038.0,6038.0,6038.0,6038.0,6038.0,0.0,0.0,100.7120200211293,59.95312176970765,6038.0,1.0,153.0,153.0,153.0,0.0,0.0625,397.0,224.375,60.0,0.0625,397.0,224.375,60.0,-0.09601551294326782,1.2159347534179688e-05,0.0004435840528458357,0.0008828504360280931,0.0018839184194803238,0.0009982530027627945,0.005038917064666748,-0.00305783748626709,1.001001000404358,0.8681213855743408,2.437685012817383,0.8691196441650391,2.4399213790893555,0.0017377058659199256,14.486820299131667,0.5402344884551412,0.010492268018424511,52.00768487388268,2.0702969753183424,,59.95312176970765,3.261935841292143,2.10445564519614,0.0,776.0,2.0,2.0,2.0,0.9997108578681946,0.0573384165763855,0.004107583314180374,0.007419988978654146,1.0
777.0,0,all_fail,False,False,False,False,False,0.742751955986023,0.0,0.0,1e-06,49.64348220825195,24.61508274078369,28.3828125,0.0,0.0,0.0,0.0,0.0,0.0,0.0,0.0,0.0,0.0,0.0,0.0,0.0,0.0,0.0,0.0,18166.0,18166.0,18166.0,18166.0,18166.0,0.0,0.0,209.86479672204118,86.5604917248711,18166.0,1.0,879.0,879.0,879.0,0.0,0.0625,488.0,256.375,70.0,0.0625,488.0,256.375,70.0,0.44468486309051514,0.0016704797744750977,0.00042894642683677375,2.512688843125943e-05,0.0020741280168294907,-0.0007192213088274002,0.004983842372894287,-0.013359308242797852,0.9992877840995789,0.8490094542503357,2.858299493789673,0.8482902646064758,2.8465774059295654,0.0005353454251892699,18.042561951284544,0.36937901128846734,0.009725084993988276,74.0105891241692,3.2322234897874296,,86.5604917248711,6.710139119066298,2.097333732061088,0.0,777.0,2.0,2.0,2.0,0.9996907711029053,0.058852434158325195,0.00415619695559144,0.007501655723899603,1.0
778.0,2,mixed,True,True,True,True,True,0.8075290322303772,0.1620326042175293,-0.002732396125793457,1e-06,49.65079116821289,24.61508274078369,28.3828125,0.0,0.0,-0.002732396125793457,0.0,2.561730146408081,0.00273239822126925,-0.3659614622592926,2.561730146408081,0.00273239822126925,-0.3659614622592926,1.0,0.125,0.0,1.0,0.125,0.0,10994.0,10994.0,10994.0,10994.0,10994.0,0.0,0.0,128.10026902304443,85.82339509390295,10994.0,1.0,436.0,436.0,436.0,0.0,0.0625,512.0,251.125,119.0,0.0625,512.0,251.125,119.0,0.07351446151733398,0.0009897947311401367,0.0004590534954331815,0.000421269447542727,0.0014501512050628662,0.00033702701330184937,0.0025745630264282227,-0.004664182662963867,1.0003387928009033,0.91362065076828,2.8851191997528076,0.9139576554298401,2.883096218109131,0.0008767313068593353,18.91768960821808,0.4228508788282457,0.009638783987611532,76.01127684582025,2.547957399394363,,85.82339509390295,4.648822561837733,2.104491018690169,0.0,778.0,2.0,2.0,2.0,0.9996542930603027,0.07818788290023804,0.0043957713060081005,0.008196860551834106,1.0
779.0,4,mixed,True,True,True,True,True,0.8199760317802429,0.1962134689092636,-0.059314437210559845,1e-06,49.67302322387695,24.61508274078369,28.3828125,0.0,0.0,-0.059314437210559845,0.0,1.6770472526550293,0.059314530342817307,-0.5590157508850098,1.6770472526550293,0.059314530342817307,-0.5590157508850098,1.0,0.25,0.0,1.0,0.25,0.0,10855.0,10855.0,10855.0,10855.0,10855.0,0.0,0.0,185.21633296314542,58.60714239580557,10855.0,1.0,487.0,487.0,487.0,0.0,0.0625,386.0,191.4375,62.0,0.0625,386.0,191.4375,62.0,0.06198859214782715,-0.0002944469451904297,0.0005158170824870467,0.0011785700917243958,0.003057435154914856,0.0014284178614616394,0.008094429969787598,-0.0032970309257507324,1.0014350414276123,0.8625189065933228,2.485779047012329,0.8639474511146545,2.4904823303222656,0.0009425441751223124,15.99997727196132,0.4134385131011219,0.010231317020952702,49.00793038401753,2.493472969159484,,58.60714239580557,4.487875059712678,2.1082354690879583,0.0,779.0,2.0,2.0,2.0,0.9996193647384644,0.05849480628967285,0.0048186155036091805,0.00832563266158104,1.0
780.0,7,mixed,True,True,True,True,True,0.711047351360321,0.1454530656337738,0.11140427738428116,1e-06,49.51454544067383,24.61508274078369,28.3828125,0.0,0.0,0.11140427738428116,0.0,1.0978854894638062,-0.11140426248311996,-0.8539109230041504,1.0978854894638062,-0.11140426248311996,-0.8539109230041504,1.0,0.4375,0.0,1.0,0.4375,0.0,15063.0,15063.0,15063.0,15063.0,15063.0,0.0,0.0,230.90804323678773,65.23376054316759,15063.0,1.0,672.0,672.0,672.0,0.0,0.0625,406.0,269.4375,101.0,0.0625,406.0,269.4375,101.0,-0.2315039038658142,-0.0002943873405456543,0.0003708422009367496,0.0008878874941729009,0.0013503152877092361,0.0007878635078668594,0.0035440921783447266,-0.0023144781589508057,1.0007891654968262,0.7098350524902344,2.173400640487671,0.7106229662895203,2.176076650619507,0.000701570742547983,12.528040039981084,0.37923717381873984,0.010567760095000267,54.00838061235845,2.909121752716601,,65.23376054316759,5.712449549231678,2.090536728966981,0.0,780.0,2.0,2.0,2.0,0.9997040629386902,0.06193059682846069,0.003820164129137993,0.007473430130630732,1.0
781.0,8,mixed,True,True,True,True,True,0.6374982595443726,0.1537550389766693,-0.07991553843021393,1e-06,49.5474967956543,24.61508274078369,28.3828125,0.0,0.0,-0.07991554588079453,0.0,0.9682439565658569,0.07991552352905273,-0.9682439565658569,0.9682439565658569,0.07991552352905273,-0.9682439565658569,1.0,0.5,0.0,1.0,0.5,0.0,16597.0,16597.0,16597.0,16597.0,16597.0,0.0,0.0,175.18367627990264,94.74056231975555,16597.0,1.0,717.0,717.0,717.0,0.0,0.0625,446.0,320.3125,156.0,0.0625,446.0,320.3125,156.0,0.26427483558654785,0.0012427568435668945,0.0004257166001480073,0.00023214484099298716,0.0013376343995332718,1.1349096894264221e-05,0.0030889511108398438,-0.004817843437194824,1.0000128746032715,0.6530922651290894,1.938228964805603,0.6531036496162415,1.9381251335144043,0.0006129298608974785,16.19754057613815,0.3673098592511062,0.01017279690131545,83.012395452708,3.0305712460540235,,94.74056231975555,6.09624173399061,2.091425344813615,0.0,781.0,2.0,2.0,2.0,0.9996480941772461,0.07248961925506592,0.004011178854852915,0.007883976213634014,1.0
782.0,0,all_fail,False,False,False,False,False,0.7783821225166321,0.0,0.0,1e-06,49.524925231933594,24.61508274078369,28.3828125,0.0,0.0,0.0,0.0,0.0,0.0,0.0,0.0,0.0,0.0,0.0,0.0,0.0,0.0,0.0,0.0,12953.0,12953.0,12953.0,12953.0,12953.0,0.0,0.0,83.21917116326257,155.6492310478352,12953.0,1.0,526.0,526.0,526.0,0.0,0.0625,512.0,283.5625,154.0,0.0625,512.0,283.5625,154.0,0.09911882877349854,0.0007359981536865234,0.000452767446404323,0.0005373429739847779,0.0014566630125045776,0.0004716813564300537,0.0029950737953186035,-0.001458287239074707,1.0004732608795166,0.8307586312294006,2.3355371952056885,0.8312303423881531,2.3362135887145996,0.0007359078315743182,31.964363268658055,0.40488914433959633,0.009532214142382145,145.0223161499016,2.7441221750341356,,155.6492310478352,5.244529086630791,2.130341636016965,0.0,782.0,2.0,2.0,2.0,0.9996760487556458,0.06079789996147156,0.004327964037656784,0.0077850185334682465,1.0
783.0,6,mixed,True,True,True,True,True,0.7774543762207031,0.16070811450481415,0.07822147011756897,1e-06,49.546634674072266,24.61508274078369,28.3828125,0.0,0.0,0.07822146639227867,0.0,1.2499974966049194,-0.0782214030623436,-0.7499985098838806,1.2499974966049194,-0.0782214030623436,-0.7499985098838806,1.0,0.375,0.0,1.0,0.375,0.0,11259.0,11259.0,11259.0,11259.0,11259.0,0.0,0.0,117.61811516112112,95.72505038511008,11259.0,1.0,451.0,451.0,451.0,0.0,0.0625,441.0,252.6875,166.0,0.0625,441.0,252.6875,166.0,0.22574973106384277,0.0014547109603881836,0.0004354960401542485,0.0001443812216166407,0.0013491082936525345,0.0001359935849905014,0.00393068790435791,-0.003909170627593994,1.0001375675201416,0.8012517690658569,2.2603704929351807,0.8013877868652344,2.2608094215393066,0.000934264814451857,21.274477663013883,0.40734462136934935,0.010518887545913458,86.01271319156513,2.5266422159038484,,95.72505038511008,4.586293091997504,2.0893492698669434,0.0,783.0,2.0,2.0,2.0,0.9996616244316101,0.062249451875686646,0.004410067573189735,0.007811455521732569,1.0
784.0,0,all_fail,False,False,False,False,False,0.8317309617996216,0.0,0.0,1e-06,49.54290771484375,24.61508274078369,28.3828125,0.0,0.0,0.0,0.0,0.0,0.0,0.0,0.0,0.0,0.0,0.0,0.0,0.0,0.0,0.0,0.0,15771.0,15771.0,15771.0,15771.0,15771.0,0.0,0.0,198.14203944602508,79.59441643022001,15771.0,1.0,738.0,738.0,738.0,0.0,0.0625,450.0,247.6875,119.0,0.0625,450.0,247.6875,119.0,0.4089820384979248,0.001461625099182129,0.0005190563388168812,0.00031201689853332937,0.0015870966017246246,0.00011646375060081482,0.003979980945587158,-0.002642691135406494,1.000118374824524,0.8424180746078491,2.351344585418701,0.8425346612930298,2.3515167236328125,0.0006441815517864973,17.161426038643214,0.37858215377450927,0.01015938725322485,68.01073139114305,2.986604501027614,,79.59441643022001,5.970619147177786,2.1190579500980675,0.0,784.0,2.0,2.0,2.0,0.9996567368507385,0.057148873805999756,0.004543510731309652,0.008063084445893764,1.0
785.0,2,mixed,True,True,True,True,True,0.7604492902755737,0.17556226253509521,-0.15400105714797974,1e-06,49.54057312011719,24.61508274078369,28.3828125,0.0,0.0,-0.15400107949972153,0.0,2.561730146408081,0.15400104224681854,-0.3659614622592926,2.561730146408081,0.15400104224681854,-0.3659614622592926,1.0,0.125,0.0,1.0,0.125,0.0,11137.0,11137.0,11137.0,11137.0,11137.0,0.0,0.0,132.83156986793702,83.84302023286,11137.0,1.0,436.0,436.0,436.0,0.0,0.0625,483.0,260.0625,155.0,0.0625,483.0,260.0625,155.0,2.6562414169311523,0.0021944046020507812,0.00041192679782398045,-0.0002714417059905827,0.0019590947777032852,-0.0003815125674009323,0.002844005823135376,-0.009002447128295898,0.9996225833892822,0.772811770439148,2.2004199028015137,0.7724302411079407,2.199136972427368,0.0010166016010179698,17.78663973326463,0.4206056031927398,0.011321892030537128,74.01020793011412,2.557290214113891,,83.84302023286,4.684284602757543,2.084172897040844,0.0,785.0,2.0,2.0,2.0,0.9996461272239685,0.06193143129348755,0.004349171184003353,0.008049248717725277,1.0
786.0,0,all_fail,False,False,False,False,False,0.7977581024169922,0.0,0.0,1e-06,49.527137756347656,24.61508274078369,28.3828125,0.0,0.0,0.0,0.0,0.0,0.0,0.0,0.0,0.0,0.0,0.0,0.0,0.0,0.0,0.0,0.0,11326.0,11326.0,11326.0,11326.0,11326.0,0.0,0.0,133.50692365926034,84.83455156907439,11326.0,1.0,511.0,511.0,511.0,0.0,0.0625,400.0,196.875,86.0,0.0625,400.0,196.875,86.0,0.32118916511535645,0.0007349252700805664,0.0004473513981793076,0.0005215660785324872,0.002345981076359749,0.0012320782989263535,0.009031414985656738,-0.003416895866394043,1.001236915588379,0.7698779106140137,2.2043302059173584,0.771109938621521,2.207364082336426,0.0008417340464207175,23.813376820956666,0.4112860839550816,0.009533479809761047,75.0121369860135,2.549571420997381,,84.83455156907439,4.658226186875254,2.106097887735814,0.0,786.0,2.0,2.0,2.0,0.9996927976608276,0.0609612762928009,0.004206052049994469,0.007571424823254347,1.0
787.0,0,all_fail,False,False,False,False,False,0.8272663950920105,0.0,0.0,1e-06,49.545753479003906,24.61508274078369,28.3828125,0.0,0.0,0.0,0.0,0.0,0.0,0.0,0.0,0.0,0.0,0.0,0.0,0.0,0.0,0.0,0.0,19274.0,19274.0,19274.0,19274.0,19274.0,0.0,0.0,162.3695294359263,118.70453814184293,19274.0,1.0,977.0,977.0,977.0,0.0,0.0625,512.0,227.625,109.0,0.0625,512.0,227.625,109.0,0.3422508239746094,0.001031637191772461,0.0004668688343372196,0.0004166239232290536,0.0020604021847248077,0.00043396279215812683,0.0043672919273376465,-0.0036673545837402344,1.0004366636276245,0.8352744579315186,2.3644111156463623,0.8357083797454834,2.3650691509246826,0.0005179294836809369,29.109282677743597,0.35311060287796686,0.009982572868466377,106.01600751234218,3.2718685045838356,,118.70453814184293,6.805853759869933,2.103438110090792,0.0,787.0,2.0,2.0,2.0,0.9996427893638611,0.060810744762420654,0.004556167870759964,0.008089469745755196,1.0
788.0,12,mixed,True,True,True,True,True,0.6108739376068115,0.20206087827682495,-0.05879812687635422,1e-06,49.61738586425781,24.61508274078369,28.3828125,0.0,0.0,-0.05879812687635422,0.0,0.5590157508850098,0.05879807472229004,-1.6770472526550293,0.5590157508850098,0.05879807472229004,-1.6770472526550293,1.0,0.75,0.0,1.0,0.75,0.0,9223.0,9223.0,9223.0,9223.0,9223.0,0.0,0.0,151.26160178424905,60.97383533697575,9223.0,1.0,375.0,375.0,375.0,0.0,0.0625,396.0,201.4375,128.0,0.0625,396.0,201.4375,128.0,0.5014828443527222,0.0021224021911621094,0.00043385836761444807,-0.0001914833701448515,0.0016910023987293243,-0.00018026307225227356,0.00241696834564209,-0.0036922097206115723,0.9998217225074768,0.5832553505897522,1.7990339994430542,0.5830751061439514,1.7986170053482056,0.0010494447321226395,16.136402508265302,0.436504670511396,0.009679028764367104,52.00762528413907,2.3246289151720703,,60.97383533697575,4.025882576126605,2.101916541811079,0.0,788.0,2.0,2.0,2.0,0.9995673894882202,0.05974966287612915,0.004553931765258312,0.00831593107432127,1.0
789.0,0,all_fail,False,False,False,False,False,0.7526722550392151,0.0,0.0,1e-06,49.568111419677734,24.61508274078369,28.3828125,0.0,0.0,0.0,0.0,0.0,0.0,0.0,0.0,0.0,0.0,0.0,0.0,0.0,0.0,0.0,0.0,26461.0,26461.0,26461.0,26461.0,26461.0,0.0,0.0,240.2261114855448,110.15039054816589,26461.0,1.0,1386.0,1386.0,1386.0,0.0,0.125,512.0,267.8125,133.0,0.125,512.0,267.8125,133.0,0.15107500553131104,0.0016525983810424805,0.0005498521495610476,0.0002826627460308373,0.001382565125823021,0.0005190204828977585,0.00430026650428772,-0.0031609535217285156,1.0005207061767578,0.7915248274803162,2.270678997039795,0.7920438051223755,2.2714803218841553,0.00034998978112007117,21.939887849955255,0.35951207965085313,0.009261079598218203,94.01241943705827,4.032675066031516,,110.15039054816589,9.513049139641225,2.0831222939305007,0.0,789.0,2.0,2.0,2.0,0.9996501207351685,0.10210555791854858,0.004372105002403259,0.00807325541973114,1.0
790.0,0,all_fail,False,False,False,False,False,0.8985745906829834,0.0,0.0,1e-06,49.55315399169922,24.61508274078369,28.3828125,0.0,0.0,0.0,0.0,0.0,0.0,0.0,0.0,0.0,0.0,0.0,0.0,0.0,0.0,0.0,0.0,17748.0,17748.0,17748.0,17748.0,17748.0,0.0,0.0,131.22397821821647,135.2496719043702,17748.0,1.0,845.0,845.0,845.0,0.0,0.0625,428.0,264.25,116.0,0.0625,428.0,264.25,116.0,0.5031634569168091,0.0018500089645385742,0.00046944929636083543,1.4812748304393608e-05,0.0015316493809223175,0.00017437711358070374,0.005296826362609863,-0.0056632161140441895,1.000177025794983,0.9313733577728271,2.5935094356536865,0.9315476417541504,2.594106674194336,0.0005396407448949244,29.096057985789454,0.364385313682505,0.009577543940395117,123.01813316391781,3.156764280050993,,135.2496719043702,6.467110547237098,2.102225767914206,0.0,790.0,2.0,2.0,2.0,0.999702513217926,0.05557885766029358,0.004291354212909937,0.007600041106343269,1.0
791.0,0,all_fail,False,False,False,False,False,0.7642933130264282,0.0,0.0,1e-06,49.56165313720703,24.61508274078369,28.3828125,0.0,0.0,0.0,0.0,0.0,0.0,0.0,0.0,0.0,0.0,0.0,0.0,0.0,0.0,0.0,0.0,21182.0,21182.0,21182.0,21182.0,21182.0,0.0,0.0,189.48502414623974,111.78719846298918,21182.0,1.0,1050.0,1050.0,1050.0,0.0,0.125,512.0,273.875,136.0,0.125,512.0,273.875,136.0,0.2346895933151245,0.0012297630310058594,0.000429468258516863,0.00024255330208688974,0.0011662207543849945,0.00011424347758293152,0.0024700164794921875,-0.0027998685836791992,1.0001152753829956,0.8072056770324707,2.281707525253296,0.8073198795318604,2.2817459106445312,0.0004824052422608434,22.36754094724025,0.35982411462940594,0.010218307841569185,98.01456443080679,3.515219898894429,,111.78719846298918,7.621794396080077,2.1190428328700364,0.0,791.0,2.0,2.0,2.0,0.9996980428695679,0.07164329290390015,0.0040339077822864056,0.007589729968458414,1.0
792.0,0,all_fail,False,False,False,False,False,0.7448792457580566,0.0,0.0,1e-06,49.59557342529297,24.61508274078369,28.3828125,0.0,0.0,0.0,0.0,0.0,0.0,0.0,0.0,0.0,0.0,0.0,0.0,0.0,0.0,0.0,0.0,17065.0,17065.0,17065.0,17065.0,17065.0,0.0,0.0,179.70632446139737,94.9604865112342,17065.0,1.0,764.0,764.0,764.0,0.0,0.0625,512.0,302.5625,192.0,0.0625,512.0,302.5625,192.0,0.6285392045974731,0.0013458728790283203,0.00045483754365704954,0.00023463791876565665,0.001569855958223343,0.0001412816345691681,0.004038572311401367,-0.0034366846084594727,1.0001434087753296,0.7492496967315674,2.139615774154663,0.7493909597396851,2.1399970054626465,0.0006314330490635107,17.147826202647778,0.36640573459970194,0.01077540498226881,83.0126266470179,3.0855658696964383,,94.9604865112342,6.2527138609439135,2.0998576441779733,0.0,792.0,2.0,2.0,2.0,0.999681830406189,0.05884432792663574,0.00419056648388505,0.007738451473414898,1.0
793.0,0,all_fail,False,False,False,False,False,0.8569940328598022,0.0,0.0,1e-06,49.59087371826172,24.61508274078369,28.3828125,0.0,0.0,0.0,0.0,0.0,0.0,0.0,0.0,0.0,0.0,0.0,0.0,0.0,0.0,0.0,0.0,15375.0,15375.0,15375.0,15375.0,15375.0,0.0,0.0,193.87379517333747,79.30416788021103,15375.0,1.0,721.0,721.0,721.0,0.0,0.0625,438.0,239.9375,125.0,0.0625,438.0,239.9375,125.0,0.047760963439941406,-0.0006906390190124512,0.00044583974522538483,0.0012353024212643504,0.002409767359495163,0.0013847686350345612,0.005035877227783203,-0.0026484131813049316,1.0013885498046875,0.8591943383216858,2.393960475921631,0.8605791330337524,2.397739887237549,0.0006540904684764583,17.7154701106555,0.3753475994174558,0.010056640952825546,68.00968975480646,2.922304662875831,,79.30416788021103,5.770969341043383,2.0910797882825136,0.0,793.0,2.0,2.0,2.0,0.9996878504753113,0.04899334907531738,0.004393826704472303,0.007708288729190826,1.0
794.0,0,all_fail,False,False,False,False,False,0.7602407336235046,0.0,0.0,1e-06,49.600528717041016,24.61508274078369,28.3828125,0.0,0.0,0.0,0.0,0.0,0.0,0.0,0.0,0.0,0.0,0.0,0.0,0.0,0.0,0.0,0.0,16465.0,16465.0,16465.0,16465.0,16465.0,0.0,0.0,243.00382193159936,67.75613596988842,16465.0,1.0,693.0,693.0,693.0,0.0,0.125,512.0,336.0625,191.0,0.125,512.0,336.0625,191.0,1.0468707084655762,0.001897573471069336,0.0004823860072065145,1.6971804143395275e-05,0.001619543880224228,0.000279497355222702,0.005286216735839844,-0.002504110336303711,1.0002813339233398,0.7893833518028259,2.2289156913757324,0.7896628379821777,2.2296507358551025,0.0006000917193341537,10.416269827958336,0.37104213339350994,0.009880510158836842,56.00828286493197,3.0331638092175126,,67.75613596988842,6.109208726324141,2.0977065870538354,0.0,794.0,2.0,2.0,2.0,0.9996370077133179,0.061289966106414795,0.004505007062107325,0.00816788524389267,1.0
795.0,0,all_fail,False,False,False,False,False,0.6902180910110474,0.0,0.0,1e-06,49.574424743652344,24.61508274078369,28.3828125,0.0,0.0,0.0,0.0,0.0,0.0,0.0,0.0,0.0,0.0,0.0,0.0,0.0,0.0,0.0,0.0,14867.0,14867.0,14867.0,14867.0,14867.0,0.0,0.0,144.10015346046302,103.17129887081683,14867.0,1.0,663.0,663.0,663.0,0.0,0.0625,512.0,266.1875,122.0,0.0625,512.0,266.1875,122.0,-0.03286254405975342,0.0004011392593383789,0.00039991154335439205,0.0005970952333882451,0.0012299343943595886,0.0005594566464424133,0.0026078224182128906,-0.002324402332305908,1.0005605220794678,0.6964218616485596,2.03584361076355,0.6969813704490662,2.036936044692993,0.0006620587196356192,21.60434206741258,0.3811253838064696,0.00984282698482275,92.01289286511019,2.8875144752673805,,103.17129887081683,5.666191081050783,2.0940061211586,0.0,795.0,2.0,2.0,2.0,0.9996654987335205,0.056543588638305664,0.004060637205839157,0.007701316382735968,1.0
796.0,0,all_fail,False,False,False,False,False,0.7593837380409241,0.0,0.0,1e-06,49.57418441772461,24.61508274078369,28.3828125,0.0,0.0,0.0,0.0,0.0,0.0,0.0,0.0,0.0,0.0,0.0,0.0,0.0,0.0,0.0,0.0,9331.0,9331.0,9331.0,9331.0,9331.0,0.0,0.0,154.81309022412321,60.272680989000946,9331.0,1.0,357.0,357.0,357.0,0.0,0.0625,485.0,226.1875,90.0,0.0625,485.0,226.1875,90.0,0.11411774158477783,0.0011320114135742188,0.0004377890145406127,0.00031023487099446356,0.001618552953004837,0.0005879141390323639,0.003312528133392334,-0.002492249011993408,1.0005896091461182,0.7342730164527893,2.0994985103607178,0.734860897064209,2.1007800102233887,0.0010552055444662217,14.094515416681618,0.4541136211321491,0.009846122935414314,51.00805129297078,2.4076592647470534,,60.272680989000946,4.237334198784083,2.1092171920463443,0.0,796.0,2.0,2.0,2.0,0.9996678829193115,0.0577545166015625,0.004298868589103222,0.007798722479492426,1.0
797.0,5,mixed,True,True,True,True,True,0.5248322486877441,0.15164338052272797,-0.007886946201324463,1e-06,49.599708557128906,24.61508274078369,28.3828125,0.0,0.0,-0.007886938750743866,0.0,1.4361376762390137,0.007886902429163456,-0.652789831161499,1.4361376762390137,0.007886902429163456,-0.652789831161499,1.0,0.3125,0.0,1.0,0.3125,0.0,10550.0,10550.0,10550.0,10550.0,10550.0,0.0,0.0,180.14612795432237,58.563567920122296,10550.0,1.0,409.0,409.0,409.0,0.0,0.0625,471.0,250.375,132.0,0.0625,471.0,250.375,132.0,0.30860471725463867,0.0015938282012939453,0.000336628349032253,-0.00012386917660478503,0.0010129734873771667,-0.00011165067553520203,0.0029047727584838867,-0.0029150843620300293,0.9998892545700073,0.5144296884536743,1.6805468797683716,0.51431804895401,1.6803104877471924,0.0009201975512843561,12.233566065842897,0.42384367136028706,0.009708084166049957,49.007665659766644,2.48351834109053,,58.563567920122296,4.471550732851028,2.0928179938346148,0.0,797.0,2.0,2.0,2.0,0.9996088147163391,0.15173187851905823,0.0037014842964708805,0.007892198860645294,1.0
798.0,2,mixed,True,True,True,True,True,0.8810536861419678,0.20004606246948242,-0.10654572397470474,1e-06,49.6324348449707,24.61508274078369,28.3828125,0.0,0.0,-0.10654572956264019,0.0,2.561730146408081,0.10654573887586594,-0.3659614622592926,2.561730146408081,0.10654573887586594,-0.3659614622592926,1.0,0.125,0.0,1.0,0.125,0.0,9880.0,9880.0,9880.0,9880.0,9880.0,0.0,0.0,153.7575600959332,64.25700299767777,9880.0,1.0,420.0,420.0,420.0,0.0,0.0625,351.0,197.5,67.0,0.0625,351.0,197.5,67.0,0.271781325340271,0.0010809898376464844,0.00047944116522558033,0.0004203961289022118,0.0023772455751895905,0.0005858950316905975,0.008259475231170654,-0.00517582893371582,1.0005910396575928,1.0082392692565918,3.644908905029297,1.0088251829147339,3.650571823120117,0.0009756815725341741,17.407909204705938,0.4278744001088566,0.00963973393663764,55.00899308687076,2.4042197628878057,,64.25700299767777,4.227399073075503,2.1080970633774996,0.0,798.0,2.0,2.0,2.0,0.9997092485427856,0.06028258800506592,0.004158530849963427,0.0076439050026237965,1.0
799.0,5,mixed,True,True,True,True,True,0.7537802457809448,0.17486466467380524,-0.2050824761390686,1e-06,49.57160186767578,24.61508274078369,28.3828125,0.0,0.0,-0.20508246775716543,0.0,1.4361376762390137,0.2050824761390686,-0.652789831161499,1.4361376762390137,0.2050824761390686,-0.652789831161499,1.0,0.3125,0.0,1.0,0.3125,0.0,15568.0,15568.0,15568.0,15568.0,15568.0,0.0,0.0,170.31221478744908,91.408593443688,15568.0,1.0,740.0,740.0,740.0,0.0,0.0625,466.0,233.0,111.0,0.0625,466.0,233.0,111.0,0.3990612030029297,0.001850724220275879,0.0004693375376518816,1.4305400327430107e-05,0.0013745315372943878,9.97595489025116e-05,0.0038277506828308105,-0.003247380256652832,1.0001013278961182,0.7966822981834412,2.248817205429077,0.7967820167541504,2.2492265701293945,0.0006131048518628311,21.462773035586185,0.3746183213592629,0.009544816333800554,80.0132178766653,2.9395448169671,,91.408593443688,5.832058026921004,2.119688351172954,0.0,799.0,2.0,2.0,2.0,0.9996464252471924,0.1022079586982727,0.004467867314815521,0.008074436336755753,1.0
800.0,1,mixed,True,True,True,True,True,0.7183167338371277,0.16656546294689178,-0.13048124313354492,1e-06,49.64668655395508,24.61508274078369,28.3828125,0.0,0.0,-0.13048125058412552,0.0,3.7499847412109375,0.13048125803470612,-0.24999898672103882,3.7499847412109375,0.13048125803470612,-0.24999898672103882,1.0,0.0625,0.0,1.0,0.0625,0.0,17721.0,17721.0,17721.0,17721.0,17721.0,0.0,0.0,116.88632933872566,151.60883313091472,17721.0,1.0,804.0,804.0,804.0,0.0,0.0625,512.0,303.5625,167.0,0.0625,512.0,303.5625,167.0,1.0055687427520752,0.0015774965286254883,0.0004200275579933077,5.4487798479385674e-05,0.0016721934080123901,6.29723072052002e-05,0.002682209014892578,-0.004872441291809082,1.0000650882720947,0.7485896348953247,2.15193510055542,0.7486525774002075,2.151951789855957,0.0005398813794246613,18.944244561051548,0.367535229850741,0.009567237924784422,92.01219583302736,3.175452978350222,47.163548348937184,151.60883313091472,6.513091808184981,2.23476626817137,0.0,800.0,2.0,2.0,2.0,0.9997056722640991,0.1074417233467102,0.003819660283625126,0.007517391350120306,1.0
801.0,0,all_fail,False,False,False,False,False,0.7205061316490173,0.0,0.0,1e-06,49.61212158203125,24.61508274078369,28.3828125,0.0,0.0,0.0,0.0,0.0,0.0,0.0,0.0,0.0,0.0,0.0,0.0,0.0,0.0,0.0,0.0,11468.0,11468.0,11468.0,11468.0,11468.0,0.0,0.0,158.89061773325096,72.17543844692409,11468.0,1.0,447.0,447.0,447.0,0.0,0.125,500.0,269.75,135.0,0.125,500.0,269.75,135.0,-0.12879252433776855,-0.00021475553512573242,0.0004133664187975228,0.0009298747754655778,0.0017907246947288513,0.0012200847268104553,0.006860315799713135,-0.0026067495346069336,1.0012232065200806,0.7367536425590515,2.134765625,0.737973690032959,2.137237787246704,0.0008275875491020278,14.367406386182928,0.4290046890204195,0.009490774013102055,62.009725962765515,2.6378948143683374,,72.17543844692409,4.919825773686171,2.100775957107544,0.0,801.0,2.0,2.0,2.0,0.9996908903121948,0.062144458293914795,0.0040260301902890205,0.007565509062260389,1.0
802.0,0,all_fail,False,False,False,False,False,0.7128294706344604,0.0,0.0,1e-06,49.60053253173828,24.61508274078369,28.3828125,0.0,0.0,0.0,0.0,0.0,0.0,0.0,0.0,0.0,0.0,0.0,0.0,0.0,0.0,0.0,0.0,11561.0,11561.0,11561.0,11561.0,11561.0,0.0,0.0,186.63286788458987,61.9451446630992,11561.0,1.0,490.0,490.0,490.0,0.0,0.0625,512.0,232.5625,113.0,0.0625,512.0,232.5625,113.0,0.02875649929046631,0.0008188486099243164,0.00040495366556569934,0.0003989434917457402,0.0011224094778299332,0.00029289163649082184,0.00426936149597168,-0.0018922090530395508,1.0002942085266113,0.7879949808120728,2.2956974506378174,0.7882877588272095,2.296110153198242,0.0008320998251902151,13.976931898962047,0.4100683662402708,0.009619906079024076,52.008163596037775,2.587135100737214,,61.9451446630992,4.740800382103771,2.1004606978967786,0.0,802.0,2.0,2.0,2.0,0.9997081160545349,0.061930954456329346,0.0037491912953555584,0.007449445780366659,1.0
803.0,0,all_fail,False,False,False,False,False,0.5999132394790649,0.0,0.0,1e-06,49.57481002807617,24.61508274078369,28.3828125,0.0,0.0,0.0,0.0,0.0,0.0,0.0,0.0,0.0,0.0,0.0,0.0,0.0,0.0,0.0,0.0,12654.0,12654.0,12654.0,12654.0,12654.0,0.0,0.0,78.82467142489351,160.53349504992366,12654.0,1.0,498.0,498.0,498.0,0.0,0.125,512.0,292.875,120.0,0.125,512.0,292.875,120.0,0.17145121097564697,0.000775456428527832,0.00041132414480671287,0.0004317066923249513,0.0011164657771587372,0.00034682080149650574,0.002945244312286377,-0.0024446845054626465,1.0003478527069092,0.6005468368530273,1.843425989151001,0.6008936762809753,1.8440200090408325,0.0007692334391276796,32.01449916086299,0.4097270639915027,0.009733879938721657,150.01994306780398,2.7193307681009173,,160.53349504992366,5.184686267748475,2.1036482020281255,0.0,803.0,2.0,2.0,2.0,0.9996407628059387,0.055837005376815796,0.004011283628642559,0.007835663855075836,1.0
804.0,0,all_fail,False,False,False,False,False,0.7911548018455505,0.0,0.0,1e-06,49.58641052246094,24.61508274078369,28.3828125,0.0,0.0,0.0,0.0,0.0,0.0,0.0,0.0,0.0,0.0,0.0,0.0,0.0,0.0,0.0,0.0,19320.0,19320.0,19320.0,19320.0,19320.0,0.0,0.0,157.09096616849186,122.98606642521918,19320.0,1.0,922.0,922.0,922.0,0.0,0.0625,512.0,285.5,153.0,0.0625,512.0,285.5,153.0,0.20333099365234375,0.0007399320602416992,0.0004605453577823937,0.0005522679421119392,0.0015381835401058197,0.0005899034440517426,0.004979848861694336,-0.004170477390289307,1.0005923509597778,0.815260648727417,2.330008029937744,0.8158506155014038,2.3311829566955566,0.0005330986104226877,24.083923499121113,0.36312486054703563,0.010299465153366327,110.01536254398525,3.3332641539163888,,122.98606642521918,7.015572305768728,2.1118789482861757,0.0,804.0,2.0,2.0,2.0,0.9996630549430847,0.0698968768119812,0.004454025067389011,0.007923543453216553,1.0
805.0,0,all_fail,False,False,False,False,False,0.9250950813293457,0.0,0.0,1e-06,49.586280822753906,24.61508274078369,28.3828125,0.0,0.0,0.0,0.0,0.0,0.0,0.0,0.0,0.0,0.0,0.0,0.0,0.0,0.0,0.0,0.0,17035.0,17035.0,17035.0,17035.0,17035.0,0.0,0.0,172.01215244136532,99.03370057418942,17035.0,1.0,790.0,790.0,790.0,0.0,0.0625,512.0,274.6875,112.0,0.0625,512.0,274.6875,112.0,-0.26718175411224365,-0.0002143383026123047,0.00046512080007232726,0.0010370240779593587,0.0015317723155021667,0.0010732635855674744,0.003996849060058594,-0.002243220806121826,1.0010753870010376,0.9614095091819763,2.78137469291687,0.9624828696250916,2.784524440765381,0.0005544121463277104,19.798161926233252,0.370096828540312,0.009444410912692547,87.01292166579515,3.099322209134698,,99.03370057418942,6.304599474184215,2.1072554839774966,0.0,805.0,2.0,2.0,2.0,0.9997305870056152,0.05238565802574158,0.004057084675878286,0.00746416999027133,1.0
806.0,0,all_fail,False,False,False,False,False,0.8170070052146912,0.0,0.0,1e-06,49.61177062988281,24.61508274078369,28.3828125,0.0,0.0,0.0,0.0,0.0,0.0,0.0,0.0,0.0,0.0,0.0,0.0,0.0,0.0,0.0,0.0,12007.0,12007.0,12007.0,12007.0,12007.0,0.0,0.0,151.81386977468676,79.0902703278698,12007.0,1.0,507.0,507.0,507.0,0.0,0.0625,469.0,243.4375,90.0,0.0625,469.0,243.4375,90.0,0.23502910137176514,0.0006039142608642578,0.0004689880006480962,0.0006353964563459158,0.0023072436451911926,0.000534355640411377,0.005733609199523926,-0.002988874912261963,1.0005379915237427,0.8468165397644043,2.3661587238311768,0.8473508358001709,2.367452383041382,0.0008215504984127112,17.717639507847778,0.4048248490937159,0.009864356834441423,69.0102058830671,2.6248480468057096,,79.0902703278698,4.860731963068247,2.0843206802383065,0.0,806.0,2.0,2.0,2.0,0.999657154083252,0.05652603507041931,0.004467451479285955,0.007996727712452412,1.0
807.0,0,all_fail,False,False,False,False,False,0.6519225835800171,0.0,0.0,1e-06,49.61798858642578,24.61508274078369,28.3828125,0.0,0.0,0.0,0.0,0.0,0.0,0.0,0.0,0.0,0.0,0.0,0.0,0.0,0.0,0.0,0.0,18211.0,18211.0,18211.0,18211.0,18211.0,0.0,0.0,261.99311727594886,69.5094595970586,18211.0,1.0,835.0,835.0,835.0,0.0,0.0625,512.0,303.1875,171.0,0.0625,512.0,303.1875,171.0,-0.15160036087036133,-0.00039124488830566406,0.0004121774691157043,0.0010207684244960546,0.0016280356794595718,0.0009404700249433517,0.004443943500518799,-0.0023887157440185547,1.0009427070617676,0.6469027400016785,1.9190536737442017,0.6478432416915894,1.920892357826233,0.000530927024246159,11.752058152309818,0.36482663268641635,0.0096687120385468,57.009234096854925,3.2140322187915444,,69.5094595970586,6.643857807852328,2.131698938086629,0.0,807.0,2.0,2.0,2.0,0.9996768236160278,0.06098976731300354,0.0039289272390306,0.0075587015599012375,1.0
808.0,13,mixed,True,True,True,True,True,0.5457556843757629,0.17192065715789795,0.14993751049041748,1e-06,49.60861587524414,24.61508274078369,28.3828125,0.0,0.0,0.14993750303983688,0.0,0.4651290774345398,-0.14993757009506226,-2.015559434890747,0.4651290774345398,-0.14993757009506226,-2.015559434890747,1.0,0.8125,0.0,1.0,0.8125,0.0,13538.0,13538.0,13538.0,13538.0,13538.0,0.0,0.0,219.34348585736376,61.720547328237444,13538.0,1.0,588.0,588.0,588.0,0.0,0.0625,486.0,258.125,135.0,0.0625,486.0,258.125,135.0,0.5793733596801758,0.0008646249771118164,0.00036908042966388166,0.00030841544503346086,0.0020522084087133408,0.00031452812254428864,0.0041092634201049805,-0.004103988409042358,1.0003175735473633,0.5532121062278748,1.7559714317321777,0.5535266399383545,1.7568449974060059,0.0006998567883910942,12.35065095500962,0.3929973356296431,0.009474661201238632,51.00818844418973,2.7751961681060493,,61.720547328237444,5.320397929754108,2.1093576634302735,0.0,808.0,2.0,2.0,2.0,0.9996607899665833,0.07687199115753174,0.0036582185421139,0.007450748234987259,1.0
809.0,0,all_fail,False,False,False,False,False,1.0925573110580444,0.0,0.0,1e-06,49.649513244628906,24.61508274078369,28.3828125,0.0,0.0,0.0,0.0,0.0,0.0,0.0,0.0,0.0,0.0,0.0,0.0,0.0,0.0,0.0,0.0,10852.0,10852.0,10852.0,10852.0,10852.0,0.0,0.0,113.47356264753144,95.63461080100387,10852.0,1.0,482.0,482.0,482.0,0.0,0.0625,409.0,196.25,80.0,0.0625,409.0,196.25,80.0,0.011543631553649902,0.0009963512420654297,0.000548727170098573,0.0006034832913428545,0.001641843467950821,0.0004885978996753693,0.0029637813568115234,-0.003730952739715576,1.0004903078079224,1.1320486068725586,3.38326358795166,1.1325373649597168,3.385951280593872,0.000922386186081371,27.39252699613215,0.4154290313346032,0.010009734891355038,86.01253476785496,2.504415502771735,,95.63461080100387,4.508235848043114,2.1003159838728607,0.0,809.0,2.0,2.0,2.0,0.999703049659729,0.04993319511413574,0.004662639927119017,0.0076765334233641624,1.0
810.0,5,mixed,True,True,True,True,True,0.699131190776825,0.18140912055969238,0.040431126952171326,1e-06,49.64145278930664,24.61508274078369,28.3828125,0.0,0.0,0.04043112322688103,0.0,1.4361376762390137,-0.040431175380945206,-0.652789831161499,1.4361376762390137,-0.040431175380945206,-0.652789831161499,1.0,0.3125,0.0,1.0,0.3125,0.0,8999.0,8999.0,8999.0,8999.0,8999.0,0.0,0.0,145.63318038387857,61.79223701823503,8999.0,1.0,381.0,381.0,381.0,0.0,0.0625,312.0,181.4375,84.0,0.0625,312.0,181.4375,84.0,0.09652948379516602,0.0012001991271972656,0.00042034921352751553,0.0002463937271386385,0.001187814399600029,0.00023421086370944977,0.0026746392250061035,-0.002465546131134033,1.0002351999282837,0.7157096862792969,2.094980001449585,0.7159439325332642,2.0956876277923584,0.0010941897702423755,18.260064754760855,0.4327964839304152,0.009846613742411137,53.00896798307076,2.276611507870257,,61.79223701823503,3.8947355588898063,2.1040517608635128,0.0,810.0,2.0,2.0,2.0,0.9996501207351685,0.07105830311775208,0.004253330174833536,0.007940130308270454,1.0
811.0,0,all_fail,False,False,False,False,False,0.799314022064209,0.0,0.0,1e-06,49.61581802368164,24.61508274078369,28.3828125,0.0,0.0,0.0,0.0,0.0,0.0,0.0,0.0,0.0,0.0,0.0,0.0,0.0,0.0,0.0,0.0,18113.0,18113.0,18113.0,18113.0,18113.0,0.0,0.0,193.99329244180103,93.369207625743,18113.0,1.0,816.0,816.0,816.0,0.0,0.0625,503.0,316.0625,166.0,0.0625,503.0,316.0625,166.0,0.39467763900756836,0.0013675689697265625,0.0004586904833558947,0.00023592692741658539,0.0013564769178628922,9.961985051631927e-05,0.004032254219055176,-0.002843916416168213,1.000101089477539,0.7993597388267517,2.4165635108947754,0.7994593381881714,2.416412353515625,0.0005622046493120935,16.019747209813854,0.36255701914534966,0.01018321281298995,81.01186164002866,3.194016076158732,,93.369207625743,6.566995287779719,2.090306792873889,0.0,811.0,2.0,2.0,2.0,0.999701738357544,0.059787631034851074,0.0040816655382514,0.007597833406180143,1.0
812.0,0,all_fail,False,False,False,False,False,0.7281562685966492,0.0,0.0,1e-06,49.62403106689453,24.61508274078369,28.3828125,0.0,0.0,0.0,0.0,0.0,0.0,0.0,0.0,0.0,0.0,0.0,0.0,0.0,0.0,0.0,0.0,13175.0,13175.0,13175.0,13175.0,13175.0,0.0,0.0,155.60271676922395,84.67075815610588,13175.0,1.0,534.0,534.0,534.0,0.0,0.0625,485.0,289.4375,158.0,0.0625,485.0,289.4375,158.0,0.25778448581695557,0.0014796257019042969,0.0004489131970331073,0.00016086643154267222,0.001036195084452629,0.00018989108502864838,0.003776848316192627,-0.0019129514694213867,1.0001909732818604,0.7923160791397095,2.5301783084869385,0.7925059795379639,2.5296621322631836,0.0007202370937001773,15.981754745392736,0.4014416075041217,0.009489123709499836,74.01150622591376,2.758493884000927,,84.67075815610588,5.288993178866804,2.103657848201692,0.0,812.0,2.0,2.0,2.0,0.9996922612190247,0.061506062746047974,0.004033171571791172,0.007636654656380415,1.0
813.0,0,all_fail,False,False,False,False,False,0.8211326003074646,0.0,0.0,1e-06,49.60829162597656,24.61508274078369,28.3828125,0.0,0.0,0.0,0.0,0.0,0.0,0.0,0.0,0.0,0.0,0.0,0.0,0.0,0.0,0.0,0.0,18783.0,18783.0,18783.0,18783.0,18783.0,0.0,0.0,167.96424782844414,111.82736947201192,18783.0,1.0,848.0,848.0,848.0,0.0,0.0625,512.0,325.9375,150.0,0.0625,512.0,325.9375,150.0,0.3253486156463623,0.0015554428100585938,0.00047335849376395345,0.00017969924374483526,0.0011715106666088104,0.0003462694585323334,0.003200054168701172,-0.0017841458320617676,1.0003472566604614,0.8263696432113647,2.329774856567383,0.826715886592865,2.3305206298828125,0.0005466243474192052,18.986189645408786,0.36762879909224094,0.01026724511757493,99.01297900080681,3.2977565620094538,,111.82736947201192,6.905171733349562,2.104354113340378,0.0,813.0,2.0,2.0,2.0,0.9996954798698425,0.08296069502830505,0.00408473564311862,0.007744307164102793,1.0
814.0,15,mixed,True,True,True,True,True,0.5654663443565369,0.18076398968696594,0.06748127937316895,1e-06,49.67985153198242,25.795079708099365,28.3828125,0.0,0.0,0.06748127937316895,0.0,0.24999898672103882,-0.06748127192258835,-3.7499847412109375,0.24999898672103882,-0.06748127192258835,-3.7499847412109375,1.0,0.9375,0.0,1.0,0.9375,0.0,8106.0,8106.0,8106.0,8106.0,8106.0,0.0,0.0,162.65892084556717,49.834340212401,8106.0,1.0,320.0,320.0,320.0,0.0,0.0625,450.0,186.625,59.0,0.0625,450.0,186.625,59.0,0.054570913314819336,0.00024008750915527344,0.0003278573276475072,0.0005366148543544114,0.001794898882508278,0.00042582862079143524,0.00504457950592041,-0.004571855068206787,1.000428557395935,0.5997205972671509,1.8409712314605713,0.6001464128494263,1.841839075088501,0.001281256863997655,13.733121049506197,0.47579596225607035,0.010385868139564991,41.007099453825504,2.332354473415762,,49.834340212401,3.8568020700477064,2.127602495253086,0.0,814.0,2.0,2.0,2.0,0.9997067451477051,0.0885133147239685,0.0032416479662060738,0.007227961905300617,1.0
815.0,1,mixed,True,True,True,True,True,0.6764460206031799,0.20782896876335144,-0.09764571487903595,1e-06,49.6293830871582,25.795079708099365,28.3828125,0.0,0.0,-0.09764572232961655,0.0,3.7499847412109375,0.09764570742845535,-0.24999898672103882,3.7499847412109375,0.09764570742845535,-0.24999898672103882,1.0,0.0625,0.0,1.0,0.0625,0.0,11690.0,11690.0,11690.0,11690.0,11690.0,0.0,0.0,166.89282594235453,70.04495210619643,11690.0,1.0,489.0,489.0,489.0,0.0,0.0625,512.0,241.625,122.0,0.0625,512.0,241.625,122.0,0.3679661750793457,0.0006269216537475586,0.00044289056677371264,0.000569875177461654,0.0016850139945745468,0.0004683230072259903,0.0039220452308654785,-0.003945469856262207,1.000470519065857,0.705917477607727,2.070983648300171,0.7063857316970825,2.07226300239563,0.0009645938545057568,15.522372145355094,0.4113559486460772,0.011276102159172297,60.009490713942796,2.6098060379736125,,70.04495210619643,4.808751039672643,2.1068875109776855,0.0,815.0,2.0,2.0,2.0,0.9996557831764221,0.07342249155044556,0.004189228639006615,0.007853109389543533,1.0
816.0,0,all_fail,False,False,False,False,False,0.6660271286964417,0.0,0.0,1e-06,49.63157653808594,25.795079708099365,28.3828125,0.0,0.0,0.0,0.0,0.0,0.0,0.0,0.0,0.0,0.0,0.0,0.0,0.0,0.0,0.0,0.0,11775.0,11775.0,11775.0,11775.0,11775.0,0.0,0.0,97.33595589637439,120.97276788996533,11775.0,1.0,439.0,439.0,439.0,0.0,0.0625,474.0,296.9375,179.0,0.0625,474.0,296.9375,179.0,0.6003382205963135,0.00213623046875,0.0004359822196420282,-0.00019291833450552076,0.0013277344405651093,-0.00010697916150093079,0.0029567480087280273,-0.004045844078063965,0.9998944401741028,0.6963765025138855,2.032017469406128,0.6962695121765137,2.031973123550415,0.0008157277262261465,23.36700822990619,0.4032645480916885,0.009605193976312876,111.01665610028431,2.5833386150188744,,120.97276788996533,4.748440053779632,2.113779359962791,0.0,816.0,2.0,2.0,2.0,0.9996638894081116,0.06166243553161621,0.004039288032799959,0.007803143002092838,1.0
817.0,10,mixed,True,True,True,True,True,0.6245189905166626,0.17057333886623383,-0.12280164659023285,1e-06,49.6220817565918,25.795079708099365,28.3828125,0.0,0.0,-0.12280164659023285,0.0,0.7499985098838806,0.12280160188674927,-1.2499974966049194,0.7499985098838806,0.12280160188674927,-1.2499974966049194,1.0,0.625,0.0,1.0,0.625,0.0,9892.0,9892.0,9892.0,9892.0,9892.0,0.0,0.0,167.0384166288401,59.2199100041762,9892.0,1.0,405.0,405.0,405.0,0.0,0.0625,512.0,213.25,135.0,0.0625,512.0,213.25,135.0,0.4121171236038208,0.0017383098602294922,0.00043932400876656175,1.1289140275039244e-05,0.0017351023852825165,3.254786133766174e-05,0.004150331020355225,-0.004981935024261475,1.0000351667404175,0.5820949077606201,1.8099676370620728,0.5821274518966675,1.8096932172775269,0.0012170262988754675,14.656616324763025,0.4249573469156715,0.012038824148476124,50.00837490009144,2.396605018991977,,59.2199100041762,4.203678075689822,2.099751276895404,0.0,817.0,2.0,2.0,2.0,0.9996224045753479,0.05991017818450928,0.004200361669063568,0.007896707393229008,1.0
818.0,0,all_fail,False,False,False,False,False,0.8696431517601013,0.0,0.0,1e-06,49.61073303222656,25.795079708099365,28.3828125,0.0,0.0,0.0,0.0,0.0,0.0,0.0,0.0,0.0,0.0,0.0,0.0,0.0,0.0,0.0,0.0,15140.0,15140.0,15140.0,15140.0,15140.0,0.0,0.0,175.4359663530181,86.29929378069937,15140.0,1.0,650.0,650.0,650.0,0.0,0.0625,490.0,296.25,137.0,0.0625,490.0,296.25,137.0,0.7747548818588257,0.002050161361694336,0.00048205562052316964,-4.751426968141459e-05,0.0016117990016937256,-9.462237358093262e-07,0.004520714282989502,-0.003840327262878418,1.000001072883606,0.8435801267623901,2.371671199798584,0.8435791730880737,2.3714756965637207,0.0006485444984473829,15.825212933614315,0.3806634374575559,0.009818963706493378,75.01150930533186,2.9161006971262395,,86.29929378069937,5.763244443107396,2.1006144960410893,0.0,818.0,2.0,2.0,2.0,0.9996824264526367,0.062046825885772705,0.00432346248999238,0.007842534221708775,1.0
819.0,0,all_fail,False,False,False,False,False,0.7276960015296936,0.0,0.0,1e-06,49.634803771972656,25.795079708099365,28.3828125,0.0,0.0,0.0,0.0,0.0,0.0,0.0,0.0,0.0,0.0,0.0,0.0,0.0,0.0,0.0,0.0,22390.0,22390.0,22390.0,22390.0,22390.0,0.0,0.0,248.5736443275522,90.07390972832218,22390.0,1.0,1055.0,1055.0,1055.0,0.0,0.125,512.0,344.375,164.0,0.125,512.0,344.375,164.0,-0.1271955370903015,0.0006546974182128906,0.00041641469579190016,0.0005065232398919761,0.0010608751326799393,0.0004725884646177292,0.002615690231323242,-0.001472771167755127,1.0004734992980957,0.7614282965660095,2.1822075843811035,0.7619009613990784,2.1834137439727783,0.0004690879845243844,13.795142082713829,0.3513498562244618,0.010502879973500967,76.0112328757532,3.5979008860886097,,90.07390972832218,7.866723280865699,2.087996639776975,0.0,819.0,2.0,2.0,2.0,0.9996859431266785,0.10908240079879761,0.0038955691270530224,0.0077387671917676926,1.0
820.0,4,mixed,True,True,True,True,True,0.6381388306617737,0.14933018386363983,0.20988599956035614,1e-06,49.65491485595703,25.795079708099365,28.3828125,0.0,0.0,0.2098860079422593,0.0,1.6770472526550293,-0.20988593995571136,-0.5590157508850098,1.6770472526550293,-0.20988593995571136,-0.5590157508850098,1.0,0.25,0.0,1.0,0.25,0.0,10377.0,10377.0,10377.0,10377.0,10377.0,0.0,0.0,160.51995551731736,64.64616792695597,10377.0,1.0,426.0,426.0,426.0,0.0,0.0625,512.0,222.5625,100.0,0.0625,512.0,222.5625,100.0,0.30540287494659424,0.0011383295059204102,0.0004152322362642735,0.0002629449008964002,0.0016890577971935272,0.00024225935339927673,0.0039421916007995605,-0.0035544633865356445,1.000244140625,0.6464331150054932,1.9438368082046509,0.6466752886772156,1.9441399574279785,0.0009722260520805614,15.447737788219225,0.4356631165869528,0.010088789742439985,55.00939426384866,2.5060817692428827,,64.64616792695597,4.520876160822809,2.0985984173603356,0.0,820.0,2.0,2.0,2.0,0.9996469020843506,0.05898106098175049,0.004093028139322996,0.007725394796580076,1.0
821.0,0,all_fail,False,False,False,False,False,0.8717862963676453,0.0,0.0,1e-06,49.63743591308594,25.795079708099365,28.3828125,0.0,0.0,0.0,0.0,0.0,0.0,0.0,0.0,0.0,0.0,0.0,0.0,0.0,0.0,0.0,0.0,18193.0,18193.0,18193.0,18193.0,18193.0,0.0,0.0,215.09876002034076,84.57975303195417,18193.0,1.0,835.0,835.0,835.0,0.0,0.0625,512.0,302.0625,165.0,0.0625,512.0,302.0625,165.0,1.0460920333862305,0.0003681182861328125,0.0004585249407682568,0.0007309985812753439,0.0017369091510772705,0.0009901374578475952,0.004728257656097412,-0.0036290884017944336,1.0009924173355103,0.8609845638275146,2.3845601081848145,0.8619745969772339,2.386951446533203,0.0005171378607692408,14.900064978424052,0.3644046571775505,0.009408289100974798,72.01201404072344,3.2092723241075873,,84.57975303195417,6.629613928031176,2.2192630949430168,0.0,821.0,2.0,2.0,2.0,0.9997009634971619,0.06224930286407471,0.004259718582034111,0.007581089157611132,1.0
822.0,1,mixed,True,True,True,True,True,0.7591648697853088,0.12261954694986343,0.03531061112880707,1e-06,49.63726043701172,25.795079708099365,28.3828125,0.0,0.0,0.03531060367822647,0.0,3.7499847412109375,-0.035310596227645874,-0.24999898672103882,3.7499847412109375,-0.035310596227645874,-0.24999898672103882,1.0,0.0625,0.0,1.0,0.0625,0.0,14376.0,14376.0,14376.0,14376.0,14376.0,0.0,0.0,134.02168753126276,107.26622134679928,14376.0,1.0,633.0,633.0,633.0,0.0,0.0625,512.0,265.5,99.0,0.0625,512.0,265.5,99.0,0.18221068382263184,0.0018215179443359375,0.00048497592797502875,6.355832738336176e-05,0.0007465537637472153,-6.95791095495224e-05,0.0016415119171142578,-0.0019721388816833496,0.9999309182167053,0.7815085053443909,2.2246222496032715,0.7814390659332275,2.22438907623291,0.0006665578866082061,22.602208412630333,0.39927294017471326,0.009582436177879572,96.01418133685365,2.9043127316981554,,107.26622134679928,5.739947787951678,2.092103701084852,0.0,822.0,2.0,2.0,2.0,0.9996772408485413,0.05972057580947876,0.00427593057975173,0.0078027150593698025,1.0
823.0,0,all_fail,False,False,False,False,False,0.8502399921417236,0.0,0.0,1e-06,49.65596389770508,25.795079708099365,28.3828125,0.0,0.0,0.0,0.0,0.0,0.0,0.0,0.0,0.0,0.0,0.0,0.0,0.0,0.0,0.0,0.0,12147.0,12147.0,12147.0,12147.0,12147.0,0.0,0.0,161.80793473230946,75.07048415206373,12147.0,1.0,505.0,505.0,505.0,0.0,0.0625,512.0,254.1875,179.0,0.0625,512.0,254.1875,179.0,0.0618128776550293,0.0015796422958374023,0.0005091932835057378,0.00023143805447034538,0.001167159527540207,0.00027244165539741516,0.0029950737953186035,-0.0030785202980041504,1.000273585319519,0.862690806388855,2.421663761138916,0.8629633188247681,2.4222683906555176,0.0009747826846733087,15.984948389030643,0.3983146738961144,0.01184068527072668,65.01078509818763,2.6153729571960866,,75.07048415206373,4.8383283438161016,2.096669788006693,0.0,823.0,2.0,2.0,2.0,0.9996642470359802,0.05922567844390869,0.004577765706926584,0.00792989693582058,1.0
824.0,0,all_fail,False,False,False,False,False,0.7815254330635071,0.0,0.0,1e-06,49.64198303222656,25.795079708099365,28.3828125,0.0,0.0,0.0,0.0,0.0,0.0,0.0,0.0,0.0,0.0,0.0,0.0,0.0,0.0,0.0,0.0,14682.0,14682.0,14682.0,14682.0,14682.0,0.0,0.0,183.1467886257911,80.16520579019561,14682.0,1.0,672.0,672.0,672.0,0.0,0.0625,480.0,245.625,67.0,0.0625,480.0,245.625,67.0,0.03270363807678223,5.7578086853027344e-05,0.00041910825530067086,0.0008060267427936196,0.0020108334720134735,0.0011012665927410126,0.008962035179138184,-0.00279158353805542,1.001105546951294,0.8558046817779541,2.7802205085754395,0.8569059371948242,2.7845001220703125,0.0006638150718004758,17.560046648668273,0.3849141886923399,0.009746132884174585,69.01098332926631,2.885335937142372,,80.16520579019561,5.651310118380934,2.1084132120013237,0.0,824.0,2.0,2.0,2.0,0.9997067451477051,0.07705044746398926,0.003973870538175106,0.007433941587805748,1.0
825.0,0,all_fail,False,False,False,False,False,0.8208727836608887,0.0,0.0,1e-06,49.626983642578125,25.795079708099365,28.3828125,0.0,0.0,0.0,0.0,0.0,0.0,0.0,0.0,0.0,0.0,0.0,0.0,0.0,0.0,0.0,0.0,12680.0,12680.0,12680.0,12680.0,12680.0,0.0,0.0,125.09776586215912,101.36072305217385,12680.0,1.0,503.0,503.0,503.0,0.0,0.0625,445.0,289.5,148.0,0.0625,445.0,289.5,148.0,0.40738141536712646,0.001420736312866211,0.0004632691270671785,0.00021551658574026078,0.001446213573217392,0.00044090673327445984,0.005529642105102539,-0.0022832751274108887,1.0004427433013916,0.799289345741272,2.391127109527588,0.7997302412986755,2.3924150466918945,0.0007688531311293505,19.64899706646208,0.3992675945723917,0.009749057702720165,91.01415441185236,2.685016675852239,,101.36072305217385,5.062713099177927,2.0903772739693522,0.0,825.0,2.0,2.0,2.0,0.9996981024742126,0.061978667974472046,0.00408170185983181,0.007742458954453468,1.0
826.0,0,all_fail,False,False,False,False,False,0.8297461867332458,0.0,0.0,1e-06,49.651153564453125,25.795079708099365,28.3828125,0.0,0.0,0.0,0.0,0.0,0.0,0.0,0.0,0.0,0.0,0.0,0.0,0.0,0.0,0.0,0.0,12960.0,12960.0,12960.0,12960.0,12960.0,0.0,0.0,161.26295067554256,80.365638515912,12960.0,1.0,582.0,582.0,582.0,0.0,0.0625,396.0,228.0,131.0,0.0625,396.0,228.0,131.0,0.2687809467315674,0.001885056495666504,0.00044979454833082855,-4.093597090104595e-05,0.0010814592242240906,7.965415716171265e-05,0.0021491050720214844,-0.0022093653678894043,1.0000804662704468,0.8558664321899414,2.45487642288208,0.8559460639953613,2.4554636478424072,0.0007913295570531009,19.191572895291948,0.39104643873554185,0.010255631059408188,70.01085792202502,2.6840405580587685,,80.365638515912,5.067961846012622,2.092805872205645,0.0,826.0,2.0,2.0,2.0,0.99968421459198,0.053550392389297485,0.0043632774613797665,0.0076702190563082695,1.0
827.0,0,all_fail,False,False,False,False,False,0.7666914463043213,0.0,0.0,1e-06,49.67465591430664,25.795079708099365,28.3828125,0.0,0.0,0.0,0.0,0.0,0.0,0.0,0.0,0.0,0.0,0.0,0.0,0.0,0.0,0.0,0.0,21740.0,21740.0,21740.0,21740.0,21740.0,0.0,0.0,172.64243113204907,125.9250107719563,21740.0,1.0,1091.0,1091.0,1091.0,0.0,0.125,512.0,267.75,112.0,0.125,512.0,267.75,112.0,0.3835906982421875,0.0015450716018676758,0.00047437153989449143,0.00017834788013715297,0.0016734525561332703,0.00023869425058364868,0.004846811294555664,-0.0037022829055786133,1.0002408027648926,0.7815614938735962,2.2421083450317383,0.7818002700805664,2.242616653442383,0.0004418890643950548,26.147941961892325,0.3567125573720039,0.009606668259948492,112.01778336474672,3.551128257997334,,125.9250107719563,7.7549309972673655,2.0928772469051182,0.0,827.0,2.0,2.0,2.0,0.9996703267097473,0.05645057559013367,0.004225083161145449,0.00795806385576725,1.0
828.0,0,all_fail,False,False,False,False,False,0.7025275826454163,0.0,0.0,1e-06,49.65160369873047,25.795079708099365,28.3828125,0.0,0.0,0.0,0.0,0.0,0.0,0.0,0.0,0.0,0.0,0.0,0.0,0.0,0.0,0.0,0.0,12564.0,12564.0,12564.0,12564.0,12564.0,0.0,0.0,192.501154654757,65.26714098174125,12564.0,1.0,529.0,529.0,529.0,0.0,0.0625,450.0,256.25,159.0,0.0625,450.0,256.25,159.0,0.7082159519195557,0.0003732442855834961,0.0004090055008418858,0.0006296994397416711,0.002194363623857498,0.0006791315972805023,0.003313422203063965,-0.004590630531311035,1.0006821155548096,0.7188606858253479,2.0777387619018555,0.7195397615432739,2.0789999961853027,0.0008658096206127478,13.416669343643617,0.39797805397795316,0.010878032073378563,55.00834430893883,2.6560485921800137,,65.26714098174125,5.0001962701790035,2.095459721982479,0.0,828.0,2.0,2.0,2.0,0.9996734261512756,0.06162330508232117,0.003992232494056225,0.007741114590317011,1.0
829.0,16,all_pass,True,False,False,False,False,0.561432421207428,0.0,0.0,1e-06,49.649993896484375,25.795079708099365,28.3828125,0.0,0.0,0.0,0.0,0.0,0.0,0.0,0.0,0.0,0.0,1.0,1.0,1.0,1.0,1.0,1.0,11126.0,11126.0,11126.0,11126.0,11126.0,0.0,0.0,180.6502280697227,61.588629689998925,11126.0,1.0,500.0,500.0,500.0,0.0,0.0625,337.0,195.375,102.0,0.0625,337.0,195.375,102.0,0.08345794677734375,0.0007652044296264648,0.0003504876221995801,0.0003202040388714522,0.00160905160009861,7.090158760547638e-05,0.0029228925704956055,-0.006599247455596924,1.0000733137130737,0.5568767189979553,1.7668516635894775,0.556947648525238,1.7666676044464111,0.000997565759695114,16.63744763810228,0.40198481368323186,0.01109891664236784,52.00866131670773,2.4905408550985157,,61.588629689998925,4.472483037039638,2.107587479054928,0.0,829.0,2.0,2.0,2.0,0.9996390342712402,0.060923218727111816,0.003786223940551281,0.0076075829565525055,1.0
830.0,0,all_fail,False,False,False,False,False,0.9649587273597717,0.0,0.0,1e-06,49.68772506713867,25.795079708099365,28.3828125,0.0,0.0,0.0,0.0,0.0,0.0,0.0,0.0,0.0,0.0,0.0,0.0,0.0,0.0,0.0,0.0,12490.0,12490.0,12490.0,12490.0,12490.0,0.0,0.0,146.18713162173484,85.43843675870448,12490.0,1.0,525.0,525.0,525.0,0.0,0.0625,512.0,255.625,149.0,0.0625,512.0,255.625,149.0,1.7089240550994873,0.002202272415161133,0.000538000778760761,-2.390258487139363e-05,0.0019725188612937927,8.293241262435913e-05,0.004652500152587891,-0.0050231218338012695,1.0000859498977661,1.063830852508545,2.9887757301330566,1.0639138221740723,2.9889752864837646,0.0007630441803112328,18.3404117992289,0.4083474466817273,0.009530421812087297,75.0122842588462,2.700776644051075,,85.43843675870448,5.100259609054774,2.1179562718607485,0.0,830.0,2.0,2.0,2.0,0.9996817111968994,0.056079328060150146,0.0045987144112586975,0.007940564304590225,1.0
831.0,0,all_fail,False,False,False,False,False,0.6831914782524109,0.0,0.0,1e-06,49.681785583496094,25.795079708099365,28.3828125,0.0,0.0,0.0,0.0,0.0,0.0,0.0,0.0,0.0,0.0,0.0,0.0,0.0,0.0,0.0,0.0,14341.0,14341.0,14341.0,14341.0,14341.0,0.0,0.0,196.49221381968252,72.98508027987555,14341.0,1.0,639.0,639.0,639.0,0.0,0.0625,402.0,257.3125,146.0,0.0625,402.0,257.3125,146.0,0.37372756004333496,0.001913309097290039,0.0004169389430899173,-0.00012001139111816883,0.0011037830263376236,-7.970444858074188e-05,0.00222623348236084,-0.0037965476512908936,0.9999213218688965,0.6967341899871826,2.056551456451416,0.6966544389724731,2.0566067695617676,0.0007724826553465391,15.061902561611143,0.3849586987094241,0.011078173760324717,62.00985284615308,2.8415003581903875,,72.98508027987555,5.520692698191851,2.1026514871045947,0.0,831.0,2.0,2.0,2.0,0.9996883273124695,0.055120110511779785,0.003953327424824238,0.007599543314427137,1.0
832.0,0,all_fail,False,False,False,False,False,0.8612897992134094,0.0,0.0,1e-06,49.70079040527344,25.795079708099365,28.3828125,0.0,0.0,0.0,0.0,0.0,0.0,0.0,0.0,0.0,0.0,0.0,0.0,0.0,0.0,0.0,0.0,11479.0,11479.0,11479.0,11479.0,11479.0,0.0,0.0,145.30016682117343,79.00197399035096,11479.0,1.0,488.0,488.0,488.0,0.0,0.0625,512.0,229.4375,89.0,0.0625,512.0,229.4375,89.0,0.3036460876464844,0.0005674362182617188,0.0004780370509251952,0.0006717750220559537,0.001917276531457901,0.0013461075723171234,0.005166590213775635,-0.001969575881958008,1.001348614692688,0.8368010520935059,2.3827736377716064,0.8381470441818237,2.3861563205718994,0.0009467192945065778,18.798619496058425,0.4169558398753355,0.010867390781641006,69.00973217003047,2.598919879179448,,79.00197399035096,4.7862360859289765,2.095524616073817,0.0,832.0,2.0,2.0,2.0,0.9996629357337952,0.06025582551956177,0.004510647617280483,0.007968024350702763,1.0
833.0,0,all_fail,False,False,False,False,False,0.5680385828018188,0.0,0.0,1e-06,49.66835403442383,25.795079708099365,28.3828125,0.0,0.0,0.0,0.0,0.0,0.0,0.0,0.0,0.0,0.0,0.0,0.0,0.0,0.0,0.0,0.0,16368.0,16368.0,16368.0,16368.0,16368.0,0.0,0.0,225.3775281196653,72.62480929912999,16368.0,1.0,687.0,687.0,687.0,0.0,0.0625,476.0,336.0,193.0,0.0625,476.0,336.0,193.0,-0.22946876287460327,-0.0004156827926635742,0.00038926227716729045,0.0009849772322922945,0.0013586655259132385,0.0011180341243743896,0.0036226511001586914,-0.0014571547508239746,1.0011193752288818,0.5958255529403687,1.8358169794082642,0.5969436168670654,1.8379031419754028,0.0006022467016208761,11.348717600066308,0.36622672255846506,0.009857574012130499,61.01070581795648,2.997094087302685,,72.62480929912999,5.994398994836956,2.11672856612131,0.0,833.0,2.0,2.0,2.0,0.9996753931045532,0.060264378786087036,0.0035918455105274916,0.007497487589716911,1.0
834.0,0,all_fail,False,False,False,False,False,0.869097113609314,0.0,0.0,1e-06,49.795997619628906,25.795079708099365,28.3828125,0.0,0.0,0.0,0.0,0.0,0.0,0.0,0.0,0.0,0.0,0.0,0.0,0.0,0.0,0.0,0.0,10204.0,10204.0,10204.0,10204.0,10204.0,0.0,0.0,99.56755229175364,102.48318619001657,10204.0,1.0,403.0,403.0,403.0,0.0,0.0625,403.0,234.75,130.0,0.0625,403.0,234.75,130.0,0.9283545017242432,0.002726316452026367,0.00047417543828487396,-0.0004116532509215176,0.001614157110452652,-7.425621151924133e-05,0.0053757429122924805,-0.003464937210083008,0.9999282360076904,0.9119313955307007,2.5398523807525635,0.9118571281433105,2.539776563644409,0.00095140090908071,24.764334445365996,0.42980677872255113,0.009708094876259565,93.01484017679468,2.45718577131629,,102.48318619001657,4.385748370084912,2.1185180321335793,0.0,834.0,2.0,2.0,2.0,0.9997114539146423,0.06216511130332947,0.004193874076008797,0.007515178993344307,1.0
835.0,0,all_fail,False,False,False,False,False,0.7444555163383484,0.0,0.0,1e-06,49.75112533569336,25.795079708099365,28.3828125,0.0,0.0,0.0,0.0,0.0,0.0,0.0,0.0,0.0,0.0,0.0,0.0,0.0,0.0,0.0,0.0,11597.0,11597.0,11597.0,11597.0,11597.0,0.0,0.0,151.01379285359286,76.79430984985083,11597.0,1.0,478.0,478.0,478.0,0.0,0.0625,418.0,246.8125,122.0,0.0625,418.0,246.8125,122.0,-0.28899383544921875,-0.001926720142364502,0.00042852218030020595,0.0018154872814193368,0.00248066708445549,0.0019975043833255768,0.006471514701843262,-0.0019834041595458984,1.0020021200180054,0.7934989929199219,2.3127846717834473,0.7954965233802795,2.318451404571533,0.0008137014402113383,16.96907290040307,0.3988781731585043,0.00943649560213089,67.01086888369173,2.542633244767785,,76.79430984985083,4.6257901741191745,2.1070426530204713,0.0,835.0,2.0,2.0,2.0,0.9996815919876099,0.0818023681640625,0.004092496354132891,0.00767254875972867,1.0
836.0,0,all_fail,False,False,False,False,False,0.7672273516654968,0.0,0.0,1e-06,49.75069046020508,25.795079708099365,28.3828125,0.0,0.0,0.0,0.0,0.0,0.0,0.0,0.0,0.0,0.0,0.0,0.0,0.0,0.0,0.0,0.0,20186.0,20186.0,20186.0,20186.0,20186.0,0.0,0.0,231.0411889028012,87.36970276106149,20186.0,1.0,966.0,966.0,966.0,0.0,0.0625,512.0,295.625,100.0,0.0625,512.0,295.625,100.0,0.08017253875732422,-0.00023156404495239258,0.0004522771341726184,0.001017032191157341,0.0018318817019462585,0.0009403899312019348,0.005435585975646973,-0.003110527992248535,1.0009431838989258,0.7994797825813293,2.2672934532165527,0.8004201650619507,2.268994092941284,0.0005088093062464315,15.647145100607366,0.3627307736700078,0.010270824655890465,74.01099632587284,3.4282336509786546,,87.36970276106149,7.322083397302777,2.099818526301533,0.0,836.0,2.0,2.0,2.0,0.9997009038925171,0.061380982398986816,0.003957181703299284,0.007588994689285755,1.0
837.0,0,all_fail,False,False,False,False,False,0.7556254863739014,0.0,0.0,1e-06,49.74579620361328,25.795079708099365,28.3828125,0.0,0.0,0.0,0.0,0.0,0.0,0.0,0.0,0.0,0.0,0.0,0.0,0.0,0.0,0.0,0.0,13992.0,13992.0,13992.0,13992.0,13992.0,0.0,0.0,222.49440010109888,62.88697600318119,13992.0,1.0,623.0,623.0,623.0,0.0,0.0625,512.0,251.5,151.0,0.0625,512.0,251.5,151.0,0.12030529975891113,0.0010374784469604492,0.0004755884292535484,0.0004268370976205915,0.0015284046530723572,0.0005772635340690613,0.006185173988342285,-0.003357529640197754,1.0005794763565063,0.8000087141990662,2.2933411598205566,0.8005859851837158,2.2947611808776855,0.0006817703576212171,12.924568593839025,0.3896926037752612,0.009539330843836069,52.00846402160823,2.815190438646823,,62.88697600318119,5.452578912023455,2.100306297186762,0.0,837.0,2.0,2.0,2.0,0.9996494054794312,0.05796694755554199,0.004428613930940628,0.00804282445460558,1.0
838.0,0,all_fail,False,False,False,False,False,1.032083511352539,0.0,0.0,1e-06,49.75579071044922,25.795079708099365,28.3828125,0.0,0.0,0.0,0.0,0.0,0.0,0.0,0.0,0.0,0.0,0.0,0.0,0.0,0.0,0.0,0.0,17259.0,17259.0,17259.0,17259.0,17259.0,0.0,0.0,133.76787568630164,129.0220085461624,17259.0,1.0,848.0,848.0,848.0,0.0,0.0625,416.0,230.6875,154.0,0.0625,416.0,230.6875,154.0,-0.07734507322311401,0.0007745027542114258,0.0004950951552018523,0.0006010534707456827,0.0013733282685279846,0.0007359907031059265,0.0040084123611450195,-0.0021131038665771484,1.0007375478744507,1.0743887424468994,3.049893379211426,1.075124740600586,3.0517706871032715,0.0005573064451011405,31.70315832539533,0.3643823023258455,0.009618551936000586,117.01635737903416,3.0988275688141584,,129.0220085461624,6.288874155841768,2.1086026462726295,0.0,838.0,2.0,2.0,2.0,0.9997377991676331,0.05764603614807129,0.004099498502910137,0.007432039361447096,1.0
839.0,2,mixed,True,True,True,True,True,0.7641567587852478,0.17022250592708588,0.03800620883703232,1e-06,49.672306060791016,25.795079708099365,28.3828125,0.0,0.0,0.03800620511174202,0.0,2.561730146408081,-0.03800623118877411,-0.3659614622592926,2.561730146408081,-0.03800623118877411,-0.3659614622592926,1.0,0.125,0.0,1.0,0.125,0.0,10063.0,10063.0,10063.0,10063.0,10063.0,0.0,0.0,84.30531635971619,119.36376535333693,10063.0,1.0,384.0,384.0,384.0,0.0,0.0625,512.0,244.9375,132.0,0.0625,512.0,244.9375,132.0,0.28940725326538086,0.0016423463821411133,0.0004542448732536286,8.860715024638921e-05,0.0016351155936717987,0.00027916207909584045,0.0040874481201171875,-0.0026401877403259277,1.0002810955047607,0.7923712134361267,2.2345104217529297,0.7926504611968994,2.2355380058288574,0.0009566398703422933,28.07224511460485,0.4263112292713209,0.009626667015254498,110.01512860413641,2.420837171841413,,119.36376535333693,4.289969900157303,2.1276540369726717,0.0,839.0,2.0,2.0,2.0,0.9996992945671082,0.05675375461578369,0.00408147182315588,0.007513816934078932,1.0
840.0,0,all_fail,False,False,False,False,False,0.7086353302001953,0.0,0.0,1e-06,49.67395782470703,25.795079708099365,28.3828125,0.0,0.0,0.0,0.0,0.0,0.0,0.0,0.0,0.0,0.0,0.0,0.0,0.0,0.0,0.0,0.0,14283.0,14283.0,14283.0,14283.0,14283.0,0.0,0.0,163.8262946983264,87.18380664288998,14283.0,1.0,609.0,609.0,609.0,0.0,0.125,512.0,283.6875,96.0,0.125,512.0,283.6875,96.0,0.4616379737854004,0.0014303922653198242,0.0004310162039473653,0.00014716382429469377,0.0015901625156402588,0.00013133138418197632,0.0033648014068603516,-0.0031519532203674316,1.0001331567764282,0.7590078115463257,2.1851911544799805,0.7591391205787659,2.1855716705322266,0.0006850707269529497,16.74623366625453,0.39712014703740844,0.009784865193068981,76.01115461112931,2.8896472100168467,,87.18380664288998,5.672067060135305,2.1007990213111043,0.0,840.0,2.0,2.0,2.0,0.9996996521949768,0.06084209680557251,0.003949244972318411,0.007540556602180004,1.0
841.0,0,all_fail,False,False,False,False,False,0.822060763835907,0.0,0.0,1e-06,49.68415069580078,25.795079708099365,28.3828125,0.0,0.0,0.0,0.0,0.0,0.0,0.0,0.0,0.0,0.0,0.0,0.0,0.0,0.0,0.0,0.0,14479.0,14479.0,14479.0,14479.0,14479.0,0.0,0.0,167.96457160459641,86.20270252041519,14479.0,1.0,659.0,659.0,659.0,0.0,0.0625,406.0,245.9375,111.0,0.0625,406.0,245.9375,111.0,-0.1437361240386963,-0.00038176774978637695,0.000442472577560693,0.0010740752331912518,0.001482740044593811,0.0011543631553649902,0.0048770904541015625,-0.0014837384223937988,1.0011564493179321,0.8473659157752991,2.363234519958496,0.8485202193260193,2.3658108711242676,0.0006651415905329031,19.062654545774453,0.3892322811503582,0.009630585089325905,75.01154563762248,2.870960217900574,,86.20270252041519,5.6356941987760365,2.1758728362619877,0.0,841.0,2.0,2.0,2.0,0.9997138977050781,0.053642481565475464,0.004135659895837307,0.0074144396930933,1.0
842.0,0,all_fail,False,False,False,False,False,1.0610047578811646,0.0,0.0,1e-06,49.67814636230469,25.795079708099365,28.3828125,0.0,0.0,0.0,0.0,0.0,0.0,0.0,0.0,0.0,0.0,0.0,0.0,0.0,0.0,0.0,0.0,10501.0,10501.0,10501.0,10501.0,10501.0,0.0,0.0,122.89917211251564,85.44402553327382,10501.0,1.0,444.0,444.0,444.0,0.0,0.0625,410.0,212.3125,71.0,0.0625,410.0,212.3125,71.0,0.022767305374145508,-0.0004984736442565918,0.000492164574097842,0.001233177026733756,0.0026660561561584473,0.0013464316725730896,0.007239103317260742,-0.0037567615509033203,1.001352310180664,1.145372986793518,6.169920444488525,1.1467194557189941,6.189826011657715,0.0008938155334690119,22.37605911366749,0.4155359990733735,0.009385956916958094,76.01147280912846,2.4537271689623594,,85.44402553327382,4.3635435262694955,2.1070065428502858,0.0,842.0,2.0,2.0,2.0,0.9997191429138184,0.07220810651779175,0.004371002782136202,0.007611297536641359,1.0
843.0,0,all_fail,False,False,False,False,False,0.8819418549537659,0.0,0.0,1e-06,49.66485595703125,25.795079708099365,28.3828125,0.0,0.0,0.0,0.0,0.0,0.0,0.0,0.0,0.0,0.0,0.0,0.0,0.0,0.0,0.0,0.0,10821.0,10821.0,10821.0,10821.0,10821.0,0.0,0.0,135.86816231340873,79.64338234765455,10821.0,1.0,431.0,431.0,431.0,0.0,0.0625,414.0,245.3125,146.0,0.0625,414.0,245.3125,146.0,1.2744803428649902,0.0035723447799682617,0.0004535755142569542,-0.0008757620817050338,0.001540258526802063,-0.0009412392973899841,0.0020172595977783203,-0.005205631256103516,0.999060869216919,0.9390624165534973,2.5916287899017334,0.9381211996078491,2.5892465114593506,0.0008761125571372362,17.83732165612138,0.4113967243484583,0.009480413980782032,70.01148750027642,2.4837419246323407,,79.64338234765455,4.451723954174668,2.1875900542363524,0.0,843.0,2.0,2.0,2.0,0.9997124671936035,0.04768580198287964,0.004230861086398363,0.007501721847802401,1.0
844.0,15,mixed,True,True,True,True,True,0.630395233631134,0.22780975699424744,0.08415544033050537,1e-06,49.73943328857422,25.795079708099365,28.3828125,0.0,0.0,0.08415543287992477,0.0,0.24999898672103882,-0.08415549993515015,-3.7499847412109375,0.24999898672103882,-0.08415549993515015,-3.7499847412109375,1.0,0.9375,0.0,1.0,0.9375,0.0,8213.0,8213.0,8213.0,8213.0,8213.0,0.0,0.0,180.63976855986834,45.46617871290073,8213.0,1.0,336.0,336.0,336.0,0.0,0.0625,296.0,177.3125,70.0,0.0625,296.0,177.3125,70.0,0.696926474571228,0.0013282299041748047,0.0004319065192248672,0.00020507861336227506,0.0020792968571186066,0.0005376562476158142,0.004219114780426025,-0.003934979438781738,1.0005407333374023,0.6562452912330627,1.9509350061416626,0.6567829847335815,1.9519695043563843,0.0011686150165578415,13.04433176344524,0.4453254049662244,0.009597835130989552,37.00676921289414,2.189667164813727,,45.46617871290073,3.6574575509876013,2.102528537157923,0.0,844.0,2.0,2.0,2.0,0.9996299147605896,0.05788928270339966,0.00411495054140687,0.008071297779679298,1.0
845.0,0,all_fail,False,False,False,False,False,0.6749392747879028,0.0,0.0,1e-06,49.721065521240234,25.795079708099365,28.3828125,0.0,0.0,0.0,0.0,0.0,0.0,0.0,0.0,0.0,0.0,0.0,0.0,0.0,0.0,0.0,0.0,11049.0,11049.0,11049.0,11049.0,11049.0,0.0,0.0,110.84206444136268,99.6823728941381,11049.0,1.0,426.0,426.0,426.0,0.0,0.0625,429.0,264.5625,158.0,0.0625,429.0,264.5625,158.0,0.1136091947555542,0.0006673336029052734,0.0004286210751160979,0.000523810856975615,0.0015470515936613083,0.0005037430673837662,0.0029643774032592773,-0.0030614137649536133,1.0005053281784058,0.6848201155662537,2.0152978897094727,0.6853237748146057,2.0164480209350586,0.0009387294928815443,21.264991793295728,0.41077821648257634,0.010372022166848183,90.01471026102081,2.5087241367436945,,99.6823728941381,4.538688513915986,2.1096993549726903,0.0,845.0,2.0,2.0,2.0,0.999667227268219,0.062077999114990234,0.004038600251078606,0.007776961196213961,1.0
846.0,0,all_fail,False,False,False,False,False,1.059909701347351,0.0,0.0,1e-06,49.69968032836914,25.795079708099365,28.3828125,0.0,0.0,0.0,0.0,0.0,0.0,0.0,0.0,0.0,0.0,0.0,0.0,0.0,0.0,0.0,0.0,14462.0,14462.0,14462.0,14462.0,14462.0,0.0,0.0,169.88823340753714,85.1265547350049,14462.0,1.0,626.0,626.0,626.0,0.0,0.0625,473.0,277.875,91.0,0.0625,473.0,277.875,91.0,0.10913348197937012,0.0018298625946044922,0.0004928144044242799,7.211329648271203e-05,0.0009587034583091736,0.0003071427345275879,0.0029636621475219727,-0.001337289810180664,1.0003080368041992,1.1141623258590698,3.13873028755188,1.1144695281982422,3.1395983695983887,0.0006750564045442649,16.64659289728634,0.3884702623330954,0.00976266572251916,74.01075202133507,2.8727063862606883,,85.1265547350049,5.618056933861226,2.114223383832723,0.0,846.0,2.0,2.0,2.0,0.9997307658195496,0.05926424264907837,0.004194770008325577,0.007561877369880676,1.0
847.0,0,all_fail,False,False,False,False,False,0.7756112217903137,0.0,0.0,1e-06,49.75843811035156,25.795079708099365,28.3828125,0.0,0.0,0.0,0.0,0.0,0.0,0.0,0.0,0.0,0.0,0.0,0.0,0.0,0.0,0.0,0.0,14388.0,14388.0,14388.0,14388.0,14388.0,0.0,0.0,168.98595415313176,85.14317105291411,14388.0,1.0,617.0,617.0,617.0,0.0,0.0625,512.0,282.25,104.0,0.0625,512.0,282.25,104.0,1.1704418659210205,0.0017226934432983398,0.0004606056900229305,6.471906817751005e-05,0.0014585629105567932,-0.00010626018047332764,0.0030107498168945312,-0.004230499267578125,0.9998953938484192,0.8112329840660095,2.301903486251831,0.811126708984375,2.3015637397766113,0.0006779392379599377,16.388784106812572,0.3910289283684945,0.009754189755767584,74.01174902636558,2.8883564360439777,,85.14317105291411,5.626124221365899,2.106159506365657,0.0,847.0,2.0,2.0,2.0,0.999706506729126,0.05539500713348389,0.00397837720811367,0.0075417254120111465,1.0
848.0,0,all_fail,False,False,False,False,False,0.8135876059532166,0.0,0.0,1e-06,49.73053741455078,25.795079708099365,28.3828125,0.0,0.0,0.0,0.0,0.0,0.0,0.0,0.0,0.0,0.0,0.0,0.0,0.0,0.0,0.0,0.0,8508.0,8508.0,8508.0,8508.0,8508.0,0.0,0.0,127.6090354374085,66.67239487264305,8508.0,1.0,319.0,319.0,319.0,0.0,0.0625,375.0,212.75,128.0,0.0625,375.0,212.75,128.0,0.11224722862243652,0.0005848407745361328,0.000506830052472651,0.0007225839071907103,0.0018443949520587921,0.0009541325271129608,0.004643142223358154,-0.002411186695098877,1.000956416130066,0.8424330353736877,2.4184911251068115,0.8433871865272522,2.42038631439209,0.0011820804115803408,17.041671654941638,0.4478280602082554,0.01005714014172554,58.00985031342134,2.249242987949401,,66.67239487264305,3.810121136251837,2.0949768950231373,0.0,848.0,2.0,2.0,2.0,0.9996846318244934,0.06203922629356384,0.0043055107817053795,0.007848260924220085,1.0
849.0,0,all_fail,False,False,False,False,False,0.7544732093811035,0.0,0.0,1e-06,49.8624267578125,25.795079708099365,28.3828125,0.0,0.0,0.0,0.0,0.0,0.0,0.0,0.0,0.0,0.0,0.0,0.0,0.0,0.0,0.0,0.0,13127.0,13127.0,13127.0,13127.0,13127.0,0.0,0.0,176.12808456595317,74.53098710719496,13127.0,1.0,553.0,553.0,553.0,0.0,0.0625,512.0,267.4375,107.0,0.0625,512.0,267.4375,107.0,0.1642979383468628,0.0010222196578979492,0.0004609863681253046,0.0004135981434956193,0.0013453029096126556,0.0003859885036945343,0.0025649666786193848,-0.0020589232444763184,1.000387191772461,0.7567020654678345,2.1630256175994873,0.7570880651473999,2.1637163162231445,0.0009365344904360318,14.959179412888732,0.3950644135214073,0.012293888255953789,64.01032870775089,2.7323229401372373,,74.53098710719496,5.186010556295514,2.0925994999706745,0.0,849.0,2.0,2.0,2.0,0.9996486902236938,0.06717675924301147,0.004407608415931463,0.0079956641420722,1.0
850.0,0,all_fail,False,False,False,False,False,0.8125958442687988,0.0,0.0,1e-06,49.70134735107422,25.795079708099365,28.3828125,0.0,0.0,0.0,0.0,0.0,0.0,0.0,0.0,0.0,0.0,0.0,0.0,0.0,0.0,0.0,0.0,13868.0,13868.0,13868.0,13868.0,13868.0,0.0,0.0,151.26016769312525,91.68309285584837,13868.0,1.0,593.0,593.0,593.0,0.0,0.0625,395.0,273.75,135.0,0.0625,395.0,273.75,135.0,0.8125283718109131,0.0030362606048583984,0.0004979823133908212,-0.0005186045891605318,0.001615665853023529,-0.0005268603563308716,0.005286216735839844,-0.0029345154762268066,0.9994751214981079,0.8493701219558716,2.3694939613342285,0.8488432168960571,2.3683557510375977,0.0007326460441019476,18.496139453443355,0.38170300792518036,0.010160335339605808,81.01309080608189,2.7645466001704335,,91.68309285584837,5.293457313906401,2.100049502681941,0.0,850.0,2.0,2.0,2.0,0.9996688961982727,0.061372995376586914,0.00448150048032403,0.007948723621666431,1.0
851.0,0,all_fail,False,False,False,False,False,0.8910222053527832,0.0,0.0,1e-06,49.70897674560547,25.795079708099365,28.3828125,0.0,0.0,0.0,0.0,0.0,0.0,0.0,0.0,0.0,0.0,0.0,0.0,0.0,0.0,0.0,0.0,15389.0,15389.0,15389.0,15389.0,15389.0,0.0,0.0,147.40295065139773,104.40089517878368,15389.0,1.0,717.0,717.0,717.0,0.0,0.0625,512.0,244.8125,153.0,0.0625,512.0,244.8125,153.0,0.21332955360412598,0.00146484375,0.0005170755321159959,0.000302079162793234,0.0015825144946575165,0.0003131292760372162,0.0033735036849975586,-0.0029448270797729492,1.0003148317337036,0.9446072578430176,2.627549171447754,0.9449204206466675,2.628532886505127,0.0006672446636267747,23.746290238693504,0.3790133561610021,0.010268228128552437,93.01421886496246,2.939726190175861,,104.40089517878368,5.832636537961662,2.1043248930945992,0.0,851.0,2.0,2.0,2.0,0.999666690826416,0.05091044306755066,0.004641503561288118,0.007954111322760582,1.0
852.0,0,all_fail,False,False,False,False,False,0.8900577425956726,0.0,0.0,1e-06,50.50386428833008,25.795079708099365,28.3828125,0.0,0.0,0.0,0.0,0.0,0.0,0.0,0.0,0.0,0.0,0.0,0.0,0.0,0.0,0.0,0.0,11534.0,11534.0,11534.0,11534.0,11534.0,0.0,0.0,191.83255944823318,60.12535115610808,11534.0,1.0,471.0,471.0,471.0,0.0,0.0625,420.0,249.875,123.0,0.0625,420.0,249.875,123.0,0.0816415548324585,0.0011600255966186523,0.0004540694353636354,0.00033141011954285204,0.001339193433523178,0.00041865184903144836,0.004404783248901367,-0.001764833927154541,1.000420093536377,0.9648944139480591,2.965223789215088,0.9653131365776062,2.968517303466797,0.0008421661214360708,12.508435773613373,0.4151897866344129,0.00971354404464364,50.00872622290626,2.695001396816224,,60.12535115610808,4.788798999041319,2.1157739348709583,0.0,852.0,2.0,2.0,2.0,0.9997268319129944,0.06140542030334473,0.004078074358403683,0.007423025090247393,1.0
853.0,13,mixed,True,True,True,True,True,0.7631915211677551,0.18176287412643433,0.07592937350273132,1e-06,50.18247985839844,25.795079708099365,28.3828125,0.0,0.0,0.07592937350273132,0.0,0.4651290774345398,-0.07592945545911789,-2.015559434890747,0.4651290774345398,-0.07592945545911789,-2.015559434890747,1.0,0.8125,0.0,1.0,0.8125,0.0,9441.0,9441.0,9441.0,9441.0,9441.0,0.0,0.0,138.5395878233025,68.14658646192402,9441.0,1.0,374.0,374.0,374.0,0.0,0.0625,395.0,216.0625,103.0,0.0625,395.0,216.0625,103.0,0.3498920202255249,0.0020366907119750977,0.00040744265425018966,-0.00020121214038226753,0.0014597214758396149,-0.00033184513449668884,0.0021011829376220703,-0.005083680152893066,0.999670147895813,0.7678832411766052,2.178313970565796,0.7675514221191406,2.177905321121216,0.0010310573971551828,17.06987345781924,0.43857967308977436,0.009734212886542082,59.010552543681115,2.3678162777796388,,68.14658646192402,4.14063069364056,2.1177895511500537,0.0,853.0,2.0,2.0,2.0,0.9996511340141296,0.05671268701553345,0.004361102357506752,0.007972527295351028,1.0
854.0,0,all_fail,False,False,False,False,False,0.7939480543136597,0.0,0.0,1e-06,50.23307418823242,25.795079708099365,28.3828125,0.0,0.0,0.0,0.0,0.0,0.0,0.0,0.0,0.0,0.0,0.0,0.0,0.0,0.0,0.0,0.0,16092.0,16092.0,16092.0,16092.0,16092.0,0.0,0.0,199.64838372011602,80.60170435719192,16092.0,1.0,736.0,736.0,736.0,0.0,0.0625,427.0,269.75,135.0,0.0625,427.0,269.75,135.0,-0.03282660245895386,0.0005996227264404297,0.0004856648447457701,0.000673710135743022,0.001694902777671814,0.0011580437421798706,0.00419008731842041,-0.0012817978858947754,1.0011602640151978,0.8332041501998901,2.3446884155273438,0.8343623280525208,2.347780704498291,0.0006074490434930688,15.989717809471324,0.3723247206670107,0.009775070007890463,69.01162206567824,2.9950118316337466,,80.60170435719192,5.991449404973537,2.093846572097391,0.0,854.0,2.0,2.0,2.0,0.9997027516365051,0.05846044421195984,0.00411116611212492,0.007633738219738007,1.0
855.0,5,mixed,True,True,True,True,True,0.7288178205490112,0.18268942832946777,0.08721448481082916,1e-06,50.133052825927734,25.795079708099365,28.3828125,0.0,0.0,0.08721448853611946,0.0,1.4361376762390137,-0.08721458166837692,-0.652789831161499,1.4361376762390137,-0.08721458166837692,-0.652789831161499,1.0,0.3125,0.0,1.0,0.3125,0.0,7441.0,7441.0,7441.0,7441.0,7441.0,0.0,0.0,90.58367220588967,82.14504688093439,7441.0,1.0,264.0,264.0,264.0,0.0,0.0625,288.0,201.0625,129.0,0.0625,288.0,201.0625,129.0,0.04297745227813721,-0.0006892681121826172,0.0004333116812631488,0.0012082771863788366,0.002216605469584465,0.001347305253148079,0.006242036819458008,-0.0046083927154541016,1.001351237297058,0.7846106886863708,2.2926106452941895,0.785957932472229,2.2968480587005615,0.001322118218243723,23.00648991511263,0.45774979140129385,0.009837881661951542,74.01187805691734,2.1232472648844123,,82.14504688093439,3.4061161978170276,2.0936961639672518,0.0,855.0,2.0,2.0,2.0,0.9996925592422485,0.05825290083885193,0.004038752056658268,0.007599842268973589,1.0
856.0,0,all_fail,False,False,False,False,False,0.7186181545257568,0.0,0.0,1e-06,50.07607650756836,25.795079708099365,28.3828125,0.0,0.0,0.0,0.0,0.0,0.0,0.0,0.0,0.0,0.0,0.0,0.0,0.0,0.0,0.0,0.0,13591.0,13591.0,13591.0,13591.0,13591.0,0.0,0.0,186.14852278295152,73.01159201702103,13591.0,1.0,549.0,549.0,549.0,0.0,0.125,512.0,300.4375,105.0,0.125,512.0,300.4375,105.0,-0.13285017013549805,0.00040411949157714844,0.0004236884124111384,0.0006428944179788232,0.001139538362622261,0.000708436593413353,0.0051711201667785645,-0.0011919736862182617,1.0007096529006958,0.7661479115486145,2.2112069129943848,0.7668564319610596,2.212646484375,0.000702540487704464,12.900211597905756,0.4083622546366167,0.00954822776839137,62.01131715113297,2.839728405699134,,73.01159201702103,5.5500514027662575,2.10502061014995,0.0,856.0,2.0,2.0,2.0,0.9996787309646606,0.06132376194000244,0.004108704160898924,0.007754851598292589,1.0
857.0,3,mixed,True,True,True,True,True,0.6790332198143005,0.15082156658172607,0.02938970923423767,1e-06,50.10292053222656,25.795079708099365,28.3828125,0.0,0.0,0.02938970923423767,0.0,2.015559434890747,-0.029389653354883194,-0.4651290774345398,2.015559434890747,-0.029389653354883194,-0.4651290774345398,1.0,0.1875,0.0,1.0,0.1875,0.0,11875.0,11875.0,11875.0,11875.0,11875.0,0.0,0.0,148.60765928601424,79.90839810715988,11875.0,1.0,486.0,486.0,486.0,0.0,0.0625,406.0,256.1875,121.0,0.0625,406.0,256.1875,121.0,0.18836748600006104,0.0008983612060546875,0.00041537024662829936,0.00038315964047797024,0.0014838222414255142,0.0004857238382101059,0.0022806525230407715,-0.0024685263633728027,1.000486969947815,0.647150456905365,1.932808756828308,0.6476361751556396,1.9337854385375977,0.0007866095947591882,17.08000529149402,0.396414223274118,0.00934098893776536,70.010941689834,2.5674431528896093,,79.90839810715988,4.7074189013801515,2.1161819309927523,0.0,857.0,2.0,2.0,2.0,0.9996567368507385,0.060280799865722656,0.004013433121144772,0.007754493039101362,1.0
858.0,0,all_fail,False,False,False,False,False,0.9510684609413147,0.0,0.0,1e-06,50.07516860961914,25.795079708099365,28.3828125,0.0,0.0,0.0,0.0,0.0,0.0,0.0,0.0,0.0,0.0,0.0,0.0,0.0,0.0,0.0,0.0,16368.0,16368.0,16368.0,16368.0,16368.0,0.0,0.0,146.69783652120628,111.57628761371598,16368.0,1.0,762.0,762.0,762.0,0.0,0.0625,421.0,261.0,100.0,0.0625,421.0,261.0,100.0,0.07995462417602539,0.001352071762084961,0.0005533226649276912,0.00043569933040998876,0.0012711584568023682,0.0005456283688545227,0.006730973720550537,-0.001960277557373047,1.0005478858947754,0.9974656701087952,2.817347526550293,0.9980112910270691,2.818668842315674,0.0006578173222091279,23.94967115008258,0.3643395681717576,0.010767153929919004,100.01382672274485,2.987935143057257,,111.57628761371598,5.963510051835328,2.0991556867957115,0.0,858.0,2.0,2.0,2.0,0.9997165203094482,0.05811980366706848,0.004261252470314503,0.0076687149703502655,1.0
859.0,8,mixed,True,True,True,True,True,0.6775653958320618,0.16164281964302063,0.07306163012981415,1e-06,50.11170196533203,25.795079708099365,28.3828125,0.0,0.0,0.07306163012981415,0.0,0.9682439565658569,-0.07306162267923355,-0.9682439565658569,0.9682439565658569,-0.07306162267923355,-0.9682439565658569,1.0,0.5,0.0,1.0,0.5,0.0,12303.0,12303.0,12303.0,12303.0,12303.0,0.0,0.0,172.22490520058733,71.43566132709384,12303.0,1.0,513.0,513.0,513.0,0.0,0.125,512.0,255.9375,141.0,0.125,512.0,255.9375,141.0,0.47559332847595215,0.0018669366836547852,0.00043347233440726995,-6.386217864928767e-05,0.0018206257373094559,5.36944717168808e-05,0.006132841110229492,-0.0025184154510498047,1.000056266784668,0.6766209006309509,1.9833974838256836,0.6766746044158936,1.9832868576049805,0.0007629651831537013,14.898691160925033,0.41587500805193445,0.009386760648339987,61.01014030398801,2.688625524751842,,71.43566132709384,5.116510224062949,2.1144804251380265,0.0,859.0,2.0,2.0,2.0,0.9996339678764343,0.056713640689849854,0.004315132275223732,0.008055941201746464,1.0
860.0,0,all_fail,False,False,False,False,False,0.9471822381019592,0.0,0.0,1e-06,50.077972412109375,25.795079708099365,28.3828125,0.0,0.0,0.0,0.0,0.0,0.0,0.0,0.0,0.0,0.0,0.0,0.0,0.0,0.0,0.0,0.0,15614.0,15614.0,15614.0,15614.0,15614.0,0.0,0.0,172.33107884959975,90.60466692503542,15614.0,1.0,689.0,689.0,689.0,0.0,0.0625,512.0,286.875,164.0,0.0625,512.0,286.875,164.0,-0.10005086660385132,0.000385284423828125,0.00046906163333915174,0.0007475792663171887,0.0015236511826515198,0.0007823482155799866,0.003970026969909668,-0.0023795366287231445,1.000784158706665,1.0034973621368408,2.8819375038146973,1.004279613494873,2.8844897747039795,0.000661198677027731,17.214087425773734,0.38164114729629306,0.01032395614311099,79.01266128430143,2.987944935914129,,90.60466692503542,5.95894487388432,2.1345743159763515,0.0,860.0,2.0,2.0,2.0,0.9997053742408752,0.0569894015789032,0.004353869240731001,0.007662058342248201,1.0
861.0,7,mixed,True,True,True,True,True,0.6735566854476929,0.13725677132606506,0.09257188439369202,1e-06,50.16840362548828,25.795079708099365,28.3828125,0.0,0.0,0.09257188439369202,0.0,1.0978854894638062,-0.09257188439369202,-0.8539109230041504,1.0978854894638062,-0.09257188439369202,-0.8539109230041504,1.0,0.4375,0.0,1.0,0.4375,0.0,11232.0,11232.0,11232.0,11232.0,11232.0,0.0,0.0,225.30449215198587,49.8525346419774,11232.0,1.0,420.0,420.0,420.0,0.0,0.0625,512.0,282.0,181.0,0.0625,512.0,282.0,181.0,0.5097754001617432,0.0009132623672485352,0.00041123369010165334,0.0003654053434729576,0.0016582421958446503,0.0005986355245113373,0.004614651203155518,-0.0027637481689453125,1.0006006956100464,0.7638124227523804,3.0246365070343018,0.7644110918045044,3.02555251121521,0.0009223777486377547,8.866801354823574,0.41555099053629424,0.01036014687269926,40.00700771296397,2.5582296741195023,,49.8525346419774,4.667468725703657,2.1106207841075957,0.0,861.0,2.0,2.0,2.0,0.999657928943634,0.06237718462944031,0.003977976739406586,0.007818332873284817,1.0
862.0,0,all_fail,False,False,False,False,False,0.7133545875549316,0.0,0.0,1e-06,50.10069274902344,25.795079708099365,28.3828125,0.0,0.0,0.0,0.0,0.0,0.0,0.0,0.0,0.0,0.0,0.0,0.0,0.0,0.0,0.0,0.0,13412.0,13412.0,13412.0,13412.0,13412.0,0.0,0.0,184.33392370511143,72.75926064187661,13412.0,1.0,565.0,565.0,565.0,0.0,0.125,512.0,273.25,132.0,0.125,512.0,273.25,132.0,0.14723420143127441,0.0012046098709106445,0.0004426699015311897,0.0002835844934452325,0.0012018680572509766,0.00010219216346740723,0.002917170524597168,-0.0031525492668151855,1.00010347366333,0.7468470335006714,2.138061761856079,0.7469491958618164,2.138378143310547,0.0007361875801985206,14.183576394099152,0.3982913978478396,0.009873747825622559,62.010595995001495,2.78256100602448,,72.75926064187661,5.341884227935225,2.1140517317689955,0.0,862.0,2.0,2.0,2.0,0.9996976852416992,0.062158286571502686,0.003920475486665964,0.007560177240520716,1.0
863.0,0,all_fail,False,False,False,False,False,0.7373612523078918,0.0,0.0,1e-06,50.08342361450195,25.795079708099365,28.3828125,0.0,0.0,0.0,0.0,0.0,0.0,0.0,0.0,0.0,0.0,0.0,0.0,0.0,0.0,0.0,0.0,12411.0,12411.0,12411.0,12411.0,12411.0,0.0,0.0,145.41590669072784,85.3482970497571,12411.0,1.0,534.0,534.0,534.0,0.0,0.0625,465.0,241.6875,146.0,0.0625,465.0,241.6875,146.0,-0.03949207067489624,-0.0006170272827148438,0.00047885585809126496,0.0012641979847103357,0.0022238362580537796,0.0009210053831338882,0.0038181841373443604,-0.0035142898559570312,1.000923991203308,0.736122190952301,2.1224708557128906,0.7370432019233704,2.1240851879119873,0.0008060023576998516,19.397824194897876,0.4066659590698693,0.010003295261412859,75.01138616167009,2.67225362919271,,85.3482970497571,5.047131218016148,2.1098526562564075,0.0,863.0,2.0,2.0,2.0,0.9996359944343567,0.06238722801208496,0.0045325676910579205,0.008052491582930088,1.0
864.0,1,mixed,True,True,True,True,True,0.6788796782493591,0.1250205934047699,0.12436529994010925,1e-06,50.083946228027344,25.795079708099365,28.3828125,0.0,0.0,0.12436529994010925,0.0,3.7499847412109375,-0.12436531484127045,-0.24999898672103882,3.7499847412109375,-0.12436531484127045,-0.24999898672103882,1.0,0.0625,0.0,1.0,0.0625,0.0,13099.0,13099.0,13099.0,13099.0,13099.0,0.0,0.0,158.86649439367042,82.45288001094013,13099.0,1.0,560.0,560.0,560.0,0.0,0.0625,414.0,258.6875,130.0,0.0625,414.0,258.6875,130.0,-6.240606307983398e-05,0.00023663043975830078,0.0003866161860059947,0.0006553700077347457,0.0017301756888628006,0.0005756225436925888,0.004732072353363037,-0.00314900279045105,1.0005778074264526,0.6729868650436401,2.0051615238189697,0.6735625267028809,2.0063633918762207,0.0007219812172620804,17.39838343058758,0.3897699652789558,0.00945723196491599,72.011909019202,2.700817121192813,,82.45288001094013,5.105596775189042,2.1251439349725842,0.0,864.0,2.0,2.0,2.0,0.9996816515922546,0.06206357479095459,0.0039948695339262486,0.0075646862387657166,1.0
865.0,5,mixed,True,True,True,True,True,0.802844226360321,0.21749348938465118,-0.01807725429534912,1e-06,50.17192077636719,25.795079708099365,28.3828125,0.0,0.0,-0.01807725429534912,0.0,1.4361376762390137,0.018077243119478226,-0.652789831161499,1.4361376762390137,0.018077243119478226,-0.652789831161499,1.0,0.3125,0.0,1.0,0.3125,0.0,6936.0,6936.0,6936.0,6936.0,6936.0,0.0,0.0,125.78910150265858,55.13991210004315,6936.0,1.0,271.0,271.0,271.0,0.0,0.0625,277.0,162.5,88.0,0.0625,277.0,162.5,88.0,0.5455995798110962,0.0029555559158325195,0.00048409434384666383,-0.000503765419125557,0.002272536978125572,-0.000492999330163002,0.006021261215209961,-0.006057083606719971,0.9995114207267761,0.8417958617210388,2.372164249420166,0.8413028120994568,2.3705530166625977,0.0013582909403469805,18.07995286501514,0.4839239137289098,0.009421105962246656,47.00787744903937,2.1007602992467582,,55.13991210004315,3.3564962656237185,2.1688835211098194,0.0,865.0,2.0,2.0,2.0,0.9996824264526367,0.0694110095500946,0.004290121141821146,0.007849038578569889,1.0
866.0,0,all_fail,False,False,False,False,False,0.8848809599876404,0.0,0.0,1e-06,50.09247970581055,25.795079708099365,28.3828125,0.0,0.0,0.0,0.0,0.0,0.0,0.0,0.0,0.0,0.0,0.0,0.0,0.0,0.0,0.0,0.0,14583.0,14583.0,14583.0,14583.0,14583.0,0.0,0.0,163.5327571026128,89.17479444714263,14583.0,1.0,642.0,642.0,642.0,0.0,0.0625,499.0,269.4375,122.0,0.0625,499.0,269.4375,122.0,0.5181407928466797,0.0031691789627075195,0.0005481262342073023,-0.000482807750813663,0.001023765653371811,-0.000512395054101944,0.002063453197479248,-0.0022695064544677734,0.9994882345199585,0.8652740716934204,2.4219563007354736,0.8647617697715759,2.420544147491455,0.0006674707721660046,18.09583747253078,0.38868989126156084,0.009733726270496845,78.01115534408018,2.886888078879565,,89.17479444714263,5.668264684267342,2.1005027359351516,0.0,866.0,2.0,2.0,2.0,0.9996764659881592,0.05814129114151001,0.004422574769705534,0.007835815660655499,1.0
867.0,0,all_fail,False,False,False,False,False,0.8454322218894958,0.0,0.0,1e-06,50.169776916503906,25.795079708099365,28.3828125,0.0,0.0,0.0,0.0,0.0,0.0,0.0,0.0,0.0,0.0,0.0,0.0,0.0,0.0,0.0,0.0,12369.0,12369.0,12369.0,12369.0,12369.0,0.0,0.0,138.89275348171256,89.05432205740362,12369.0,1.0,546.0,546.0,546.0,0.0,0.0625,365.0,227.0625,134.0,0.0625,365.0,227.0625,134.0,0.33195948600769043,0.0021011829376220703,0.0005287911044433713,9.55579071160173e-06,0.0015661902725696564,9.414926171302795e-05,0.0025835633277893066,-0.0031052231788635254,1.0000956058502197,0.8654147982597351,2.422105312347412,0.865509033203125,2.422290086746216,0.0009107879998564614,21.748097344413665,0.39014698849741436,0.011265536770224571,79.01083765225485,2.5939886760897934,,89.05432205740362,4.825728100724518,2.1135066212154925,0.0,867.0,2.0,2.0,2.0,0.9997062683105469,0.061783403158187866,0.004169607535004616,0.007622459437698126,1.0
868.0,2,mixed,True,True,True,True,True,0.5888463258743286,0.13281889259815216,0.023537740111351013,1e-06,50.09195327758789,25.795079708099365,28.3828125,0.0,0.0,0.02353774174116552,0.0,2.561730146408081,-0.023537784814834595,-0.3659614622592926,2.561730146408081,-0.023537784814834595,-0.3659614622592926,1.0,0.125,0.0,1.0,0.125,0.0,15719.0,15719.0,15719.0,15719.0,15719.0,0.0,0.0,185.87378735689268,84.56813746318221,15719.0,1.0,688.0,688.0,688.0,0.0,0.0625,512.0,294.4375,152.0,0.0625,512.0,294.4375,152.0,0.4120163917541504,0.0009846687316894531,0.00044429642730392516,0.00039873961941339076,0.001637069508433342,0.000428931787610054,0.0049817562103271484,-0.0039727091789245605,1.0004311800003052,0.6097126603126526,1.8837275505065918,0.6101416349411011,1.884964108467102,0.0006195731407487746,15.49823543148179,0.37861468507532353,0.009739070199429989,73.01218711771071,2.9820415009744465,,84.56813746318221,5.951444234699011,2.1138165569864213,0.0,868.0,2.0,2.0,2.0,0.999648928642273,0.05692410469055176,0.0039209057576954365,0.007728666067123413,1.0
869.0,9,mixed,True,True,True,True,True,0.7702689170837402,0.1647915095090866,-0.09063257277011871,1e-06,50.13042449951172,25.795079708099365,28.3828125,0.0,0.0,-0.09063257277011871,0.0,0.8539109230041504,0.09063252806663513,-1.0978854894638062,0.8539109230041504,0.09063252806663513,-1.0978854894638062,1.0,0.5625,0.0,1.0,0.5625,0.0,11834.0,11834.0,11834.0,11834.0,11834.0,0.0,0.0,196.91694267210966,60.096403282601386,11834.0,1.0,513.0,513.0,513.0,0.0,0.0625,509.0,226.625,100.0,0.0625,509.0,226.625,100.0,0.04804956912994385,0.0006375312805175781,0.0004482189833652228,0.0005762207438237965,0.001722767949104309,0.0005738884210586548,0.0031581521034240723,-0.0023421645164489746,1.0005757808685303,0.8138914704322815,2.660839319229126,0.8144654631614685,2.6609244346618652,0.0008039249811439231,13.791662705980007,0.4084034422225211,0.009513648226857185,50.008568971883506,2.615434636361897,,60.096403282601386,4.833046335261315,2.1343763382174075,0.0,869.0,2.0,2.0,2.0,0.9996662735939026,0.061290621757507324,0.004179371055215597,0.007929355837404728,1.0
870.0,0,all_fail,False,False,False,False,False,0.7536876797676086,0.0,0.0,1e-06,50.116493225097656,25.795079708099365,28.3828125,0.0,0.0,0.0,0.0,0.0,0.0,0.0,0.0,0.0,0.0,0.0,0.0,0.0,0.0,0.0,0.0,18165.0,18165.0,18165.0,18165.0,18165.0,0.0,0.0,231.15409636711234,78.58394155884162,18165.0,1.0,842.0,842.0,842.0,0.0,0.0625,512.0,293.3125,155.0,0.0625,512.0,293.3125,155.0,-0.12589788436889648,8.189678192138672e-05,0.00044031639117747545,0.0008389653521589935,0.0016583949327468872,0.001013588160276413,0.00390779972076416,-0.0031585693359375,1.0010156631469727,0.7906442284584045,2.308194875717163,0.7916578054428101,2.3109090328216553,0.0005349883193931007,14.065816477254659,0.3694680098986662,0.009718062821775675,66.01087672775611,3.236936538014561,,78.58394155884162,6.711386399809271,2.115897208917886,0.0,870.0,2.0,2.0,2.0,0.9997020959854126,0.05859261751174927,0.003977105487138033,0.007575522176921368,1.0
871.0,0,all_fail,False,False,False,False,False,0.7756943702697754,0.0,0.0,1e-06,50.13521194458008,25.795079708099365,28.3828125,0.0,0.0,0.0,0.0,0.0,0.0,0.0,0.0,0.0,0.0,0.0,0.0,0.0,0.0,0.0,0.0,15852.0,15852.0,15852.0,15852.0,15852.0,0.0,0.0,198.8280111957117,79.72719691088423,15852.0,1.0,676.0,676.0,676.0,0.0,0.1875,512.0,314.75,127.0,0.1875,512.0,314.75,127.0,0.3529703617095947,0.0018515586853027344,0.00041151040932163596,-9.954598499462008e-05,0.0010122451931238174,9.944476187229156e-05,0.002841472625732422,-0.0015971660614013672,1.0001002550125122,0.8589894771575928,2.7887749671936035,0.8590888977050781,2.790201187133789,0.0006015089495845916,13.505174561567912,0.3834155483000731,0.009535119868814945,68.012059092056,3.0226187063381076,,79.72719691088423,6.077903271652758,2.1054976866580546,0.0,871.0,2.0,2.0,2.0,0.9997450113296509,0.057240456342697144,0.0036256429739296436,0.0070886737667024136,1.0
872.0,0,all_fail,False,False,False,False,False,0.9378501176834106,0.0,0.0,1e-06,50.134029388427734,25.795079708099365,28.3828125,0.0,0.0,0.0,0.0,0.0,0.0,0.0,0.0,0.0,0.0,0.0,0.0,0.0,0.0,0.0,0.0,12915.0,12915.0,12915.0,12915.0,12915.0,0.0,0.0,149.2047920749305,86.55888205999509,12915.0,1.0,585.0,585.0,585.0,0.0,0.0625,496.0,222.1875,146.0,0.0625,496.0,222.1875,146.0,0.15690529346466064,0.00030243396759033203,0.0004506988334469497,0.000749353552237153,0.0023797228932380676,0.0010342895984649658,0.0067986249923706055,-0.003730952739715576,1.0010383129119873,0.8780681490898132,2.465054750442505,0.8791024088859558,2.4676451683044434,0.0007624233136493662,21.38196951834126,0.40209913565739386,0.009846697095781565,76.01290163770318,2.722007540985942,,86.55888205999509,5.193110337015241,2.1210712022148073,0.0,872.0,2.0,2.0,2.0,0.999691903591156,0.0564003586769104,0.00448498735204339,0.007664352655410767,1.0
873.0,1,mixed,True,True,True,True,True,0.8630571365356445,0.1703953891992569,0.0467190220952034,1e-06,50.126792907714844,25.795079708099365,28.3828125,0.0,0.0,0.0467190220952034,0.0,3.7499847412109375,-0.046719029545784,-0.24999898672103882,3.7499847412109375,-0.046719029545784,-0.24999898672103882,1.0,0.0625,0.0,1.0,0.0625,0.0,8853.0,8853.0,8853.0,8853.0,8853.0,0.0,0.0,141.10503854176832,62.740495247300714,8853.0,1.0,359.0,359.0,359.0,0.0,0.0625,354.0,194.3125,100.0,0.0625,354.0,194.3125,100.0,0.04678916931152344,0.0012139081954956055,0.000508867553435266,0.00041015143506228924,0.0014067217707633972,0.0004270970821380615,0.003803849220275879,-0.0022623538970947266,1.000428557395935,0.8993149399757385,2.5646278858184814,0.8997421264648438,2.5654308795928955,0.0010776292693846564,17.371933128721903,0.43569537347581755,0.009540251921862364,54.0093400971964,2.26029763603583,,62.740495247300714,3.8572111413814127,2.1035176320001483,0.0,873.0,2.0,2.0,2.0,0.9996770620346069,0.058475375175476074,0.0045374492183327675,0.007840660400688648,1.0
874.0,0,all_fail,False,False,False,False,False,0.8351630568504333,0.0,0.0,1e-06,50.12057876586914,25.795079708099365,28.3828125,0.0,0.0,0.0,0.0,0.0,0.0,0.0,0.0,0.0,0.0,0.0,0.0,0.0,0.0,0.0,0.0,15685.0,15685.0,15685.0,15685.0,15685.0,0.0,0.0,197.39492791986206,79.45999507326633,15685.0,1.0,687.0,687.0,687.0,0.0,0.0625,461.0,293.3125,137.0,0.0625,461.0,293.3125,137.0,0.5850315093994141,0.0014876127243041992,0.00044022241490893066,0.0001390480319969356,0.0016733333468437195,0.00012498348951339722,0.002177715301513672,-0.0032697319984436035,1.000126600265503,0.8642908930778503,2.547499656677246,0.8644159436225891,2.5485312938690186,0.0006249688083592744,14.492048877681334,0.37411782806837185,0.009802635759115219,68.0111853829585,2.9576766793616116,,79.45999507326633,5.868038133252412,2.115397199988365,0.0,874.0,2.0,2.0,2.0,0.9996774196624756,0.05428096652030945,0.004364893771708012,0.007685698568820953,1.0
875.0,3,mixed,True,True,True,True,True,0.6719224452972412,0.1785527467727661,-0.0729336142539978,1e-06,50.19371032714844,25.795079708099365,28.3828125,0.0,0.0,-0.07293361719348468,0.0,2.015559434890747,0.0729336366057396,-0.4651290774345398,2.015559434890747,0.0729336366057396,-0.4651290774345398,1.0,0.1875,0.0,1.0,0.1875,0.0,9918.0,9918.0,9918.0,9918.0,9918.0,0.0,0.0,176.73728458691951,56.117191249039024,9918.0,1.0,415.0,415.0,415.0,0.0,0.0625,297.0,204.875,115.0,0.0625,297.0,204.875,115.0,0.14827370643615723,0.0013332366943359375,0.00040644832188263535,0.00014793108857702464,0.0013371538370847702,0.0002300608903169632,0.0027025341987609863,-0.0018697381019592285,1.0002312660217285,0.6674056053161621,1.9883537292480469,0.6676357388496399,1.9890649318695068,0.0009701589982934862,14.340654022785959,0.41552428199332503,0.009622036945074797,47.008663886692375,2.359901572111994,,56.117191249039024,4.121169828809798,2.118353659287095,0.0,875.0,2.0,2.0,2.0,0.9996479749679565,0.08320283889770508,0.004170590545982122,0.007851709611713886,1.0
876.0,0,all_fail,False,False,False,False,False,0.7231608629226685,0.0,0.0,1e-06,50.113277435302734,25.795079708099365,28.3828125,0.0,0.0,0.0,0.0,0.0,0.0,0.0,0.0,0.0,0.0,0.0,0.0,0.0,0.0,0.0,0.0,15243.0,15243.0,15243.0,15243.0,15243.0,0.0,0.0,176.22767852405005,86.49606082122773,15243.0,1.0,633.0,633.0,633.0,0.0,0.1875,512.0,319.6875,134.0,0.1875,512.0,319.6875,134.0,-0.1533910036087036,0.0003565549850463867,0.00041700812289491296,0.0006548790843226016,0.0013880562037229538,0.0010505523532629013,0.006281256675720215,-0.0011039376258850098,1.0010530948638916,0.734172523021698,2.3018178939819336,0.7352230548858643,2.3041656017303467,0.0006310254524075233,14.665411069228124,0.38638303116480094,0.009618720971047878,75.01357761910185,2.9594669500365853,,86.49606082122773,5.889636544045061,2.1178123452700675,0.0,876.0,2.0,2.0,2.0,0.9996721744537354,0.06105971336364746,0.004117010161280632,0.007704213261604309,1.0
877.0,0,all_fail,False,False,False,False,False,0.7900981307029724,0.0,0.0,1e-06,50.13748550415039,25.795079708099365,28.3828125,0.0,0.0,0.0,0.0,0.0,0.0,0.0,0.0,0.0,0.0,0.0,0.0,0.0,0.0,0.0,0.0,17842.0,17842.0,17842.0,17842.0,17842.0,0.0,0.0,142.11734389639682,125.54414198035374,17842.0,1.0,823.0,823.0,823.0,0.0,0.125,512.0,292.125,120.0,0.125,512.0,292.125,120.0,0.8170598745346069,0.0005766153335571289,0.0005004002596251667,0.0007151234312914312,0.0020795054733753204,0.0009019114077091217,0.004239022731781006,-0.002417922019958496,1.0009045600891113,0.7908433675765991,2.2624247074127197,0.791745126247406,2.2646472454071045,0.0005681805267534159,24.180239166707363,0.37412916135475943,0.010137476958334446,113.01843786519021,3.223697098903358,,125.54414198035374,6.675212496891618,2.113828712143004,0.0,877.0,2.0,2.0,2.0,0.9996539950370789,0.06076633930206299,0.004484726581722498,0.008088246919214725,1.0
878.0,0,all_fail,False,False,False,False,False,0.7603897452354431,0.0,0.0,1e-06,50.108219146728516,25.795079708099365,28.3828125,0.0,0.0,0.0,0.0,0.0,0.0,0.0,0.0,0.0,0.0,0.0,0.0,0.0,0.0,0.0,0.0,10499.0,10499.0,10499.0,10499.0,10499.0,0.0,0.0,182.3139985064477,57.58745947107673,10499.0,1.0,438.0,438.0,438.0,0.0,0.0625,415.0,218.1875,47.0,0.0625,415.0,218.1875,47.0,0.09747040271759033,0.000518798828125,0.00045894397771917284,0.0006574877770617604,0.002154417335987091,0.0006706342101097107,0.004729509353637695,-0.0048364996910095215,1.0006738901138306,0.8138511776924133,2.3126134872436523,0.8145217895507812,2.3146374225616455,0.0009423295495986757,13.752043320586896,0.426954455660921,0.009893517941236496,48.00838323216885,2.492672450840473,,57.58745947107673,4.482594829984009,2.097783714067191,0.0,878.0,2.0,2.0,2.0,0.9996809959411621,0.0602075457572937,0.004087497014552355,0.007807557471096516,1.0
879.0,0,all_fail,False,False,False,False,False,0.8223391175270081,0.0,0.0,1e-06,50.16692352294922,25.795079708099365,28.3828125,0.0,0.0,0.0,0.0,0.0,0.0,0.0,0.0,0.0,0.0,0.0,0.0,0.0,0.0,0.0,0.0,17591.0,17591.0,17591.0,17591.0,17591.0,0.0,0.0,194.91414683273027,90.24999101320282,17591.0,1.0,849.0,849.0,849.0,0.0,0.0625,485.0,250.4375,132.0,0.0625,485.0,250.4375,132.0,-0.0009351968765258789,0.0005568265914916992,0.0004584558482747525,0.0006412625662051141,0.0015800148248672485,0.0006802380084991455,0.0035265088081359863,-0.0026450753211975098,1.0006818771362305,0.8570543527603149,2.5282669067382812,0.8577345609664917,2.529803514480591,0.0005810155229519418,19.469047581513408,0.36667456415640537,0.010220644064247608,78.01247365912423,3.150391243863851,,90.24999101320282,6.450172258075327,2.126062901224941,0.0,879.0,2.0,2.0,2.0,0.9996988773345947,0.058176785707473755,0.0042006284929811954,0.007636832073330879,1.0
880.0,5,mixed,True,True,True,True,True,0.6958685517311096,0.186916321516037,-0.04931981489062309,1e-06,50.15236282348633,25.795079708099365,28.3828125,0.0,0.0,-0.04931981489062309,0.0,1.4361376762390137,0.04931977763772011,-0.652789831161499,1.4361376762390137,0.04931977763772011,-0.652789831161499,1.0,0.3125,0.0,1.0,0.3125,0.0,8025.0,8025.0,8025.0,8025.0,8025.0,0.0,0.0,130.3910479845,61.54563617706299,8025.0,1.0,329.0,329.0,329.0,0.0,0.0625,279.0,172.5625,112.0,0.0625,279.0,172.5625,112.0,0.3550713062286377,0.0017862319946289062,0.0003926053177565336,-0.00010563371324678883,0.0016206000000238419,-0.00013765506446361542,0.0032123327255249023,-0.004789173603057861,0.9998645186424255,0.6600251793861389,1.9843133687973022,0.6598875522613525,1.9838497638702393,0.0012131705532007128,19.199328197349146,0.44658039090139473,0.00973569368943572,53.009345152881,2.186027554795146,,61.54563617706299,3.5838076369836926,2.2584188310429454,0.0,880.0,2.0,2.0,2.0,0.9996997714042664,0.06931912899017334,0.0038524342235177755,0.007502121385186911,1.0
881.0,0,all_fail,False,False,False,False,False,0.6479675769805908,0.0,0.0,1e-06,50.11390686035156,25.795079708099365,28.3828125,0.0,0.0,0.0,0.0,0.0,0.0,0.0,0.0,0.0,0.0,0.0,0.0,0.0,0.0,0.0,0.0,9829.0,9829.0,9829.0,9829.0,9829.0,0.0,0.0,160.34988401749246,61.297206793911755,9829.0,1.0,371.0,371.0,371.0,0.0,0.0625,372.0,243.3125,101.0,0.0625,372.0,243.3125,101.0,0.25878357887268066,0.0010561943054199219,0.0004426181549206376,0.0003572965506464243,0.0015563350170850754,0.0003114026039838791,0.0028960704803466797,-0.0033125877380371094,1.00031316280365,0.6661220192909241,2.0051798820495605,0.6664334535598755,2.0061967372894287,0.0010349806058939264,13.359675174921124,0.42991629501419826,0.010172824375331402,52.00921545596793,2.4331633327528834,,61.297206793911755,4.225647263694555,2.114272000733763,0.0,881.0,2.0,2.0,2.0,0.9996501803398132,0.059581875801086426,0.004205666948109865,0.007724778261035681,1.0
882.0,0,all_fail,False,False,False,False,False,0.8312073349952698,0.0,0.0,1e-06,50.04937744140625,25.795079708099365,28.3828125,0.0,0.0,0.0,0.0,0.0,0.0,0.0,0.0,0.0,0.0,0.0,0.0,0.0,0.0,0.0,0.0,9375.0,9375.0,9375.0,9375.0,9375.0,0.0,0.0,78.0731059421993,120.07976225437596,9375.0,1.0,375.0,375.0,375.0,0.0,0.0625,428.0,210.9375,119.0,0.0625,428.0,210.9375,119.0,-0.07631707191467285,0.00036513805389404297,0.0004823419149033725,0.0007827103254385293,0.0014834478497505188,0.0008103027939796448,0.004857182502746582,-0.0029990077018737793,1.0008121728897095,0.8200044631958008,2.3326077461242676,0.820814847946167,2.3347105979919434,0.0010882927974065146,32.893999724752376,0.4352625912427902,0.010202744975686073,111.01724907103926,2.3518318766728044,,120.07976225437596,4.080586792901158,2.120437284000218,0.0,882.0,2.0,2.0,2.0,0.9996746182441711,0.05576270818710327,0.004432760179042816,0.007800999563187361,1.0
883.0,0,all_fail,False,False,False,False,False,0.6695818305015564,0.0,0.0,1e-06,50.10867691040039,25.795079708099365,28.3828125,0.0,0.0,0.0,0.0,0.0,0.0,0.0,0.0,0.0,0.0,0.0,0.0,0.0,0.0,0.0,0.0,13182.0,13182.0,13182.0,13182.0,13182.0,0.0,0.0,128.64504149099278,102.46799913328141,13182.0,1.0,556.0,556.0,556.0,0.0,0.0625,452.0,267.875,139.0,0.0625,452.0,267.875,139.0,0.16827905178070068,0.0004335641860961914,0.00040356797398999333,0.0005896380171179771,0.0015919823199510574,0.0005826372653245926,0.002727031707763672,-0.002705097198486328,1.0005841255187988,0.6926409602165222,2.0519702434539795,0.6932235956192017,2.052886724472046,0.0007196146265144793,21.468611198337943,0.3895736184293901,0.009485960006713867,92.01446759607643,2.7088937708176672,,102.46799913328141,5.13535943813622,2.1015487513504922,0.0,883.0,2.0,2.0,2.0,0.9996448159217834,0.12353277206420898,0.003938046284019947,0.008048737421631813,1.0
884.0,0,all_fail,False,False,False,False,False,0.7426230311393738,0.0,0.0,1e-06,50.12627410888672,25.795079708099365,28.3828125,0.0,0.0,0.0,0.0,0.0,0.0,0.0,0.0,0.0,0.0,0.0,0.0,0.0,0.0,0.0,0.0,19139.0,19139.0,19139.0,19139.0,19139.0,0.0,0.0,195.52972624372478,97.88281489303336,19139.0,1.0,963.0,963.0,963.0,0.0,0.0625,512.0,233.1875,132.0,0.0625,512.0,233.1875,132.0,0.24502384662628174,0.0015406608581542969,0.00040113137220032513,3.2924392144195735e-05,0.001687329262495041,6.957724690437317e-05,0.004727184772491455,-0.0025217533111572266,1.0000717639923096,0.7439567446708679,2.132558822631836,0.7440263628959656,2.132558822631836,0.0005456318921044152,22.785803087577882,0.36259197456609105,0.010442848782986403,85.01383131975308,3.302215225994587,,97.88281489303336,6.939647801220417,2.1127696479670703,0.0,884.0,2.0,2.0,2.0,0.9996699690818787,0.06118720769882202,0.004170097876340151,0.007749021518975496,1.0
885.0,0,all_fail,False,False,False,False,False,0.9570579528808594,0.0,0.0,1e-06,50.13886260986328,25.795079708099365,28.3828125,0.0,0.0,0.0,0.0,0.0,0.0,0.0,0.0,0.0,0.0,0.0,0.0,0.0,0.0,0.0,0.0,15968.0,15968.0,15968.0,15968.0,15968.0,0.0,0.0,222.87058448232997,71.64696066593751,15968.0,1.0,743.0,743.0,743.0,0.0,0.0625,512.0,255.0,139.0,0.0625,512.0,255.0,139.0,0.5286639928817749,0.0014734268188476562,0.0005016113282181323,0.0002691460831556469,0.001875653862953186,0.0004122704267501831,0.003397226333618164,-0.003404855728149414,1.0004146099090576,0.992387592792511,2.742894172668457,0.9927998781204224,2.7441415786743164,0.0005975105628961015,14.708429266922359,0.37584317304387144,0.009541048668324947,60.01039140904322,2.998234649654478,,71.64696066593751,6.001463787164539,2.128929208032787,0.0,885.0,2.0,2.0,2.0,0.9997249245643616,0.05766862630844116,0.004247639328241348,0.007506288588047028,1.0
886.0,0,all_fail,False,False,False,False,False,0.7326242923736572,0.0,0.0,1e-06,50.11200714111328,25.795079708099365,28.3828125,0.0,0.0,0.0,0.0,0.0,0.0,0.0,0.0,0.0,0.0,0.0,0.0,0.0,0.0,0.0,0.0,14453.0,14453.0,14453.0,14453.0,14453.0,0.0,0.0,140.121277881271,103.14636162715033,14453.0,1.0,633.0,633.0,633.0,0.0,0.0625,512.0,270.3125,147.0,0.0625,512.0,270.3125,147.0,-0.077359139919281,-0.000505983829498291,0.00041767573566175997,0.0010866763768717647,0.0017320998013019562,0.0010727979242801666,0.00529789924621582,-0.0026270151138305664,1.001075029373169,0.764244556427002,2.1840603351593018,0.7653173208236694,2.18647837638855,0.0006781918632256682,21.275132468691623,0.3890068184434625,0.009801906999200583,92.01494792709127,2.879671392031014,,103.14636162715033,5.622315546963364,2.119597639888525,0.0,886.0,2.0,2.0,2.0,0.9996940493583679,0.05850130319595337,0.004006126429885626,0.007545540574938059,1.0
887.0,4,mixed,True,True,True,True,True,0.6520766019821167,0.18075622618198395,-0.20007388293743134,1e-06,50.193359375,25.795079708099365,28.3828125,0.0,0.0,-0.20007387932855636,0.0,1.6770472526550293,0.2000740021467209,-0.5590157508850098,1.6770472526550293,0.2000740021467209,-0.5590157508850098,1.0,0.25,0.0,1.0,0.25,0.0,11889.0,11889.0,11889.0,11889.0,11889.0,0.0,0.0,192.16814995027704,61.86769245099276,11889.0,1.0,526.0,526.0,526.0,0.0,0.0625,322.0,217.0625,128.0,0.0625,322.0,217.0625,128.0,0.3658626079559326,0.001719355583190918,0.00037691506440751255,-0.00010486446262802929,0.00154108926653862,-0.00013929232954978943,0.003312349319458008,-0.00380629301071167,0.9998624324798584,0.6775648593902588,2.034057140350342,0.6774255633354187,2.0339386463165283,0.000793965341768791,14.975339996853986,0.3930390170894501,0.009439453948289156,52.009355809073895,2.557255025021732,,61.86769245099276,4.672840874176472,2.122949780896306,0.0,887.0,2.0,2.0,2.0,0.9997121691703796,0.05662119388580322,0.0035855434834957123,0.007359175942838192,1.0
888.0,6,mixed,True,True,True,True,True,0.5943254828453064,0.15887059271335602,-0.13385242223739624,1e-06,50.146705627441406,25.795079708099365,28.3828125,0.0,0.0,-0.13385242223739624,0.0,1.2499974966049194,0.13385243713855743,-0.7499985098838806,1.2499974966049194,0.13385243713855743,-0.7499985098838806,1.0,0.375,0.0,1.0,0.375,0.0,9499.0,9499.0,9499.0,9499.0,9499.0,0.0,0.0,150.56687982403474,63.08824365027249,9499.0,1.0,351.0,351.0,351.0,0.0,0.0625,398.0,242.6875,115.0,0.0625,398.0,242.6875,115.0,0.10149049758911133,0.000990748405456543,0.00038210657658055425,0.00026983217685483396,0.0014910325407981873,0.00023430213332176208,0.0028832554817199707,-0.003491520881652832,1.000235915184021,0.6030555367469788,1.8438069820404053,0.603289783000946,1.8441814184188843,0.0010694584782085415,13.909417759562825,0.4298900043177522,0.010158786084502935,54.01026916038245,2.349414157215506,,63.08824365027249,4.083525151014328,2.1356257633306086,0.0,888.0,2.0,2.0,2.0,0.9996556043624878,0.057704031467437744,0.003821002319455147,0.007579435128718615,1.0
889.0,0,all_fail,False,False,False,False,False,0.6633312702178955,0.0,0.0,1e-06,50.12723159790039,25.795079708099365,28.3828125,0.0,0.0,0.0,0.0,0.0,0.0,0.0,0.0,0.0,0.0,0.0,0.0,0.0,0.0,0.0,0.0,17295.0,17295.0,17295.0,17295.0,17295.0,0.0,0.0,210.96837867546546,81.97911036992446,17295.0,1.0,795.0,795.0,795.0,0.0,0.0625,427.0,285.9375,174.0,0.0625,427.0,285.9375,174.0,0.3078385591506958,0.0007915496826171875,0.0004271965881343931,0.00045753581798635423,0.0015838667750358582,0.0006283000111579895,0.004153609275817871,-0.002307116985321045,1.0006301403045654,0.6470562815666199,1.9403736591339111,0.6476845741271973,1.9419419765472412,0.0005514405659165952,15.303052340944609,0.36168913985649676,0.009537164587527514,70.01146445982158,3.0856015351600945,,81.97911036992446,6.255413673818111,2.115903278812766,0.0,889.0,2.0,2.0,2.0,0.9996675252914429,0.06210273504257202,0.003996698185801506,0.007734912913292646,1.0
890.0,1,mixed,True,True,True,True,True,0.8487870097160339,0.20846380293369293,-0.08756856620311737,1e-06,50.15713119506836,25.795079708099365,28.3828125,0.0,0.0,-0.08756856247782707,0.0,3.7499847412109375,0.08756852149963379,-0.24999898672103882,3.7499847412109375,0.08756852149963379,-0.24999898672103882,1.0,0.0625,0.0,1.0,0.0625,0.0,12555.0,12555.0,12555.0,12555.0,12555.0,0.0,0.0,195.35859983438553,64.2664311202243,12555.0,1.0,524.0,524.0,524.0,0.0,0.0625,422.0,260.6875,124.0,0.0625,422.0,260.6875,124.0,0.28836774826049805,0.001103520393371582,0.0004300441942177713,0.00030990105005912483,0.0013928599655628204,0.0004187934100627899,0.003611147403717041,-0.0020288825035095215,1.000420331954956,0.8777574300765991,2.4470012187957764,0.8781761527061462,2.447979688644409,0.0008414126710082752,12.948905401381978,0.3959527522197927,0.010563936084508896,54.00988442916423,2.6510249292477965,,64.2664311202243,4.9711868041194975,2.1229168442077935,0.0,890.0,2.0,2.0,2.0,0.9996735453605652,0.056442469358444214,0.004508421756327152,0.007822413928806782,1.0
891.0,0,all_fail,False,False,False,False,False,0.8642701506614685,0.0,0.0,1e-06,50.17030334472656,25.795079708099365,28.3828125,0.0,0.0,0.0,0.0,0.0,0.0,0.0,0.0,0.0,0.0,0.0,0.0,0.0,0.0,0.0,0.0,10733.0,10733.0,10733.0,10733.0,10733.0,0.0,0.0,134.8951183855176,79.56551822228357,10733.0,1.0,419.0,419.0,419.0,0.0,0.0625,512.0,251.8125,146.0,0.0625,512.0,251.8125,146.0,-0.19885653257369995,-0.00012558698654174805,0.00040718173841014504,0.0008754157461225986,0.001436028629541397,0.0009553618729114532,0.004194974899291992,-0.001540839672088623,1.0009568929672241,0.823657214641571,2.3590121269226074,0.8246126174926758,2.361288547515869,0.0009021006259387974,17.37706437794786,0.41381456001275496,0.009682246018201113,70.01219237875193,2.478699592873454,,79.56551822228357,4.441471672616899,2.1262595960870385,0.0,891.0,2.0,2.0,2.0,0.9997196197509766,0.06207868456840515,0.003955330234020948,0.007415501866489649,1.0
892.0,0,all_fail,False,False,False,False,False,0.6170231103897095,0.0,0.0,1e-06,50.15204620361328,25.795079708099365,28.3828125,0.0,0.0,0.0,0.0,0.0,0.0,0.0,0.0,0.0,0.0,0.0,0.0,0.0,0.0,0.0,0.0,25302.0,25302.0,25302.0,25302.0,25302.0,0.0,0.0,269.99279245655396,93.71361275902018,25302.0,1.0,1291.0,1291.0,1291.0,0.0,0.125,490.0,290.375,157.0,0.125,490.0,290.375,157.0,0.7404701709747314,0.0030635595321655273,0.0004187149170320481,-0.0006907230708748102,0.0012271907180547714,-0.0009000357240438461,0.00107574462890625,-0.004237055778503418,0.9991012811660767,0.6138919591903687,1.865921139717102,0.612991988658905,1.864222526550293,0.0004257012840910171,16.7915827285593,0.3597721368663055,0.010771093890070915,78.0136933568865,3.892160965129733,,93.71361275902018,9.102954606991261,2.193181660026312,0.0,892.0,2.0,2.0,2.0,0.9996538162231445,0.0595090389251709,0.003985363058745861,0.007755936589092016,1.0
893.0,3,mixed,True,True,True,True,True,0.652341365814209,0.13692021369934082,0.07192856818437576,1e-06,50.15376663208008,25.795079708099365,28.3828125,0.0,0.0,0.07192856865003705,0.0,2.015559434890747,-0.07192852348089218,-0.4651290774345398,2.015559434890747,-0.07192852348089218,-0.4651290774345398,1.0,0.1875,0.0,1.0,0.1875,0.0,9678.0,9678.0,9678.0,9678.0,9678.0,0.0,0.0,172.13958508892696,56.22181553998962,9678.0,1.0,319.0,319.0,319.0,0.0,0.0625,474.0,285.875,143.0,0.0625,474.0,285.875,143.0,1.0057673454284668,0.0020051002502441406,0.00041999778477475047,-0.00016157413483597338,0.0020006000995635986,-0.0001551806926727295,0.004934251308441162,-0.004083812236785889,0.9998477697372437,0.6964631676673889,2.069237470626831,0.6963080167770386,2.069279432296753,0.000963252417683158,10.277318773904403,0.43426033490115906,0.009322356898337603,47.00845607183874,2.3988815150223672,,56.22181553998962,4.202771521173418,2.106945819221437,0.0,893.0,2.0,2.0,2.0,0.9996646642684937,0.05955272912979126,0.004068187903612852,0.0076707955449819565,1.0
894.0,1,mixed,True,True,True,True,True,0.76408851146698,0.20057733356952667,-0.20475339889526367,1e-06,50.14021301269531,25.795079708099365,28.3828125,0.0,0.0,-0.20475340262055397,0.0,3.7499847412109375,0.20475342869758606,-0.24999898672103882,3.7499847412109375,0.20475342869758606,-0.24999898672103882,1.0,0.0625,0.0,1.0,0.0625,0.0,23778.0,23778.0,23778.0,23778.0,23778.0,0.0,0.0,190.66652271292412,124.70988436602056,23778.0,1.0,1214.0,1214.0,1214.0,0.0,0.0625,512.0,272.125,163.0,0.0625,512.0,272.125,163.0,0.3699988126754761,0.0006102323532104492,0.00047132998588494956,0.0006368159083649516,0.0024165548384189606,0.0008634291589260101,0.009130895137786865,-0.0030286312103271484,1.0008692741394043,0.818960964679718,2.299164295196533,0.81982421875,2.301265239715576,0.0004172101096716287,25.267884359627853,0.35037667045913545,0.009920421987771988,110.01636850181967,3.7489381469786167,,124.70988436602056,8.331256470177323,2.1075839241966605,0.0,894.0,2.0,2.0,2.0,0.9996984004974365,0.060376524925231934,0.0041484469547867775,0.007540901657193899,1.0
895.0,0,all_fail,False,False,False,False,False,0.8422076106071472,0.0,0.0,1e-06,50.13051986694336,25.795079708099365,28.3828125,0.0,0.0,0.0,0.0,0.0,0.0,0.0,0.0,0.0,0.0,0.0,0.0,0.0,0.0,0.0,0.0,17513.0,17513.0,17513.0,17513.0,17513.0,0.0,0.0,169.77590477592744,103.15362490992993,17513.0,1.0,818.0,818.0,818.0,0.0,0.0625,460.0,276.5625,93.0,0.0625,460.0,276.5625,93.0,0.9232734441757202,0.00303804874420166,0.0004695835232269019,-0.0005781010841019452,0.001628585159778595,-0.0005554035305976868,0.004011929035186768,-0.004658997058868408,0.9994468688964844,0.8700728416442871,2.4639010429382324,0.8695173859596252,2.46307373046875,0.0006033361355026887,20.568348470296563,0.36467157822462437,0.010566225741058588,91.0149419810623,3.1341776731424034,,103.15362490992993,6.386493349447846,2.1072701727971435,0.0,895.0,2.0,2.0,2.0,0.9996699690818787,0.05965316295623779,0.004376368597149849,0.007900573313236237,1.0
896.0,9,mixed,True,True,True,True,True,0.641616702079773,0.16175143420696259,0.09375981986522675,1e-06,50.14146041870117,25.795079708099365,28.3828125,0.0,0.0,0.09375981986522675,0.0,0.8539109230041504,-0.09375980496406555,-1.0978854894638062,0.8539109230041504,-0.09375980496406555,-1.0978854894638062,1.0,0.5625,0.0,1.0,0.5625,0.0,11117.0,11117.0,11117.0,11117.0,11117.0,0.0,0.0,169.27824364985298,65.67294036317617,11117.0,1.0,442.0,442.0,442.0,0.0,0.0625,512.0,252.8125,158.0,0.0625,512.0,252.8125,158.0,-0.11813974380493164,-0.00020390748977661133,0.00041751988464966416,0.0009357244707643986,0.0016264468431472778,0.0009220205247402191,0.0039757490158081055,-0.0017511844635009766,1.000923752784729,0.6806656718254089,2.027221918106079,0.6815876364707947,2.029294490814209,0.0008555203562290257,13.846747069625351,0.4073556243593882,0.009510819800198078,56.01009189663455,2.5102723413147032,,65.67294036317617,4.528572476003319,2.115779560059309,0.0,896.0,2.0,2.0,2.0,0.9996532201766968,0.06211605668067932,0.0041505321860313416,0.007789276074618101,1.0
897.0,0,all_fail,False,False,False,False,False,0.8365769386291504,0.0,0.0,1e-06,50.15256881713867,25.795079708099365,28.3828125,0.0,0.0,0.0,0.0,0.0,0.0,0.0,0.0,0.0,0.0,0.0,0.0,0.0,0.0,0.0,0.0,12315.0,12315.0,12315.0,12315.0,12315.0,0.0,0.0,182.4633813726794,67.49299452500418,12315.0,1.0,506.0,506.0,506.0,0.0,0.0625,512.0,263.6875,116.0,0.0625,512.0,263.6875,116.0,0.21462774276733398,0.0013878345489501953,0.0004386191430967301,0.00018563448975328356,0.0015756040811538696,0.00044845789670944214,0.004496574401855469,-0.0020688772201538086,1.0004503726959229,0.8638542890548706,2.4263970851898193,0.8643026947975159,2.4279143810272217,0.0008098001792645774,13.51249476556555,0.41862826569779493,0.00997268920764327,57.00921541592106,2.7146599739789963,,67.49299452500418,5.155407092068344,2.1051391819491982,0.0,897.0,2.0,2.0,2.0,0.9996858239173889,0.06137663125991821,0.004252216778695583,0.0077743506990373135,1.0
898.0,1,mixed,True,True,True,True,True,0.6672651767730713,0.15990784764289856,0.009036123752593994,1e-06,50.230838775634766,25.795079708099365,28.3828125,0.0,0.0,0.009036123752593994,0.0,3.7499847412109375,-0.009036105126142502,-0.24999898672103882,3.7499847412109375,-0.009036105126142502,-0.24999898672103882,1.0,0.0625,0.0,1.0,0.0625,0.0,10727.0,10727.0,10727.0,10727.0,10727.0,0.0,0.0,186.58258249170296,57.4919687397778,10727.0,1.0,437.0,437.0,437.0,0.0,0.0625,449.0,233.4375,108.0,0.0625,449.0,233.4375,108.0,0.5442129373550415,0.0020676851272583008,0.00040638999780640006,-0.00021975730487611145,0.0019258596003055573,-0.00026299431920051575,0.004039287567138672,-0.0045899152755737305,0.9997398853302002,0.685515284538269,2.0183918476104736,0.68525230884552,2.0180139541625977,0.0009113656002877087,12.853721027802353,0.41005066766573695,0.009776218794286251,48.008648038841784,2.462960874196142,,57.4919687397778,4.39861351205036,2.1146186646074057,0.0,898.0,2.0,2.0,2.0,0.9996948838233948,0.06144535541534424,0.003788701258599758,0.007443857844918966,1.0
899.0,0,all_fail,False,False,False,False,False,0.7783308029174805,0.0,0.0,1e-06,50.147281646728516,25.795079708099365,28.3828125,0.0,0.0,0.0,0.0,0.0,0.0,0.0,0.0,0.0,0.0,0.0,0.0,0.0,0.0,0.0,0.0,16675.0,16675.0,16675.0,16675.0,16675.0,0.0,0.0,163.88459723651098,101.74842713214457,16675.0,1.0,785.0,785.0,785.0,0.0,0.0625,369.0,257.1875,146.0,0.0625,369.0,257.1875,146.0,0.1804872751235962,0.0015461444854736328,0.0005604817997664213,0.0003504047344904393,0.0015158392488956451,0.00027277693152427673,0.0024610161781311035,-0.005560517311096191,1.000274658203125,0.8539690375328064,2.3844895362854004,0.8542418479919434,2.385003089904785,0.0006337269492771314,21.874990496775396,0.3647154203798996,0.010567396879196167,90.01558589423075,3.034257442224771,,101.74842713214457,6.081629634834826,2.108187375124544,0.0,899.0,2.0,2.0,2.0,0.9996795058250427,0.07555055618286133,0.004350233357399702,0.007957392372190952,1.0
900.0,0,all_fail,False,False,False,False,False,0.9369580149650574,0.0,0.0,1e-06,50.169761657714844,25.795079708099365,28.3828125,0.0,0.0,0.0,0.0,0.0,0.0,0.0,0.0,0.0,0.0,0.0,0.0,0.0,0.0,0.0,0.0,9824.0,9824.0,9824.0,9824.0,9824.0,0.0,0.0,61.67363191426194,159.29011629568413,9824.0,1.0,421.0,421.0,421.0,0.0,0.0625,405.0,193.0,120.0,0.0625,405.0,193.0,120.0,0.2486790418624878,0.0016260147094726562,0.0005094244843348861,0.000208325291168876,0.0016837157309055328,0.0002551041543483734,0.004366576671600342,-0.003437340259552002,1.0002570152282715,0.9563157558441162,2.6625006198883057,0.9565709233283997,2.6634860038757324,0.0009864493059328111,33.360113704654296,0.426674055450153,0.009690877981483936,103.01603111997247,2.395096391905099,47.03605739213526,159.29011629568413,4.191645920742303,2.1417936580255628,0.0,900.0,2.0,2.0,2.0,0.9996927380561829,0.06009352207183838,0.004467960447072983,0.007770353928208351,1.0
