comparison,problem_id,difficulty,source_passed,source_test_pass_ratio,target_passed,target_test_pass_ratio,transition,test_pass_ratio_delta
Direct_TO_Self-Plan,1873_A,easy,False,0.6,False,0.6,FAIL_TO_FAIL,0.0
Direct_TO_Self-Plan,1873_B,easy,False,0.9230769230769231,False,0.0,FAIL_TO_FAIL,-0.9230769230769231
Direct_TO_Self-Plan,1873_D,easy,False,0.0,False,0.0,FAIL_TO_FAIL,0.0
Direct_TO_Self-Plan,1883_B,medium,False,0.0,False,0.0,FAIL_TO_FAIL,0.0
Direct_TO_Self-Plan,1883_C,medium,False,0.0,False,0.6153846153846154,FAIL_TO_FAIL,0.6153846153846154
Direct_TO_Self-Plan,1899_A,easy,True,1.0,False,0.15384615384615385,PASS_TO_FAIL,-0.8461538461538461
Direct_TO_Self-Plan,1899_B,hard,False,0.15384615384615385,False,0.0,FAIL_TO_FAIL,-0.15384615384615385
Direct_TO_Self-Plan,1899_C,hard,False,0.6153846153846154,False,0.46153846153846156,FAIL_TO_FAIL,-0.15384615384615385
Direct_TO_Self-Plan,1899_D,hard,False,0.9230769230769231,False,0.9230769230769231,FAIL_TO_FAIL,0.0
Direct_TO_Self-Plan,abc301_a,easy,False,0.8666666666666667,False,0.8666666666666667,FAIL_TO_FAIL,0.0
Direct_TO_Self-Plan,abc301_b,easy,False,0.3,False,0.3,FAIL_TO_FAIL,0.0
Direct_TO_Self-Plan,abc301_c,medium,False,0.5625,False,0.25,FAIL_TO_FAIL,-0.3125
Direct_TO_Self-Plan,abc301_d,medium,False,0.13333333333333333,False,0.26666666666666666,FAIL_TO_FAIL,0.13333333333333333
Direct_TO_Self-Plan,abc301_e,hard,False,0.3333333333333333,False,0.0,FAIL_TO_FAIL,-0.3333333333333333
Direct_TO_Self-Plan,abc301_f,hard,False,0.0,False,0.0,FAIL_TO_FAIL,0.0
Direct_TO_Self-Plan,abc302_a,easy,True,1.0,False,0.7333333333333333,PASS_TO_FAIL,-0.2666666666666667
Direct_TO_Self-Plan,abc302_b,medium,False,0.0,False,0.0,FAIL_TO_FAIL,0.0
Direct_TO_Self-Plan,abc302_c,medium,False,0.13333333333333333,False,0.4666666666666667,FAIL_TO_FAIL,0.33333333333333337
Direct_TO_Self-Plan,abc302_d,medium,False,0.3125,False,0.5,FAIL_TO_FAIL,0.1875
Direct_TO_Self-Plan,abc302_e,hard,False,0.07142857142857142,False,0.0,FAIL_TO_FAIL,-0.07142857142857142
Direct_TO_Self-Plan,abc302_f,hard,False,0.3125,False,0.0625,FAIL_TO_FAIL,-0.25
Direct_TO_Self-Plan,abc303_a,easy,False,0.5333333333333333,True,1.0,FAIL_TO_PASS,0.4666666666666667
Direct_TO_Self-Plan,abc303_b,easy,False,0.14285714285714285,False,0.0,FAIL_TO_FAIL,-0.14285714285714285
Direct_TO_Self-Plan,abc303_c,medium,False,0.5,False,0.7142857142857143,FAIL_TO_FAIL,0.2142857142857143
Direct_TO_Self-Plan,abc303_d,medium,False,0.4666666666666667,False,0.0,FAIL_TO_FAIL,-0.4666666666666667
Direct_TO_Self-Plan,abc303_e,hard,False,0.0,False,0.0,FAIL_TO_FAIL,0.0
Direct_TO_Self-Plan,abc304_a,easy,False,0.0,False,0.14285714285714285,FAIL_TO_FAIL,0.14285714285714285
Direct_TO_Self-Plan,abc304_b,easy,False,0.4375,True,1.0,FAIL_TO_PASS,0.5625
Direct_TO_Self-Plan,abc304_c,medium,False,0.0,False,0.06666666666666667,FAIL_TO_FAIL,0.06666666666666667
Direct_TO_Self-Plan,abc304_d,medium,False,0.0,False,0.0,FAIL_TO_FAIL,0.0
Direct_TO_Self-Plan,abc304_e,hard,False,0.07692307692307693,False,0.0,FAIL_TO_FAIL,-0.07692307692307693
Direct_TO_Self-Plan,abc305_a,easy,True,1.0,False,0.1,PASS_TO_FAIL,-0.9
Direct_TO_Self-Plan,abc305_b,easy,False,0.0,True,1.0,FAIL_TO_PASS,1.0
Direct_TO_Self-Plan,abc305_c,medium,False,0.0,False,0.0,FAIL_TO_FAIL,0.0
Direct_TO_Self-Plan,abc305_d,hard,False,0.0,False,0.0,FAIL_TO_FAIL,0.0
Direct_TO_Self-Plan,abc305_e,hard,False,0.0,False,0.0,FAIL_TO_FAIL,0.0
Direct_TO_Self-Plan,abc306_a,easy,True,1.0,True,1.0,PASS_TO_PASS,0.0
Direct_TO_Self-Plan,abc306_b,easy,False,0.14285714285714285,True,1.0,FAIL_TO_PASS,0.8571428571428572
Direct_TO_Self-Plan,abc306_c,medium,True,1.0,False,0.2,PASS_TO_FAIL,-0.8
Direct_TO_Self-Plan,abc306_d,medium,False,0.5333333333333333,False,0.4666666666666667,FAIL_TO_FAIL,-0.06666666666666665
Direct_TO_Self-Plan,abc306_e,hard,False,0.07692307692307693,False,0.07692307692307693,FAIL_TO_FAIL,0.0
Direct_TO_Self-Plan,abc307_a,easy,True,1.0,True,1.0,PASS_TO_PASS,0.0
Direct_TO_Self-Plan,abc307_b,easy,False,0.8,True,1.0,FAIL_TO_PASS,0.19999999999999996
Direct_TO_Self-Plan,abc307_c,medium,False,0.5625,False,0.5,FAIL_TO_FAIL,-0.0625
Direct_TO_Self-Plan,abc307_d,medium,False,0.3125,False,0.5625,FAIL_TO_FAIL,0.25
Direct_TO_Self-Plan,abc307_e,hard,False,0.2,False,0.26666666666666666,FAIL_TO_FAIL,0.06666666666666665
Direct_TO_Self-Plan,abc308_a,easy,True,1.0,True,1.0,PASS_TO_PASS,0.0
Direct_TO_Self-Plan,abc308_b,easy,False,0.08333333333333333,False,0.0,FAIL_TO_FAIL,-0.08333333333333333
Direct_TO_Self-Plan,abc308_c,medium,False,0.06666666666666667,False,0.0,FAIL_TO_FAIL,-0.06666666666666667
Direct_TO_Self-Plan,abc308_d,medium,False,0.5333333333333333,False,0.0,FAIL_TO_FAIL,-0.5333333333333333
Direct_TO_Self-Plan,abc308_e,hard,False,0.06666666666666667,False,0.2,FAIL_TO_FAIL,0.13333333333333336
Direct_TO_Self-Plan,abc308_f,hard,False,0.07142857142857142,False,0.14285714285714285,FAIL_TO_FAIL,0.07142857142857142
Direct_TO_Self-Plan,abc309_a,easy,True,1.0,False,0.8461538461538461,PASS_TO_FAIL,-0.15384615384615385
Direct_TO_Self-Plan,abc309_b,easy,False,0.0,False,0.0,FAIL_TO_FAIL,0.0
Direct_TO_Self-Plan,abc309_c,medium,False,0.0,False,0.0,FAIL_TO_FAIL,0.0
Direct_TO_Self-Plan,abc309_d,medium,False,0.0,False,0.0,FAIL_TO_FAIL,0.0
Direct_TO_Self-Plan,abc309_e,hard,False,0.0,False,0.07142857142857142,FAIL_TO_FAIL,0.07142857142857142
Direct_TO_Self-Plan,abc310_a,easy,True,1.0,True,1.0,PASS_TO_PASS,0.0
Direct_TO_Self-Plan,abc310_b,easy,False,0.6,False,0.0,FAIL_TO_FAIL,-0.6
Direct_TO_Self-Plan,abc310_c,medium,False,0.23076923076923078,False,0.23076923076923078,FAIL_TO_FAIL,0.0
Direct_TO_Self-Plan,abc310_d,medium,False,0.0625,False,0.1875,FAIL_TO_FAIL,0.125
Direct_TO_Self-Plan,abc310_e,hard,False,0.14285714285714285,False,0.21428571428571427,FAIL_TO_FAIL,0.07142857142857142
Direct_TO_Self-Plan,abc310_f,hard,False,0.2857142857142857,False,0.0,FAIL_TO_FAIL,-0.2857142857142857
Direct_TO_Self-Plan,abc311_a,easy,False,0.0,True,1.0,FAIL_TO_PASS,1.0
Direct_TO_Self-Plan,abc311_b,easy,False,0.0,False,0.47058823529411764,FAIL_TO_FAIL,0.47058823529411764
Direct_TO_Self-Plan,abc311_c,medium,False,0.0,False,0.0,FAIL_TO_FAIL,0.0
Direct_TO_Self-Plan,abc311_d,medium,False,0.0,False,0.21428571428571427,FAIL_TO_FAIL,0.21428571428571427
Direct_TO_Self-Plan,abc311_e,hard,False,0.0625,False,0.25,FAIL_TO_FAIL,0.1875
Direct_TO_Self-Plan,abc312_a,easy,True,1.0,True,1.0,PASS_TO_PASS,0.0
Direct_TO_Self-Plan,abc312_b,easy,False,0.13333333333333333,False,0.13333333333333333,FAIL_TO_FAIL,0.0
Direct_TO_Self-Plan,abc312_c,medium,False,0.2,False,0.0,FAIL_TO_FAIL,-0.2
Direct_TO_Self-Plan,abc312_d,medium,False,0.13333333333333333,False,0.0,FAIL_TO_FAIL,-0.13333333333333333
Direct_TO_Self-Plan,abc312_e,hard,False,0.13333333333333333,False,0.0,FAIL_TO_FAIL,-0.13333333333333333
Direct_TO_Self-Plan,abc312_f,hard,False,0.0,False,0.0,FAIL_TO_FAIL,0.0
Direct_TO_Self-Plan,abc313_a,easy,False,0.26666666666666666,False,0.0,FAIL_TO_FAIL,-0.26666666666666666
Direct_TO_Self-Plan,abc313_b,medium,False,0.6,False,0.0,FAIL_TO_FAIL,-0.6
Direct_TO_Self-Plan,abc313_c,medium,False,0.4666666666666667,False,0.4666666666666667,FAIL_TO_FAIL,0.0
Direct_TO_Self-Plan,abc314_a,easy,True,1.0,True,1.0,PASS_TO_PASS,0.0
Direct_TO_Self-Plan,abc314_b,easy,False,0.0,False,0.07142857142857142,FAIL_TO_FAIL,0.07142857142857142
Direct_TO_Self-Plan,abc314_c,medium,False,0.14285714285714285,False,0.21428571428571427,FAIL_TO_FAIL,0.07142857142857142
Direct_TO_Self-Plan,abc314_d,medium,False,0.0,False,0.0,FAIL_TO_FAIL,0.0
Direct_TO_Self-Plan,abc314_e,hard,False,0.0,False,0.0,FAIL_TO_FAIL,0.0
Direct_TO_Self-Plan,abc314_f,hard,False,0.0,False,0.0,FAIL_TO_FAIL,0.0
Direct_TO_Self-Plan,abc315_a,easy,True,1.0,True,1.0,PASS_TO_PASS,0.0
Direct_TO_Self-Plan,abc315_b,easy,True,1.0,False,0.13333333333333333,PASS_TO_FAIL,-0.8666666666666667
Direct_TO_Self-Plan,abc315_c,medium,False,0.14285714285714285,False,0.14285714285714285,FAIL_TO_FAIL,0.0
Direct_TO_Self-Plan,abc315_d,medium,False,0.13333333333333333,False,0.0,FAIL_TO_FAIL,-0.13333333333333333
Direct_TO_Self-Plan,abc315_e,hard,False,0.0,False,0.0,FAIL_TO_FAIL,0.0
Direct_TO_Self-Plan,abc315_f,hard,False,0.0,False,0.0,FAIL_TO_FAIL,0.0
Direct_TO_Self-Plan,abc318_a,easy,True,1.0,False,0.7333333333333333,PASS_TO_FAIL,-0.2666666666666667
Direct_TO_Self-Plan,abc318_b,easy,False,0.13333333333333333,False,0.0,FAIL_TO_FAIL,-0.13333333333333333
Direct_TO_Self-Plan,abc318_c,medium,False,0.13333333333333333,False,0.6,FAIL_TO_FAIL,0.4666666666666667
Direct_TO_Self-Plan,abc318_d,medium,False,0.0,False,0.0,FAIL_TO_FAIL,0.0
Direct_TO_Self-Plan,abc318_e,hard,False,0.21428571428571427,False,0.14285714285714285,FAIL_TO_FAIL,-0.07142857142857142
Direct_TO_Self-Plan,abc319_b,easy,True,1.0,True,1.0,PASS_TO_PASS,0.0
Direct_TO_Self-Plan,abc319_c,medium,False,0.0,False,0.0,FAIL_TO_FAIL,0.0
Direct_TO_Self-Plan,abc319_d,medium,False,0.4666666666666667,False,0.8,FAIL_TO_FAIL,0.33333333333333337
Direct_TO_Self-Plan,abc319_e,hard,False,0.0,False,0.0,FAIL_TO_FAIL,0.0
Direct_TO_Self-Plan,abc320_a,easy,True,1.0,True,1.0,PASS_TO_PASS,0.0
Direct_TO_Self-Plan,abc320_b,easy,True,1.0,True,1.0,PASS_TO_PASS,0.0
Direct_TO_Self-Plan,abc320_c,medium,False,0.13333333333333333,False,0.0,FAIL_TO_FAIL,-0.13333333333333333
Direct_TO_Self-Plan,abc320_d,medium,False,0.06666666666666667,False,0.0,FAIL_TO_FAIL,-0.06666666666666667
Direct_TO_Self-Plan,abc320_e,hard,False,0.0,False,0.0,FAIL_TO_FAIL,0.0
Direct_TO_Self-Plan,abc321_a,easy,True,1.0,True,1.0,PASS_TO_PASS,0.0
Direct_TO_Self-Plan,abc321_b,easy,False,0.6875,False,0.3125,FAIL_TO_FAIL,-0.375
Direct_TO_Self-Plan,abc321_c,medium,False,0.06666666666666667,False,0.0,FAIL_TO_FAIL,-0.06666666666666667
Direct_TO_Self-Plan,abc321_d,medium,False,0.13333333333333333,False,0.0,FAIL_TO_FAIL,-0.13333333333333333
Direct_TO_Self-Plan,abc321_e,hard,False,0.0,False,0.0,FAIL_TO_FAIL,0.0
Direct_TO_Self-Plan,abc322_a,easy,True,1.0,True,1.0,PASS_TO_PASS,0.0
Direct_TO_Self-Plan,abc322_b,easy,False,0.6875,True,1.0,FAIL_TO_PASS,0.3125
Direct_TO_Self-Plan,abc322_c,medium,False,0.14285714285714285,False,0.07142857142857142,FAIL_TO_FAIL,-0.07142857142857142
Direct_TO_Self-Plan,abc322_d,medium,False,0.0,False,0.3888888888888889,FAIL_TO_FAIL,0.3888888888888889
Direct_TO_Self-Plan,abc322_e,hard,False,0.0,False,0.0,FAIL_TO_FAIL,0.0
Direct_TO_Self-Plan,abc323_a,easy,True,1.0,False,0.7333333333333333,PASS_TO_FAIL,-0.2666666666666667
Direct_TO_Self-Plan,abc323_b,easy,True,1.0,False,0.0,PASS_TO_FAIL,-1.0
Direct_TO_Self-Plan,abc323_c,medium,False,0.0,False,0.0,FAIL_TO_FAIL,0.0
Direct_TO_Self-Plan,abc323_d,hard,False,0.06666666666666667,False,0.0,FAIL_TO_FAIL,-0.06666666666666667
Direct_TO_Self-Plan,abc323_e,hard,False,0.0,False,0.0,FAIL_TO_FAIL,0.0
Direct_TO_Self-Plan,abc324_a,easy,True,1.0,True,1.0,PASS_TO_PASS,0.0
Direct_TO_Self-Plan,abc324_b,easy,False,0.4375,False,0.6875,FAIL_TO_FAIL,0.25
Direct_TO_Self-Plan,abc324_c,medium,False,0.13333333333333333,False,0.0,FAIL_TO_FAIL,-0.13333333333333333
Direct_TO_Self-Plan,abc324_d,hard,False,0.6,False,0.6,FAIL_TO_FAIL,0.0
Direct_TO_Self-Plan,abc324_e,hard,False,0.125,False,0.125,FAIL_TO_FAIL,0.0
Direct_TO_Self-Plan,abc324_f,hard,False,0.0,False,0.0,FAIL_TO_FAIL,0.0
Direct_TO_Self-Plan,abc325_a,easy,True,1.0,True,1.0,PASS_TO_PASS,0.0
Direct_TO_Self-Plan,abc325_b,medium,False,0.0,False,0.2,FAIL_TO_FAIL,0.2
Direct_TO_Self-Plan,abc325_c,medium,False,0.5625,False,0.5625,FAIL_TO_FAIL,0.0
Direct_TO_Self-Plan,abc325_d,hard,False,0.0,False,0.0,FAIL_TO_FAIL,0.0
Direct_TO_Self-Plan,abc325_e,hard,False,0.0,False,0.0,FAIL_TO_FAIL,0.0
Direct_TO_Self-Plan,abc325_f,hard,False,0.0,False,0.06666666666666667,FAIL_TO_FAIL,0.06666666666666667
Direct_TO_Self-Plan,abc326_a,easy,False,0.8666666666666667,False,0.4666666666666667,FAIL_TO_FAIL,-0.4
Direct_TO_Self-Plan,abc326_b,easy,True,1.0,True,1.0,PASS_TO_PASS,0.0
Direct_TO_Self-Plan,abc326_c,medium,False,0.4,False,0.2,FAIL_TO_FAIL,-0.2
Direct_TO_Self-Plan,abc326_d,hard,False,0.6428571428571429,False,0.0,FAIL_TO_FAIL,-0.6428571428571429
Direct_TO_Self-Plan,abc326_e,hard,False,0.0,False,0.0,FAIL_TO_FAIL,0.0
Direct_TO_Self-Plan,abc327_a,easy,True,1.0,True,1.0,PASS_TO_PASS,0.0
Direct_TO_Self-Plan,abc327_b,easy,True,1.0,False,0.6,PASS_TO_FAIL,-0.4
Direct_TO_Self-Plan,abc327_c,medium,True,1.0,True,1.0,PASS_TO_PASS,0.0
Direct_TO_Self-Plan,abc327_d,medium,False,0.5625,False,0.75,FAIL_TO_FAIL,0.1875
Direct_TO_Self-Plan,abc327_e,hard,False,0.0,False,0.0,FAIL_TO_FAIL,0.0
Direct_TO_Self-Plan,abc328_a,easy,True,1.0,True,1.0,PASS_TO_PASS,0.0
Direct_TO_Self-Plan,abc328_b,easy,False,0.06666666666666667,False,0.2,FAIL_TO_FAIL,0.13333333333333336
Direct_TO_Self-Plan,abc328_c,medium,False,0.07142857142857142,False,0.0,FAIL_TO_FAIL,-0.07142857142857142
Direct_TO_Self-Plan,abc328_d,hard,True,1.0,False,0.9333333333333333,PASS_TO_FAIL,-0.06666666666666665
Direct_TO_Self-Plan,abc328_e,hard,False,0.0,False,0.6,FAIL_TO_FAIL,0.6
Direct_TO_Self-Plan,abc329_a,easy,True,1.0,True,1.0,PASS_TO_PASS,0.0
Direct_TO_Self-Plan,abc329_b,easy,True,1.0,True,1.0,PASS_TO_PASS,0.0
Direct_TO_Self-Plan,abc329_c,medium,False,0.06666666666666667,False,0.06666666666666667,FAIL_TO_FAIL,0.0
Direct_TO_Self-Plan,abc329_d,medium,True,1.0,False,0.0,PASS_TO_FAIL,-1.0
Direct_TO_Self-Plan,abc329_e,hard,False,0.7333333333333333,False,0.26666666666666666,FAIL_TO_FAIL,-0.4666666666666666
Direct_TO_Self-Plan,abc329_f,hard,False,0.7857142857142857,False,0.0,FAIL_TO_FAIL,-0.7857142857142857
Direct_TO_Self-Plan,abc330_a,easy,True,1.0,True,1.0,PASS_TO_PASS,0.0
Direct_TO_Self-Plan,abc330_b,easy,False,0.0,False,0.0,FAIL_TO_FAIL,0.0
Direct_TO_Self-Plan,abc330_c,medium,False,0.4,False,0.13333333333333333,FAIL_TO_FAIL,-0.2666666666666667
Direct_TO_Self-Plan,abc330_d,medium,False,0.0,False,0.3333333333333333,FAIL_TO_FAIL,0.3333333333333333
Direct_TO_Self-Plan,abc330_e,hard,False,0.23076923076923078,False,0.07692307692307693,FAIL_TO_FAIL,-0.15384615384615385
Direct_TO_Self-Plan,abc331_a,easy,True,1.0,True,1.0,PASS_TO_PASS,0.0
Direct_TO_Self-Plan,abc331_b,easy,False,0.13333333333333333,False,0.2,FAIL_TO_FAIL,0.06666666666666668
Direct_TO_Self-Plan,abc331_c,medium,False,0.26666666666666666,False,0.13333333333333333,FAIL_TO_FAIL,-0.13333333333333333
Direct_TO_Self-Plan,abc331_d,hard,False,0.0,False,0.0,FAIL_TO_FAIL,0.0
Direct_TO_Self-Plan,abc331_e,hard,False,0.5333333333333333,False,0.06666666666666667,FAIL_TO_FAIL,-0.4666666666666667
Direct_TO_Self-Plan,abc332_a,easy,False,0.0,True,1.0,FAIL_TO_PASS,1.0
Direct_TO_Self-Plan,abc332_b,easy,True,1.0,True,1.0,PASS_TO_PASS,0.0
Direct_TO_Self-Plan,abc332_c,medium,False,0.3333333333333333,False,0.6,FAIL_TO_FAIL,0.26666666666666666
Direct_TO_Self-Plan,abc332_d,hard,False,0.3125,False,0.5,FAIL_TO_FAIL,0.1875
Direct_TO_Self-Plan,abc333_a,easy,True,1.0,True,1.0,PASS_TO_PASS,0.0
Direct_TO_Self-Plan,abc333_b,easy,False,0.8,False,0.8,FAIL_TO_FAIL,0.0
Direct_TO_Self-Plan,abc333_c,medium,False,0.0,False,0.0,FAIL_TO_FAIL,0.0
Direct_TO_Self-Plan,abc333_d,medium,False,0.0,False,0.0,FAIL_TO_FAIL,0.0
Direct_TO_Self-Plan,abc333_e,hard,False,0.0,False,0.0,FAIL_TO_FAIL,0.0
Direct_TO_Self-Plan,abc334_a,easy,True,1.0,True,1.0,PASS_TO_PASS,0.0
Direct_TO_Self-Plan,abc334_b,medium,False,0.06666666666666667,False,0.3333333333333333,FAIL_TO_FAIL,0.26666666666666666
Direct_TO_Self-Plan,abc334_c,medium,False,0.07142857142857142,False,0.21428571428571427,FAIL_TO_FAIL,0.14285714285714285
Direct_TO_Self-Plan,abc334_d,medium,True,1.0,False,0.0,PASS_TO_FAIL,-1.0
Direct_TO_Self-Plan,abc334_e,hard,False,0.0,False,0.0,FAIL_TO_FAIL,0.0
Direct_TO_Self-Plan,abc335_a,easy,True,1.0,True,1.0,PASS_TO_PASS,0.0
Direct_TO_Self-Plan,abc335_b,easy,False,0.07692307692307693,False,0.07692307692307693,FAIL_TO_FAIL,0.0
Direct_TO_Self-Plan,abc335_c,medium,False,0.0,False,0.0,FAIL_TO_FAIL,0.0
Direct_TO_Self-Plan,abc335_d,medium,False,0.0,False,0.0,FAIL_TO_FAIL,0.0
Direct_TO_Self-Plan,abc336_a,easy,True,1.0,True,1.0,PASS_TO_PASS,0.0
Direct_TO_Self-Plan,abc336_b,easy,True,1.0,True,1.0,PASS_TO_PASS,0.0
Direct_TO_Self-Plan,abc336_c,medium,False,0.0,False,0.07692307692307693,FAIL_TO_FAIL,0.07692307692307693
Direct_TO_Self-Plan,abc336_d,medium,False,0.0,False,0.0,FAIL_TO_FAIL,0.0
Direct_TO_Self-Plan,abc337_a,easy,True,1.0,True,1.0,PASS_TO_PASS,0.0
Direct_TO_Self-Plan,abc337_b,easy,False,0.75,False,0.1875,FAIL_TO_FAIL,-0.5625
Direct_TO_Self-Plan,abc337_c,medium,False,0.0,False,0.0,FAIL_TO_FAIL,0.0
Direct_TO_Self-Plan,abc337_d,medium,False,0.25,False,0.125,FAIL_TO_FAIL,-0.125
Direct_TO_Self-Plan,abc337_e,hard,False,0.0,False,0.0,FAIL_TO_FAIL,0.0
Direct_TO_Self-Plan,abc338_a,easy,True,1.0,True,1.0,PASS_TO_PASS,0.0
Direct_TO_Self-Plan,abc338_b,easy,True,1.0,True,1.0,PASS_TO_PASS,0.0
Direct_TO_Self-Plan,abc338_c,medium,False,0.125,False,0.1875,FAIL_TO_FAIL,0.0625
Direct_TO_Self-Plan,abc338_d,hard,False,0.0,False,0.06666666666666667,FAIL_TO_FAIL,0.06666666666666667
Direct_TO_Self-Plan,abc338_e,hard,False,0.6,False,0.0,FAIL_TO_FAIL,-0.6
Direct_TO_Self-Plan,abc338_f,hard,False,0.0,False,0.06666666666666667,FAIL_TO_FAIL,0.06666666666666667
Direct_TO_Self-Plan,abc339_a,easy,False,0.0,False,0.375,FAIL_TO_FAIL,0.375
Direct_TO_Self-Plan,abc339_b,medium,False,0.2,False,0.2,FAIL_TO_FAIL,0.0
Direct_TO_Self-Plan,abc339_c,medium,False,0.13333333333333333,False,0.13333333333333333,FAIL_TO_FAIL,0.0
Direct_TO_Self-Plan,abc339_d,medium,False,0.06666666666666667,False,0.06666666666666667,FAIL_TO_FAIL,0.0
Direct_TO_Self-Plan,abc340_a,easy,True,1.0,True,1.0,PASS_TO_PASS,0.0
Direct_TO_Self-Plan,abc340_b,easy,True,1.0,True,1.0,PASS_TO_PASS,0.0
Direct_TO_Self-Plan,abc340_c,medium,False,0.0,False,0.09090909090909091,FAIL_TO_FAIL,0.09090909090909091
Direct_TO_Self-Plan,abc340_d,hard,False,0.0,False,0.0,FAIL_TO_FAIL,0.0
Direct_TO_Self-Plan,abc340_e,hard,False,0.06666666666666667,False,0.0,FAIL_TO_FAIL,-0.06666666666666667
Direct_TO_Self-Plan,abc341_a,easy,False,0.08333333333333333,False,0.0,FAIL_TO_FAIL,-0.08333333333333333
Direct_TO_Self-Plan,abc341_b,easy,False,0.0,False,0.0,FAIL_TO_FAIL,0.0
Direct_TO_Self-Plan,abc341_c,medium,False,0.0,False,0.0,FAIL_TO_FAIL,0.0
Direct_TO_Self-Plan,abc341_d,medium,False,0.26666666666666666,False,0.26666666666666666,FAIL_TO_FAIL,0.0
Direct_TO_Self-Plan,abc341_e,hard,False,0.35714285714285715,False,0.2857142857142857,FAIL_TO_FAIL,-0.07142857142857145
Direct_TO_Self-Plan,abc341_f,hard,False,0.06666666666666667,False,0.06666666666666667,FAIL_TO_FAIL,0.0
Direct_TO_Self-Plan,abc342_a,easy,False,0.8461538461538461,False,0.15384615384615385,FAIL_TO_FAIL,-0.6923076923076923
Direct_TO_Self-Plan,abc342_b,easy,True,1.0,False,0.0,PASS_TO_FAIL,-1.0
Direct_TO_Self-Plan,abc342_c,medium,False,0.0,False,0.2,FAIL_TO_FAIL,0.2
Direct_TO_Self-Plan,abc342_d,medium,False,0.14285714285714285,False,0.0,FAIL_TO_FAIL,-0.14285714285714285
Direct_TO_Self-Plan,abc342_e,hard,False,0.0,False,0.0,FAIL_TO_FAIL,0.0
Direct_TO_Self-Plan,abc343_a,easy,False,0.3333333333333333,False,0.75,FAIL_TO_FAIL,0.4166666666666667
Direct_TO_Self-Plan,abc343_b,easy,True,1.0,False,0.2,PASS_TO_FAIL,-0.8
Direct_TO_Self-Plan,abc343_c,medium,False,0.7333333333333333,False,0.7333333333333333,FAIL_TO_FAIL,0.0
Direct_TO_Self-Plan,abc343_d,medium,False,0.0,False,0.0,FAIL_TO_FAIL,0.0
Direct_TO_Self-Plan,abc343_e,hard,False,0.42857142857142855,False,0.2857142857142857,FAIL_TO_FAIL,-0.14285714285714285
Direct_TO_Self-Plan,abc344_d,hard,False,0.0,False,0.07142857142857142,FAIL_TO_FAIL,0.07142857142857142
Direct_TO_Self-Plan,abc344_a,easy,True,1.0,True,1.0,PASS_TO_PASS,0.0
Direct_TO_Self-Plan,abc344_c,medium,False,0.09523809523809523,True,1.0,FAIL_TO_PASS,0.9047619047619048
Direct_TO_Self-Plan,abc344_b,easy,True,1.0,True,1.0,PASS_TO_PASS,0.0
Direct_TO_Self-Plan,abc344_e,hard,False,0.4090909090909091,False,0.13636363636363635,FAIL_TO_FAIL,-0.27272727272727276
Direct_TO_Self-Plan,abc345_d,hard,False,0.3448275862068966,False,0.4482758620689655,FAIL_TO_FAIL,0.10344827586206895
Direct_TO_Self-Plan,abc345_b,easy,True,1.0,True,1.0,PASS_TO_PASS,0.0
Direct_TO_Self-Plan,abc346_d,medium,False,0.043478260869565216,False,0.043478260869565216,FAIL_TO_FAIL,0.0
Direct_TO_Self-Plan,abc346_b,easy,False,0.5909090909090909,False,0.5454545454545454,FAIL_TO_FAIL,-0.045454545454545525
Direct_TO_Self-Plan,abc346_e,hard,False,0.0,False,0.0,FAIL_TO_FAIL,0.0
Direct_TO_Self-Plan,abc346_a,easy,True,1.0,True,1.0,PASS_TO_PASS,0.0
Direct_TO_Self-Plan,abc346_c,medium,False,0.18181818181818182,False,0.045454545454545456,FAIL_TO_FAIL,-0.13636363636363635
Direct_TO_Self-Plan,abc347_c,medium,False,0.6071428571428571,False,0.4642857142857143,FAIL_TO_FAIL,-0.1428571428571428
Direct_TO_Self-Plan,abc347_a,easy,True,1.0,True,1.0,PASS_TO_PASS,0.0
Direct_TO_Self-Plan,abc347_e,hard,False,0.4090909090909091,False,0.0,FAIL_TO_FAIL,-0.4090909090909091
Direct_TO_Self-Plan,abc347_b,easy,False,0.07692307692307693,True,1.0,FAIL_TO_PASS,0.9230769230769231
Direct_TO_Self-Plan,abc348_c,medium,False,0.0,False,0.0,FAIL_TO_FAIL,0.0
Direct_TO_Self-Plan,abc348_b,easy,True,1.0,True,1.0,PASS_TO_PASS,0.0
Direct_TO_Self-Plan,abc348_a,easy,True,1.0,True,1.0,PASS_TO_PASS,0.0
Direct_TO_Self-Plan,abc348_d,hard,False,0.6071428571428571,False,0.25,FAIL_TO_FAIL,-0.3571428571428571
Direct_TO_Self-Plan,abc348_e,hard,False,0.0,False,0.0,FAIL_TO_FAIL,0.0
Direct_TO_Self-Plan,abc349_c,medium,False,0.6071428571428571,False,0.6071428571428571,FAIL_TO_FAIL,0.0
Direct_TO_Self-Plan,abc349_a,easy,False,0.1,False,0.1,FAIL_TO_FAIL,0.0
Direct_TO_Self-Plan,abc349_b,easy,False,0.7647058823529411,True,1.0,FAIL_TO_PASS,0.23529411764705888
Direct_TO_Self-Plan,abc349_d,hard,False,0.0,False,0.0,FAIL_TO_FAIL,0.0
Direct_TO_Self-Plan,abc349_e,hard,False,0.45454545454545453,False,0.45454545454545453,FAIL_TO_FAIL,0.0
Direct_TO_Self-Plan,abc350_a,easy,False,0.8,False,0.8,FAIL_TO_FAIL,0.0
Direct_TO_Self-Plan,abc350_e,hard,False,0.0,False,0.0,FAIL_TO_FAIL,0.0
Direct_TO_Self-Plan,abc350_b,easy,False,0.0,False,0.0,FAIL_TO_FAIL,0.0
Direct_TO_Self-Plan,abc350_c,medium,False,0.0,False,0.0,FAIL_TO_FAIL,0.0
Direct_TO_Self-Plan,abc350_d,medium,False,0.07142857142857142,False,0.14285714285714285,FAIL_TO_FAIL,0.07142857142857142
Direct_TO_Self-Plan,abc351_a,easy,False,0.0,True,1.0,FAIL_TO_PASS,1.0
Direct_TO_Self-Plan,abc351_b,easy,True,1.0,True,1.0,PASS_TO_PASS,0.0
Direct_TO_Self-Plan,abc351_e,hard,False,0.0,False,0.0,FAIL_TO_FAIL,0.0
Direct_TO_Self-Plan,abc351_f,hard,False,0.0,False,0.09090909090909091,FAIL_TO_FAIL,0.09090909090909091
Direct_TO_Self-Plan,abc351_c,medium,False,0.1111111111111111,False,0.2222222222222222,FAIL_TO_FAIL,0.1111111111111111
Direct_TO_Self-Plan,abc351_d,hard,False,0.1111111111111111,False,0.18518518518518517,FAIL_TO_FAIL,0.07407407407407407
Direct_TO_Self-Plan,abc352_e,hard,False,0.2857142857142857,False,0.0,FAIL_TO_FAIL,-0.2857142857142857
Direct_TO_Self-Plan,abc352_a,easy,True,1.0,False,0.8333333333333334,PASS_TO_FAIL,-0.16666666666666663
Direct_TO_Self-Plan,abc352_c,medium,False,0.0,False,0.13043478260869565,FAIL_TO_FAIL,0.13043478260869565
Direct_TO_Self-Plan,abc352_b,easy,True,1.0,False,0.2727272727272727,PASS_TO_FAIL,-0.7272727272727273
Direct_TO_Self-Plan,abc352_d,hard,False,0.0,False,0.043478260869565216,FAIL_TO_FAIL,0.043478260869565216
Direct_TO_Self-Plan,abc353_c,medium,False,0.09090909090909091,False,0.18181818181818182,FAIL_TO_FAIL,0.09090909090909091
Direct_TO_Self-Plan,abc353_b,easy,False,0.0,False,0.0,FAIL_TO_FAIL,0.0
Direct_TO_Self-Plan,abc353_a,easy,True,1.0,False,0.26666666666666666,PASS_TO_FAIL,-0.7333333333333334
Direct_TO_Self-Plan,abc353_e,hard,False,0.07407407407407407,False,0.0,FAIL_TO_FAIL,-0.07407407407407407
Direct_TO_Self-Plan,abc353_d,medium,False,0.0,False,0.13636363636363635,FAIL_TO_FAIL,0.13636363636363635
Direct_TO_Self-Plan,abc354_b,easy,True,1.0,True,1.0,PASS_TO_PASS,0.0
Direct_TO_Self-Plan,abc354_a,easy,False,0.7391304347826086,False,0.7391304347826086,FAIL_TO_FAIL,0.0
Direct_TO_Self-Plan,abc354_e,hard,False,0.45454545454545453,False,0.4090909090909091,FAIL_TO_FAIL,-0.045454545454545414
Direct_TO_Self-Plan,abc354_c,medium,False,0.0,False,0.058823529411764705,FAIL_TO_FAIL,0.058823529411764705
Direct_TO_Self-Plan,abc354_d,hard,False,0.0,False,0.0,FAIL_TO_FAIL,0.0
Direct_TO_Self-Plan,abc355_e,hard,False,0.0,False,0.0,FAIL_TO_FAIL,0.0
Direct_TO_Self-Plan,abc355_b,easy,False,0.6,False,0.5,FAIL_TO_FAIL,-0.09999999999999998
Direct_TO_Self-Plan,abc355_c,medium,False,0.0,False,0.0,FAIL_TO_FAIL,0.0
Direct_TO_Self-Plan,abc355_a,easy,True,1.0,False,0.0,PASS_TO_FAIL,-1.0
Direct_TO_Self-Plan,abc355_d,medium,False,0.09090909090909091,False,0.0,FAIL_TO_FAIL,-0.09090909090909091
Direct_TO_Self-Plan,abc356_a,easy,True,1.0,True,1.0,PASS_TO_PASS,0.0
Direct_TO_Self-Plan,abc356_d,medium,False,0.16129032258064516,False,0.0967741935483871,FAIL_TO_FAIL,-0.06451612903225806
Direct_TO_Self-Plan,abc356_e,hard,False,0.17391304347826086,False,0.043478260869565216,FAIL_TO_FAIL,-0.13043478260869565
Direct_TO_Self-Plan,abc356_c,medium,False,0.0,False,0.06451612903225806,FAIL_TO_FAIL,0.06451612903225806
Direct_TO_Self-Plan,abc356_b,easy,True,1.0,True,1.0,PASS_TO_PASS,0.0
Direct_TO_Self-Plan,abc357_c,medium,False,0.0,False,0.1111111111111111,FAIL_TO_FAIL,0.1111111111111111
Direct_TO_Self-Plan,abc357_a,easy,False,0.7368421052631579,True,1.0,FAIL_TO_PASS,0.26315789473684215
Direct_TO_Self-Plan,abc357_d,medium,False,0.17391304347826086,False,0.21739130434782608,FAIL_TO_FAIL,0.043478260869565216
Direct_TO_Self-Plan,abc357_b,easy,True,1.0,True,1.0,PASS_TO_PASS,0.0
Direct_TO_Self-Plan,abc357_e,hard,False,0.0,False,0.0,FAIL_TO_FAIL,0.0
Direct_TO_Self-Plan,abc358_e,hard,False,0.0,False,0.0,FAIL_TO_FAIL,0.0
Direct_TO_Self-Plan,abc358_c,medium,False,0.34782608695652173,False,0.0,FAIL_TO_FAIL,-0.34782608695652173
Direct_TO_Self-Plan,abc358_b,easy,False,0.043478260869565216,False,0.0,FAIL_TO_FAIL,-0.043478260869565216
Direct_TO_Self-Plan,abc358_d,medium,False,0.391304347826087,False,0.08695652173913043,FAIL_TO_FAIL,-0.30434782608695654
Direct_TO_Self-Plan,abc358_a,easy,True,1.0,True,1.0,PASS_TO_PASS,0.0
Direct_TO_Self-Plan,abc359_c,medium,False,0.12903225806451613,False,0.16129032258064516,FAIL_TO_FAIL,0.03225806451612903
Direct_TO_Self-Plan,abc359_b,easy,True,1.0,True,1.0,PASS_TO_PASS,0.0
Direct_TO_Self-Plan,abc359_e,hard,False,0.0,False,0.0,FAIL_TO_FAIL,0.0
Direct_TO_Self-Plan,abc359_a,easy,True,1.0,True,1.0,PASS_TO_PASS,0.0
Direct_TO_Self-Plan,abc359_d,hard,False,0.28125,False,0.3125,FAIL_TO_FAIL,0.03125
Direct_TO_Self-Plan,abc360_c,medium,False,0.0,False,0.0,FAIL_TO_FAIL,0.0
Direct_TO_Self-Plan,abc360_b,easy,False,0.0,False,0.0,FAIL_TO_FAIL,0.0
Direct_TO_Self-Plan,abc360_e,hard,False,0.0,False,0.0,FAIL_TO_FAIL,0.0
Direct_TO_Self-Plan,abc360_a,easy,True,1.0,True,1.0,PASS_TO_PASS,0.0
Direct_TO_Self-Plan,abc360_d,medium,False,0.045454545454545456,False,0.0,FAIL_TO_FAIL,-0.045454545454545456
Direct_TO_Self-Plan,abc361_d,hard,False,0.2608695652173913,False,0.391304347826087,FAIL_TO_FAIL,0.13043478260869568
Direct_TO_Self-Plan,abc361_b,medium,True,1.0,True,1.0,PASS_TO_PASS,0.0
Direct_TO_Self-Plan,abc361_a,easy,True,1.0,True,1.0,PASS_TO_PASS,0.0
Direct_TO_Self-Plan,abc361_f,hard,False,0.0,False,0.0,FAIL_TO_FAIL,0.0
Direct_TO_Self-Plan,abc361_c,medium,False,0.12903225806451613,False,0.41935483870967744,FAIL_TO_FAIL,0.2903225806451613
Direct_TO_Self-Plan,abc361_e,hard,False,0.045454545454545456,False,0.0,FAIL_TO_FAIL,-0.045454545454545456
Direct_TO_Self-Plan,abc362_d,hard,False,0.0,False,0.0967741935483871,FAIL_TO_FAIL,0.0967741935483871
Direct_TO_Self-Plan,abc362_e,hard,False,0.0,False,0.0,FAIL_TO_FAIL,0.0
Direct_TO_Self-Plan,abc362_c,medium,False,0.22580645161290322,False,0.03225806451612903,FAIL_TO_FAIL,-0.1935483870967742
Direct_TO_Self-Plan,abc362_a,easy,True,1.0,True,1.0,PASS_TO_PASS,0.0
Direct_TO_Self-Plan,abc362_b,easy,True,1.0,False,0.6956521739130435,PASS_TO_FAIL,-0.30434782608695654
Direct_TO_Self-Plan,abc363_a,easy,False,0.14285714285714285,True,1.0,FAIL_TO_PASS,0.8571428571428572
Direct_TO_Self-Plan,abc363_f,hard,False,0.1935483870967742,False,0.1935483870967742,FAIL_TO_FAIL,0.0
Direct_TO_Self-Plan,abc363_b,easy,False,0.34782608695652173,False,0.34782608695652173,FAIL_TO_FAIL,0.0
Direct_TO_Self-Plan,abc363_c,medium,False,0.03225806451612903,False,0.3548387096774194,FAIL_TO_FAIL,0.32258064516129037
Direct_TO_Self-Plan,abc363_d,medium,False,0.0,False,0.15,FAIL_TO_FAIL,0.15
Direct_TO_Self-Plan,abc363_e,hard,False,0.0,False,0.0,FAIL_TO_FAIL,0.0
Direct_TO_Self-Plan,abc364_b,easy,True,1.0,True,1.0,PASS_TO_PASS,0.0
Direct_TO_Self-Plan,abc364_e,hard,False,0.25,False,0.0625,FAIL_TO_FAIL,-0.1875
Direct_TO_Self-Plan,abc364_f,hard,False,0.0,False,0.0,FAIL_TO_FAIL,0.0
Direct_TO_Self-Plan,abc364_d,hard,False,0.19047619047619047,False,0.09523809523809523,FAIL_TO_FAIL,-0.09523809523809523
Direct_TO_Self-Plan,abc364_c,medium,False,0.21739130434782608,False,0.0,FAIL_TO_FAIL,-0.21739130434782608
Direct_TO_Self-Plan,abc364_a,easy,False,0.10526315789473684,False,0.10526315789473684,FAIL_TO_FAIL,0.0
Direct_TO_Self-Plan,abc365_b,easy,False,0.26666666666666666,False,0.26666666666666666,FAIL_TO_FAIL,0.0
Direct_TO_Self-Plan,abc365_a,easy,True,1.0,True,1.0,PASS_TO_PASS,0.0
Direct_TO_Self-Plan,abc365_e,hard,False,0.0,False,0.045454545454545456,FAIL_TO_FAIL,0.045454545454545456
Direct_TO_Self-Plan,abc365_d,medium,False,0.2608695652173913,False,0.2608695652173913,FAIL_TO_FAIL,0.0
Direct_TO_Self-Plan,abc365_c,medium,False,0.0,False,0.2608695652173913,FAIL_TO_FAIL,0.2608695652173913
Direct_TO_Self-Plan,abc366_f,hard,False,0.0,False,0.0,FAIL_TO_FAIL,0.0
Direct_TO_Self-Plan,abc366_b,easy,False,0.1,False,0.1,FAIL_TO_FAIL,0.0
Direct_TO_Self-Plan,abc366_e,hard,False,0.0,False,0.0,FAIL_TO_FAIL,0.0
Direct_TO_Self-Plan,abc366_d,medium,False,0.0,False,0.0,FAIL_TO_FAIL,0.0
Direct_TO_Self-Plan,abc366_a,easy,False,0.8571428571428571,False,0.7619047619047619,FAIL_TO_FAIL,-0.09523809523809523
Direct_TO_Self-Plan,abc366_c,medium,True,1.0,False,0.45,PASS_TO_FAIL,-0.55
Direct_TO_Self-Plan,abc366_g,hard,False,0.3103448275862069,False,0.0,FAIL_TO_FAIL,-0.3103448275862069
Direct_TO_Self-Plan,abc367_e,hard,False,0.10714285714285714,False,0.14285714285714285,FAIL_TO_FAIL,0.03571428571428571
Direct_TO_Self-Plan,abc367_f,hard,False,0.2222222222222222,False,0.037037037037037035,FAIL_TO_FAIL,-0.18518518518518517
Direct_TO_Self-Plan,abc367_a,easy,False,0.7857142857142857,False,0.21428571428571427,FAIL_TO_FAIL,-0.5714285714285714
Direct_TO_Self-Plan,abc367_g,hard,False,0.047619047619047616,False,0.047619047619047616,FAIL_TO_FAIL,0.0
Direct_TO_Self-Plan,abc367_b,easy,True,1.0,False,0.7727272727272727,PASS_TO_FAIL,-0.2272727272727273
Direct_TO_Self-Plan,abc367_d,medium,False,0.0,False,0.0,FAIL_TO_FAIL,0.0
Direct_TO_Self-Plan,abc367_c,medium,False,0.5238095238095238,False,0.9047619047619048,FAIL_TO_FAIL,0.38095238095238093
Direct_TO_Self-Plan,abc368_g,hard,False,0.0,False,0.0,FAIL_TO_FAIL,0.0
Direct_TO_Self-Plan,abc368_a,easy,False,0.0,False,0.4,FAIL_TO_FAIL,0.4
Direct_TO_Self-Plan,abc368_b,easy,False,0.0,False,0.0,FAIL_TO_FAIL,0.0
Direct_TO_Self-Plan,abc368_f,hard,False,0.45,False,0.6,FAIL_TO_FAIL,0.14999999999999997
Direct_TO_Self-Plan,abc368_c,medium,False,0.23809523809523808,False,0.09523809523809523,FAIL_TO_FAIL,-0.14285714285714285
Direct_TO_Self-Plan,abc368_d,hard,False,0.10714285714285714,False,0.03571428571428571,FAIL_TO_FAIL,-0.07142857142857142
Direct_TO_Self-Plan,abc368_e,hard,False,0.0,False,0.0,FAIL_TO_FAIL,0.0
Direct_TO_Self-Plan,abc369_d,medium,False,0.07407407407407407,False,0.037037037037037035,FAIL_TO_FAIL,-0.037037037037037035
Direct_TO_Self-Plan,abc369_g,hard,False,0.0,False,0.0,FAIL_TO_FAIL,0.0
Direct_TO_Self-Plan,abc369_c,medium,False,0.0,False,0.0,FAIL_TO_FAIL,0.0
Direct_TO_Self-Plan,abc369_a,easy,False,0.0,False,0.4166666666666667,FAIL_TO_FAIL,0.4166666666666667
Direct_TO_Self-Plan,abc369_b,easy,False,0.0,False,0.0,FAIL_TO_FAIL,0.0
Direct_TO_Self-Plan,abc369_e,hard,False,0.0,False,0.0,FAIL_TO_FAIL,0.0
Direct_TO_Self-Plan,abc370_a,easy,False,0.75,False,0.75,FAIL_TO_FAIL,0.0
Direct_TO_Self-Plan,abc370_g,hard,False,0.06896551724137931,False,0.0,FAIL_TO_FAIL,-0.06896551724137931
Direct_TO_Self-Plan,abc370_c,medium,False,0.0,False,0.047619047619047616,FAIL_TO_FAIL,0.047619047619047616
Direct_TO_Self-Plan,abc370_d,medium,False,0.7142857142857143,False,0.0,FAIL_TO_FAIL,-0.7142857142857143
Direct_TO_Self-Plan,abc370_e,hard,False,0.0,False,0.0,FAIL_TO_FAIL,0.0
Direct_TO_Self-Plan,abc370_b,easy,False,0.0625,False,0.125,FAIL_TO_FAIL,0.0625
Direct_TO_Self-Plan,abc370_f,hard,False,0.0,False,0.0,FAIL_TO_FAIL,0.0
Direct_TO_Self-Plan,abc371_b,easy,False,0.0,True,1.0,FAIL_TO_PASS,1.0
Direct_TO_Self-Plan,abc371_d,medium,False,0.0,False,0.0,FAIL_TO_FAIL,0.0
Direct_TO_Self-Plan,abc371_g,hard,False,0.0,False,0.07142857142857142,FAIL_TO_FAIL,0.07142857142857142
Direct_TO_Self-Plan,abc371_f,hard,False,0.0,False,0.0,FAIL_TO_FAIL,0.0
Direct_TO_Self-Plan,abc371_c,medium,False,0.03333333333333333,False,0.0,FAIL_TO_FAIL,-0.03333333333333333
Direct_TO_Self-Plan,abc371_e,hard,False,0.1,False,0.05,FAIL_TO_FAIL,-0.05
Direct_TO_Self-Plan,abc371_a,easy,False,0.16666666666666666,False,0.16666666666666666,FAIL_TO_FAIL,0.0
Direct_TO_Self-Plan,abc372_e,hard,False,0.0,False,0.0,FAIL_TO_FAIL,0.0
Direct_TO_Self-Plan,abc372_c,medium,False,0.0,False,0.0,FAIL_TO_FAIL,0.0
Direct_TO_Self-Plan,abc372_d,medium,False,0.03571428571428571,False,0.03571428571428571,FAIL_TO_FAIL,0.0
Direct_TO_Self-Plan,abc372_g,hard,False,0.0,False,0.0,FAIL_TO_FAIL,0.0
Direct_TO_Self-Plan,abc372_f,hard,False,0.0,False,0.0,FAIL_TO_FAIL,0.0
Direct_TO_Self-Plan,abc372_a,easy,True,1.0,True,1.0,PASS_TO_PASS,0.0
Direct_TO_Self-Plan,abc373_a,easy,True,1.0,True,1.0,PASS_TO_PASS,0.0
Direct_TO_Self-Plan,abc373_b,easy,False,0.1,False,0.0,FAIL_TO_FAIL,-0.1
Direct_TO_Self-Plan,abc373_f,hard,False,0.03571428571428571,False,0.0,FAIL_TO_FAIL,-0.03571428571428571
Direct_TO_Self-Plan,abc373_g,hard,False,0.037037037037037035,False,0.037037037037037035,FAIL_TO_FAIL,0.0
Direct_TO_Self-Plan,abc373_c,medium,False,0.15,True,1.0,FAIL_TO_PASS,0.85
Direct_TO_Self-Plan,abc373_e,hard,False,0.0,False,0.0,FAIL_TO_FAIL,0.0
Direct_TO_Self-Plan,arc181_d,hard,False,0.0,False,0.0,FAIL_TO_FAIL,0.0
Direct_TO_Self-Plan,arc181_c,hard,False,0.0,False,0.0,FAIL_TO_FAIL,0.0
Direct_TO_Self-Plan,arc181_b,hard,False,0.48148148148148145,False,0.48148148148148145,FAIL_TO_FAIL,0.0
Direct_TO_Self-Plan,arc181_a,medium,False,0.21052631578947367,False,0.0,FAIL_TO_FAIL,-0.21052631578947367
Direct_TO_Self-Plan,arc182_d,hard,False,0.10714285714285714,False,0.10714285714285714,FAIL_TO_FAIL,0.0
Direct_TO_Self-Plan,arc182_e,hard,False,0.21428571428571427,False,0.0,FAIL_TO_FAIL,-0.21428571428571427
Direct_TO_Self-Plan,arc182_a,hard,False,0.0,False,0.0,FAIL_TO_FAIL,0.0
Direct_TO_Self-Plan,arc182_c,hard,False,0.0,False,0.0,FAIL_TO_FAIL,0.0
Direct_TO_Self-Plan,arc183_b,hard,False,0.4230769230769231,False,0.4230769230769231,FAIL_TO_FAIL,0.0
Direct_TO_Self-Plan,arc183_c,hard,False,0.045454545454545456,False,0.0,FAIL_TO_FAIL,-0.045454545454545456
Direct_TO_Self-Plan,arc183_a,medium,False,0.0,False,0.0,FAIL_TO_FAIL,0.0
Direct_TO_Self-Plan,arc183_d,hard,False,0.0,False,0.0,FAIL_TO_FAIL,0.0
Direct_TO_Self-Plan,abc374_c,medium,False,0.0,False,0.13333333333333333,FAIL_TO_FAIL,0.13333333333333333
Direct_TO_Self-Plan,abc374_f,hard,False,0.11627906976744186,False,0.09302325581395349,FAIL_TO_FAIL,-0.023255813953488372
Direct_TO_Self-Plan,abc374_b,easy,False,0.76,False,0.52,FAIL_TO_FAIL,-0.24
Direct_TO_Self-Plan,abc374_d,medium,False,0.0,False,0.0,FAIL_TO_FAIL,0.0
Direct_TO_Self-Plan,abc374_g,hard,False,0.09302325581395349,False,0.09302325581395349,FAIL_TO_FAIL,0.0
Direct_TO_Self-Plan,abc374_a,easy,True,1.0,True,1.0,PASS_TO_PASS,0.0
Direct_TO_Self-Plan,abc374_e,hard,False,0.0,False,0.0,FAIL_TO_FAIL,0.0
Direct_TO_Self-Plan,abc375_e,hard,False,0.0,False,0.15384615384615385,FAIL_TO_FAIL,0.15384615384615385
Direct_TO_Self-Plan,abc375_b,easy,False,0.0,False,0.0,FAIL_TO_FAIL,0.0
Direct_TO_Self-Plan,abc375_c,medium,False,0.0,False,0.0,FAIL_TO_FAIL,0.0
Direct_TO_Self-Plan,abc375_a,easy,False,0.5217391304347826,True,1.0,FAIL_TO_PASS,0.4782608695652174
Direct_TO_Self-Plan,abc375_d,medium,False,0.058823529411764705,False,0.08823529411764706,FAIL_TO_FAIL,0.02941176470588236
Direct_TO_Self-Plan,abc375_g,hard,False,0.022222222222222223,False,0.0,FAIL_TO_FAIL,-0.022222222222222223
Direct_TO_Self-Plan,abc375_f,hard,False,0.0,False,0.0,FAIL_TO_FAIL,0.0
Direct_TO_Self-Plan,abc376_b,medium,False,0.0,False,0.0,FAIL_TO_FAIL,0.0
Direct_TO_Self-Plan,abc376_d,medium,False,0.0,False,0.0,FAIL_TO_FAIL,0.0
Direct_TO_Self-Plan,abc376_g,hard,False,0.0,False,0.0,FAIL_TO_FAIL,0.0
Direct_TO_Self-Plan,abc376_a,easy,False,0.29411764705882354,False,0.058823529411764705,FAIL_TO_FAIL,-0.23529411764705882
Direct_TO_Self-Plan,abc376_f,hard,False,0.0,False,0.0,FAIL_TO_FAIL,0.0
Direct_TO_Self-Plan,abc376_c,medium,False,0.3333333333333333,False,0.03333333333333333,FAIL_TO_FAIL,-0.3
Direct_TO_Self-Plan,abc376_e,hard,False,0.21052631578947367,False,0.21052631578947367,FAIL_TO_FAIL,0.0
Direct_TO_Self-Plan,abc377_c,medium,False,0.5142857142857142,False,0.05714285714285714,FAIL_TO_FAIL,-0.4571428571428571
Direct_TO_Self-Plan,abc377_b,easy,True,1.0,True,1.0,PASS_TO_PASS,0.0
Direct_TO_Self-Plan,abc377_a,easy,True,1.0,True,1.0,PASS_TO_PASS,0.0
Direct_TO_Self-Plan,abc377_g,hard,False,0.0,False,0.0,FAIL_TO_FAIL,0.0
Direct_TO_Self-Plan,abc377_f,hard,False,0.3953488372093023,False,0.3023255813953488,FAIL_TO_FAIL,-0.09302325581395349
Direct_TO_Self-Plan,abc377_e,hard,False,0.0,False,0.06,FAIL_TO_FAIL,0.06
Direct_TO_Self-Plan,abc377_d,medium,False,0.03125,False,0.0,FAIL_TO_FAIL,-0.03125
Direct_TO_Self-Plan,abc378_e,hard,True,1.0,False,0.047619047619047616,PASS_TO_FAIL,-0.9523809523809523
Direct_TO_Self-Plan,abc378_d,hard,False,0.5813953488372093,False,0.11627906976744186,FAIL_TO_FAIL,-0.4651162790697675
Direct_TO_Self-Plan,abc378_b,easy,False,0.024390243902439025,False,0.0,FAIL_TO_FAIL,-0.024390243902439025
Direct_TO_Self-Plan,abc378_f,hard,False,0.0,False,0.46511627906976744,FAIL_TO_FAIL,0.46511627906976744
Direct_TO_Self-Plan,abc378_g,hard,False,0.0,False,0.0,FAIL_TO_FAIL,0.0
Direct_TO_Self-Plan,abc378_a,easy,False,0.046511627906976744,False,0.9069767441860465,FAIL_TO_FAIL,0.8604651162790697
Direct_TO_Self-Plan,abc378_c,medium,False,0.0,False,0.3333333333333333,FAIL_TO_FAIL,0.3333333333333333
Direct_TO_Self-Plan,abc379_b,easy,False,0.8604651162790697,True,1.0,FAIL_TO_PASS,0.13953488372093026
Direct_TO_Self-Plan,abc379_e,hard,False,0.047619047619047616,False,0.8809523809523809,FAIL_TO_FAIL,0.8333333333333333
Direct_TO_Self-Plan,abc379_c,medium,False,0.5238095238095238,False,0.8571428571428571,FAIL_TO_FAIL,0.33333333333333326
Direct_TO_Self-Plan,abc379_d,medium,False,0.8809523809523809,False,0.0,FAIL_TO_FAIL,-0.8809523809523809
Direct_TO_Self-Plan,abc379_g,hard,False,0.0,False,0.0,FAIL_TO_FAIL,0.0
Direct_TO_Self-Plan,abc379_f,hard,False,0.0,False,0.023809523809523808,FAIL_TO_FAIL,0.023809523809523808
Direct_TO_Self-Plan,abc379_a,easy,True,1.0,True,1.0,PASS_TO_PASS,0.0
Direct_TO_Self-Plan,abc380_e,hard,False,0.6585365853658537,False,0.0,FAIL_TO_FAIL,-0.6585365853658537
Direct_TO_Self-Plan,abc380_f,hard,False,0.6046511627906976,False,0.4418604651162791,FAIL_TO_FAIL,-0.16279069767441856
Direct_TO_Self-Plan,abc380_c,medium,False,0.0,False,0.0,FAIL_TO_FAIL,0.0
Direct_TO_Self-Plan,abc380_d,medium,False,0.023255813953488372,False,0.0,FAIL_TO_FAIL,-0.023255813953488372
Direct_TO_Self-Plan,abc380_a,easy,True,1.0,False,0.20454545454545456,PASS_TO_FAIL,-0.7954545454545454
Direct_TO_Self-Plan,abc380_g,hard,False,0.11627906976744186,False,0.20930232558139536,FAIL_TO_FAIL,0.0930232558139535
Direct_TO_Self-Plan,abc380_b,easy,False,0.0,False,0.0,FAIL_TO_FAIL,0.0
Direct_TO_Self-Plan,abc381_a,easy,False,0.5681818181818182,True,1.0,FAIL_TO_PASS,0.43181818181818177
Direct_TO_Self-Plan,abc381_e,hard,False,0.0,False,0.07317073170731707,FAIL_TO_FAIL,0.07317073170731707
Direct_TO_Self-Plan,abc381_b,easy,True,1.0,True,1.0,PASS_TO_PASS,0.0
Direct_TO_Self-Plan,abc381_c,medium,False,0.046511627906976744,False,0.06976744186046512,FAIL_TO_FAIL,0.023255813953488372
Direct_TO_Self-Plan,abc381_d,hard,False,0.09302325581395349,False,0.11627906976744186,FAIL_TO_FAIL,0.023255813953488372
Direct_TO_Self-Plan,abc382_d,hard,False,0.0,False,0.0,FAIL_TO_FAIL,0.0
Direct_TO_Self-Plan,abc382_a,easy,True,1.0,True,1.0,PASS_TO_PASS,0.0
Direct_TO_Self-Plan,abc382_b,easy,True,1.0,False,0.0,PASS_TO_FAIL,-1.0
Direct_TO_Self-Plan,abc382_f,hard,False,0.0,False,0.37209302325581395,FAIL_TO_FAIL,0.37209302325581395
Direct_TO_Self-Plan,abc382_g,hard,False,0.0,False,0.0,FAIL_TO_FAIL,0.0
Direct_TO_Self-Plan,abc382_c,medium,True,1.0,False,0.0,PASS_TO_FAIL,-1.0
Direct_TO_Self-Plan,abc383_c,medium,False,0.37209302325581395,False,0.0,FAIL_TO_FAIL,-0.37209302325581395
Direct_TO_Self-Plan,abc383_a,easy,False,0.0,False,0.0,FAIL_TO_FAIL,0.0
Direct_TO_Self-Plan,abc383_e,hard,False,0.0,False,0.07142857142857142,FAIL_TO_FAIL,0.07142857142857142
Direct_TO_Self-Plan,abc383_b,medium,False,0.18604651162790697,False,0.0,FAIL_TO_FAIL,-0.18604651162790697
Direct_TO_Self-Plan,abc383_d,medium,False,0.38095238095238093,False,0.0,FAIL_TO_FAIL,-0.38095238095238093
Direct_TO_Self-Plan,abc384_b,easy,True,1.0,True,1.0,PASS_TO_PASS,0.0
Direct_TO_Self-Plan,abc384_d,medium,False,0.8181818181818182,False,0.8636363636363636,FAIL_TO_FAIL,0.045454545454545414
Direct_TO_Self-Plan,abc384_g,hard,True,1.0,True,1.0,PASS_TO_PASS,0.0
Direct_TO_Self-Plan,abc384_a,easy,True,1.0,True,1.0,PASS_TO_PASS,0.0
Direct_TO_Self-Plan,abc384_e,hard,False,0.9069767441860465,False,0.9069767441860465,FAIL_TO_FAIL,0.0
Direct_TO_Self-Plan,abc384_f,hard,True,1.0,False,0.0,PASS_TO_FAIL,-1.0
Direct_TO_Self-Plan,abc384_c,medium,False,0.0,False,0.0,FAIL_TO_FAIL,0.0
Direct_TO_Self-Plan,abc385_f,hard,False,0.0,False,0.09090909090909091,FAIL_TO_FAIL,0.09090909090909091
Direct_TO_Self-Plan,abc385_a,easy,False,0.9069767441860465,False,0.5348837209302325,FAIL_TO_FAIL,-0.37209302325581395
Direct_TO_Self-Plan,abc385_c,medium,False,0.6976744186046512,False,0.6046511627906976,FAIL_TO_FAIL,-0.09302325581395354
Direct_TO_Self-Plan,abc385_d,hard,False,0.0,False,0.023809523809523808,FAIL_TO_FAIL,0.023809523809523808
Direct_TO_Self-Plan,abc385_e,hard,False,0.0,False,0.0,FAIL_TO_FAIL,0.0
Direct_TO_Self-Plan,abc385_b,easy,False,0.0,False,0.09302325581395349,FAIL_TO_FAIL,0.09302325581395349
Direct_TO_Self-Plan,abc386_e,hard,False,0.11904761904761904,False,0.023809523809523808,FAIL_TO_FAIL,-0.09523809523809523
Direct_TO_Self-Plan,abc386_a,easy,False,0.8666666666666667,False,0.7333333333333333,FAIL_TO_FAIL,-0.13333333333333341
Direct_TO_Self-Plan,abc386_d,hard,False,0.0,False,0.0,FAIL_TO_FAIL,0.0
Direct_TO_Self-Plan,abc386_c,medium,False,0.9130434782608695,False,0.8478260869565217,FAIL_TO_FAIL,-0.06521739130434778
Direct_TO_Self-Plan,abc386_b,easy,False,0.5813953488372093,False,0.3488372093023256,FAIL_TO_FAIL,-0.23255813953488375
Direct_TO_Self-Plan,abc386_f,hard,False,0.5813953488372093,False,0.6046511627906976,FAIL_TO_FAIL,0.023255813953488302
Direct_TO_Self-Plan,arc184_d,hard,False,0.0,False,0.0,FAIL_TO_FAIL,0.0
Direct_TO_Self-Plan,arc184_c,hard,False,0.0,False,0.0,FAIL_TO_FAIL,0.0
Direct_TO_Self-Plan,arc184_e,hard,False,0.2857142857142857,False,0.07142857142857142,FAIL_TO_FAIL,-0.21428571428571427
Direct_TO_Self-Plan,arc185_c,hard,False,0.46511627906976744,False,0.5813953488372093,FAIL_TO_FAIL,0.1162790697674419
Direct_TO_Self-Plan,arc185_e,hard,False,0.0,False,0.0,FAIL_TO_FAIL,0.0
Direct_TO_Self-Plan,arc185_b,hard,False,0.0,False,0.0,FAIL_TO_FAIL,0.0
Direct_TO_Self-Plan,arc185_d,hard,False,0.0,False,0.0,FAIL_TO_FAIL,0.0
Direct_TO_Self-Plan,arc186_a,hard,False,0.07142857142857142,False,0.19047619047619047,FAIL_TO_FAIL,0.11904761904761904
Direct_TO_Self-Plan,arc186_d,hard,False,0.1590909090909091,False,0.20454545454545456,FAIL_TO_FAIL,0.04545454545454547
Direct_TO_Self-Plan,arc186_b,hard,False,0.09523809523809523,False,0.07142857142857142,FAIL_TO_FAIL,-0.023809523809523808
Direct_TO_Self-Plan,arc186_e,hard,False,0.8636363636363636,False,0.0,FAIL_TO_FAIL,-0.8636363636363636
Direct_TO_Self-Plan,arc186_c,hard,False,0.0,False,0.0,FAIL_TO_FAIL,0.0
Direct_TO_Self-Plan,arc187_b,hard,False,0.13953488372093023,False,0.0,FAIL_TO_FAIL,-0.13953488372093023
Direct_TO_Self-Plan,arc188_c,hard,False,0.3023255813953488,False,0.046511627906976744,FAIL_TO_FAIL,-0.2558139534883721
Direct_TO_Self-Plan,arc188_b,hard,False,0.0,False,0.0,FAIL_TO_FAIL,0.0
Direct_TO_Self-Plan,arc188_d,hard,False,0.9523809523809523,False,0.0,FAIL_TO_FAIL,-0.9523809523809523
Direct_TO_Self-Plan,arc188_a,hard,False,0.09302325581395349,False,0.627906976744186,FAIL_TO_FAIL,0.5348837209302326
Direct_TO_Self-Plan,arc189_a,medium,False,0.0,False,0.5476190476190477,FAIL_TO_FAIL,0.5476190476190477
Direct_TO_Self-Plan,arc189_c,hard,False,0.11363636363636363,False,0.9090909090909091,FAIL_TO_FAIL,0.7954545454545454
Direct_TO_Self-Plan,arc189_d,hard,False,0.047619047619047616,False,0.047619047619047616,FAIL_TO_FAIL,0.0
Direct_TO_Self-Plan,arc189_b,hard,False,0.047619047619047616,False,0.023809523809523808,FAIL_TO_FAIL,-0.023809523809523808
Direct_TO_Self-Plan,abc387_b,easy,True,1.0,False,0.0,PASS_TO_FAIL,-1.0
Direct_TO_Teacher-Plan,1873_A,easy,False,0.6,True,1.0,FAIL_TO_PASS,0.4
Direct_TO_Teacher-Plan,1873_B,easy,False,0.9230769230769231,True,1.0,FAIL_TO_PASS,0.07692307692307687
Direct_TO_Teacher-Plan,1873_D,easy,False,0.0,True,1.0,FAIL_TO_PASS,1.0
Direct_TO_Teacher-Plan,1883_B,medium,False,0.0,True,1.0,FAIL_TO_PASS,1.0
Direct_TO_Teacher-Plan,1883_C,medium,False,0.0,False,0.38461538461538464,FAIL_TO_FAIL,0.38461538461538464
Direct_TO_Teacher-Plan,1899_A,easy,True,1.0,True,1.0,PASS_TO_PASS,0.0
Direct_TO_Teacher-Plan,1899_B,hard,False,0.15384615384615385,False,0.0,FAIL_TO_FAIL,-0.15384615384615385
Direct_TO_Teacher-Plan,1899_C,hard,False,0.6153846153846154,True,1.0,FAIL_TO_PASS,0.3846153846153846
Direct_TO_Teacher-Plan,1899_D,hard,False,0.9230769230769231,True,1.0,FAIL_TO_PASS,0.07692307692307687
Direct_TO_Teacher-Plan,abc301_a,easy,False,0.8666666666666667,False,0.6666666666666666,FAIL_TO_FAIL,-0.20000000000000007
Direct_TO_Teacher-Plan,abc301_b,easy,False,0.3,False,0.3,FAIL_TO_FAIL,0.0
Direct_TO_Teacher-Plan,abc301_c,medium,False,0.5625,False,0.6875,FAIL_TO_FAIL,0.125
Direct_TO_Teacher-Plan,abc301_d,medium,False,0.13333333333333333,False,0.0,FAIL_TO_FAIL,-0.13333333333333333
Direct_TO_Teacher-Plan,abc301_e,hard,False,0.3333333333333333,False,0.0,FAIL_TO_FAIL,-0.3333333333333333
Direct_TO_Teacher-Plan,abc301_f,hard,False,0.0,False,0.0,FAIL_TO_FAIL,0.0
Direct_TO_Teacher-Plan,abc302_a,easy,True,1.0,True,1.0,PASS_TO_PASS,0.0
Direct_TO_Teacher-Plan,abc302_b,medium,False,0.0,False,0.0,FAIL_TO_FAIL,0.0
Direct_TO_Teacher-Plan,abc302_c,medium,False,0.13333333333333333,True,1.0,FAIL_TO_PASS,0.8666666666666667
Direct_TO_Teacher-Plan,abc302_d,medium,False,0.3125,True,1.0,FAIL_TO_PASS,0.6875
Direct_TO_Teacher-Plan,abc302_e,hard,False,0.07142857142857142,False,0.0,FAIL_TO_FAIL,-0.07142857142857142
Direct_TO_Teacher-Plan,abc302_f,hard,False,0.3125,False,0.0,FAIL_TO_FAIL,-0.3125
Direct_TO_Teacher-Plan,abc303_a,easy,False,0.5333333333333333,True,1.0,FAIL_TO_PASS,0.4666666666666667
Direct_TO_Teacher-Plan,abc303_b,easy,False,0.14285714285714285,True,1.0,FAIL_TO_PASS,0.8571428571428572
Direct_TO_Teacher-Plan,abc303_c,medium,False,0.5,False,0.5714285714285714,FAIL_TO_FAIL,0.0714285714285714
Direct_TO_Teacher-Plan,abc303_d,medium,False,0.4666666666666667,False,0.06666666666666667,FAIL_TO_FAIL,-0.4
Direct_TO_Teacher-Plan,abc303_e,hard,False,0.0,True,1.0,FAIL_TO_PASS,1.0
Direct_TO_Teacher-Plan,abc304_a,easy,False,0.0,False,0.35714285714285715,FAIL_TO_FAIL,0.35714285714285715
Direct_TO_Teacher-Plan,abc304_b,easy,False,0.4375,True,1.0,FAIL_TO_PASS,0.5625
Direct_TO_Teacher-Plan,abc304_c,medium,False,0.0,False,0.0,FAIL_TO_FAIL,0.0
Direct_TO_Teacher-Plan,abc304_d,medium,False,0.0,False,0.0,FAIL_TO_FAIL,0.0
Direct_TO_Teacher-Plan,abc304_e,hard,False,0.07692307692307693,False,0.0,FAIL_TO_FAIL,-0.07692307692307693
Direct_TO_Teacher-Plan,abc305_a,easy,True,1.0,True,1.0,PASS_TO_PASS,0.0
Direct_TO_Teacher-Plan,abc305_b,easy,False,0.0,True,1.0,FAIL_TO_PASS,1.0
Direct_TO_Teacher-Plan,abc305_c,medium,False,0.0,True,1.0,FAIL_TO_PASS,1.0
Direct_TO_Teacher-Plan,abc305_d,hard,False,0.0,False,0.0,FAIL_TO_FAIL,0.0
Direct_TO_Teacher-Plan,abc305_e,hard,False,0.0,False,0.2,FAIL_TO_FAIL,0.2
Direct_TO_Teacher-Plan,abc306_a,easy,True,1.0,True,1.0,PASS_TO_PASS,0.0
Direct_TO_Teacher-Plan,abc306_b,easy,False,0.14285714285714285,True,1.0,FAIL_TO_PASS,0.8571428571428572
Direct_TO_Teacher-Plan,abc306_c,medium,True,1.0,False,0.0,PASS_TO_FAIL,-1.0
Direct_TO_Teacher-Plan,abc306_d,medium,False,0.5333333333333333,False,0.5333333333333333,FAIL_TO_FAIL,0.0
Direct_TO_Teacher-Plan,abc306_e,hard,False,0.07692307692307693,False,0.0,FAIL_TO_FAIL,-0.07692307692307693
Direct_TO_Teacher-Plan,abc307_a,easy,True,1.0,True,1.0,PASS_TO_PASS,0.0
Direct_TO_Teacher-Plan,abc307_b,easy,False,0.8,True,1.0,FAIL_TO_PASS,0.19999999999999996
Direct_TO_Teacher-Plan,abc307_c,medium,False,0.5625,False,0.875,FAIL_TO_FAIL,0.3125
Direct_TO_Teacher-Plan,abc307_d,medium,False,0.3125,True,1.0,FAIL_TO_PASS,0.6875
Direct_TO_Teacher-Plan,abc307_e,hard,False,0.2,True,1.0,FAIL_TO_PASS,0.8
Direct_TO_Teacher-Plan,abc308_a,easy,True,1.0,True,1.0,PASS_TO_PASS,0.0
Direct_TO_Teacher-Plan,abc308_b,easy,False,0.08333333333333333,False,0.0,FAIL_TO_FAIL,-0.08333333333333333
Direct_TO_Teacher-Plan,abc308_c,medium,False,0.06666666666666667,False,0.0,FAIL_TO_FAIL,-0.06666666666666667
Direct_TO_Teacher-Plan,abc308_d,medium,False,0.5333333333333333,False,0.5333333333333333,FAIL_TO_FAIL,0.0
Direct_TO_Teacher-Plan,abc308_e,hard,False,0.06666666666666667,False,0.06666666666666667,FAIL_TO_FAIL,0.0
Direct_TO_Teacher-Plan,abc308_f,hard,False,0.07142857142857142,False,0.0,FAIL_TO_FAIL,-0.07142857142857142
Direct_TO_Teacher-Plan,abc309_a,easy,True,1.0,True,1.0,PASS_TO_PASS,0.0
Direct_TO_Teacher-Plan,abc309_b,easy,False,0.0,False,0.0,FAIL_TO_FAIL,0.0
Direct_TO_Teacher-Plan,abc309_c,medium,False,0.0,False,0.13333333333333333,FAIL_TO_FAIL,0.13333333333333333
Direct_TO_Teacher-Plan,abc309_d,medium,False,0.0,False,0.0,FAIL_TO_FAIL,0.0
Direct_TO_Teacher-Plan,abc309_e,hard,False,0.0,False,0.14285714285714285,FAIL_TO_FAIL,0.14285714285714285
Direct_TO_Teacher-Plan,abc310_a,easy,True,1.0,True,1.0,PASS_TO_PASS,0.0
Direct_TO_Teacher-Plan,abc310_b,easy,False,0.6,False,0.5333333333333333,FAIL_TO_FAIL,-0.06666666666666665
Direct_TO_Teacher-Plan,abc310_c,medium,False,0.23076923076923078,True,1.0,FAIL_TO_PASS,0.7692307692307692
Direct_TO_Teacher-Plan,abc310_d,medium,False,0.0625,False,0.1875,FAIL_TO_FAIL,0.125
Direct_TO_Teacher-Plan,abc310_e,hard,False,0.14285714285714285,False,0.07142857142857142,FAIL_TO_FAIL,-0.07142857142857142
Direct_TO_Teacher-Plan,abc310_f,hard,False,0.2857142857142857,False,0.0,FAIL_TO_FAIL,-0.2857142857142857
Direct_TO_Teacher-Plan,abc311_a,easy,False,0.0,True,1.0,FAIL_TO_PASS,1.0
Direct_TO_Teacher-Plan,abc311_b,easy,False,0.0,True,1.0,FAIL_TO_PASS,1.0
Direct_TO_Teacher-Plan,abc311_c,medium,False,0.0,False,0.0,FAIL_TO_FAIL,0.0
Direct_TO_Teacher-Plan,abc311_d,medium,False,0.0,False,0.0,FAIL_TO_FAIL,0.0
Direct_TO_Teacher-Plan,abc311_e,hard,False,0.0625,False,0.125,FAIL_TO_FAIL,0.0625
Direct_TO_Teacher-Plan,abc312_a,easy,True,1.0,True,1.0,PASS_TO_PASS,0.0
Direct_TO_Teacher-Plan,abc312_b,easy,False,0.13333333333333333,False,0.13333333333333333,FAIL_TO_FAIL,0.0
Direct_TO_Teacher-Plan,abc312_c,medium,False,0.2,False,0.13333333333333333,FAIL_TO_FAIL,-0.06666666666666668
Direct_TO_Teacher-Plan,abc312_d,medium,False,0.13333333333333333,False,0.0,FAIL_TO_FAIL,-0.13333333333333333
Direct_TO_Teacher-Plan,abc312_e,hard,False,0.13333333333333333,False,0.4666666666666667,FAIL_TO_FAIL,0.33333333333333337
Direct_TO_Teacher-Plan,abc312_f,hard,False,0.0,False,0.0,FAIL_TO_FAIL,0.0
Direct_TO_Teacher-Plan,abc313_a,easy,False,0.26666666666666666,False,0.8,FAIL_TO_FAIL,0.5333333333333334
Direct_TO_Teacher-Plan,abc313_b,medium,False,0.6,True,1.0,FAIL_TO_PASS,0.4
Direct_TO_Teacher-Plan,abc313_c,medium,False,0.4666666666666667,False,0.4666666666666667,FAIL_TO_FAIL,0.0
Direct_TO_Teacher-Plan,abc314_a,easy,True,1.0,False,0.0,PASS_TO_FAIL,-1.0
Direct_TO_Teacher-Plan,abc314_b,easy,False,0.0,False,0.6428571428571429,FAIL_TO_FAIL,0.6428571428571429
Direct_TO_Teacher-Plan,abc314_c,medium,False,0.14285714285714285,True,1.0,FAIL_TO_PASS,0.8571428571428572
Direct_TO_Teacher-Plan,abc314_d,medium,False,0.0,False,0.0,FAIL_TO_FAIL,0.0
Direct_TO_Teacher-Plan,abc314_e,hard,False,0.0,False,0.0,FAIL_TO_FAIL,0.0
Direct_TO_Teacher-Plan,abc314_f,hard,False,0.0,False,0.0,FAIL_TO_FAIL,0.0
Direct_TO_Teacher-Plan,abc315_a,easy,True,1.0,True,1.0,PASS_TO_PASS,0.0
Direct_TO_Teacher-Plan,abc315_b,easy,True,1.0,True,1.0,PASS_TO_PASS,0.0
Direct_TO_Teacher-Plan,abc315_c,medium,False,0.14285714285714285,False,0.5,FAIL_TO_FAIL,0.35714285714285715
Direct_TO_Teacher-Plan,abc315_d,medium,False,0.13333333333333333,False,0.0,FAIL_TO_FAIL,-0.13333333333333333
Direct_TO_Teacher-Plan,abc315_e,hard,False,0.0,False,0.0,FAIL_TO_FAIL,0.0
Direct_TO_Teacher-Plan,abc315_f,hard,False,0.0,False,0.0,FAIL_TO_FAIL,0.0
Direct_TO_Teacher-Plan,abc318_a,easy,True,1.0,True,1.0,PASS_TO_PASS,0.0
Direct_TO_Teacher-Plan,abc318_b,easy,False,0.13333333333333333,True,1.0,FAIL_TO_PASS,0.8666666666666667
Direct_TO_Teacher-Plan,abc318_c,medium,False,0.13333333333333333,False,0.3333333333333333,FAIL_TO_FAIL,0.19999999999999998
Direct_TO_Teacher-Plan,abc318_d,medium,False,0.0,False,0.13333333333333333,FAIL_TO_FAIL,0.13333333333333333
Direct_TO_Teacher-Plan,abc318_e,hard,False,0.21428571428571427,False,0.14285714285714285,FAIL_TO_FAIL,-0.07142857142857142
Direct_TO_Teacher-Plan,abc319_b,easy,True,1.0,True,1.0,PASS_TO_PASS,0.0
Direct_TO_Teacher-Plan,abc319_c,medium,False,0.0,False,0.0,FAIL_TO_FAIL,0.0
Direct_TO_Teacher-Plan,abc319_d,medium,False,0.4666666666666667,False,0.8,FAIL_TO_FAIL,0.33333333333333337
Direct_TO_Teacher-Plan,abc319_e,hard,False,0.0,False,0.0,FAIL_TO_FAIL,0.0
Direct_TO_Teacher-Plan,abc320_a,easy,True,1.0,True,1.0,PASS_TO_PASS,0.0
Direct_TO_Teacher-Plan,abc320_b,easy,True,1.0,True,1.0,PASS_TO_PASS,0.0
Direct_TO_Teacher-Plan,abc320_c,medium,False,0.13333333333333333,False,0.0,FAIL_TO_FAIL,-0.13333333333333333
Direct_TO_Teacher-Plan,abc320_d,medium,False,0.06666666666666667,True,1.0,FAIL_TO_PASS,0.9333333333333333
Direct_TO_Teacher-Plan,abc320_e,hard,False,0.0,False,0.0,FAIL_TO_FAIL,0.0
Direct_TO_Teacher-Plan,abc321_a,easy,True,1.0,True,1.0,PASS_TO_PASS,0.0
Direct_TO_Teacher-Plan,abc321_b,easy,False,0.6875,False,0.5625,FAIL_TO_FAIL,-0.125
Direct_TO_Teacher-Plan,abc321_c,medium,False,0.06666666666666667,False,0.0,FAIL_TO_FAIL,-0.06666666666666667
Direct_TO_Teacher-Plan,abc321_d,medium,False,0.13333333333333333,False,0.13333333333333333,FAIL_TO_FAIL,0.0
Direct_TO_Teacher-Plan,abc321_e,hard,False,0.0,False,0.0,FAIL_TO_FAIL,0.0
Direct_TO_Teacher-Plan,abc322_a,easy,True,1.0,False,0.9090909090909091,PASS_TO_FAIL,-0.09090909090909094
Direct_TO_Teacher-Plan,abc322_b,easy,False,0.6875,True,1.0,FAIL_TO_PASS,0.3125
Direct_TO_Teacher-Plan,abc322_c,medium,False,0.14285714285714285,False,0.0,FAIL_TO_FAIL,-0.14285714285714285
Direct_TO_Teacher-Plan,abc322_d,medium,False,0.0,False,0.0,FAIL_TO_FAIL,0.0
Direct_TO_Teacher-Plan,abc322_e,hard,False,0.0,False,0.0,FAIL_TO_FAIL,0.0
Direct_TO_Teacher-Plan,abc323_a,easy,True,1.0,True,1.0,PASS_TO_PASS,0.0
Direct_TO_Teacher-Plan,abc323_b,easy,True,1.0,True,1.0,PASS_TO_PASS,0.0
Direct_TO_Teacher-Plan,abc323_c,medium,False,0.0,False,0.0,FAIL_TO_FAIL,0.0
Direct_TO_Teacher-Plan,abc323_d,hard,False,0.06666666666666667,False,0.0,FAIL_TO_FAIL,-0.06666666666666667
Direct_TO_Teacher-Plan,abc323_e,hard,False,0.0,False,0.2,FAIL_TO_FAIL,0.2
Direct_TO_Teacher-Plan,abc324_a,easy,True,1.0,True,1.0,PASS_TO_PASS,0.0
Direct_TO_Teacher-Plan,abc324_b,easy,False,0.4375,True,1.0,FAIL_TO_PASS,0.5625
Direct_TO_Teacher-Plan,abc324_c,medium,False,0.13333333333333333,False,0.3333333333333333,FAIL_TO_FAIL,0.19999999999999998
Direct_TO_Teacher-Plan,abc324_d,hard,False,0.6,False,0.6666666666666666,FAIL_TO_FAIL,0.06666666666666665
Direct_TO_Teacher-Plan,abc324_e,hard,False,0.125,False,0.0,FAIL_TO_FAIL,-0.125
Direct_TO_Teacher-Plan,abc324_f,hard,False,0.0,False,0.0,FAIL_TO_FAIL,0.0
Direct_TO_Teacher-Plan,abc325_a,easy,True,1.0,True,1.0,PASS_TO_PASS,0.0
Direct_TO_Teacher-Plan,abc325_b,medium,False,0.0,True,1.0,FAIL_TO_PASS,1.0
Direct_TO_Teacher-Plan,abc325_c,medium,False,0.5625,True,1.0,FAIL_TO_PASS,0.4375
Direct_TO_Teacher-Plan,abc325_d,hard,False,0.0,False,0.0,FAIL_TO_FAIL,0.0
Direct_TO_Teacher-Plan,abc325_e,hard,False,0.0,False,0.0,FAIL_TO_FAIL,0.0
Direct_TO_Teacher-Plan,abc325_f,hard,False,0.0,False,0.0,FAIL_TO_FAIL,0.0
Direct_TO_Teacher-Plan,abc326_a,easy,False,0.8666666666666667,True,1.0,FAIL_TO_PASS,0.1333333333333333
Direct_TO_Teacher-Plan,abc326_b,easy,True,1.0,True,1.0,PASS_TO_PASS,0.0
Direct_TO_Teacher-Plan,abc326_c,medium,False,0.4,False,0.6,FAIL_TO_FAIL,0.19999999999999996
Direct_TO_Teacher-Plan,abc326_d,hard,False,0.6428571428571429,False,0.6428571428571429,FAIL_TO_FAIL,0.0
Direct_TO_Teacher-Plan,abc326_e,hard,False,0.0,True,1.0,FAIL_TO_PASS,1.0
Direct_TO_Teacher-Plan,abc327_a,easy,True,1.0,True,1.0,PASS_TO_PASS,0.0
Direct_TO_Teacher-Plan,abc327_b,easy,True,1.0,True,1.0,PASS_TO_PASS,0.0
Direct_TO_Teacher-Plan,abc327_c,medium,True,1.0,True,1.0,PASS_TO_PASS,0.0
Direct_TO_Teacher-Plan,abc327_d,medium,False,0.5625,False,0.0625,FAIL_TO_FAIL,-0.5
Direct_TO_Teacher-Plan,abc327_e,hard,False,0.0,False,0.0,FAIL_TO_FAIL,0.0
Direct_TO_Teacher-Plan,abc328_a,easy,True,1.0,True,1.0,PASS_TO_PASS,0.0
Direct_TO_Teacher-Plan,abc328_b,easy,False,0.06666666666666667,True,1.0,FAIL_TO_PASS,0.9333333333333333
Direct_TO_Teacher-Plan,abc328_c,medium,False,0.07142857142857142,False,0.07142857142857142,FAIL_TO_FAIL,0.0
Direct_TO_Teacher-Plan,abc328_d,hard,True,1.0,True,1.0,PASS_TO_PASS,0.0
Direct_TO_Teacher-Plan,abc328_e,hard,False,0.0,False,0.0,FAIL_TO_FAIL,0.0
Direct_TO_Teacher-Plan,abc329_a,easy,True,1.0,True,1.0,PASS_TO_PASS,0.0
Direct_TO_Teacher-Plan,abc329_b,easy,True,1.0,True,1.0,PASS_TO_PASS,0.0
Direct_TO_Teacher-Plan,abc329_c,medium,False,0.06666666666666667,True,1.0,FAIL_TO_PASS,0.9333333333333333
Direct_TO_Teacher-Plan,abc329_d,medium,True,1.0,False,0.13333333333333333,PASS_TO_FAIL,-0.8666666666666667
Direct_TO_Teacher-Plan,abc329_e,hard,False,0.7333333333333333,False,0.7333333333333333,FAIL_TO_FAIL,0.0
Direct_TO_Teacher-Plan,abc329_f,hard,False,0.7857142857142857,False,0.0,FAIL_TO_FAIL,-0.7857142857142857
Direct_TO_Teacher-Plan,abc330_a,easy,True,1.0,True,1.0,PASS_TO_PASS,0.0
Direct_TO_Teacher-Plan,abc330_b,easy,False,0.0,True,1.0,FAIL_TO_PASS,1.0
Direct_TO_Teacher-Plan,abc330_c,medium,False,0.4,True,1.0,FAIL_TO_PASS,0.6
Direct_TO_Teacher-Plan,abc330_d,medium,False,0.0,True,1.0,FAIL_TO_PASS,1.0
Direct_TO_Teacher-Plan,abc330_e,hard,False,0.23076923076923078,False,0.15384615384615385,FAIL_TO_FAIL,-0.07692307692307693
Direct_TO_Teacher-Plan,abc331_a,easy,True,1.0,True,1.0,PASS_TO_PASS,0.0
Direct_TO_Teacher-Plan,abc331_b,easy,False,0.13333333333333333,False,0.4,FAIL_TO_FAIL,0.2666666666666667
Direct_TO_Teacher-Plan,abc331_c,medium,False,0.26666666666666666,False,0.0,FAIL_TO_FAIL,-0.26666666666666666
Direct_TO_Teacher-Plan,abc331_d,hard,False,0.0,False,0.0,FAIL_TO_FAIL,0.0
Direct_TO_Teacher-Plan,abc331_e,hard,False,0.5333333333333333,False,0.06666666666666667,FAIL_TO_FAIL,-0.4666666666666667
Direct_TO_Teacher-Plan,abc332_a,easy,False,0.0,True,1.0,FAIL_TO_PASS,1.0
Direct_TO_Teacher-Plan,abc332_b,easy,True,1.0,True,1.0,PASS_TO_PASS,0.0
Direct_TO_Teacher-Plan,abc332_c,medium,False,0.3333333333333333,True,1.0,FAIL_TO_PASS,0.6666666666666667
Direct_TO_Teacher-Plan,abc332_d,hard,False,0.3125,True,1.0,FAIL_TO_PASS,0.6875
Direct_TO_Teacher-Plan,abc333_a,easy,True,1.0,True,1.0,PASS_TO_PASS,0.0
Direct_TO_Teacher-Plan,abc333_b,easy,False,0.8,False,0.0,FAIL_TO_FAIL,-0.8
Direct_TO_Teacher-Plan,abc333_c,medium,False,0.0,True,1.0,FAIL_TO_PASS,1.0
Direct_TO_Teacher-Plan,abc333_d,medium,False,0.0,False,0.0,FAIL_TO_FAIL,0.0
Direct_TO_Teacher-Plan,abc333_e,hard,False,0.0,False,0.2,FAIL_TO_FAIL,0.2
Direct_TO_Teacher-Plan,abc334_a,easy,True,1.0,True,1.0,PASS_TO_PASS,0.0
Direct_TO_Teacher-Plan,abc334_b,medium,False,0.06666666666666667,True,1.0,FAIL_TO_PASS,0.9333333333333333
Direct_TO_Teacher-Plan,abc334_c,medium,False,0.07142857142857142,False,0.42857142857142855,FAIL_TO_FAIL,0.3571428571428571
Direct_TO_Teacher-Plan,abc334_d,medium,True,1.0,False,0.0,PASS_TO_FAIL,-1.0
Direct_TO_Teacher-Plan,abc334_e,hard,False,0.0,False,0.0,FAIL_TO_FAIL,0.0
Direct_TO_Teacher-Plan,abc335_a,easy,True,1.0,True,1.0,PASS_TO_PASS,0.0
Direct_TO_Teacher-Plan,abc335_b,easy,False,0.07692307692307693,False,0.07692307692307693,FAIL_TO_FAIL,0.0
Direct_TO_Teacher-Plan,abc335_c,medium,False,0.0,False,0.0,FAIL_TO_FAIL,0.0
Direct_TO_Teacher-Plan,abc335_d,medium,False,0.0,True,1.0,FAIL_TO_PASS,1.0
Direct_TO_Teacher-Plan,abc336_a,easy,True,1.0,True,1.0,PASS_TO_PASS,0.0
Direct_TO_Teacher-Plan,abc336_b,easy,True,1.0,True,1.0,PASS_TO_PASS,0.0
Direct_TO_Teacher-Plan,abc336_c,medium,False,0.0,False,0.07692307692307693,FAIL_TO_FAIL,0.07692307692307693
Direct_TO_Teacher-Plan,abc336_d,medium,False,0.0,False,0.8,FAIL_TO_FAIL,0.8
Direct_TO_Teacher-Plan,abc337_a,easy,True,1.0,True,1.0,PASS_TO_PASS,0.0
Direct_TO_Teacher-Plan,abc337_b,easy,False,0.75,False,0.375,FAIL_TO_FAIL,-0.375
Direct_TO_Teacher-Plan,abc337_c,medium,False,0.0,False,0.06666666666666667,FAIL_TO_FAIL,0.06666666666666667
Direct_TO_Teacher-Plan,abc337_d,medium,False,0.25,False,0.25,FAIL_TO_FAIL,0.0
Direct_TO_Teacher-Plan,abc337_e,hard,False,0.0,False,0.0,FAIL_TO_FAIL,0.0
Direct_TO_Teacher-Plan,abc338_a,easy,True,1.0,True,1.0,PASS_TO_PASS,0.0
Direct_TO_Teacher-Plan,abc338_b,easy,True,1.0,True,1.0,PASS_TO_PASS,0.0
Direct_TO_Teacher-Plan,abc338_c,medium,False,0.125,True,1.0,FAIL_TO_PASS,0.875
Direct_TO_Teacher-Plan,abc338_d,hard,False,0.0,False,0.06666666666666667,FAIL_TO_FAIL,0.06666666666666667
Direct_TO_Teacher-Plan,abc338_e,hard,False,0.6,False,0.0,FAIL_TO_FAIL,-0.6
Direct_TO_Teacher-Plan,abc338_f,hard,False,0.0,False,0.06666666666666667,FAIL_TO_FAIL,0.06666666666666667
Direct_TO_Teacher-Plan,abc339_a,easy,False,0.0,True,1.0,FAIL_TO_PASS,1.0
Direct_TO_Teacher-Plan,abc339_b,medium,False,0.2,False,0.0,FAIL_TO_FAIL,-0.2
Direct_TO_Teacher-Plan,abc339_c,medium,False,0.13333333333333333,True,1.0,FAIL_TO_PASS,0.8666666666666667
Direct_TO_Teacher-Plan,abc339_d,medium,False,0.06666666666666667,False,0.0,FAIL_TO_FAIL,-0.06666666666666667
Direct_TO_Teacher-Plan,abc340_a,easy,True,1.0,True,1.0,PASS_TO_PASS,0.0
Direct_TO_Teacher-Plan,abc340_b,easy,True,1.0,True,1.0,PASS_TO_PASS,0.0
Direct_TO_Teacher-Plan,abc340_c,medium,False,0.0,True,1.0,FAIL_TO_PASS,1.0
Direct_TO_Teacher-Plan,abc340_d,hard,False,0.0,False,0.13333333333333333,FAIL_TO_FAIL,0.13333333333333333
Direct_TO_Teacher-Plan,abc340_e,hard,False,0.06666666666666667,False,0.13333333333333333,FAIL_TO_FAIL,0.06666666666666667
Direct_TO_Teacher-Plan,abc341_a,easy,False,0.08333333333333333,True,1.0,FAIL_TO_PASS,0.9166666666666666
Direct_TO_Teacher-Plan,abc341_b,easy,False,0.0,False,0.0,FAIL_TO_FAIL,0.0
Direct_TO_Teacher-Plan,abc341_c,medium,False,0.0,False,0.0,FAIL_TO_FAIL,0.0
Direct_TO_Teacher-Plan,abc341_d,medium,False,0.26666666666666666,True,1.0,FAIL_TO_PASS,0.7333333333333334
Direct_TO_Teacher-Plan,abc341_e,hard,False,0.35714285714285715,False,0.0,FAIL_TO_FAIL,-0.35714285714285715
Direct_TO_Teacher-Plan,abc341_f,hard,False,0.06666666666666667,False,0.06666666666666667,FAIL_TO_FAIL,0.0
Direct_TO_Teacher-Plan,abc342_a,easy,False,0.8461538461538461,False,0.9230769230769231,FAIL_TO_FAIL,0.07692307692307698
Direct_TO_Teacher-Plan,abc342_b,easy,True,1.0,True,1.0,PASS_TO_PASS,0.0
Direct_TO_Teacher-Plan,abc342_c,medium,False,0.0,False,0.06666666666666667,FAIL_TO_FAIL,0.06666666666666667
Direct_TO_Teacher-Plan,abc342_d,medium,False,0.14285714285714285,False,0.2857142857142857,FAIL_TO_FAIL,0.14285714285714285
Direct_TO_Teacher-Plan,abc342_e,hard,False,0.0,False,0.0,FAIL_TO_FAIL,0.0
Direct_TO_Teacher-Plan,abc343_a,easy,False,0.3333333333333333,False,0.08333333333333333,FAIL_TO_FAIL,-0.25
Direct_TO_Teacher-Plan,abc343_b,easy,True,1.0,True,1.0,PASS_TO_PASS,0.0
Direct_TO_Teacher-Plan,abc343_c,medium,False,0.7333333333333333,False,0.7333333333333333,FAIL_TO_FAIL,0.0
Direct_TO_Teacher-Plan,abc343_d,medium,False,0.0,False,0.06666666666666667,FAIL_TO_FAIL,0.06666666666666667
Direct_TO_Teacher-Plan,abc343_e,hard,False,0.42857142857142855,False,0.42857142857142855,FAIL_TO_FAIL,0.0
Direct_TO_Teacher-Plan,abc344_d,hard,False,0.0,False,0.07142857142857142,FAIL_TO_FAIL,0.07142857142857142
Direct_TO_Teacher-Plan,abc344_a,easy,True,1.0,True,1.0,PASS_TO_PASS,0.0
Direct_TO_Teacher-Plan,abc344_c,medium,False,0.09523809523809523,True,1.0,FAIL_TO_PASS,0.9047619047619048
Direct_TO_Teacher-Plan,abc344_b,easy,True,1.0,False,0.0,PASS_TO_FAIL,-1.0
Direct_TO_Teacher-Plan,abc344_e,hard,False,0.4090909090909091,False,0.0,FAIL_TO_FAIL,-0.4090909090909091
Direct_TO_Teacher-Plan,abc345_d,hard,False,0.3448275862068966,False,0.5172413793103449,FAIL_TO_FAIL,0.1724137931034483
Direct_TO_Teacher-Plan,abc345_b,easy,True,1.0,True,1.0,PASS_TO_PASS,0.0
Direct_TO_Teacher-Plan,abc346_d,medium,False,0.043478260869565216,False,0.043478260869565216,FAIL_TO_FAIL,0.0
Direct_TO_Teacher-Plan,abc346_b,easy,False,0.5909090909090909,False,0.5454545454545454,FAIL_TO_FAIL,-0.045454545454545525
Direct_TO_Teacher-Plan,abc346_e,hard,False,0.0,False,0.0,FAIL_TO_FAIL,0.0
Direct_TO_Teacher-Plan,abc346_a,easy,True,1.0,True,1.0,PASS_TO_PASS,0.0
Direct_TO_Teacher-Plan,abc346_c,medium,False,0.18181818181818182,True,1.0,FAIL_TO_PASS,0.8181818181818181
Direct_TO_Teacher-Plan,abc347_c,medium,False,0.6071428571428571,False,0.5,FAIL_TO_FAIL,-0.1071428571428571
Direct_TO_Teacher-Plan,abc347_a,easy,True,1.0,True,1.0,PASS_TO_PASS,0.0
Direct_TO_Teacher-Plan,abc347_e,hard,False,0.4090909090909091,False,0.045454545454545456,FAIL_TO_FAIL,-0.36363636363636365
Direct_TO_Teacher-Plan,abc347_b,easy,False,0.07692307692307693,True,1.0,FAIL_TO_PASS,0.9230769230769231
Direct_TO_Teacher-Plan,abc348_c,medium,False,0.0,True,1.0,FAIL_TO_PASS,1.0
Direct_TO_Teacher-Plan,abc348_b,easy,True,1.0,True,1.0,PASS_TO_PASS,0.0
Direct_TO_Teacher-Plan,abc348_a,easy,True,1.0,True,1.0,PASS_TO_PASS,0.0
Direct_TO_Teacher-Plan,abc348_d,hard,False,0.6071428571428571,False,0.14285714285714285,FAIL_TO_FAIL,-0.46428571428571425
Direct_TO_Teacher-Plan,abc348_e,hard,False,0.0,False,0.0,FAIL_TO_FAIL,0.0
Direct_TO_Teacher-Plan,abc349_c,medium,False,0.6071428571428571,False,0.5,FAIL_TO_FAIL,-0.1071428571428571
Direct_TO_Teacher-Plan,abc349_a,easy,False,0.1,True,1.0,FAIL_TO_PASS,0.9
Direct_TO_Teacher-Plan,abc349_b,easy,False,0.7647058823529411,True,1.0,FAIL_TO_PASS,0.23529411764705888
Direct_TO_Teacher-Plan,abc349_d,hard,False,0.0,False,0.0,FAIL_TO_FAIL,0.0
Direct_TO_Teacher-Plan,abc349_e,hard,False,0.45454545454545453,False,0.5,FAIL_TO_FAIL,0.04545454545454547
Direct_TO_Teacher-Plan,abc350_a,easy,False,0.8,True,1.0,FAIL_TO_PASS,0.19999999999999996
Direct_TO_Teacher-Plan,abc350_e,hard,False,0.0,False,0.0,FAIL_TO_FAIL,0.0
Direct_TO_Teacher-Plan,abc350_b,easy,False,0.0,True,1.0,FAIL_TO_PASS,1.0
Direct_TO_Teacher-Plan,abc350_c,medium,False,0.0,False,0.0,FAIL_TO_FAIL,0.0
Direct_TO_Teacher-Plan,abc350_d,medium,False,0.07142857142857142,False,0.14285714285714285,FAIL_TO_FAIL,0.07142857142857142
Direct_TO_Teacher-Plan,abc351_a,easy,False,0.0,True,1.0,FAIL_TO_PASS,1.0
Direct_TO_Teacher-Plan,abc351_b,easy,True,1.0,True,1.0,PASS_TO_PASS,0.0
Direct_TO_Teacher-Plan,abc351_e,hard,False,0.0,False,0.045454545454545456,FAIL_TO_FAIL,0.045454545454545456
Direct_TO_Teacher-Plan,abc351_f,hard,False,0.0,False,0.09090909090909091,FAIL_TO_FAIL,0.09090909090909091
Direct_TO_Teacher-Plan,abc351_c,medium,False,0.1111111111111111,False,0.037037037037037035,FAIL_TO_FAIL,-0.07407407407407407
Direct_TO_Teacher-Plan,abc351_d,hard,False,0.1111111111111111,False,0.1111111111111111,FAIL_TO_FAIL,0.0
Direct_TO_Teacher-Plan,abc352_e,hard,False,0.2857142857142857,False,0.0,FAIL_TO_FAIL,-0.2857142857142857
Direct_TO_Teacher-Plan,abc352_a,easy,True,1.0,True,1.0,PASS_TO_PASS,0.0
Direct_TO_Teacher-Plan,abc352_c,medium,False,0.0,True,1.0,FAIL_TO_PASS,1.0
Direct_TO_Teacher-Plan,abc352_b,easy,True,1.0,True,1.0,PASS_TO_PASS,0.0
Direct_TO_Teacher-Plan,abc352_d,hard,False,0.0,False,0.08695652173913043,FAIL_TO_FAIL,0.08695652173913043
Direct_TO_Teacher-Plan,abc353_c,medium,False,0.09090909090909091,True,1.0,FAIL_TO_PASS,0.9090909090909091
Direct_TO_Teacher-Plan,abc353_b,easy,False,0.0,True,1.0,FAIL_TO_PASS,1.0
Direct_TO_Teacher-Plan,abc353_a,easy,True,1.0,True,1.0,PASS_TO_PASS,0.0
Direct_TO_Teacher-Plan,abc353_e,hard,False,0.07407407407407407,False,0.0,FAIL_TO_FAIL,-0.07407407407407407
Direct_TO_Teacher-Plan,abc353_d,medium,False,0.0,False,0.0,FAIL_TO_FAIL,0.0
Direct_TO_Teacher-Plan,abc354_b,easy,True,1.0,True,1.0,PASS_TO_PASS,0.0
Direct_TO_Teacher-Plan,abc354_a,easy,False,0.7391304347826086,False,0.2608695652173913,FAIL_TO_FAIL,-0.47826086956521735
Direct_TO_Teacher-Plan,abc354_e,hard,False,0.45454545454545453,False,0.2727272727272727,FAIL_TO_FAIL,-0.18181818181818182
Direct_TO_Teacher-Plan,abc354_c,medium,False,0.0,False,0.058823529411764705,FAIL_TO_FAIL,0.058823529411764705
Direct_TO_Teacher-Plan,abc354_d,hard,False,0.0,False,0.14285714285714285,FAIL_TO_FAIL,0.14285714285714285
Direct_TO_Teacher-Plan,abc355_e,hard,False,0.0,False,0.0,FAIL_TO_FAIL,0.0
Direct_TO_Teacher-Plan,abc355_b,easy,False,0.6,True,1.0,FAIL_TO_PASS,0.4
Direct_TO_Teacher-Plan,abc355_c,medium,False,0.0,False,0.0,FAIL_TO_FAIL,0.0
Direct_TO_Teacher-Plan,abc355_a,easy,True,1.0,True,1.0,PASS_TO_PASS,0.0
Direct_TO_Teacher-Plan,abc355_d,medium,False,0.09090909090909091,False,0.0,FAIL_TO_FAIL,-0.09090909090909091
Direct_TO_Teacher-Plan,abc356_a,easy,True,1.0,True,1.0,PASS_TO_PASS,0.0
Direct_TO_Teacher-Plan,abc356_d,medium,False,0.16129032258064516,False,0.45161290322580644,FAIL_TO_FAIL,0.29032258064516125
Direct_TO_Teacher-Plan,abc356_e,hard,False,0.17391304347826086,False,0.0,FAIL_TO_FAIL,-0.17391304347826086
Direct_TO_Teacher-Plan,abc356_c,medium,False,0.0,False,0.0,FAIL_TO_FAIL,0.0
Direct_TO_Teacher-Plan,abc356_b,easy,True,1.0,True,1.0,PASS_TO_PASS,0.0
Direct_TO_Teacher-Plan,abc357_c,medium,False,0.0,False,0.1111111111111111,FAIL_TO_FAIL,0.1111111111111111
Direct_TO_Teacher-Plan,abc357_a,easy,False,0.7368421052631579,False,0.0,FAIL_TO_FAIL,-0.7368421052631579
Direct_TO_Teacher-Plan,abc357_d,medium,False,0.17391304347826086,True,1.0,FAIL_TO_PASS,0.8260869565217391
Direct_TO_Teacher-Plan,abc357_b,easy,True,1.0,True,1.0,PASS_TO_PASS,0.0
Direct_TO_Teacher-Plan,abc357_e,hard,False,0.0,False,0.0,FAIL_TO_FAIL,0.0
Direct_TO_Teacher-Plan,abc358_e,hard,False,0.0,False,0.045454545454545456,FAIL_TO_FAIL,0.045454545454545456
Direct_TO_Teacher-Plan,abc358_c,medium,False,0.34782608695652173,False,0.0,FAIL_TO_FAIL,-0.34782608695652173
Direct_TO_Teacher-Plan,abc358_b,easy,False,0.043478260869565216,True,1.0,FAIL_TO_PASS,0.9565217391304348
Direct_TO_Teacher-Plan,abc358_d,medium,False,0.391304347826087,False,0.30434782608695654,FAIL_TO_FAIL,-0.08695652173913043
Direct_TO_Teacher-Plan,abc358_a,easy,True,1.0,True,1.0,PASS_TO_PASS,0.0
Direct_TO_Teacher-Plan,abc359_c,medium,False,0.12903225806451613,True,1.0,FAIL_TO_PASS,0.8709677419354839
Direct_TO_Teacher-Plan,abc359_b,easy,True,1.0,False,0.38461538461538464,PASS_TO_FAIL,-0.6153846153846154
Direct_TO_Teacher-Plan,abc359_e,hard,False,0.0,False,0.0,FAIL_TO_FAIL,0.0
Direct_TO_Teacher-Plan,abc359_a,easy,True,1.0,True,1.0,PASS_TO_PASS,0.0
Direct_TO_Teacher-Plan,abc359_d,hard,False,0.28125,False,0.0,FAIL_TO_FAIL,-0.28125
Direct_TO_Teacher-Plan,abc360_c,medium,False,0.0,True,1.0,FAIL_TO_PASS,1.0
Direct_TO_Teacher-Plan,abc360_b,easy,False,0.0,False,0.8695652173913043,FAIL_TO_FAIL,0.8695652173913043
Direct_TO_Teacher-Plan,abc360_e,hard,False,0.0,False,0.0,FAIL_TO_FAIL,0.0
Direct_TO_Teacher-Plan,abc360_a,easy,True,1.0,True,1.0,PASS_TO_PASS,0.0
Direct_TO_Teacher-Plan,abc360_d,medium,False,0.045454545454545456,False,0.13636363636363635,FAIL_TO_FAIL,0.0909090909090909
Direct_TO_Teacher-Plan,abc361_d,hard,False,0.2608695652173913,False,0.391304347826087,FAIL_TO_FAIL,0.13043478260869568
Direct_TO_Teacher-Plan,abc361_b,medium,True,1.0,True,1.0,PASS_TO_PASS,0.0
Direct_TO_Teacher-Plan,abc361_a,easy,True,1.0,True,1.0,PASS_TO_PASS,0.0
Direct_TO_Teacher-Plan,abc361_f,hard,False,0.0,False,0.03333333333333333,FAIL_TO_FAIL,0.03333333333333333
Direct_TO_Teacher-Plan,abc361_c,medium,False,0.12903225806451613,False,0.45161290322580644,FAIL_TO_FAIL,0.3225806451612903
Direct_TO_Teacher-Plan,abc361_e,hard,False,0.045454545454545456,False,0.0,FAIL_TO_FAIL,-0.045454545454545456
Direct_TO_Teacher-Plan,abc362_d,hard,False,0.0,False,0.0,FAIL_TO_FAIL,0.0
Direct_TO_Teacher-Plan,abc362_e,hard,False,0.0,False,0.08695652173913043,FAIL_TO_FAIL,0.08695652173913043
Direct_TO_Teacher-Plan,abc362_c,medium,False,0.22580645161290322,False,0.0967741935483871,FAIL_TO_FAIL,-0.12903225806451613
Direct_TO_Teacher-Plan,abc362_a,easy,True,1.0,False,0.0,PASS_TO_FAIL,-1.0
Direct_TO_Teacher-Plan,abc362_b,easy,True,1.0,True,1.0,PASS_TO_PASS,0.0
Direct_TO_Teacher-Plan,abc363_a,easy,False,0.14285714285714285,True,1.0,FAIL_TO_PASS,0.8571428571428572
Direct_TO_Teacher-Plan,abc363_f,hard,False,0.1935483870967742,False,0.16129032258064516,FAIL_TO_FAIL,-0.03225806451612903
Direct_TO_Teacher-Plan,abc363_b,easy,False,0.34782608695652173,True,1.0,FAIL_TO_PASS,0.6521739130434783
Direct_TO_Teacher-Plan,abc363_c,medium,False,0.03225806451612903,True,1.0,FAIL_TO_PASS,0.967741935483871
Direct_TO_Teacher-Plan,abc363_d,medium,False,0.0,False,0.05,FAIL_TO_FAIL,0.05
Direct_TO_Teacher-Plan,abc363_e,hard,False,0.0,False,0.0,FAIL_TO_FAIL,0.0
Direct_TO_Teacher-Plan,abc364_b,easy,True,1.0,True,1.0,PASS_TO_PASS,0.0
Direct_TO_Teacher-Plan,abc364_e,hard,False,0.25,False,0.09375,FAIL_TO_FAIL,-0.15625
Direct_TO_Teacher-Plan,abc364_f,hard,False,0.0,False,0.0,FAIL_TO_FAIL,0.0
Direct_TO_Teacher-Plan,abc364_d,hard,False,0.19047619047619047,False,0.19047619047619047,FAIL_TO_FAIL,0.0
Direct_TO_Teacher-Plan,abc364_c,medium,False,0.21739130434782608,False,0.6086956521739131,FAIL_TO_FAIL,0.39130434782608703
Direct_TO_Teacher-Plan,abc364_a,easy,False,0.10526315789473684,False,0.42105263157894735,FAIL_TO_FAIL,0.3157894736842105
Direct_TO_Teacher-Plan,abc365_b,easy,False,0.26666666666666666,True,1.0,FAIL_TO_PASS,0.7333333333333334
Direct_TO_Teacher-Plan,abc365_a,easy,True,1.0,True,1.0,PASS_TO_PASS,0.0
Direct_TO_Teacher-Plan,abc365_e,hard,False,0.0,False,0.0,FAIL_TO_FAIL,0.0
Direct_TO_Teacher-Plan,abc365_d,medium,False,0.2608695652173913,False,0.0,FAIL_TO_FAIL,-0.2608695652173913
Direct_TO_Teacher-Plan,abc365_c,medium,False,0.0,False,0.34782608695652173,FAIL_TO_FAIL,0.34782608695652173
Direct_TO_Teacher-Plan,abc366_f,hard,False,0.0,False,0.0,FAIL_TO_FAIL,0.0
Direct_TO_Teacher-Plan,abc366_b,easy,False,0.1,False,0.1,FAIL_TO_FAIL,0.0
Direct_TO_Teacher-Plan,abc366_e,hard,False,0.0,False,0.0,FAIL_TO_FAIL,0.0
Direct_TO_Teacher-Plan,abc366_d,medium,False,0.0,False,0.0,FAIL_TO_FAIL,0.0
Direct_TO_Teacher-Plan,abc366_a,easy,False,0.8571428571428571,True,1.0,FAIL_TO_PASS,0.1428571428571429
Direct_TO_Teacher-Plan,abc366_c,medium,True,1.0,True,1.0,PASS_TO_PASS,0.0
Direct_TO_Teacher-Plan,abc366_g,hard,False,0.3103448275862069,False,0.034482758620689655,FAIL_TO_FAIL,-0.27586206896551724
Direct_TO_Teacher-Plan,abc367_e,hard,False,0.10714285714285714,False,0.0,FAIL_TO_FAIL,-0.10714285714285714
Direct_TO_Teacher-Plan,abc367_f,hard,False,0.2222222222222222,False,0.1111111111111111,FAIL_TO_FAIL,-0.1111111111111111
Direct_TO_Teacher-Plan,abc367_a,easy,False,0.7857142857142857,True,1.0,FAIL_TO_PASS,0.2142857142857143
Direct_TO_Teacher-Plan,abc367_g,hard,False,0.047619047619047616,False,0.09523809523809523,FAIL_TO_FAIL,0.047619047619047616
Direct_TO_Teacher-Plan,abc367_b,easy,True,1.0,True,1.0,PASS_TO_PASS,0.0
Direct_TO_Teacher-Plan,abc367_d,medium,False,0.0,False,0.0,FAIL_TO_FAIL,0.0
Direct_TO_Teacher-Plan,abc367_c,medium,False,0.5238095238095238,True,1.0,FAIL_TO_PASS,0.47619047619047616
Direct_TO_Teacher-Plan,abc368_g,hard,False,0.0,False,0.0,FAIL_TO_FAIL,0.0
Direct_TO_Teacher-Plan,abc368_a,easy,False,0.0,True,1.0,FAIL_TO_PASS,1.0
Direct_TO_Teacher-Plan,abc368_b,easy,False,0.0,False,0.0,FAIL_TO_FAIL,0.0
Direct_TO_Teacher-Plan,abc368_f,hard,False,0.45,False,0.85,FAIL_TO_FAIL,0.39999999999999997
Direct_TO_Teacher-Plan,abc368_c,medium,False,0.23809523809523808,False,0.14285714285714285,FAIL_TO_FAIL,-0.09523809523809523
Direct_TO_Teacher-Plan,abc368_d,hard,False,0.10714285714285714,False,0.0,FAIL_TO_FAIL,-0.10714285714285714
Direct_TO_Teacher-Plan,abc368_e,hard,False,0.0,False,0.0,FAIL_TO_FAIL,0.0
Direct_TO_Teacher-Plan,abc369_d,medium,False,0.07407407407407407,False,0.5925925925925926,FAIL_TO_FAIL,0.5185185185185185
Direct_TO_Teacher-Plan,abc369_g,hard,False,0.0,False,0.0,FAIL_TO_FAIL,0.0
Direct_TO_Teacher-Plan,abc369_c,medium,False,0.0,False,0.0,FAIL_TO_FAIL,0.0
Direct_TO_Teacher-Plan,abc369_a,easy,False,0.0,False,0.5833333333333334,FAIL_TO_FAIL,0.5833333333333334
Direct_TO_Teacher-Plan,abc369_b,easy,False,0.0,True,1.0,FAIL_TO_PASS,1.0
Direct_TO_Teacher-Plan,abc369_e,hard,False,0.0,False,0.0,FAIL_TO_FAIL,0.0
Direct_TO_Teacher-Plan,abc370_a,easy,False,0.75,True,1.0,FAIL_TO_PASS,0.25
Direct_TO_Teacher-Plan,abc370_g,hard,False,0.06896551724137931,False,0.0,FAIL_TO_FAIL,-0.06896551724137931
Direct_TO_Teacher-Plan,abc370_c,medium,False,0.0,False,0.0,FAIL_TO_FAIL,0.0
Direct_TO_Teacher-Plan,abc370_d,medium,False,0.7142857142857143,False,0.09523809523809523,FAIL_TO_FAIL,-0.6190476190476191
Direct_TO_Teacher-Plan,abc370_e,hard,False,0.0,False,0.0,FAIL_TO_FAIL,0.0
Direct_TO_Teacher-Plan,abc370_b,easy,False,0.0625,False,0.0,FAIL_TO_FAIL,-0.0625
Direct_TO_Teacher-Plan,abc370_f,hard,False,0.0,False,0.0,FAIL_TO_FAIL,0.0
Direct_TO_Teacher-Plan,abc371_b,easy,False,0.0,False,0.0,FAIL_TO_FAIL,0.0
Direct_TO_Teacher-Plan,abc371_d,medium,False,0.0,True,1.0,FAIL_TO_PASS,1.0
Direct_TO_Teacher-Plan,abc371_g,hard,False,0.0,False,0.0,FAIL_TO_FAIL,0.0
Direct_TO_Teacher-Plan,abc371_f,hard,False,0.0,False,0.0,FAIL_TO_FAIL,0.0
Direct_TO_Teacher-Plan,abc371_c,medium,False,0.03333333333333333,False,0.0,FAIL_TO_FAIL,-0.03333333333333333
Direct_TO_Teacher-Plan,abc371_e,hard,False,0.1,False,0.0,FAIL_TO_FAIL,-0.1
Direct_TO_Teacher-Plan,abc371_a,easy,False,0.16666666666666666,False,0.0,FAIL_TO_FAIL,-0.16666666666666666
Direct_TO_Teacher-Plan,abc372_e,hard,False,0.0,False,0.0,FAIL_TO_FAIL,0.0
Direct_TO_Teacher-Plan,abc372_c,medium,False,0.0,False,0.11764705882352941,FAIL_TO_FAIL,0.11764705882352941
Direct_TO_Teacher-Plan,abc372_d,medium,False,0.03571428571428571,False,0.10714285714285714,FAIL_TO_FAIL,0.07142857142857142
Direct_TO_Teacher-Plan,abc372_g,hard,False,0.0,False,0.0,FAIL_TO_FAIL,0.0
Direct_TO_Teacher-Plan,abc372_f,hard,False,0.0,False,0.0,FAIL_TO_FAIL,0.0
Direct_TO_Teacher-Plan,abc372_a,easy,True,1.0,True,1.0,PASS_TO_PASS,0.0
Direct_TO_Teacher-Plan,abc373_a,easy,True,1.0,True,1.0,PASS_TO_PASS,0.0
Direct_TO_Teacher-Plan,abc373_b,easy,False,0.1,True,1.0,FAIL_TO_PASS,0.9
Direct_TO_Teacher-Plan,abc373_f,hard,False,0.03571428571428571,False,0.03571428571428571,FAIL_TO_FAIL,0.0
Direct_TO_Teacher-Plan,abc373_g,hard,False,0.037037037037037035,False,0.0,FAIL_TO_FAIL,-0.037037037037037035
Direct_TO_Teacher-Plan,abc373_c,medium,False,0.15,True,1.0,FAIL_TO_PASS,0.85
Direct_TO_Teacher-Plan,abc373_e,hard,False,0.0,False,0.0,FAIL_TO_FAIL,0.0
Direct_TO_Teacher-Plan,arc181_d,hard,False,0.0,False,0.0,FAIL_TO_FAIL,0.0
Direct_TO_Teacher-Plan,arc181_c,hard,False,0.0,False,0.0,FAIL_TO_FAIL,0.0
Direct_TO_Teacher-Plan,arc181_b,hard,False,0.48148148148148145,False,0.48148148148148145,FAIL_TO_FAIL,0.0
Direct_TO_Teacher-Plan,arc181_a,medium,False,0.21052631578947367,False,0.42105263157894735,FAIL_TO_FAIL,0.21052631578947367
Direct_TO_Teacher-Plan,arc182_d,hard,False,0.10714285714285714,False,0.10714285714285714,FAIL_TO_FAIL,0.0
Direct_TO_Teacher-Plan,arc182_e,hard,False,0.21428571428571427,False,0.0,FAIL_TO_FAIL,-0.21428571428571427
Direct_TO_Teacher-Plan,arc182_a,hard,False,0.0,False,0.0,FAIL_TO_FAIL,0.0
Direct_TO_Teacher-Plan,arc182_c,hard,False,0.0,False,0.0,FAIL_TO_FAIL,0.0
Direct_TO_Teacher-Plan,arc183_b,hard,False,0.4230769230769231,False,0.5384615384615384,FAIL_TO_FAIL,0.11538461538461536
Direct_TO_Teacher-Plan,arc183_c,hard,False,0.045454545454545456,False,0.36363636363636365,FAIL_TO_FAIL,0.3181818181818182
Direct_TO_Teacher-Plan,arc183_a,medium,False,0.0,False,0.034482758620689655,FAIL_TO_FAIL,0.034482758620689655
Direct_TO_Teacher-Plan,arc183_d,hard,False,0.0,False,0.0,FAIL_TO_FAIL,0.0
Direct_TO_Teacher-Plan,abc374_c,medium,False,0.0,True,1.0,FAIL_TO_PASS,1.0
Direct_TO_Teacher-Plan,abc374_f,hard,False,0.11627906976744186,False,0.06976744186046512,FAIL_TO_FAIL,-0.046511627906976744
Direct_TO_Teacher-Plan,abc374_b,easy,False,0.76,False,0.76,FAIL_TO_FAIL,0.0
Direct_TO_Teacher-Plan,abc374_d,medium,False,0.0,False,0.0,FAIL_TO_FAIL,0.0
Direct_TO_Teacher-Plan,abc374_g,hard,False,0.09302325581395349,False,0.0,FAIL_TO_FAIL,-0.09302325581395349
Direct_TO_Teacher-Plan,abc374_a,easy,True,1.0,True,1.0,PASS_TO_PASS,0.0
Direct_TO_Teacher-Plan,abc374_e,hard,False,0.0,False,0.11363636363636363,FAIL_TO_FAIL,0.11363636363636363
Direct_TO_Teacher-Plan,abc375_e,hard,False,0.0,False,0.15384615384615385,FAIL_TO_FAIL,0.15384615384615385
Direct_TO_Teacher-Plan,abc375_b,easy,False,0.0,False,0.0,FAIL_TO_FAIL,0.0
Direct_TO_Teacher-Plan,abc375_c,medium,False,0.0,False,0.1111111111111111,FAIL_TO_FAIL,0.1111111111111111
Direct_TO_Teacher-Plan,abc375_a,easy,False,0.5217391304347826,True,1.0,FAIL_TO_PASS,0.4782608695652174
Direct_TO_Teacher-Plan,abc375_d,medium,False,0.058823529411764705,False,0.029411764705882353,FAIL_TO_FAIL,-0.029411764705882353
Direct_TO_Teacher-Plan,abc375_g,hard,False,0.022222222222222223,False,0.022222222222222223,FAIL_TO_FAIL,0.0
Direct_TO_Teacher-Plan,abc375_f,hard,False,0.0,False,0.0,FAIL_TO_FAIL,0.0
Direct_TO_Teacher-Plan,abc376_b,medium,False,0.0,False,0.0,FAIL_TO_FAIL,0.0
Direct_TO_Teacher-Plan,abc376_d,medium,False,0.0,False,0.05128205128205128,FAIL_TO_FAIL,0.05128205128205128
Direct_TO_Teacher-Plan,abc376_g,hard,False,0.0,False,0.0,FAIL_TO_FAIL,0.0
Direct_TO_Teacher-Plan,abc376_a,easy,False,0.29411764705882354,True,1.0,FAIL_TO_PASS,0.7058823529411764
Direct_TO_Teacher-Plan,abc376_f,hard,False,0.0,False,0.0,FAIL_TO_FAIL,0.0
Direct_TO_Teacher-Plan,abc376_c,medium,False,0.3333333333333333,False,0.06666666666666667,FAIL_TO_FAIL,-0.26666666666666666
Direct_TO_Teacher-Plan,abc376_e,hard,False,0.21052631578947367,False,0.21052631578947367,FAIL_TO_FAIL,0.0
Direct_TO_Teacher-Plan,abc377_c,medium,False,0.5142857142857142,False,0.11428571428571428,FAIL_TO_FAIL,-0.39999999999999997
Direct_TO_Teacher-Plan,abc377_b,easy,True,1.0,True,1.0,PASS_TO_PASS,0.0
Direct_TO_Teacher-Plan,abc377_a,easy,True,1.0,True,1.0,PASS_TO_PASS,0.0
Direct_TO_Teacher-Plan,abc377_g,hard,False,0.0,False,0.4,FAIL_TO_FAIL,0.4
Direct_TO_Teacher-Plan,abc377_f,hard,False,0.3953488372093023,False,0.023255813953488372,FAIL_TO_FAIL,-0.37209302325581395
Direct_TO_Teacher-Plan,abc377_e,hard,False,0.0,False,0.0,FAIL_TO_FAIL,0.0
Direct_TO_Teacher-Plan,abc377_d,medium,False,0.03125,False,0.15625,FAIL_TO_FAIL,0.125
Direct_TO_Teacher-Plan,abc378_e,hard,True,1.0,False,0.0,PASS_TO_FAIL,-1.0
Direct_TO_Teacher-Plan,abc378_d,hard,False,0.5813953488372093,False,0.32558139534883723,FAIL_TO_FAIL,-0.2558139534883721
Direct_TO_Teacher-Plan,abc378_b,easy,False,0.024390243902439025,False,0.0,FAIL_TO_FAIL,-0.024390243902439025
Direct_TO_Teacher-Plan,abc378_f,hard,False,0.0,False,0.3953488372093023,FAIL_TO_FAIL,0.3953488372093023
Direct_TO_Teacher-Plan,abc378_g,hard,False,0.0,False,0.0,FAIL_TO_FAIL,0.0
Direct_TO_Teacher-Plan,abc378_a,easy,False,0.046511627906976744,True,1.0,FAIL_TO_PASS,0.9534883720930233
Direct_TO_Teacher-Plan,abc378_c,medium,False,0.0,False,0.0,FAIL_TO_FAIL,0.0
Direct_TO_Teacher-Plan,abc379_b,easy,False,0.8604651162790697,True,1.0,FAIL_TO_PASS,0.13953488372093026
Direct_TO_Teacher-Plan,abc379_e,hard,False,0.047619047619047616,False,0.0,FAIL_TO_FAIL,-0.047619047619047616
Direct_TO_Teacher-Plan,abc379_c,medium,False,0.5238095238095238,False,0.6904761904761905,FAIL_TO_FAIL,0.16666666666666663
Direct_TO_Teacher-Plan,abc379_d,medium,False,0.8809523809523809,False,0.0,FAIL_TO_FAIL,-0.8809523809523809
Direct_TO_Teacher-Plan,abc379_g,hard,False,0.0,False,0.6744186046511628,FAIL_TO_FAIL,0.6744186046511628
Direct_TO_Teacher-Plan,abc379_f,hard,False,0.0,False,0.0,FAIL_TO_FAIL,0.0
Direct_TO_Teacher-Plan,abc379_a,easy,True,1.0,True,1.0,PASS_TO_PASS,0.0
Direct_TO_Teacher-Plan,abc380_e,hard,False,0.6585365853658537,False,0.0,FAIL_TO_FAIL,-0.6585365853658537
Direct_TO_Teacher-Plan,abc380_f,hard,False,0.6046511627906976,False,0.0,FAIL_TO_FAIL,-0.6046511627906976
Direct_TO_Teacher-Plan,abc380_c,medium,False,0.0,False,0.0,FAIL_TO_FAIL,0.0
Direct_TO_Teacher-Plan,abc380_d,medium,False,0.023255813953488372,False,0.06976744186046512,FAIL_TO_FAIL,0.046511627906976744
Direct_TO_Teacher-Plan,abc380_a,easy,True,1.0,True,1.0,PASS_TO_PASS,0.0
Direct_TO_Teacher-Plan,abc380_g,hard,False,0.11627906976744186,False,0.0,FAIL_TO_FAIL,-0.11627906976744186
Direct_TO_Teacher-Plan,abc380_b,easy,False,0.0,True,1.0,FAIL_TO_PASS,1.0
Direct_TO_Teacher-Plan,abc381_a,easy,False,0.5681818181818182,False,0.5,FAIL_TO_FAIL,-0.06818181818181823
Direct_TO_Teacher-Plan,abc381_e,hard,False,0.0,False,0.14634146341463414,FAIL_TO_FAIL,0.14634146341463414
Direct_TO_Teacher-Plan,abc381_b,easy,True,1.0,True,1.0,PASS_TO_PASS,0.0
Direct_TO_Teacher-Plan,abc381_c,medium,False,0.046511627906976744,True,1.0,FAIL_TO_PASS,0.9534883720930233
Direct_TO_Teacher-Plan,abc381_d,hard,False,0.09302325581395349,False,0.813953488372093,FAIL_TO_FAIL,0.7209302325581395
Direct_TO_Teacher-Plan,abc382_d,hard,False,0.0,False,0.0,FAIL_TO_FAIL,0.0
Direct_TO_Teacher-Plan,abc382_a,easy,True,1.0,True,1.0,PASS_TO_PASS,0.0
Direct_TO_Teacher-Plan,abc382_b,easy,True,1.0,False,0.4418604651162791,PASS_TO_FAIL,-0.5581395348837209
Direct_TO_Teacher-Plan,abc382_f,hard,False,0.0,False,0.0,FAIL_TO_FAIL,0.0
Direct_TO_Teacher-Plan,abc382_g,hard,False,0.0,False,0.0,FAIL_TO_FAIL,0.0
Direct_TO_Teacher-Plan,abc382_c,medium,True,1.0,False,0.0,PASS_TO_FAIL,-1.0
Direct_TO_Teacher-Plan,abc383_c,medium,False,0.37209302325581395,False,0.813953488372093,FAIL_TO_FAIL,0.4418604651162791
Direct_TO_Teacher-Plan,abc383_a,easy,False,0.0,False,0.0,FAIL_TO_FAIL,0.0
Direct_TO_Teacher-Plan,abc383_e,hard,False,0.0,False,0.09523809523809523,FAIL_TO_FAIL,0.09523809523809523
Direct_TO_Teacher-Plan,abc383_b,medium,False,0.18604651162790697,True,1.0,FAIL_TO_PASS,0.813953488372093
Direct_TO_Teacher-Plan,abc383_d,medium,False,0.38095238095238093,False,0.0,FAIL_TO_FAIL,-0.38095238095238093
Direct_TO_Teacher-Plan,abc384_b,easy,True,1.0,False,0.4186046511627907,PASS_TO_FAIL,-0.5813953488372092
Direct_TO_Teacher-Plan,abc384_d,medium,False,0.8181818181818182,False,0.8863636363636364,FAIL_TO_FAIL,0.06818181818181812
Direct_TO_Teacher-Plan,abc384_g,hard,True,1.0,False,0.0,PASS_TO_FAIL,-1.0
Direct_TO_Teacher-Plan,abc384_a,easy,True,1.0,True,1.0,PASS_TO_PASS,0.0
Direct_TO_Teacher-Plan,abc384_e,hard,False,0.9069767441860465,False,0.9069767441860465,FAIL_TO_FAIL,0.0
Direct_TO_Teacher-Plan,abc384_f,hard,True,1.0,False,0.0,PASS_TO_FAIL,-1.0
Direct_TO_Teacher-Plan,abc384_c,medium,False,0.0,False,0.0,FAIL_TO_FAIL,0.0
Direct_TO_Teacher-Plan,abc385_f,hard,False,0.0,False,0.0,FAIL_TO_FAIL,0.0
Direct_TO_Teacher-Plan,abc385_a,easy,False,0.9069767441860465,True,1.0,FAIL_TO_PASS,0.09302325581395354
Direct_TO_Teacher-Plan,abc385_c,medium,False,0.6976744186046512,False,0.023255813953488372,FAIL_TO_FAIL,-0.6744186046511628
Direct_TO_Teacher-Plan,abc385_d,hard,False,0.0,False,0.0,FAIL_TO_FAIL,0.0
Direct_TO_Teacher-Plan,abc385_e,hard,False,0.0,False,0.0,FAIL_TO_FAIL,0.0
Direct_TO_Teacher-Plan,abc385_b,easy,False,0.0,True,1.0,FAIL_TO_PASS,1.0
Direct_TO_Teacher-Plan,abc386_e,hard,False,0.11904761904761904,False,0.14285714285714285,FAIL_TO_FAIL,0.023809523809523808
Direct_TO_Teacher-Plan,abc386_a,easy,False,0.8666666666666667,False,0.8666666666666667,FAIL_TO_FAIL,0.0
Direct_TO_Teacher-Plan,abc386_d,hard,False,0.0,False,0.0,FAIL_TO_FAIL,0.0
Direct_TO_Teacher-Plan,abc386_c,medium,False,0.9130434782608695,False,0.9130434782608695,FAIL_TO_FAIL,0.0
Direct_TO_Teacher-Plan,abc386_b,easy,False,0.5813953488372093,True,1.0,FAIL_TO_PASS,0.41860465116279066
Direct_TO_Teacher-Plan,abc386_f,hard,False,0.5813953488372093,False,0.46511627906976744,FAIL_TO_FAIL,-0.1162790697674419
Direct_TO_Teacher-Plan,arc184_d,hard,False,0.0,False,0.047619047619047616,FAIL_TO_FAIL,0.047619047619047616
Direct_TO_Teacher-Plan,arc184_c,hard,False,0.0,False,0.0,FAIL_TO_FAIL,0.0
Direct_TO_Teacher-Plan,arc184_e,hard,False,0.2857142857142857,False,0.35714285714285715,FAIL_TO_FAIL,0.07142857142857145
Direct_TO_Teacher-Plan,arc185_c,hard,False,0.46511627906976744,False,0.0,FAIL_TO_FAIL,-0.46511627906976744
Direct_TO_Teacher-Plan,arc185_e,hard,False,0.0,False,0.0,FAIL_TO_FAIL,0.0
Direct_TO_Teacher-Plan,arc185_b,hard,False,0.0,False,0.5,FAIL_TO_FAIL,0.5
Direct_TO_Teacher-Plan,arc185_d,hard,False,0.0,True,1.0,FAIL_TO_PASS,1.0
Direct_TO_Teacher-Plan,arc186_a,hard,False,0.07142857142857142,False,0.0,FAIL_TO_FAIL,-0.07142857142857142
Direct_TO_Teacher-Plan,arc186_d,hard,False,0.1590909090909091,False,0.06818181818181818,FAIL_TO_FAIL,-0.09090909090909091
Direct_TO_Teacher-Plan,arc186_b,hard,False,0.09523809523809523,False,0.0,FAIL_TO_FAIL,-0.09523809523809523
Direct_TO_Teacher-Plan,arc186_e,hard,False,0.8636363636363636,False,0.0,FAIL_TO_FAIL,-0.8636363636363636
Direct_TO_Teacher-Plan,arc186_c,hard,False,0.0,False,0.0,FAIL_TO_FAIL,0.0
Direct_TO_Teacher-Plan,arc187_b,hard,False,0.13953488372093023,False,0.23255813953488372,FAIL_TO_FAIL,0.09302325581395349
Direct_TO_Teacher-Plan,arc188_c,hard,False,0.3023255813953488,False,0.0,FAIL_TO_FAIL,-0.3023255813953488
Direct_TO_Teacher-Plan,arc188_b,hard,False,0.0,True,1.0,FAIL_TO_PASS,1.0
Direct_TO_Teacher-Plan,arc188_d,hard,False,0.9523809523809523,False,0.9523809523809523,FAIL_TO_FAIL,0.0
Direct_TO_Teacher-Plan,arc188_a,hard,False,0.09302325581395349,False,0.627906976744186,FAIL_TO_FAIL,0.5348837209302326
Direct_TO_Teacher-Plan,arc189_a,medium,False,0.0,False,0.4523809523809524,FAIL_TO_FAIL,0.4523809523809524
Direct_TO_Teacher-Plan,arc189_c,hard,False,0.11363636363636363,False,0.0,FAIL_TO_FAIL,-0.11363636363636363
Direct_TO_Teacher-Plan,arc189_d,hard,False,0.047619047619047616,False,0.0,FAIL_TO_FAIL,-0.047619047619047616
Direct_TO_Teacher-Plan,arc189_b,hard,False,0.047619047619047616,False,0.0,FAIL_TO_FAIL,-0.047619047619047616
Direct_TO_Teacher-Plan,abc387_b,easy,True,1.0,True,1.0,PASS_TO_PASS,0.0
Self-Plan_TO_Teacher-Plan,1873_A,easy,False,0.6,True,1.0,FAIL_TO_PASS,0.4
Self-Plan_TO_Teacher-Plan,1873_B,easy,False,0.0,True,1.0,FAIL_TO_PASS,1.0
Self-Plan_TO_Teacher-Plan,1873_D,easy,False,0.0,True,1.0,FAIL_TO_PASS,1.0
Self-Plan_TO_Teacher-Plan,1883_B,medium,False,0.0,True,1.0,FAIL_TO_PASS,1.0
Self-Plan_TO_Teacher-Plan,1883_C,medium,False,0.6153846153846154,False,0.38461538461538464,FAIL_TO_FAIL,-0.23076923076923078
Self-Plan_TO_Teacher-Plan,1899_A,easy,False,0.15384615384615385,True,1.0,FAIL_TO_PASS,0.8461538461538461
Self-Plan_TO_Teacher-Plan,1899_B,hard,False,0.0,False,0.0,FAIL_TO_FAIL,0.0
Self-Plan_TO_Teacher-Plan,1899_C,hard,False,0.46153846153846156,True,1.0,FAIL_TO_PASS,0.5384615384615384
Self-Plan_TO_Teacher-Plan,1899_D,hard,False,0.9230769230769231,True,1.0,FAIL_TO_PASS,0.07692307692307687
Self-Plan_TO_Teacher-Plan,abc301_a,easy,False,0.8666666666666667,False,0.6666666666666666,FAIL_TO_FAIL,-0.20000000000000007
Self-Plan_TO_Teacher-Plan,abc301_b,easy,False,0.3,False,0.3,FAIL_TO_FAIL,0.0
Self-Plan_TO_Teacher-Plan,abc301_c,medium,False,0.25,False,0.6875,FAIL_TO_FAIL,0.4375
Self-Plan_TO_Teacher-Plan,abc301_d,medium,False,0.26666666666666666,False,0.0,FAIL_TO_FAIL,-0.26666666666666666
Self-Plan_TO_Teacher-Plan,abc301_e,hard,False,0.0,False,0.0,FAIL_TO_FAIL,0.0
Self-Plan_TO_Teacher-Plan,abc301_f,hard,False,0.0,False,0.0,FAIL_TO_FAIL,0.0
Self-Plan_TO_Teacher-Plan,abc302_a,easy,False,0.7333333333333333,True,1.0,FAIL_TO_PASS,0.2666666666666667
Self-Plan_TO_Teacher-Plan,abc302_b,medium,False,0.0,False,0.0,FAIL_TO_FAIL,0.0
Self-Plan_TO_Teacher-Plan,abc302_c,medium,False,0.4666666666666667,True,1.0,FAIL_TO_PASS,0.5333333333333333
Self-Plan_TO_Teacher-Plan,abc302_d,medium,False,0.5,True,1.0,FAIL_TO_PASS,0.5
Self-Plan_TO_Teacher-Plan,abc302_e,hard,False,0.0,False,0.0,FAIL_TO_FAIL,0.0
Self-Plan_TO_Teacher-Plan,abc302_f,hard,False,0.0625,False,0.0,FAIL_TO_FAIL,-0.0625
Self-Plan_TO_Teacher-Plan,abc303_a,easy,True,1.0,True,1.0,PASS_TO_PASS,0.0
Self-Plan_TO_Teacher-Plan,abc303_b,easy,False,0.0,True,1.0,FAIL_TO_PASS,1.0
Self-Plan_TO_Teacher-Plan,abc303_c,medium,False,0.7142857142857143,False,0.5714285714285714,FAIL_TO_FAIL,-0.1428571428571429
Self-Plan_TO_Teacher-Plan,abc303_d,medium,False,0.0,False,0.06666666666666667,FAIL_TO_FAIL,0.06666666666666667
Self-Plan_TO_Teacher-Plan,abc303_e,hard,False,0.0,True,1.0,FAIL_TO_PASS,1.0
Self-Plan_TO_Teacher-Plan,abc304_a,easy,False,0.14285714285714285,False,0.35714285714285715,FAIL_TO_FAIL,0.2142857142857143
Self-Plan_TO_Teacher-Plan,abc304_b,easy,True,1.0,True,1.0,PASS_TO_PASS,0.0
Self-Plan_TO_Teacher-Plan,abc304_c,medium,False,0.06666666666666667,False,0.0,FAIL_TO_FAIL,-0.06666666666666667
Self-Plan_TO_Teacher-Plan,abc304_d,medium,False,0.0,False,0.0,FAIL_TO_FAIL,0.0
Self-Plan_TO_Teacher-Plan,abc304_e,hard,False,0.0,False,0.0,FAIL_TO_FAIL,0.0
Self-Plan_TO_Teacher-Plan,abc305_a,easy,False,0.1,True,1.0,FAIL_TO_PASS,0.9
Self-Plan_TO_Teacher-Plan,abc305_b,easy,True,1.0,True,1.0,PASS_TO_PASS,0.0
Self-Plan_TO_Teacher-Plan,abc305_c,medium,False,0.0,True,1.0,FAIL_TO_PASS,1.0
Self-Plan_TO_Teacher-Plan,abc305_d,hard,False,0.0,False,0.0,FAIL_TO_FAIL,0.0
Self-Plan_TO_Teacher-Plan,abc305_e,hard,False,0.0,False,0.2,FAIL_TO_FAIL,0.2
Self-Plan_TO_Teacher-Plan,abc306_a,easy,True,1.0,True,1.0,PASS_TO_PASS,0.0
Self-Plan_TO_Teacher-Plan,abc306_b,easy,True,1.0,True,1.0,PASS_TO_PASS,0.0
Self-Plan_TO_Teacher-Plan,abc306_c,medium,False,0.2,False,0.0,FAIL_TO_FAIL,-0.2
Self-Plan_TO_Teacher-Plan,abc306_d,medium,False,0.4666666666666667,False,0.5333333333333333,FAIL_TO_FAIL,0.06666666666666665
Self-Plan_TO_Teacher-Plan,abc306_e,hard,False,0.07692307692307693,False,0.0,FAIL_TO_FAIL,-0.07692307692307693
Self-Plan_TO_Teacher-Plan,abc307_a,easy,True,1.0,True,1.0,PASS_TO_PASS,0.0
Self-Plan_TO_Teacher-Plan,abc307_b,easy,True,1.0,True,1.0,PASS_TO_PASS,0.0
Self-Plan_TO_Teacher-Plan,abc307_c,medium,False,0.5,False,0.875,FAIL_TO_FAIL,0.375
Self-Plan_TO_Teacher-Plan,abc307_d,medium,False,0.5625,True,1.0,FAIL_TO_PASS,0.4375
Self-Plan_TO_Teacher-Plan,abc307_e,hard,False,0.26666666666666666,True,1.0,FAIL_TO_PASS,0.7333333333333334
Self-Plan_TO_Teacher-Plan,abc308_a,easy,True,1.0,True,1.0,PASS_TO_PASS,0.0
Self-Plan_TO_Teacher-Plan,abc308_b,easy,False,0.0,False,0.0,FAIL_TO_FAIL,0.0
Self-Plan_TO_Teacher-Plan,abc308_c,medium,False,0.0,False,0.0,FAIL_TO_FAIL,0.0
Self-Plan_TO_Teacher-Plan,abc308_d,medium,False,0.0,False,0.5333333333333333,FAIL_TO_FAIL,0.5333333333333333
Self-Plan_TO_Teacher-Plan,abc308_e,hard,False,0.2,False,0.06666666666666667,FAIL_TO_FAIL,-0.13333333333333336
Self-Plan_TO_Teacher-Plan,abc308_f,hard,False,0.14285714285714285,False,0.0,FAIL_TO_FAIL,-0.14285714285714285
Self-Plan_TO_Teacher-Plan,abc309_a,easy,False,0.8461538461538461,True,1.0,FAIL_TO_PASS,0.15384615384615385
Self-Plan_TO_Teacher-Plan,abc309_b,easy,False,0.0,False,0.0,FAIL_TO_FAIL,0.0
Self-Plan_TO_Teacher-Plan,abc309_c,medium,False,0.0,False,0.13333333333333333,FAIL_TO_FAIL,0.13333333333333333
Self-Plan_TO_Teacher-Plan,abc309_d,medium,False,0.0,False,0.0,FAIL_TO_FAIL,0.0
Self-Plan_TO_Teacher-Plan,abc309_e,hard,False,0.07142857142857142,False,0.14285714285714285,FAIL_TO_FAIL,0.07142857142857142
Self-Plan_TO_Teacher-Plan,abc310_a,easy,True,1.0,True,1.0,PASS_TO_PASS,0.0
Self-Plan_TO_Teacher-Plan,abc310_b,easy,False,0.0,False,0.5333333333333333,FAIL_TO_FAIL,0.5333333333333333
Self-Plan_TO_Teacher-Plan,abc310_c,medium,False,0.23076923076923078,True,1.0,FAIL_TO_PASS,0.7692307692307692
Self-Plan_TO_Teacher-Plan,abc310_d,medium,False,0.1875,False,0.1875,FAIL_TO_FAIL,0.0
Self-Plan_TO_Teacher-Plan,abc310_e,hard,False,0.21428571428571427,False,0.07142857142857142,FAIL_TO_FAIL,-0.14285714285714285
Self-Plan_TO_Teacher-Plan,abc310_f,hard,False,0.0,False,0.0,FAIL_TO_FAIL,0.0
Self-Plan_TO_Teacher-Plan,abc311_a,easy,True,1.0,True,1.0,PASS_TO_PASS,0.0
Self-Plan_TO_Teacher-Plan,abc311_b,easy,False,0.47058823529411764,True,1.0,FAIL_TO_PASS,0.5294117647058824
Self-Plan_TO_Teacher-Plan,abc311_c,medium,False,0.0,False,0.0,FAIL_TO_FAIL,0.0
Self-Plan_TO_Teacher-Plan,abc311_d,medium,False,0.21428571428571427,False,0.0,FAIL_TO_FAIL,-0.21428571428571427
Self-Plan_TO_Teacher-Plan,abc311_e,hard,False,0.25,False,0.125,FAIL_TO_FAIL,-0.125
Self-Plan_TO_Teacher-Plan,abc312_a,easy,True,1.0,True,1.0,PASS_TO_PASS,0.0
Self-Plan_TO_Teacher-Plan,abc312_b,easy,False,0.13333333333333333,False,0.13333333333333333,FAIL_TO_FAIL,0.0
Self-Plan_TO_Teacher-Plan,abc312_c,medium,False,0.0,False,0.13333333333333333,FAIL_TO_FAIL,0.13333333333333333
Self-Plan_TO_Teacher-Plan,abc312_d,medium,False,0.0,False,0.0,FAIL_TO_FAIL,0.0
Self-Plan_TO_Teacher-Plan,abc312_e,hard,False,0.0,False,0.4666666666666667,FAIL_TO_FAIL,0.4666666666666667
Self-Plan_TO_Teacher-Plan,abc312_f,hard,False,0.0,False,0.0,FAIL_TO_FAIL,0.0
Self-Plan_TO_Teacher-Plan,abc313_a,easy,False,0.0,False,0.8,FAIL_TO_FAIL,0.8
Self-Plan_TO_Teacher-Plan,abc313_b,medium,False,0.0,True,1.0,FAIL_TO_PASS,1.0
Self-Plan_TO_Teacher-Plan,abc313_c,medium,False,0.4666666666666667,False,0.4666666666666667,FAIL_TO_FAIL,0.0
Self-Plan_TO_Teacher-Plan,abc314_a,easy,True,1.0,False,0.0,PASS_TO_FAIL,-1.0
Self-Plan_TO_Teacher-Plan,abc314_b,easy,False,0.07142857142857142,False,0.6428571428571429,FAIL_TO_FAIL,0.5714285714285715
Self-Plan_TO_Teacher-Plan,abc314_c,medium,False,0.21428571428571427,True,1.0,FAIL_TO_PASS,0.7857142857142857
Self-Plan_TO_Teacher-Plan,abc314_d,medium,False,0.0,False,0.0,FAIL_TO_FAIL,0.0
Self-Plan_TO_Teacher-Plan,abc314_e,hard,False,0.0,False,0.0,FAIL_TO_FAIL,0.0
Self-Plan_TO_Teacher-Plan,abc314_f,hard,False,0.0,False,0.0,FAIL_TO_FAIL,0.0
Self-Plan_TO_Teacher-Plan,abc315_a,easy,True,1.0,True,1.0,PASS_TO_PASS,0.0
Self-Plan_TO_Teacher-Plan,abc315_b,easy,False,0.13333333333333333,True,1.0,FAIL_TO_PASS,0.8666666666666667
Self-Plan_TO_Teacher-Plan,abc315_c,medium,False,0.14285714285714285,False,0.5,FAIL_TO_FAIL,0.35714285714285715
Self-Plan_TO_Teacher-Plan,abc315_d,medium,False,0.0,False,0.0,FAIL_TO_FAIL,0.0
Self-Plan_TO_Teacher-Plan,abc315_e,hard,False,0.0,False,0.0,FAIL_TO_FAIL,0.0
Self-Plan_TO_Teacher-Plan,abc315_f,hard,False,0.0,False,0.0,FAIL_TO_FAIL,0.0
Self-Plan_TO_Teacher-Plan,abc318_a,easy,False,0.7333333333333333,True,1.0,FAIL_TO_PASS,0.2666666666666667
Self-Plan_TO_Teacher-Plan,abc318_b,easy,False,0.0,True,1.0,FAIL_TO_PASS,1.0
Self-Plan_TO_Teacher-Plan,abc318_c,medium,False,0.6,False,0.3333333333333333,FAIL_TO_FAIL,-0.26666666666666666
Self-Plan_TO_Teacher-Plan,abc318_d,medium,False,0.0,False,0.13333333333333333,FAIL_TO_FAIL,0.13333333333333333
Self-Plan_TO_Teacher-Plan,abc318_e,hard,False,0.14285714285714285,False,0.14285714285714285,FAIL_TO_FAIL,0.0
Self-Plan_TO_Teacher-Plan,abc319_b,easy,True,1.0,True,1.0,PASS_TO_PASS,0.0
Self-Plan_TO_Teacher-Plan,abc319_c,medium,False,0.0,False,0.0,FAIL_TO_FAIL,0.0
Self-Plan_TO_Teacher-Plan,abc319_d,medium,False,0.8,False,0.8,FAIL_TO_FAIL,0.0
Self-Plan_TO_Teacher-Plan,abc319_e,hard,False,0.0,False,0.0,FAIL_TO_FAIL,0.0
Self-Plan_TO_Teacher-Plan,abc320_a,easy,True,1.0,True,1.0,PASS_TO_PASS,0.0
Self-Plan_TO_Teacher-Plan,abc320_b,easy,True,1.0,True,1.0,PASS_TO_PASS,0.0
Self-Plan_TO_Teacher-Plan,abc320_c,medium,False,0.0,False,0.0,FAIL_TO_FAIL,0.0
Self-Plan_TO_Teacher-Plan,abc320_d,medium,False,0.0,True,1.0,FAIL_TO_PASS,1.0
Self-Plan_TO_Teacher-Plan,abc320_e,hard,False,0.0,False,0.0,FAIL_TO_FAIL,0.0
Self-Plan_TO_Teacher-Plan,abc321_a,easy,True,1.0,True,1.0,PASS_TO_PASS,0.0
Self-Plan_TO_Teacher-Plan,abc321_b,easy,False,0.3125,False,0.5625,FAIL_TO_FAIL,0.25
Self-Plan_TO_Teacher-Plan,abc321_c,medium,False,0.0,False,0.0,FAIL_TO_FAIL,0.0
Self-Plan_TO_Teacher-Plan,abc321_d,medium,False,0.0,False,0.13333333333333333,FAIL_TO_FAIL,0.13333333333333333
Self-Plan_TO_Teacher-Plan,abc321_e,hard,False,0.0,False,0.0,FAIL_TO_FAIL,0.0
Self-Plan_TO_Teacher-Plan,abc322_a,easy,True,1.0,False,0.9090909090909091,PASS_TO_FAIL,-0.09090909090909094
Self-Plan_TO_Teacher-Plan,abc322_b,easy,True,1.0,True,1.0,PASS_TO_PASS,0.0
Self-Plan_TO_Teacher-Plan,abc322_c,medium,False,0.07142857142857142,False,0.0,FAIL_TO_FAIL,-0.07142857142857142
Self-Plan_TO_Teacher-Plan,abc322_d,medium,False,0.3888888888888889,False,0.0,FAIL_TO_FAIL,-0.3888888888888889
Self-Plan_TO_Teacher-Plan,abc322_e,hard,False,0.0,False,0.0,FAIL_TO_FAIL,0.0
Self-Plan_TO_Teacher-Plan,abc323_a,easy,False,0.7333333333333333,True,1.0,FAIL_TO_PASS,0.2666666666666667
Self-Plan_TO_Teacher-Plan,abc323_b,easy,False,0.0,True,1.0,FAIL_TO_PASS,1.0
Self-Plan_TO_Teacher-Plan,abc323_c,medium,False,0.0,False,0.0,FAIL_TO_FAIL,0.0
Self-Plan_TO_Teacher-Plan,abc323_d,hard,False,0.0,False,0.0,FAIL_TO_FAIL,0.0
Self-Plan_TO_Teacher-Plan,abc323_e,hard,False,0.0,False,0.2,FAIL_TO_FAIL,0.2
Self-Plan_TO_Teacher-Plan,abc324_a,easy,True,1.0,True,1.0,PASS_TO_PASS,0.0
Self-Plan_TO_Teacher-Plan,abc324_b,easy,False,0.6875,True,1.0,FAIL_TO_PASS,0.3125
Self-Plan_TO_Teacher-Plan,abc324_c,medium,False,0.0,False,0.3333333333333333,FAIL_TO_FAIL,0.3333333333333333
Self-Plan_TO_Teacher-Plan,abc324_d,hard,False,0.6,False,0.6666666666666666,FAIL_TO_FAIL,0.06666666666666665
Self-Plan_TO_Teacher-Plan,abc324_e,hard,False,0.125,False,0.0,FAIL_TO_FAIL,-0.125
Self-Plan_TO_Teacher-Plan,abc324_f,hard,False,0.0,False,0.0,FAIL_TO_FAIL,0.0
Self-Plan_TO_Teacher-Plan,abc325_a,easy,True,1.0,True,1.0,PASS_TO_PASS,0.0
Self-Plan_TO_Teacher-Plan,abc325_b,medium,False,0.2,True,1.0,FAIL_TO_PASS,0.8
Self-Plan_TO_Teacher-Plan,abc325_c,medium,False,0.5625,True,1.0,FAIL_TO_PASS,0.4375
Self-Plan_TO_Teacher-Plan,abc325_d,hard,False,0.0,False,0.0,FAIL_TO_FAIL,0.0
Self-Plan_TO_Teacher-Plan,abc325_e,hard,False,0.0,False,0.0,FAIL_TO_FAIL,0.0
Self-Plan_TO_Teacher-Plan,abc325_f,hard,False,0.06666666666666667,False,0.0,FAIL_TO_FAIL,-0.06666666666666667
Self-Plan_TO_Teacher-Plan,abc326_a,easy,False,0.4666666666666667,True,1.0,FAIL_TO_PASS,0.5333333333333333
Self-Plan_TO_Teacher-Plan,abc326_b,easy,True,1.0,True,1.0,PASS_TO_PASS,0.0
Self-Plan_TO_Teacher-Plan,abc326_c,medium,False,0.2,False,0.6,FAIL_TO_FAIL,0.39999999999999997
Self-Plan_TO_Teacher-Plan,abc326_d,hard,False,0.0,False,0.6428571428571429,FAIL_TO_FAIL,0.6428571428571429
Self-Plan_TO_Teacher-Plan,abc326_e,hard,False,0.0,True,1.0,FAIL_TO_PASS,1.0
Self-Plan_TO_Teacher-Plan,abc327_a,easy,True,1.0,True,1.0,PASS_TO_PASS,0.0
Self-Plan_TO_Teacher-Plan,abc327_b,easy,False,0.6,True,1.0,FAIL_TO_PASS,0.4
Self-Plan_TO_Teacher-Plan,abc327_c,medium,True,1.0,True,1.0,PASS_TO_PASS,0.0
Self-Plan_TO_Teacher-Plan,abc327_d,medium,False,0.75,False,0.0625,FAIL_TO_FAIL,-0.6875
Self-Plan_TO_Teacher-Plan,abc327_e,hard,False,0.0,False,0.0,FAIL_TO_FAIL,0.0
Self-Plan_TO_Teacher-Plan,abc328_a,easy,True,1.0,True,1.0,PASS_TO_PASS,0.0
Self-Plan_TO_Teacher-Plan,abc328_b,easy,False,0.2,True,1.0,FAIL_TO_PASS,0.8
Self-Plan_TO_Teacher-Plan,abc328_c,medium,False,0.0,False,0.07142857142857142,FAIL_TO_FAIL,0.07142857142857142
Self-Plan_TO_Teacher-Plan,abc328_d,hard,False,0.9333333333333333,True,1.0,FAIL_TO_PASS,0.06666666666666665
Self-Plan_TO_Teacher-Plan,abc328_e,hard,False,0.6,False,0.0,FAIL_TO_FAIL,-0.6
Self-Plan_TO_Teacher-Plan,abc329_a,easy,True,1.0,True,1.0,PASS_TO_PASS,0.0
Self-Plan_TO_Teacher-Plan,abc329_b,easy,True,1.0,True,1.0,PASS_TO_PASS,0.0
Self-Plan_TO_Teacher-Plan,abc329_c,medium,False,0.06666666666666667,True,1.0,FAIL_TO_PASS,0.9333333333333333
Self-Plan_TO_Teacher-Plan,abc329_d,medium,False,0.0,False,0.13333333333333333,FAIL_TO_FAIL,0.13333333333333333
Self-Plan_TO_Teacher-Plan,abc329_e,hard,False,0.26666666666666666,False,0.7333333333333333,FAIL_TO_FAIL,0.4666666666666666
Self-Plan_TO_Teacher-Plan,abc329_f,hard,False,0.0,False,0.0,FAIL_TO_FAIL,0.0
Self-Plan_TO_Teacher-Plan,abc330_a,easy,True,1.0,True,1.0,PASS_TO_PASS,0.0
Self-Plan_TO_Teacher-Plan,abc330_b,easy,False,0.0,True,1.0,FAIL_TO_PASS,1.0
Self-Plan_TO_Teacher-Plan,abc330_c,medium,False,0.13333333333333333,True,1.0,FAIL_TO_PASS,0.8666666666666667
Self-Plan_TO_Teacher-Plan,abc330_d,medium,False,0.3333333333333333,True,1.0,FAIL_TO_PASS,0.6666666666666667
Self-Plan_TO_Teacher-Plan,abc330_e,hard,False,0.07692307692307693,False,0.15384615384615385,FAIL_TO_FAIL,0.07692307692307693
Self-Plan_TO_Teacher-Plan,abc331_a,easy,True,1.0,True,1.0,PASS_TO_PASS,0.0
Self-Plan_TO_Teacher-Plan,abc331_b,easy,False,0.2,False,0.4,FAIL_TO_FAIL,0.2
Self-Plan_TO_Teacher-Plan,abc331_c,medium,False,0.13333333333333333,False,0.0,FAIL_TO_FAIL,-0.13333333333333333
Self-Plan_TO_Teacher-Plan,abc331_d,hard,False,0.0,False,0.0,FAIL_TO_FAIL,0.0
Self-Plan_TO_Teacher-Plan,abc331_e,hard,False,0.06666666666666667,False,0.06666666666666667,FAIL_TO_FAIL,0.0
Self-Plan_TO_Teacher-Plan,abc332_a,easy,True,1.0,True,1.0,PASS_TO_PASS,0.0
Self-Plan_TO_Teacher-Plan,abc332_b,easy,True,1.0,True,1.0,PASS_TO_PASS,0.0
Self-Plan_TO_Teacher-Plan,abc332_c,medium,False,0.6,True,1.0,FAIL_TO_PASS,0.4
Self-Plan_TO_Teacher-Plan,abc332_d,hard,False,0.5,True,1.0,FAIL_TO_PASS,0.5
Self-Plan_TO_Teacher-Plan,abc333_a,easy,True,1.0,True,1.0,PASS_TO_PASS,0.0
Self-Plan_TO_Teacher-Plan,abc333_b,easy,False,0.8,False,0.0,FAIL_TO_FAIL,-0.8
Self-Plan_TO_Teacher-Plan,abc333_c,medium,False,0.0,True,1.0,FAIL_TO_PASS,1.0
Self-Plan_TO_Teacher-Plan,abc333_d,medium,False,0.0,False,0.0,FAIL_TO_FAIL,0.0
Self-Plan_TO_Teacher-Plan,abc333_e,hard,False,0.0,False,0.2,FAIL_TO_FAIL,0.2
Self-Plan_TO_Teacher-Plan,abc334_a,easy,True,1.0,True,1.0,PASS_TO_PASS,0.0
Self-Plan_TO_Teacher-Plan,abc334_b,medium,False,0.3333333333333333,True,1.0,FAIL_TO_PASS,0.6666666666666667
Self-Plan_TO_Teacher-Plan,abc334_c,medium,False,0.21428571428571427,False,0.42857142857142855,FAIL_TO_FAIL,0.21428571428571427
Self-Plan_TO_Teacher-Plan,abc334_d,medium,False,0.0,False,0.0,FAIL_TO_FAIL,0.0
Self-Plan_TO_Teacher-Plan,abc334_e,hard,False,0.0,False,0.0,FAIL_TO_FAIL,0.0
Self-Plan_TO_Teacher-Plan,abc335_a,easy,True,1.0,True,1.0,PASS_TO_PASS,0.0
Self-Plan_TO_Teacher-Plan,abc335_b,easy,False,0.07692307692307693,False,0.07692307692307693,FAIL_TO_FAIL,0.0
Self-Plan_TO_Teacher-Plan,abc335_c,medium,False,0.0,False,0.0,FAIL_TO_FAIL,0.0
Self-Plan_TO_Teacher-Plan,abc335_d,medium,False,0.0,True,1.0,FAIL_TO_PASS,1.0
Self-Plan_TO_Teacher-Plan,abc336_a,easy,True,1.0,True,1.0,PASS_TO_PASS,0.0
Self-Plan_TO_Teacher-Plan,abc336_b,easy,True,1.0,True,1.0,PASS_TO_PASS,0.0
Self-Plan_TO_Teacher-Plan,abc336_c,medium,False,0.07692307692307693,False,0.07692307692307693,FAIL_TO_FAIL,0.0
Self-Plan_TO_Teacher-Plan,abc336_d,medium,False,0.0,False,0.8,FAIL_TO_FAIL,0.8
Self-Plan_TO_Teacher-Plan,abc337_a,easy,True,1.0,True,1.0,PASS_TO_PASS,0.0
Self-Plan_TO_Teacher-Plan,abc337_b,easy,False,0.1875,False,0.375,FAIL_TO_FAIL,0.1875
Self-Plan_TO_Teacher-Plan,abc337_c,medium,False,0.0,False,0.06666666666666667,FAIL_TO_FAIL,0.06666666666666667
Self-Plan_TO_Teacher-Plan,abc337_d,medium,False,0.125,False,0.25,FAIL_TO_FAIL,0.125
Self-Plan_TO_Teacher-Plan,abc337_e,hard,False,0.0,False,0.0,FAIL_TO_FAIL,0.0
Self-Plan_TO_Teacher-Plan,abc338_a,easy,True,1.0,True,1.0,PASS_TO_PASS,0.0
Self-Plan_TO_Teacher-Plan,abc338_b,easy,True,1.0,True,1.0,PASS_TO_PASS,0.0
Self-Plan_TO_Teacher-Plan,abc338_c,medium,False,0.1875,True,1.0,FAIL_TO_PASS,0.8125
Self-Plan_TO_Teacher-Plan,abc338_d,hard,False,0.06666666666666667,False,0.06666666666666667,FAIL_TO_FAIL,0.0
Self-Plan_TO_Teacher-Plan,abc338_e,hard,False,0.0,False,0.0,FAIL_TO_FAIL,0.0
Self-Plan_TO_Teacher-Plan,abc338_f,hard,False,0.06666666666666667,False,0.06666666666666667,FAIL_TO_FAIL,0.0
Self-Plan_TO_Teacher-Plan,abc339_a,easy,False,0.375,True,1.0,FAIL_TO_PASS,0.625
Self-Plan_TO_Teacher-Plan,abc339_b,medium,False,0.2,False,0.0,FAIL_TO_FAIL,-0.2
Self-Plan_TO_Teacher-Plan,abc339_c,medium,False,0.13333333333333333,True,1.0,FAIL_TO_PASS,0.8666666666666667
Self-Plan_TO_Teacher-Plan,abc339_d,medium,False,0.06666666666666667,False,0.0,FAIL_TO_FAIL,-0.06666666666666667
Self-Plan_TO_Teacher-Plan,abc340_a,easy,True,1.0,True,1.0,PASS_TO_PASS,0.0
Self-Plan_TO_Teacher-Plan,abc340_b,easy,True,1.0,True,1.0,PASS_TO_PASS,0.0
Self-Plan_TO_Teacher-Plan,abc340_c,medium,False,0.09090909090909091,True,1.0,FAIL_TO_PASS,0.9090909090909091
Self-Plan_TO_Teacher-Plan,abc340_d,hard,False,0.0,False,0.13333333333333333,FAIL_TO_FAIL,0.13333333333333333
Self-Plan_TO_Teacher-Plan,abc340_e,hard,False,0.0,False,0.13333333333333333,FAIL_TO_FAIL,0.13333333333333333
Self-Plan_TO_Teacher-Plan,abc341_a,easy,False,0.0,True,1.0,FAIL_TO_PASS,1.0
Self-Plan_TO_Teacher-Plan,abc341_b,easy,False,0.0,False,0.0,FAIL_TO_FAIL,0.0
Self-Plan_TO_Teacher-Plan,abc341_c,medium,False,0.0,False,0.0,FAIL_TO_FAIL,0.0
Self-Plan_TO_Teacher-Plan,abc341_d,medium,False,0.26666666666666666,True,1.0,FAIL_TO_PASS,0.7333333333333334
Self-Plan_TO_Teacher-Plan,abc341_e,hard,False,0.2857142857142857,False,0.0,FAIL_TO_FAIL,-0.2857142857142857
Self-Plan_TO_Teacher-Plan,abc341_f,hard,False,0.06666666666666667,False,0.06666666666666667,FAIL_TO_FAIL,0.0
Self-Plan_TO_Teacher-Plan,abc342_a,easy,False,0.15384615384615385,False,0.9230769230769231,FAIL_TO_FAIL,0.7692307692307693
Self-Plan_TO_Teacher-Plan,abc342_b,easy,False,0.0,True,1.0,FAIL_TO_PASS,1.0
Self-Plan_TO_Teacher-Plan,abc342_c,medium,False,0.2,False,0.06666666666666667,FAIL_TO_FAIL,-0.13333333333333336
Self-Plan_TO_Teacher-Plan,abc342_d,medium,False,0.0,False,0.2857142857142857,FAIL_TO_FAIL,0.2857142857142857
Self-Plan_TO_Teacher-Plan,abc342_e,hard,False,0.0,False,0.0,FAIL_TO_FAIL,0.0
Self-Plan_TO_Teacher-Plan,abc343_a,easy,False,0.75,False,0.08333333333333333,FAIL_TO_FAIL,-0.6666666666666666
Self-Plan_TO_Teacher-Plan,abc343_b,easy,False,0.2,True,1.0,FAIL_TO_PASS,0.8
Self-Plan_TO_Teacher-Plan,abc343_c,medium,False,0.7333333333333333,False,0.7333333333333333,FAIL_TO_FAIL,0.0
Self-Plan_TO_Teacher-Plan,abc343_d,medium,False,0.0,False,0.06666666666666667,FAIL_TO_FAIL,0.06666666666666667
Self-Plan_TO_Teacher-Plan,abc343_e,hard,False,0.2857142857142857,False,0.42857142857142855,FAIL_TO_FAIL,0.14285714285714285
Self-Plan_TO_Teacher-Plan,abc344_d,hard,False,0.07142857142857142,False,0.07142857142857142,FAIL_TO_FAIL,0.0
Self-Plan_TO_Teacher-Plan,abc344_a,easy,True,1.0,True,1.0,PASS_TO_PASS,0.0
Self-Plan_TO_Teacher-Plan,abc344_c,medium,True,1.0,True,1.0,PASS_TO_PASS,0.0
Self-Plan_TO_Teacher-Plan,abc344_b,easy,True,1.0,False,0.0,PASS_TO_FAIL,-1.0
Self-Plan_TO_Teacher-Plan,abc344_e,hard,False,0.13636363636363635,False,0.0,FAIL_TO_FAIL,-0.13636363636363635
Self-Plan_TO_Teacher-Plan,abc345_d,hard,False,0.4482758620689655,False,0.5172413793103449,FAIL_TO_FAIL,0.06896551724137934
Self-Plan_TO_Teacher-Plan,abc345_b,easy,True,1.0,True,1.0,PASS_TO_PASS,0.0
Self-Plan_TO_Teacher-Plan,abc346_d,medium,False,0.043478260869565216,False,0.043478260869565216,FAIL_TO_FAIL,0.0
Self-Plan_TO_Teacher-Plan,abc346_b,easy,False,0.5454545454545454,False,0.5454545454545454,FAIL_TO_FAIL,0.0
Self-Plan_TO_Teacher-Plan,abc346_e,hard,False,0.0,False,0.0,FAIL_TO_FAIL,0.0
Self-Plan_TO_Teacher-Plan,abc346_a,easy,True,1.0,True,1.0,PASS_TO_PASS,0.0
Self-Plan_TO_Teacher-Plan,abc346_c,medium,False,0.045454545454545456,True,1.0,FAIL_TO_PASS,0.9545454545454546
Self-Plan_TO_Teacher-Plan,abc347_c,medium,False,0.4642857142857143,False,0.5,FAIL_TO_FAIL,0.0357142857142857
Self-Plan_TO_Teacher-Plan,abc347_a,easy,True,1.0,True,1.0,PASS_TO_PASS,0.0
Self-Plan_TO_Teacher-Plan,abc347_e,hard,False,0.0,False,0.045454545454545456,FAIL_TO_FAIL,0.045454545454545456
Self-Plan_TO_Teacher-Plan,abc347_b,easy,True,1.0,True,1.0,PASS_TO_PASS,0.0
Self-Plan_TO_Teacher-Plan,abc348_c,medium,False,0.0,True,1.0,FAIL_TO_PASS,1.0
Self-Plan_TO_Teacher-Plan,abc348_b,easy,True,1.0,True,1.0,PASS_TO_PASS,0.0
Self-Plan_TO_Teacher-Plan,abc348_a,easy,True,1.0,True,1.0,PASS_TO_PASS,0.0
Self-Plan_TO_Teacher-Plan,abc348_d,hard,False,0.25,False,0.14285714285714285,FAIL_TO_FAIL,-0.10714285714285715
Self-Plan_TO_Teacher-Plan,abc348_e,hard,False,0.0,False,0.0,FAIL_TO_FAIL,0.0
Self-Plan_TO_Teacher-Plan,abc349_c,medium,False,0.6071428571428571,False,0.5,FAIL_TO_FAIL,-0.1071428571428571
Self-Plan_TO_Teacher-Plan,abc349_a,easy,False,0.1,True,1.0,FAIL_TO_PASS,0.9
Self-Plan_TO_Teacher-Plan,abc349_b,easy,True,1.0,True,1.0,PASS_TO_PASS,0.0
Self-Plan_TO_Teacher-Plan,abc349_d,hard,False,0.0,False,0.0,FAIL_TO_FAIL,0.0
Self-Plan_TO_Teacher-Plan,abc349_e,hard,False,0.45454545454545453,False,0.5,FAIL_TO_FAIL,0.04545454545454547
Self-Plan_TO_Teacher-Plan,abc350_a,easy,False,0.8,True,1.0,FAIL_TO_PASS,0.19999999999999996
Self-Plan_TO_Teacher-Plan,abc350_e,hard,False,0.0,False,0.0,FAIL_TO_FAIL,0.0
Self-Plan_TO_Teacher-Plan,abc350_b,easy,False,0.0,True,1.0,FAIL_TO_PASS,1.0
Self-Plan_TO_Teacher-Plan,abc350_c,medium,False,0.0,False,0.0,FAIL_TO_FAIL,0.0
Self-Plan_TO_Teacher-Plan,abc350_d,medium,False,0.14285714285714285,False,0.14285714285714285,FAIL_TO_FAIL,0.0
Self-Plan_TO_Teacher-Plan,abc351_a,easy,True,1.0,True,1.0,PASS_TO_PASS,0.0
Self-Plan_TO_Teacher-Plan,abc351_b,easy,True,1.0,True,1.0,PASS_TO_PASS,0.0
Self-Plan_TO_Teacher-Plan,abc351_e,hard,False,0.0,False,0.045454545454545456,FAIL_TO_FAIL,0.045454545454545456
Self-Plan_TO_Teacher-Plan,abc351_f,hard,False,0.09090909090909091,False,0.09090909090909091,FAIL_TO_FAIL,0.0
Self-Plan_TO_Teacher-Plan,abc351_c,medium,False,0.2222222222222222,False,0.037037037037037035,FAIL_TO_FAIL,-0.18518518518518517
Self-Plan_TO_Teacher-Plan,abc351_d,hard,False,0.18518518518518517,False,0.1111111111111111,FAIL_TO_FAIL,-0.07407407407407407
Self-Plan_TO_Teacher-Plan,abc352_e,hard,False,0.0,False,0.0,FAIL_TO_FAIL,0.0
Self-Plan_TO_Teacher-Plan,abc352_a,easy,False,0.8333333333333334,True,1.0,FAIL_TO_PASS,0.16666666666666663
Self-Plan_TO_Teacher-Plan,abc352_c,medium,False,0.13043478260869565,True,1.0,FAIL_TO_PASS,0.8695652173913043
Self-Plan_TO_Teacher-Plan,abc352_b,easy,False,0.2727272727272727,True,1.0,FAIL_TO_PASS,0.7272727272727273
Self-Plan_TO_Teacher-Plan,abc352_d,hard,False,0.043478260869565216,False,0.08695652173913043,FAIL_TO_FAIL,0.043478260869565216
Self-Plan_TO_Teacher-Plan,abc353_c,medium,False,0.18181818181818182,True,1.0,FAIL_TO_PASS,0.8181818181818181
Self-Plan_TO_Teacher-Plan,abc353_b,easy,False,0.0,True,1.0,FAIL_TO_PASS,1.0
Self-Plan_TO_Teacher-Plan,abc353_a,easy,False,0.26666666666666666,True,1.0,FAIL_TO_PASS,0.7333333333333334
Self-Plan_TO_Teacher-Plan,abc353_e,hard,False,0.0,False,0.0,FAIL_TO_FAIL,0.0
Self-Plan_TO_Teacher-Plan,abc353_d,medium,False,0.13636363636363635,False,0.0,FAIL_TO_FAIL,-0.13636363636363635
Self-Plan_TO_Teacher-Plan,abc354_b,easy,True,1.0,True,1.0,PASS_TO_PASS,0.0
Self-Plan_TO_Teacher-Plan,abc354_a,easy,False,0.7391304347826086,False,0.2608695652173913,FAIL_TO_FAIL,-0.47826086956521735
Self-Plan_TO_Teacher-Plan,abc354_e,hard,False,0.4090909090909091,False,0.2727272727272727,FAIL_TO_FAIL,-0.1363636363636364
Self-Plan_TO_Teacher-Plan,abc354_c,medium,False,0.058823529411764705,False,0.058823529411764705,FAIL_TO_FAIL,0.0
Self-Plan_TO_Teacher-Plan,abc354_d,hard,False,0.0,False,0.14285714285714285,FAIL_TO_FAIL,0.14285714285714285
Self-Plan_TO_Teacher-Plan,abc355_e,hard,False,0.0,False,0.0,FAIL_TO_FAIL,0.0
Self-Plan_TO_Teacher-Plan,abc355_b,easy,False,0.5,True,1.0,FAIL_TO_PASS,0.5
Self-Plan_TO_Teacher-Plan,abc355_c,medium,False,0.0,False,0.0,FAIL_TO_FAIL,0.0
Self-Plan_TO_Teacher-Plan,abc355_a,easy,False,0.0,True,1.0,FAIL_TO_PASS,1.0
Self-Plan_TO_Teacher-Plan,abc355_d,medium,False,0.0,False,0.0,FAIL_TO_FAIL,0.0
Self-Plan_TO_Teacher-Plan,abc356_a,easy,True,1.0,True,1.0,PASS_TO_PASS,0.0
Self-Plan_TO_Teacher-Plan,abc356_d,medium,False,0.0967741935483871,False,0.45161290322580644,FAIL_TO_FAIL,0.3548387096774194
Self-Plan_TO_Teacher-Plan,abc356_e,hard,False,0.043478260869565216,False,0.0,FAIL_TO_FAIL,-0.043478260869565216
Self-Plan_TO_Teacher-Plan,abc356_c,medium,False,0.06451612903225806,False,0.0,FAIL_TO_FAIL,-0.06451612903225806
Self-Plan_TO_Teacher-Plan,abc356_b,easy,True,1.0,True,1.0,PASS_TO_PASS,0.0
Self-Plan_TO_Teacher-Plan,abc357_c,medium,False,0.1111111111111111,False,0.1111111111111111,FAIL_TO_FAIL,0.0
Self-Plan_TO_Teacher-Plan,abc357_a,easy,True,1.0,False,0.0,PASS_TO_FAIL,-1.0
Self-Plan_TO_Teacher-Plan,abc357_d,medium,False,0.21739130434782608,True,1.0,FAIL_TO_PASS,0.782608695652174
Self-Plan_TO_Teacher-Plan,abc357_b,easy,True,1.0,True,1.0,PASS_TO_PASS,0.0
Self-Plan_TO_Teacher-Plan,abc357_e,hard,False,0.0,False,0.0,FAIL_TO_FAIL,0.0
Self-Plan_TO_Teacher-Plan,abc358_e,hard,False,0.0,False,0.045454545454545456,FAIL_TO_FAIL,0.045454545454545456
Self-Plan_TO_Teacher-Plan,abc358_c,medium,False,0.0,False,0.0,FAIL_TO_FAIL,0.0
Self-Plan_TO_Teacher-Plan,abc358_b,easy,False,0.0,True,1.0,FAIL_TO_PASS,1.0
Self-Plan_TO_Teacher-Plan,abc358_d,medium,False,0.08695652173913043,False,0.30434782608695654,FAIL_TO_FAIL,0.2173913043478261
Self-Plan_TO_Teacher-Plan,abc358_a,easy,True,1.0,True,1.0,PASS_TO_PASS,0.0
Self-Plan_TO_Teacher-Plan,abc359_c,medium,False,0.16129032258064516,True,1.0,FAIL_TO_PASS,0.8387096774193549
Self-Plan_TO_Teacher-Plan,abc359_b,easy,True,1.0,False,0.38461538461538464,PASS_TO_FAIL,-0.6153846153846154
Self-Plan_TO_Teacher-Plan,abc359_e,hard,False,0.0,False,0.0,FAIL_TO_FAIL,0.0
Self-Plan_TO_Teacher-Plan,abc359_a,easy,True,1.0,True,1.0,PASS_TO_PASS,0.0
Self-Plan_TO_Teacher-Plan,abc359_d,hard,False,0.3125,False,0.0,FAIL_TO_FAIL,-0.3125
Self-Plan_TO_Teacher-Plan,abc360_c,medium,False,0.0,True,1.0,FAIL_TO_PASS,1.0
Self-Plan_TO_Teacher-Plan,abc360_b,easy,False,0.0,False,0.8695652173913043,FAIL_TO_FAIL,0.8695652173913043
Self-Plan_TO_Teacher-Plan,abc360_e,hard,False,0.0,False,0.0,FAIL_TO_FAIL,0.0
Self-Plan_TO_Teacher-Plan,abc360_a,easy,True,1.0,True,1.0,PASS_TO_PASS,0.0
Self-Plan_TO_Teacher-Plan,abc360_d,medium,False,0.0,False,0.13636363636363635,FAIL_TO_FAIL,0.13636363636363635
Self-Plan_TO_Teacher-Plan,abc361_d,hard,False,0.391304347826087,False,0.391304347826087,FAIL_TO_FAIL,0.0
Self-Plan_TO_Teacher-Plan,abc361_b,medium,True,1.0,True,1.0,PASS_TO_PASS,0.0
Self-Plan_TO_Teacher-Plan,abc361_a,easy,True,1.0,True,1.0,PASS_TO_PASS,0.0
Self-Plan_TO_Teacher-Plan,abc361_f,hard,False,0.0,False,0.03333333333333333,FAIL_TO_FAIL,0.03333333333333333
Self-Plan_TO_Teacher-Plan,abc361_c,medium,False,0.41935483870967744,False,0.45161290322580644,FAIL_TO_FAIL,0.032258064516129004
Self-Plan_TO_Teacher-Plan,abc361_e,hard,False,0.0,False,0.0,FAIL_TO_FAIL,0.0
Self-Plan_TO_Teacher-Plan,abc362_d,hard,False,0.0967741935483871,False,0.0,FAIL_TO_FAIL,-0.0967741935483871
Self-Plan_TO_Teacher-Plan,abc362_e,hard,False,0.0,False,0.08695652173913043,FAIL_TO_FAIL,0.08695652173913043
Self-Plan_TO_Teacher-Plan,abc362_c,medium,False,0.03225806451612903,False,0.0967741935483871,FAIL_TO_FAIL,0.06451612903225806
Self-Plan_TO_Teacher-Plan,abc362_a,easy,True,1.0,False,0.0,PASS_TO_FAIL,-1.0
Self-Plan_TO_Teacher-Plan,abc362_b,easy,False,0.6956521739130435,True,1.0,FAIL_TO_PASS,0.30434782608695654
Self-Plan_TO_Teacher-Plan,abc363_a,easy,True,1.0,True,1.0,PASS_TO_PASS,0.0
Self-Plan_TO_Teacher-Plan,abc363_f,hard,False,0.1935483870967742,False,0.16129032258064516,FAIL_TO_FAIL,-0.03225806451612903
Self-Plan_TO_Teacher-Plan,abc363_b,easy,False,0.34782608695652173,True,1.0,FAIL_TO_PASS,0.6521739130434783
Self-Plan_TO_Teacher-Plan,abc363_c,medium,False,0.3548387096774194,True,1.0,FAIL_TO_PASS,0.6451612903225806
Self-Plan_TO_Teacher-Plan,abc363_d,medium,False,0.15,False,0.05,FAIL_TO_FAIL,-0.09999999999999999
Self-Plan_TO_Teacher-Plan,abc363_e,hard,False,0.0,False,0.0,FAIL_TO_FAIL,0.0
Self-Plan_TO_Teacher-Plan,abc364_b,easy,True,1.0,True,1.0,PASS_TO_PASS,0.0
Self-Plan_TO_Teacher-Plan,abc364_e,hard,False,0.0625,False,0.09375,FAIL_TO_FAIL,0.03125
Self-Plan_TO_Teacher-Plan,abc364_f,hard,False,0.0,False,0.0,FAIL_TO_FAIL,0.0
Self-Plan_TO_Teacher-Plan,abc364_d,hard,False,0.09523809523809523,False,0.19047619047619047,FAIL_TO_FAIL,0.09523809523809523
Self-Plan_TO_Teacher-Plan,abc364_c,medium,False,0.0,False,0.6086956521739131,FAIL_TO_FAIL,0.6086956521739131
Self-Plan_TO_Teacher-Plan,abc364_a,easy,False,0.10526315789473684,False,0.42105263157894735,FAIL_TO_FAIL,0.3157894736842105
Self-Plan_TO_Teacher-Plan,abc365_b,easy,False,0.26666666666666666,True,1.0,FAIL_TO_PASS,0.7333333333333334
Self-Plan_TO_Teacher-Plan,abc365_a,easy,True,1.0,True,1.0,PASS_TO_PASS,0.0
Self-Plan_TO_Teacher-Plan,abc365_e,hard,False,0.045454545454545456,False,0.0,FAIL_TO_FAIL,-0.045454545454545456
Self-Plan_TO_Teacher-Plan,abc365_d,medium,False,0.2608695652173913,False,0.0,FAIL_TO_FAIL,-0.2608695652173913
Self-Plan_TO_Teacher-Plan,abc365_c,medium,False,0.2608695652173913,False,0.34782608695652173,FAIL_TO_FAIL,0.08695652173913043
Self-Plan_TO_Teacher-Plan,abc366_f,hard,False,0.0,False,0.0,FAIL_TO_FAIL,0.0
Self-Plan_TO_Teacher-Plan,abc366_b,easy,False,0.1,False,0.1,FAIL_TO_FAIL,0.0
Self-Plan_TO_Teacher-Plan,abc366_e,hard,False,0.0,False,0.0,FAIL_TO_FAIL,0.0
Self-Plan_TO_Teacher-Plan,abc366_d,medium,False,0.0,False,0.0,FAIL_TO_FAIL,0.0
Self-Plan_TO_Teacher-Plan,abc366_a,easy,False,0.7619047619047619,True,1.0,FAIL_TO_PASS,0.23809523809523814
Self-Plan_TO_Teacher-Plan,abc366_c,medium,False,0.45,True,1.0,FAIL_TO_PASS,0.55
Self-Plan_TO_Teacher-Plan,abc366_g,hard,False,0.0,False,0.034482758620689655,FAIL_TO_FAIL,0.034482758620689655
Self-Plan_TO_Teacher-Plan,abc367_e,hard,False,0.14285714285714285,False,0.0,FAIL_TO_FAIL,-0.14285714285714285
Self-Plan_TO_Teacher-Plan,abc367_f,hard,False,0.037037037037037035,False,0.1111111111111111,FAIL_TO_FAIL,0.07407407407407407
Self-Plan_TO_Teacher-Plan,abc367_a,easy,False,0.21428571428571427,True,1.0,FAIL_TO_PASS,0.7857142857142857
Self-Plan_TO_Teacher-Plan,abc367_g,hard,False,0.047619047619047616,False,0.09523809523809523,FAIL_TO_FAIL,0.047619047619047616
Self-Plan_TO_Teacher-Plan,abc367_b,easy,False,0.7727272727272727,True,1.0,FAIL_TO_PASS,0.2272727272727273
Self-Plan_TO_Teacher-Plan,abc367_d,medium,False,0.0,False,0.0,FAIL_TO_FAIL,0.0
Self-Plan_TO_Teacher-Plan,abc367_c,medium,False,0.9047619047619048,True,1.0,FAIL_TO_PASS,0.09523809523809523
Self-Plan_TO_Teacher-Plan,abc368_g,hard,False,0.0,False,0.0,FAIL_TO_FAIL,0.0
Self-Plan_TO_Teacher-Plan,abc368_a,easy,False,0.4,True,1.0,FAIL_TO_PASS,0.6
Self-Plan_TO_Teacher-Plan,abc368_b,easy,False,0.0,False,0.0,FAIL_TO_FAIL,0.0
Self-Plan_TO_Teacher-Plan,abc368_f,hard,False,0.6,False,0.85,FAIL_TO_FAIL,0.25
Self-Plan_TO_Teacher-Plan,abc368_c,medium,False,0.09523809523809523,False,0.14285714285714285,FAIL_TO_FAIL,0.047619047619047616
Self-Plan_TO_Teacher-Plan,abc368_d,hard,False,0.03571428571428571,False,0.0,FAIL_TO_FAIL,-0.03571428571428571
Self-Plan_TO_Teacher-Plan,abc368_e,hard,False,0.0,False,0.0,FAIL_TO_FAIL,0.0
Self-Plan_TO_Teacher-Plan,abc369_d,medium,False,0.037037037037037035,False,0.5925925925925926,FAIL_TO_FAIL,0.5555555555555556
Self-Plan_TO_Teacher-Plan,abc369_g,hard,False,0.0,False,0.0,FAIL_TO_FAIL,0.0
Self-Plan_TO_Teacher-Plan,abc369_c,medium,False,0.0,False,0.0,FAIL_TO_FAIL,0.0
Self-Plan_TO_Teacher-Plan,abc369_a,easy,False,0.4166666666666667,False,0.5833333333333334,FAIL_TO_FAIL,0.16666666666666669
Self-Plan_TO_Teacher-Plan,abc369_b,easy,False,0.0,True,1.0,FAIL_TO_PASS,1.0
Self-Plan_TO_Teacher-Plan,abc369_e,hard,False,0.0,False,0.0,FAIL_TO_FAIL,0.0
Self-Plan_TO_Teacher-Plan,abc370_a,easy,False,0.75,True,1.0,FAIL_TO_PASS,0.25
Self-Plan_TO_Teacher-Plan,abc370_g,hard,False,0.0,False,0.0,FAIL_TO_FAIL,0.0
Self-Plan_TO_Teacher-Plan,abc370_c,medium,False,0.047619047619047616,False,0.0,FAIL_TO_FAIL,-0.047619047619047616
Self-Plan_TO_Teacher-Plan,abc370_d,medium,False,0.0,False,0.09523809523809523,FAIL_TO_FAIL,0.09523809523809523
Self-Plan_TO_Teacher-Plan,abc370_e,hard,False,0.0,False,0.0,FAIL_TO_FAIL,0.0
Self-Plan_TO_Teacher-Plan,abc370_b,easy,False,0.125,False,0.0,FAIL_TO_FAIL,-0.125
Self-Plan_TO_Teacher-Plan,abc370_f,hard,False,0.0,False,0.0,FAIL_TO_FAIL,0.0
Self-Plan_TO_Teacher-Plan,abc371_b,easy,True,1.0,False,0.0,PASS_TO_FAIL,-1.0
Self-Plan_TO_Teacher-Plan,abc371_d,medium,False,0.0,True,1.0,FAIL_TO_PASS,1.0
Self-Plan_TO_Teacher-Plan,abc371_g,hard,False,0.07142857142857142,False,0.0,FAIL_TO_FAIL,-0.07142857142857142
Self-Plan_TO_Teacher-Plan,abc371_f,hard,False,0.0,False,0.0,FAIL_TO_FAIL,0.0
Self-Plan_TO_Teacher-Plan,abc371_c,medium,False,0.0,False,0.0,FAIL_TO_FAIL,0.0
Self-Plan_TO_Teacher-Plan,abc371_e,hard,False,0.05,False,0.0,FAIL_TO_FAIL,-0.05
Self-Plan_TO_Teacher-Plan,abc371_a,easy,False,0.16666666666666666,False,0.0,FAIL_TO_FAIL,-0.16666666666666666
Self-Plan_TO_Teacher-Plan,abc372_e,hard,False,0.0,False,0.0,FAIL_TO_FAIL,0.0
Self-Plan_TO_Teacher-Plan,abc372_c,medium,False,0.0,False,0.11764705882352941,FAIL_TO_FAIL,0.11764705882352941
Self-Plan_TO_Teacher-Plan,abc372_d,medium,False,0.03571428571428571,False,0.10714285714285714,FAIL_TO_FAIL,0.07142857142857142
Self-Plan_TO_Teacher-Plan,abc372_g,hard,False,0.0,False,0.0,FAIL_TO_FAIL,0.0
Self-Plan_TO_Teacher-Plan,abc372_f,hard,False,0.0,False,0.0,FAIL_TO_FAIL,0.0
Self-Plan_TO_Teacher-Plan,abc372_a,easy,True,1.0,True,1.0,PASS_TO_PASS,0.0
Self-Plan_TO_Teacher-Plan,abc373_a,easy,True,1.0,True,1.0,PASS_TO_PASS,0.0
Self-Plan_TO_Teacher-Plan,abc373_b,easy,False,0.0,True,1.0,FAIL_TO_PASS,1.0
Self-Plan_TO_Teacher-Plan,abc373_f,hard,False,0.0,False,0.03571428571428571,FAIL_TO_FAIL,0.03571428571428571
Self-Plan_TO_Teacher-Plan,abc373_g,hard,False,0.037037037037037035,False,0.0,FAIL_TO_FAIL,-0.037037037037037035
Self-Plan_TO_Teacher-Plan,abc373_c,medium,True,1.0,True,1.0,PASS_TO_PASS,0.0
Self-Plan_TO_Teacher-Plan,abc373_e,hard,False,0.0,False,0.0,FAIL_TO_FAIL,0.0
Self-Plan_TO_Teacher-Plan,arc181_d,hard,False,0.0,False,0.0,FAIL_TO_FAIL,0.0
Self-Plan_TO_Teacher-Plan,arc181_c,hard,False,0.0,False,0.0,FAIL_TO_FAIL,0.0
Self-Plan_TO_Teacher-Plan,arc181_b,hard,False,0.48148148148148145,False,0.48148148148148145,FAIL_TO_FAIL,0.0
Self-Plan_TO_Teacher-Plan,arc181_a,medium,False,0.0,False,0.42105263157894735,FAIL_TO_FAIL,0.42105263157894735
Self-Plan_TO_Teacher-Plan,arc182_d,hard,False,0.10714285714285714,False,0.10714285714285714,FAIL_TO_FAIL,0.0
Self-Plan_TO_Teacher-Plan,arc182_e,hard,False,0.0,False,0.0,FAIL_TO_FAIL,0.0
Self-Plan_TO_Teacher-Plan,arc182_a,hard,False,0.0,False,0.0,FAIL_TO_FAIL,0.0
Self-Plan_TO_Teacher-Plan,arc182_c,hard,False,0.0,False,0.0,FAIL_TO_FAIL,0.0
Self-Plan_TO_Teacher-Plan,arc183_b,hard,False,0.4230769230769231,False,0.5384615384615384,FAIL_TO_FAIL,0.11538461538461536
Self-Plan_TO_Teacher-Plan,arc183_c,hard,False,0.0,False,0.36363636363636365,FAIL_TO_FAIL,0.36363636363636365
Self-Plan_TO_Teacher-Plan,arc183_a,medium,False,0.0,False,0.034482758620689655,FAIL_TO_FAIL,0.034482758620689655
Self-Plan_TO_Teacher-Plan,arc183_d,hard,False,0.0,False,0.0,FAIL_TO_FAIL,0.0
Self-Plan_TO_Teacher-Plan,abc374_c,medium,False,0.13333333333333333,True,1.0,FAIL_TO_PASS,0.8666666666666667
Self-Plan_TO_Teacher-Plan,abc374_f,hard,False,0.09302325581395349,False,0.06976744186046512,FAIL_TO_FAIL,-0.023255813953488372
Self-Plan_TO_Teacher-Plan,abc374_b,easy,False,0.52,False,0.76,FAIL_TO_FAIL,0.24
Self-Plan_TO_Teacher-Plan,abc374_d,medium,False,0.0,False,0.0,FAIL_TO_FAIL,0.0
Self-Plan_TO_Teacher-Plan,abc374_g,hard,False,0.09302325581395349,False,0.0,FAIL_TO_FAIL,-0.09302325581395349
Self-Plan_TO_Teacher-Plan,abc374_a,easy,True,1.0,True,1.0,PASS_TO_PASS,0.0
Self-Plan_TO_Teacher-Plan,abc374_e,hard,False,0.0,False,0.11363636363636363,FAIL_TO_FAIL,0.11363636363636363
Self-Plan_TO_Teacher-Plan,abc375_e,hard,False,0.15384615384615385,False,0.15384615384615385,FAIL_TO_FAIL,0.0
Self-Plan_TO_Teacher-Plan,abc375_b,easy,False,0.0,False,0.0,FAIL_TO_FAIL,0.0
Self-Plan_TO_Teacher-Plan,abc375_c,medium,False,0.0,False,0.1111111111111111,FAIL_TO_FAIL,0.1111111111111111
Self-Plan_TO_Teacher-Plan,abc375_a,easy,True,1.0,True,1.0,PASS_TO_PASS,0.0
Self-Plan_TO_Teacher-Plan,abc375_d,medium,False,0.08823529411764706,False,0.029411764705882353,FAIL_TO_FAIL,-0.05882352941176471
Self-Plan_TO_Teacher-Plan,abc375_g,hard,False,0.0,False,0.022222222222222223,FAIL_TO_FAIL,0.022222222222222223
Self-Plan_TO_Teacher-Plan,abc375_f,hard,False,0.0,False,0.0,FAIL_TO_FAIL,0.0
Self-Plan_TO_Teacher-Plan,abc376_b,medium,False,0.0,False,0.0,FAIL_TO_FAIL,0.0
Self-Plan_TO_Teacher-Plan,abc376_d,medium,False,0.0,False,0.05128205128205128,FAIL_TO_FAIL,0.05128205128205128
Self-Plan_TO_Teacher-Plan,abc376_g,hard,False,0.0,False,0.0,FAIL_TO_FAIL,0.0
Self-Plan_TO_Teacher-Plan,abc376_a,easy,False,0.058823529411764705,True,1.0,FAIL_TO_PASS,0.9411764705882353
Self-Plan_TO_Teacher-Plan,abc376_f,hard,False,0.0,False,0.0,FAIL_TO_FAIL,0.0
Self-Plan_TO_Teacher-Plan,abc376_c,medium,False,0.03333333333333333,False,0.06666666666666667,FAIL_TO_FAIL,0.03333333333333333
Self-Plan_TO_Teacher-Plan,abc376_e,hard,False,0.21052631578947367,False,0.21052631578947367,FAIL_TO_FAIL,0.0
Self-Plan_TO_Teacher-Plan,abc377_c,medium,False,0.05714285714285714,False,0.11428571428571428,FAIL_TO_FAIL,0.05714285714285714
Self-Plan_TO_Teacher-Plan,abc377_b,easy,True,1.0,True,1.0,PASS_TO_PASS,0.0
Self-Plan_TO_Teacher-Plan,abc377_a,easy,True,1.0,True,1.0,PASS_TO_PASS,0.0
Self-Plan_TO_Teacher-Plan,abc377_g,hard,False,0.0,False,0.4,FAIL_TO_FAIL,0.4
Self-Plan_TO_Teacher-Plan,abc377_f,hard,False,0.3023255813953488,False,0.023255813953488372,FAIL_TO_FAIL,-0.27906976744186046
Self-Plan_TO_Teacher-Plan,abc377_e,hard,False,0.06,False,0.0,FAIL_TO_FAIL,-0.06
Self-Plan_TO_Teacher-Plan,abc377_d,medium,False,0.0,False,0.15625,FAIL_TO_FAIL,0.15625
Self-Plan_TO_Teacher-Plan,abc378_e,hard,False,0.047619047619047616,False,0.0,FAIL_TO_FAIL,-0.047619047619047616
Self-Plan_TO_Teacher-Plan,abc378_d,hard,False,0.11627906976744186,False,0.32558139534883723,FAIL_TO_FAIL,0.2093023255813954
Self-Plan_TO_Teacher-Plan,abc378_b,easy,False,0.0,False,0.0,FAIL_TO_FAIL,0.0
Self-Plan_TO_Teacher-Plan,abc378_f,hard,False,0.46511627906976744,False,0.3953488372093023,FAIL_TO_FAIL,-0.06976744186046513
Self-Plan_TO_Teacher-Plan,abc378_g,hard,False,0.0,False,0.0,FAIL_TO_FAIL,0.0
Self-Plan_TO_Teacher-Plan,abc378_a,easy,False,0.9069767441860465,True,1.0,FAIL_TO_PASS,0.09302325581395354
Self-Plan_TO_Teacher-Plan,abc378_c,medium,False,0.3333333333333333,False,0.0,FAIL_TO_FAIL,-0.3333333333333333
Self-Plan_TO_Teacher-Plan,abc379_b,easy,True,1.0,True,1.0,PASS_TO_PASS,0.0
Self-Plan_TO_Teacher-Plan,abc379_e,hard,False,0.8809523809523809,False,0.0,FAIL_TO_FAIL,-0.8809523809523809
Self-Plan_TO_Teacher-Plan,abc379_c,medium,False,0.8571428571428571,False,0.6904761904761905,FAIL_TO_FAIL,-0.16666666666666663
Self-Plan_TO_Teacher-Plan,abc379_d,medium,False,0.0,False,0.0,FAIL_TO_FAIL,0.0
Self-Plan_TO_Teacher-Plan,abc379_g,hard,False,0.0,False,0.6744186046511628,FAIL_TO_FAIL,0.6744186046511628
Self-Plan_TO_Teacher-Plan,abc379_f,hard,False,0.023809523809523808,False,0.0,FAIL_TO_FAIL,-0.023809523809523808
Self-Plan_TO_Teacher-Plan,abc379_a,easy,True,1.0,True,1.0,PASS_TO_PASS,0.0
Self-Plan_TO_Teacher-Plan,abc380_e,hard,False,0.0,False,0.0,FAIL_TO_FAIL,0.0
Self-Plan_TO_Teacher-Plan,abc380_f,hard,False,0.4418604651162791,False,0.0,FAIL_TO_FAIL,-0.4418604651162791
Self-Plan_TO_Teacher-Plan,abc380_c,medium,False,0.0,False,0.0,FAIL_TO_FAIL,0.0
Self-Plan_TO_Teacher-Plan,abc380_d,medium,False,0.0,False,0.06976744186046512,FAIL_TO_FAIL,0.06976744186046512
Self-Plan_TO_Teacher-Plan,abc380_a,easy,False,0.20454545454545456,True,1.0,FAIL_TO_PASS,0.7954545454545454
Self-Plan_TO_Teacher-Plan,abc380_g,hard,False,0.20930232558139536,False,0.0,FAIL_TO_FAIL,-0.20930232558139536
Self-Plan_TO_Teacher-Plan,abc380_b,easy,False,0.0,True,1.0,FAIL_TO_PASS,1.0
Self-Plan_TO_Teacher-Plan,abc381_a,easy,True,1.0,False,0.5,PASS_TO_FAIL,-0.5
Self-Plan_TO_Teacher-Plan,abc381_e,hard,False,0.07317073170731707,False,0.14634146341463414,FAIL_TO_FAIL,0.07317073170731707
Self-Plan_TO_Teacher-Plan,abc381_b,easy,True,1.0,True,1.0,PASS_TO_PASS,0.0
Self-Plan_TO_Teacher-Plan,abc381_c,medium,False,0.06976744186046512,True,1.0,FAIL_TO_PASS,0.9302325581395349
Self-Plan_TO_Teacher-Plan,abc381_d,hard,False,0.11627906976744186,False,0.813953488372093,FAIL_TO_FAIL,0.6976744186046512
Self-Plan_TO_Teacher-Plan,abc382_d,hard,False,0.0,False,0.0,FAIL_TO_FAIL,0.0
Self-Plan_TO_Teacher-Plan,abc382_a,easy,True,1.0,True,1.0,PASS_TO_PASS,0.0
Self-Plan_TO_Teacher-Plan,abc382_b,easy,False,0.0,False,0.4418604651162791,FAIL_TO_FAIL,0.4418604651162791
Self-Plan_TO_Teacher-Plan,abc382_f,hard,False,0.37209302325581395,False,0.0,FAIL_TO_FAIL,-0.37209302325581395
Self-Plan_TO_Teacher-Plan,abc382_g,hard,False,0.0,False,0.0,FAIL_TO_FAIL,0.0
Self-Plan_TO_Teacher-Plan,abc382_c,medium,False,0.0,False,0.0,FAIL_TO_FAIL,0.0
Self-Plan_TO_Teacher-Plan,abc383_c,medium,False,0.0,False,0.813953488372093,FAIL_TO_FAIL,0.813953488372093
Self-Plan_TO_Teacher-Plan,abc383_a,easy,False,0.0,False,0.0,FAIL_TO_FAIL,0.0
Self-Plan_TO_Teacher-Plan,abc383_e,hard,False,0.07142857142857142,False,0.09523809523809523,FAIL_TO_FAIL,0.023809523809523808
Self-Plan_TO_Teacher-Plan,abc383_b,medium,False,0.0,True,1.0,FAIL_TO_PASS,1.0
Self-Plan_TO_Teacher-Plan,abc383_d,medium,False,0.0,False,0.0,FAIL_TO_FAIL,0.0
Self-Plan_TO_Teacher-Plan,abc384_b,easy,True,1.0,False,0.4186046511627907,PASS_TO_FAIL,-0.5813953488372092
Self-Plan_TO_Teacher-Plan,abc384_d,medium,False,0.8636363636363636,False,0.8863636363636364,FAIL_TO_FAIL,0.022727272727272707
Self-Plan_TO_Teacher-Plan,abc384_g,hard,True,1.0,False,0.0,PASS_TO_FAIL,-1.0
Self-Plan_TO_Teacher-Plan,abc384_a,easy,True,1.0,True,1.0,PASS_TO_PASS,0.0
Self-Plan_TO_Teacher-Plan,abc384_e,hard,False,0.9069767441860465,False,0.9069767441860465,FAIL_TO_FAIL,0.0
Self-Plan_TO_Teacher-Plan,abc384_f,hard,False,0.0,False,0.0,FAIL_TO_FAIL,0.0
Self-Plan_TO_Teacher-Plan,abc384_c,medium,False,0.0,False,0.0,FAIL_TO_FAIL,0.0
Self-Plan_TO_Teacher-Plan,abc385_f,hard,False,0.09090909090909091,False,0.0,FAIL_TO_FAIL,-0.09090909090909091
Self-Plan_TO_Teacher-Plan,abc385_a,easy,False,0.5348837209302325,True,1.0,FAIL_TO_PASS,0.4651162790697675
Self-Plan_TO_Teacher-Plan,abc385_c,medium,False,0.6046511627906976,False,0.023255813953488372,FAIL_TO_FAIL,-0.5813953488372092
Self-Plan_TO_Teacher-Plan,abc385_d,hard,False,0.023809523809523808,False,0.0,FAIL_TO_FAIL,-0.023809523809523808
Self-Plan_TO_Teacher-Plan,abc385_e,hard,False,0.0,False,0.0,FAIL_TO_FAIL,0.0
Self-Plan_TO_Teacher-Plan,abc385_b,easy,False,0.09302325581395349,True,1.0,FAIL_TO_PASS,0.9069767441860466
Self-Plan_TO_Teacher-Plan,abc386_e,hard,False,0.023809523809523808,False,0.14285714285714285,FAIL_TO_FAIL,0.11904761904761904
Self-Plan_TO_Teacher-Plan,abc386_a,easy,False,0.7333333333333333,False,0.8666666666666667,FAIL_TO_FAIL,0.13333333333333341
Self-Plan_TO_Teacher-Plan,abc386_d,hard,False,0.0,False,0.0,FAIL_TO_FAIL,0.0
Self-Plan_TO_Teacher-Plan,abc386_c,medium,False,0.8478260869565217,False,0.9130434782608695,FAIL_TO_FAIL,0.06521739130434778
Self-Plan_TO_Teacher-Plan,abc386_b,easy,False,0.3488372093023256,True,1.0,FAIL_TO_PASS,0.6511627906976745
Self-Plan_TO_Teacher-Plan,abc386_f,hard,False,0.6046511627906976,False,0.46511627906976744,FAIL_TO_FAIL,-0.1395348837209302
Self-Plan_TO_Teacher-Plan,arc184_d,hard,False,0.0,False,0.047619047619047616,FAIL_TO_FAIL,0.047619047619047616
Self-Plan_TO_Teacher-Plan,arc184_c,hard,False,0.0,False,0.0,FAIL_TO_FAIL,0.0
Self-Plan_TO_Teacher-Plan,arc184_e,hard,False,0.07142857142857142,False,0.35714285714285715,FAIL_TO_FAIL,0.2857142857142857
Self-Plan_TO_Teacher-Plan,arc185_c,hard,False,0.5813953488372093,False,0.0,FAIL_TO_FAIL,-0.5813953488372093
Self-Plan_TO_Teacher-Plan,arc185_e,hard,False,0.0,False,0.0,FAIL_TO_FAIL,0.0
Self-Plan_TO_Teacher-Plan,arc185_b,hard,False,0.0,False,0.5,FAIL_TO_FAIL,0.5
Self-Plan_TO_Teacher-Plan,arc185_d,hard,False,0.0,True,1.0,FAIL_TO_PASS,1.0
Self-Plan_TO_Teacher-Plan,arc186_a,hard,False,0.19047619047619047,False,0.0,FAIL_TO_FAIL,-0.19047619047619047
Self-Plan_TO_Teacher-Plan,arc186_d,hard,False,0.20454545454545456,False,0.06818181818181818,FAIL_TO_FAIL,-0.13636363636363638
Self-Plan_TO_Teacher-Plan,arc186_b,hard,False,0.07142857142857142,False,0.0,FAIL_TO_FAIL,-0.07142857142857142
Self-Plan_TO_Teacher-Plan,arc186_e,hard,False,0.0,False,0.0,FAIL_TO_FAIL,0.0
Self-Plan_TO_Teacher-Plan,arc186_c,hard,False,0.0,False,0.0,FAIL_TO_FAIL,0.0
Self-Plan_TO_Teacher-Plan,arc187_b,hard,False,0.0,False,0.23255813953488372,FAIL_TO_FAIL,0.23255813953488372
Self-Plan_TO_Teacher-Plan,arc188_c,hard,False,0.046511627906976744,False,0.0,FAIL_TO_FAIL,-0.046511627906976744
Self-Plan_TO_Teacher-Plan,arc188_b,hard,False,0.0,True,1.0,FAIL_TO_PASS,1.0
Self-Plan_TO_Teacher-Plan,arc188_d,hard,False,0.0,False,0.9523809523809523,FAIL_TO_FAIL,0.9523809523809523
Self-Plan_TO_Teacher-Plan,arc188_a,hard,False,0.627906976744186,False,0.627906976744186,FAIL_TO_FAIL,0.0
Self-Plan_TO_Teacher-Plan,arc189_a,medium,False,0.5476190476190477,False,0.4523809523809524,FAIL_TO_FAIL,-0.09523809523809529
Self-Plan_TO_Teacher-Plan,arc189_c,hard,False,0.9090909090909091,False,0.0,FAIL_TO_FAIL,-0.9090909090909091
Self-Plan_TO_Teacher-Plan,arc189_d,hard,False,0.047619047619047616,False,0.0,FAIL_TO_FAIL,-0.047619047619047616
Self-Plan_TO_Teacher-Plan,arc189_b,hard,False,0.023809523809523808,False,0.0,FAIL_TO_FAIL,-0.023809523809523808
Self-Plan_TO_Teacher-Plan,abc387_b,easy,False,0.0,True,1.0,FAIL_TO_PASS,1.0
